Term,fdr,es,nes,lead_genes,subset
IL-6/JAK/STAT3 Signaling,0.012054688173898043,-0.556766047548221,-1.618281527981483,TGFB1;CSF2RA;IRF1;IL3RA;CBL;ITGA4;PTPN1;IRF9;STAT2;IL1B;IFNAR1;STAT1;LTBR;IFNGR1;IL6ST;BAK1;CD36;TNFRSF1A;JUN,age_changes_AXL_DC_02062026
Interferon Alpha Response,0.018545674113689296,-0.5460809586269749,-1.6434918665879574,OAS1;UBE2L6;MX1;IRF1;PLSCR1;OGFR;IFI30;ELF1;IRF9;SP110;CNP;STAT2;TAP1;SAMD9;LY6E;PSMB8;PSME1;TXNIP;PSMA3;ADAR;PSME2;LAP3;IRF2;SAMD9L;NUB1;PARP14;CASP1;BST2;SELL;CD47;TRIM26;EIF2AK2;PSMB9,age_changes_AXL_DC_02062026
Protein Secretion,0.03029126771902585,-0.4978706927502999,-1.527022134258499,COPB1;GNAS;TMX1;RPS6KA3;ARCN1;RAB9A;ATP6V1H;TSG101;STX7;MAPK1;BET1;M6PR;DNM1L;STX16;USO1;SOD1;SNAP23;AP3B1;CLTC;RAB14;SCRN1;VPS4B;TMED10;LAMP2;STX12;ADAM10,age_changes_AXL_DC_02062026
Interferon Gamma Response,0.05248425774174071,-0.4600238839448464,-1.4543286743591695,NFKB1;UBE2L6;MX1;LYSMD2;IRF1;PLSCR1;OGFR;PNP;IFI30;CIITA;AUTS2;PTPN1;SLAMF7;PFKP;IRF9;IRF8;SP110;STAT2;STAT1;TAP1;CASP3;VAMP8;LY6E;JAK2;MTHFD2;MX2;PSMB8;PSME1;BANK1;NCOA3;TXNIP;PSMA3;ADAR;IL10RA;PSME2;SAMHD1;RNF213;LAP3;PSMA2;IRF2;TNFAIP2;SAMD9L;LCP2;P2RY14;PARP14;CASP1;BST2;NFKBIA;XAF1;MT2A;PML;ICAM1;TRIM26;OAS2;EIF2AK2;PSMB9,age_changes_AXL_DC_02062026
Complement,0.05625521147819086,-0.45753994039587215,-1.4399245753172516,CTSB;IRF1;GNAI2;LGMN;PLSCR1;MSRB1;CTSD;LYN;TIMP2;STX4;PRKCD;PLEK;PRCP;CD46;DOCK10;CASP3;LIPA;CTSS;JAK2;GNAI3;KYNU;ZEB1;AKAP10;CD36;LAP3;LAMP2;GNB2;CASP9;RHOG;PPP4C;IRF2;APOBEC3G;LCP2;CALM3;ANG;XPNPEP1;CASP1;RAF1;CD59;CALM1;FCER1G;GMFB,age_changes_AXL_DC_02062026
UV Response Dn,0.061664366428016905,-0.4830870902713765,-1.4597786530337682,NFKB1;DAB2;PIK3CD;SPOP;ADD3;PHF3;ZMIZ1;NEK7;CDK13;RXRA;ATRX;PTEN;NIPBL;MIOS;RUNX1;ATP2B4;NR3C1;DYRK1A;AGGF1;MGMT;YTHDC1;SMAD3;PRKAR2B;FYN;RASA2;NRP1,age_changes_AXL_DC_02062026
IL-2/STAT5 Signaling,0.10054404751635838,-0.44786744705101783,-1.3845740211710327,ALCAM;CTSZ;PRNP;IL3RA;PLSCR1;GADD45B;PNP;SLC1A5;RABGAP1L;AHNAK;IRF8;AHCY;SERPINB6;IFNGR1;HUWE1;CASP3;CD81;DENND5A;ITGAE;DCPS;SCN9A;NDRG1;NCOA3;RNH1;IL10RA;CCND3;MAPKAPK2;LRRC8C;GSTO1;ST3GAL4;PDCD2L;MYO1E;XBP1;SELL;PLEC,age_changes_AXL_DC_02062026
Notch Signaling,0.1258787630466661,-0.5666901989373284,-1.3561520510422385,PSENEN;RBX1;APH1A;SKP1;CUL1;ST3GAL6;LFNG;FBXW11;DTX2,age_changes_AXL_DC_02062026
Hypoxia,0.15605095541401273,0.23752856488393476,1.3101899990040322,DDIT4;CDKN1A;PLAUR;FBP1;CXCR4;ZNF292;HK1;ZFP36;TNFAIP3;PPP1R15A;IDS;BNIP3L;KLHL24;GPI;FOS;TIPARP;ALDOA;ILVBL;KLF6;GAA;ATF3;FOXO3;MIF;PIM1;RBPJ;CDKN1B;TPI1;GBE1;DUSP1;SLC2A3;PFKL,age_changes_AXL_DC_02062026
PI3K/AKT/mTOR  Signaling,0.1748444942829485,-0.4308314221383034,-1.3206346451452795,ACTR2;DAPP1;RPS6KA3;RALB;PRKCB;STAT2;ACTR3;CSNK2B;MAPK1;EIF4E;CAB39;MAPKAP1;ITPR2;PTEN;CLTC;PIN1;MKNK2;VAV3;TSC2;TNFRSF1A;AKT1;HSP90B1;UBE2N;MAP2K6;NFKBIB;CALR;SQSTM1;RAF1;UBE2D3;GRK2,age_changes_AXL_DC_02062026
Allograft Rejection,0.26028853618562925,-0.4085291061659299,-1.2748514956889616,TGFB1;IGSF6;LYN;FYB1;CXCR3;IRF8;PRKCB;TAP2;IL1B;STAT1;CSK;TAP1;EIF4G3;NME1;IL16;IFNGR1;ABCE1;CTSS;JAK2;LY75;GALNT1;CCND3;EIF3J;AKT1;UBE2N;ABI1;EIF5A;IKBKB;LCP2;TNF;DEGS1;EIF3A;FGR;CD47;ICAM1;ETS1,age_changes_AXL_DC_02062026
TNF-alpha Signaling via NF-kB,0.267515923566879,0.261763596094205,1.326203123005362,CDKN1A;AREG;SOCS3;PLAUR;MAP3K8;BCL3;SNN;GADD45A;BCL2A1;NR4A2;JUNB;KLF4;ZFP36;TNFAIP3;SAT1;BTG2;SIK1;PPP1R15A;RELB;SGK1;KDM6B;TRIB1;MCL1;CEBPD;FOS;EHD1;TIPARP;TRIP10;CD69;ICOSLG;TSC22D1;KLF6;DUSP5,age_changes_AXL_DC_02062026
KRAS Signaling Dn,0.34182590233545646,0.2534945919450838,1.1103285640923268,SNN;MTHFR;NR4A2;TENT5C;COQ8A;BTG2;SGK1,age_changes_AXL_DC_02062026
TGF-beta Signaling,0.3625679289226257,-0.43619487916453065,-1.2346862335529725,TGFB1;FNTA;ARID4B;CDH1;NCOR2;CTNNB1;RHOA;TGFBR1;ID2;UBE2D3;XIAP;SMAD3;PMEPA1;SMURF2,age_changes_AXL_DC_02062026
Myc Targets V1,0.3747771643808045,-0.3792132083476821,-1.222968196652494,EIF4A1;SYNCRIP;KPNB1;EIF3B;PCBP1;TXNL4A;FAM120A;TARDBP;HNRNPA2B1;PTGES3;SRM;TRIM28;HNRNPU;NME1;EIF4E;VBP1;STARD7;ABCE1;TRA2B;MRPS18B;RAD23B;HDDC2;COPS5;XPO1;PPM1G;EIF3J;SRSF2;PSMA2;CCT7;PHB;SF3A1;ERH;CUL1;GSPT1;RUVBL2;PSMD14;SRSF1;MRPL23;NCBP1;PRDX3;CNBP;PSMD3;VDAC3;KPNA2;CANX;HSPD1;HPRT1;EXOSC7;PSMA1;CCT4;NOLC1;SET;HNRNPD;PSMD7;HSP90AB1;TCP1;NOP56;SNRPG;PWP1;BUB3;PSMD8;TOMM70;PRPF31;NCBP2;AIMP2;SSB;HNRNPC;SNRPD1;EIF2S1;XRCC6;PSMC6;PHB2;CSTF2;USP1;NDUFAB1;SRSF3;UBE2L3;PGK1;PSMB2;CYC1;EIF3D;CDK4;LDHA;ACP1;G3BP1;HNRNPA3,age_changes_AXL_DC_02062026
G2-M Checkpoint,0.4705608158769549,-0.3796774663489534,-1.1901303099834872,TGFB1;TOP1;KIF5B;SYNCRIP;KPNB1;KIF20B;PRPF4B;HNRNPU;HSPA8;ATRX;UPF1;TRA2B;CUL3;RPA2;RAD23B;CDC27;PAFAH1B1;DKC1;XPO1;SRSF2;NASP;UBE2S;CTCF;DR1;CUL1;GSPT1;LIG3;CBX1;SRSF1;ODF2;ILF3;KPNA2;MT2A;NOLC1;SFPQ;PML;HNRNPD;MNAT1;YTHDC1;KATNA1;NSD2;SMAD3;BUB3,age_changes_AXL_DC_02062026
Oxidative Phosphorylation,0.6593649492920605,-0.3560011082615548,-1.1413217094534291,FH;TIMM17A;ETFA;NDUFS2;TCIRG1;NDUFS1;ATP6V1H;NDUFB8;PDHB;SUCLA2;NDUFA7;TIMM10;LRPPRC;ABCB7;POLR2F;SDHC;NDUFA9;SDHA;SDHD;TOMM22;MRPL34;MDH1;NDUFB5;DECR1;RHOT1;GRPEL1;TIMM8B;ECI1;SUCLG1;NDUFS8;MRPS30;OAT;ATP6V1D;OXA1L;ATP6V0E1;IDH3A;CYCS;ATP5F1A;ATP5PO;ATP5MC3;RHOT2;NQO2;ALAS1;ATP6V1E1;ECH1;ATP5MC1;CPT1A;PRDX3;ATP5F1C;HCCS;NDUFV2;MRPL35;POR;VDAC3;NDUFB3;SLC25A11;ETFB;DLAT;UQCRC2;COX8A;COX7A2L;ATP6V1G1;AIFM1;NDUFA5;NDUFA8;HADHB;TOMM70;VDAC2;PMPCA;ACAA2;HADHA;IDH3G,age_changes_AXL_DC_02062026
Myogenesis,0.6979029995414655,-0.3654660660203559,-1.090616612307428,TGFB1;EIF4A2;PRNP;GADD45B;PLXNB2;RB1;HDAC5;PDLIM7;FDPS;CD36;TSC2;APP;DAPK2,age_changes_AXL_DC_02062026
heme Metabolism,0.7099284050720263,-0.355601209921073,-1.122248841818256,MARK3;TOP1;CTSB;RAD23A;NCOA4;GLRX5;NEK7;HAGH;GCLC;PICALM;TFDP2;LMO2;RNF19A;MPP1;SIDT2;CDC27;UCP2;CAST;PSMD9;FBXO7;ATP6V0A1;CCND3;DCUN1D1;LAMP2;GAPVD1;BLVRB;SNCA;ADIPOR1;NR3C1;HEBP1,age_changes_AXL_DC_02062026
mTORC1 Signaling,0.7306995600793582,-0.34642614438709884,-1.1008579318956884,ACTR2;LGMN;GGA2;SKAP2;PNP;DAPP1;IFI30;SDF2L1;SLC1A5;ADD3;CYB5B;SSR1;UFM1;ACTR3;GCLC;ENO1;STIP1;PITPNB;M6PR;GLRX;USO1;ACSL3;PSMD13;EEF1E1;MTHFD2;RAB1A;PSMB5;COPS5;PSMA3;SLC9A3R1;HSP90B1;EGLN3;ATP6V1D;PSMD14;TXNRD1;NFKBIB;ATP5MC1;CALR;GTF2H1;HSPA4;XBP1;PNO1;CANX;HSPD1;SQSTM1;HPRT1;UBE2D3;PRDX1;CYP51A1;UCHL5;ATP2A2,age_changes_AXL_DC_02062026
UV Response Up,0.7328632220592886,-0.3568616487180988,-1.0914718827382948,MGAT1;IRF1;LYN;CYB5B;CNP;MARK2;PRKCD;TAP1;HNRNPU;STIP1;CDC5L;CASP3;PSMC3;CREG1;DNAJB1;IL6ST;BAK1;CCND3;GRPEL1;HYAL2;PPAT;MRPL23;ALAS1;NFKBIA;SQSTM1;DGAT1;GLS;ICAM1,age_changes_AXL_DC_02062026
DNA Repair,0.7338870978176485,-0.35381107484389845,-1.108992364377493,ZNRD1;ALYREF;POLR1D;PNP;TSG101;SRSF6;BCAP31;POLD4;NME1;ERCC1;SSRP1;RBX1;TAF9;NFX1;DDB1;GTF2B;POLR2F;SF3A3;RPA2;TAF10;POLE4;UPF3B;GTF2F1;ADA;NELFCD;NME3;POLR2E;GMPR2;RRM2B;ERCC5;AK3;POLB,age_changes_AXL_DC_02062026
Apical Junction,0.767002717156905,-0.35207939390458,-1.067130599481676,GNAI2;SKAP2;CDH1;ARHGEF6;FYB1;STX4;RAC2;PBX2;SHC1;PTEN;CAP1;MPZL1;GTF2F1;CD99;ACTN4;SYK;CTNND1;ACTG1;VCL;ICAM1;CTNNA1;VASP;AMIGO2;RASA1;ICAM2;HADH;DHX16;IKBKG;HRAS;MAP3K20;ICAM4;MYL12B;TSPAN4;B4GALT1;LDLRAP1;TIAL1;MYH9;TMEM8B;ACTB;SORBS3;CDK8;SIRPA;INSIG1;PECAM1;NF1;MAP4K2,age_changes_AXL_DC_02062026
Coagulation,0.8073550130826074,-0.35133863945124777,-1.0247242776493974,CTSB;LGMN;PLEK;MSRB2;LAMP2;GNB2;CASP9;CFD;PEF1;ANG,age_changes_AXL_DC_02062026
Myc Targets V2,0.821291146456445,-0.34917416774955734,-1.0297329293872197,FARSA;SRM;NDUFAF4;MRTO4;GRWD1;IMP4;BYSL;PHB;WDR43;NOC4L;HSPD1;NOLC1;TFB2M;NOP56;NOP2;RRP12;AIMP2;PPAN;PUS1;RABEPK;CDK4;NIP7;GNL3;SORD;TBRG4;MPHOSPH10;SUPV3L1;MYBBP1A,age_changes_AXL_DC_02062026
Wnt-beta Catenin Signaling,0.8286122895477678,-0.4030360408874887,-1.0359794289312605,NCSTN;NCOR2;HDAC5;CTNNB1;CUL1;SKP2;TP53;ADAM17;MAML1,age_changes_AXL_DC_02062026
Xenobiotic Metabolism,0.8337776132983475,-0.30679962556280604,-0.9592545138652094,SLC1A5;SAR1B;IRF8;PTGES3;AHCY;PTGDS;GCLC;DHRS7;CES1;CNDP2;KYNU;CD36;TNFRSF1A;GSTO1;BLVRB;ALAS1;NDRG2;ECH1;ID2;POR;HPRT1;MT2A;ETS2;ATP2A2;ARPP19;NMT1;LONP1;SERTAD1,age_changes_AXL_DC_02062026
Fatty Acid Metabolism,0.8505355243106473,-0.3110088189739025,-0.9627580035502649,UBE2L6;FH;ACSL5;PDHB;SUCLA2;RAP1GDS1;GLUL;SDHC;SDHA;SDHD;SERINC1;OSTC;PSME1;ACSL4;MDH1;DECR1;CD36;HMGCL;ECI1;SUCLG1;ACAT2;ECH1;CPT1A;HCCS,age_changes_AXL_DC_02062026
E2F Targets,0.8670102648149746,-0.28055594736774975,-0.8856420833544711,DCK;SYNCRIP;SMC6;IPO7;RFC1;NME1;SSRP1;LUC7L3;TRA2B;RBBP7;RPA2;MTHFD2;POLE4;NUP107;XPO1;SRSF2;NASP;UBE2S;CTCF;GSPT1;SRSF1;PRPS1;ILF3;KPNA2;SMC3;NOLC1;NCAPD2;AK2;HNRNPD;PPP1R8;NOP56;RAD51AP1;TP53;CKS2;TUBB;EIF2S1;CCP110;XRCC6;PDS5B;SLBP;USP1;CBX5;PRIM2;POP7;RAD50,age_changes_AXL_DC_02062026
Androgen Response,0.8674959848512854,-0.34525328556074286,-1.0360972956444112,SPCS3;NCOA4;PIAS1;RPS6KA3;TMEM50A;PTK2B;ZMIZ1;RAB4A;XRCC5;ACSL3;TNFAIP8;GNAI3;NDRG1;CCND3;IQGAP2;AKT1;LMAN1;RRP12;FADS1;SRP19;HMGCR;ZBTB10;PMEPA1;XRCC6;APPBP2;SLC38A2;ABHD2;UBE2I;NGLY1;SORD;GSR;HERC3;DBI;B4GALT1,age_changes_AXL_DC_02062026
p53 Pathway,0.867585820218503,-0.3078405678470329,-0.9661271950433654,TGFB1;IFI30;CTSD;PLXNB2;PRMT2;RB1;TAP1;NOL8;SLC3A2;CEBPA;CD81;RXRA;MAPKAPK3;VAMP8;NDRG1;TXNIP;MKNK2;BAK1;CCND3;ADA;APP;APAF1;JUN;ST14;TM7SF3;ERCC5;RALGDS;HEXIM1;CASP1;IRAK1;TPRKB;RHBDF2,age_changes_AXL_DC_02062026
Mitotic Spindle,0.874613991201587,-0.31901091951609073,-1.000006248888882,KIF5B;PREX1;MYO9B;ARL8A;KIF20B;RFC1;CNTRL;LRPPRC;LATS1;RABGAP1;MAP3K11;ROCK1;CDC27;SSH2;RALBP1;PAFAH1B1;WASF2;CEP131;ACTN4;PCM1;ABI1;CYTH2;MYO1E;RHOT2;ABR;TLK1;STK38L;HDAC6;SMC3;MAP1S;VCL;TRIO;SUN2;KATNA1,age_changes_AXL_DC_02062026
Adipogenesis,0.8776160721987406,-0.2951016733883879,-0.9343181202742252,PDCD4;TKT;SLC1A5;VEGFB;SAMM50;IFNGR1;DHRS7;SOD1;JAGN1;SDHC;UCP2;BAZ2A;DECR1;CD36;GHITM;GRPEL1;SUCLG1;PPM1B;SCARB1;IDH3A;ATP5PO;STAT5A;ECH1;PRDX3;COQ5;POR;DGAT1;ETFB;BCL2L13;MCCC1;AK2;DLAT;CMPK1;CPT2;COX8A;AIFM1;NDUFA5;NMT1;ACAA2;RREB1;IDH3G;ATL2;ESRRA;PPP1R15B;ADIPOR2;CCNG2;ARAF;HADH;NDUFAB1;UQCR10;CYC1;SQOR;SLC25A1;CD302;MTCH2,age_changes_AXL_DC_02062026
Estrogen Response Late,0.8802732317568855,-0.3045040291036309,-0.9231161850464812,PDCD4;CDH1;ADD3;NCOR2;NRIP1;AFF1;JAK2;IMPA2;SLC9A3R1;IL6ST;ST14;SCARB1;BLVRB;DNAJC1;ATP2B4;FABP5;ITPK1;XBP1;ID2;HPRT1;ETFB;JAK1;ARL3;PRKAR2B;LLGL2;SLC2A8;TSPAN13;BCL2;SIAH2;PTPN6;OPN3;ABHD2;CLIC3;MYOF;SORD,age_changes_AXL_DC_02062026
Apoptosis,0.8813169277026778,-0.3101497955704859,-0.9714724086821949,PDCD4;IRF1;CYLD;RARA;GADD45B;TIMP2;IL1B;BCAP31;TAP1;IFNGR1;DNM1L;CASP3;PEA15;SOD1;CTNNB1;ROCK1;DNAJC3;TXNIP;APP;JUN;CASP9;RHOT2;CASP2;TNF;CASP1;SQSTM1;MGMT;PLCB2;XIAP;DFFA;VDAC2;CREBBP;BMF,age_changes_AXL_DC_02062026
KRAS Signaling Up,0.8868695908450501,-0.2893707846799153,-0.8874464299858718,GNG11;CSF2RA;CBL;RABGAP1L;IRF8;IL1B;RBM4;GLRX;CTSS;PSMB8;IL10RA;ID2;ETS1;FCER1G;ITGB2;LCP1;PRELID3B;FUCA1;ADAM17;TSPAN13;NRP1;YRDC;STRN;LAPTM5;MAP3K1;DOCK2;CBR4;CD37;ST6GAL1;HDAC9;PLAU;ZNF277;ZNF639;LY96;PLVAP;NIN;CDADC1;PECAM1,age_changes_AXL_DC_02062026
Estrogen Response Early,0.8957217158502416,-0.32234853444091766,-0.9765548658137128,RARA;CBFA2T3;ADD3;NCOR2;NRIP1;ELF1;AFF1;MED13L;JAK2;AKAP1;SLC9A3R1;IL6ST;SLC39A6;SCARB1;BLVRB;UGCG;ITPK1;XBP1,age_changes_AXL_DC_02062026
Unfolded Protein Response,0.8984584293477591,-0.2897101900167305,-0.8933962109366735,EIF4A1;EIF4A2;KIF5B;SPCS3;SSR1;EIF4E;FUS;ATP6V0D1;MTHFD2;SHC1;DNAJC3;SDAD1;DKC1;EXOSC4;MTREX;HSP90B1;DCTN1;CXXC1;ATF4;CALR;XBP1;SLC30A5;NOLC1;SRPRB;NOP56,age_changes_AXL_DC_02062026
Apical Surface,0.8992868707243761,-0.39546323526318816,-0.9845050130465264,LYN;SULF2;FLOT2;APP;ADAM10;CRYBG1;ADIPOR2;NCOA6,age_changes_AXL_DC_02062026
Spermatogenesis,0.9076433121019108,0.15910443693212725,0.7554679054919633,PRKAR2A;DBF4;CLPB;TSN;PIAS2;TALDO1;PSMG1,age_changes_AXL_DC_02062026
Cholesterol Homeostasis,0.918856333182803,-0.3050301835382241,-0.896186167550795,ALCAM;LGMN;PLSCR1;S100A11;CTNNB1;ANTXR2;PMVK;FDPS;FABP5;ACAT2;ECH1;ACTG1;CYP51A1;SREBF2,age_changes_AXL_DC_02062026
Pperoxisome,0.962671439661865,-0.2208084928378804,-0.6635367146099593,ACSL5;LONP2;ERCC1;CTBP1;SOD1;ACSL4;FDPS;HMGCL;VPS4B;ECH1;CNBP;SLC25A19;PRDX1;CLN8;FADS1,age_changes_AXL_DC_02062026
Epithelial Mesenchymal Transition,0.9660713045929734,-0.25317928793603284,-0.7389612435455604,TGFB1;DAB2;GADD45B;TPM4;GPX7;P3H1;JUN;COPA;ID2;CD59;PPIB;LGALS1;FUCA1;PMEPA1;GLIPR1,age_changes_AXL_DC_02062026
Glycolysis,0.9683932833031428,-0.22334626182404374,-0.6991305897870234,PFKP;GLCE;GCLC;ENO1;GLRX;SOD1;SDHC;ME2;B3GALT6;MDH1;SLC35A3;PGAM1;NASP;MPI;UGP2;AKR1A1;EGLN3;AK3;CHST12;PRPS1;RPE;ANG;PGM2;HDLBP;ARPP19;B4GALT4;GALK2;GOT1;PPP2CB;PGLS;PGK1;KIF2A;LDHA;P4HA1;B3GAT3;STMN1;TXN;LHPP,age_changes_AXL_DC_02062026
Bile Acid Metabolism,0.979675235055637,-0.2628573169857114,-0.7508631214583936,ACSL5;LONP2;RXRA;SOD1;PEX16,age_changes_AXL_DC_02062026
Inflammatory Response,0.9921691628795961,-0.2571113791546449,-0.7892908645165522,NFKB1;IRF1;LYN;IL1B;IFNAR1;LY6E;RNF144B;GNAI3;IL10RA;RHOG;ABI1;LCP2;BST2;NFKBIA;SELL;RAF1;ICAM1;ATP2A2;SEMA4D;EIF2AK2;PTPRE;PIK3R5,age_changes_AXL_DC_02062026
Reactive Oxygen Species Pathway,0.9989460925801822,-0.26215228833410964,-0.7578398935404148,PRNP;PFKP;NDUFS2;GCLC;GLRX;SOD1;MBP,age_changes_AXL_DC_02062026
Interferon Alpha Response,0.00046095340529328163,-0.486832067224381,-2.024801246501942,LY6E;USP18;EPSTI1;IRF9;IFI35;IFI44L;SAMD9L;ISG15;UBE2L6;PSME2;PLSCR1;SELL;PARP14;NMI;MX1;IRF7;PSMA3;IFI44;IFI27;CNP;IFITM2;SAMD9;IRF2;OAS1;BST2;RSAD2;SP110;PSMB8;CMPK2;CCRL2;MVB12A;NCOA7;DHX58;IRF1;IFIH1;PSMB9;SLC25A28;CSF1;LAP3;TRIM5,age_changes_Adaptive_NK_02062026
p53 Pathway,0.023782701214169484,0.36167011514468433,1.703547848022153,TOB1;CDKN2A;F2R;CCNG1;CASP1;FAS;PVT1;PMM1;SEC61A1;CYFIP2;AEN;NDRG1;XPC;S100A4;RB1;RETSAT;CGRRF1;CTSF;PERP;RPS27L;EPS8L2;SAT1;DDB2;SLC19A2;ANKRA2;ZFP36L1;S100A10;FDXR;UPP1;DDIT4;ELP1;PROCR;RPL18;COQ8A;CCNK;MDM2;BTG1;CEBPA;SP1;PPM1D;RPL36;KIF13B;FAM162A;SLC3A2;ABCC5;RALGDS;GM2A;TNFSF9;DGKA;TRAFD1;CDKN2B;TSPYL2;PRKAB1;TXNIP;PIDD1;WRAP73;CDKN2AIP;PLK3,age_changes_Adaptive_NK_02062026
Notch Signaling,0.024430530480543926,-0.47011057286365676,-1.5294003601993753,NOTCH1;LFNG;DLL1;RBX1;PSEN2;PRKCA;PSENEN,age_changes_Adaptive_NK_02062026
Mitotic Spindle,0.027746484749864398,0.3273527116777013,1.566566303362541,PCGF5;KIF22;EZR;FLNA;ARHGAP5;LATS1;PALLD;MYH9;CNTROB;DYNC1H1;VCL;ARHGAP10;SPTAN1;KIF3C;PCNT;BCR;LLGL1;TUBA4A;BCL2L11;PXN;SUN2;ARHGAP4;OPHN1;ARHGDIA;TUBGCP2;TLK1;HOOK3;STAU1;UXT;ALMS1;KIF3B;RICTOR;PRC1;LRPPRC;RACGAP1;INCENP;EPB41;MAPRE1;CKAP5;CEP131;NOTCH2;WASL;ECT2;ATG4B;PDLIM5;ABI1;CENPJ;RABGAP1;ARHGEF7;MAP3K11;KATNB1;RHOT2;RAB3GAP1;BRCA2;KPTN;NUSAP1;TBCD;TUBGCP3;CDC27;SSH2;ARFIP2;NDC80;KLC1;KIF5B;TUBD1,age_changes_Adaptive_NK_02062026
Coagulation,0.02906774592842937,0.3880705333650537,1.6157099099453707,CTSH;CAPN2;CLU;BMP1;LRP1;CFH;ANXA1;SERPINA1;F8;CTSB;FYN;ADAM9;THBS1;PRSS23;CSRP1;USP11;CPQ;TIMP1;LTA4H;C8G;A2M;WDR1;ISCU;CRIP2;C1R;CFD,age_changes_Adaptive_NK_02062026
Interferon Gamma Response,0.02950101793877002,-0.332699406531068,-1.5386570445416166,CD38;IFNAR2;LY6E;USP18;EPSTI1;GPR18;IRF9;IRF8;IFI35;IFI44L;SAMD9L;ISG15;UBE2L6;PSME2;PLSCR1;BANK1;PARP14;NMI;MX1;IL2RB;XAF1;IRF7;PSMA3;PSMA2;KLRK1;IFI44;IFI27;IFITM2;IRF2;GZMA;VAMP8;OAS3;IFIT1;BST2;RSAD2;CASP4;SP110;ST3GAL5;SAMHD1;XCL1;PSMB8;CMPK2;NFKB1;ARL4A;DHX58;PSMB2;SPPL2A;ISOC1;IRF1;EIF4E3;IFIH1;TNFSF10;RBCK1;PSMB9;SECTM1;SLC25A28;PTPN6;SLAMF7;OAS2;LAP3;RNF213;PIM1,age_changes_Adaptive_NK_02062026
Allograft Rejection,0.02980765218842575,0.35222491063019723,1.6337328740935129,CD4;CDKN2A;CD2;F2R;HLA-DMA;IFNGR1;HLA-DQA1;CD40LG;CTSS;FLNA;IL7;IRF4;RIPK2;FAS;NCF4;SIT1;HLA-DRA;TAPBP;MAP4K1;CD74;HIF1A;NPM1;CCR5;STAT4;TPD52;CD8A;IL4R;HLA-DMB;EIF3D;CCL5;HCLS1;CD96;ITK;SPI1;CD3G;TRAT1;LCP2;WAS;STAT1;PRKCB;GLMN;TLR1;TIMP1;TNF;MRPL3;ABI1;CD3D;HLA-E;CD8B;CRTAM;CD3E;CFP;APBB1;MAP3K7;GBP2;IL15;IL12RB1;IFNGR2,age_changes_Adaptive_NK_02062026
heme Metabolism,0.030124754871281346,0.3411465491423649,1.5683942625802172,PRDX2;BNIP3L;AQP3;DCAF11;SEC14L1;BLVRA;ISCA1;MXI1;MGST3;AGPAT4;CTSB;GDE1;EIF2AK1;FBXO7;RIOK3;MKRN1;BACH1;ALAD;NUDT4;RAD23A;FN3K;TCEA1;SIDT2;TRAK2;BPGM;ATP6V0A1;PPP2R5B;OPTN;EPOR;CIR1;NFE2L1;NFE2;VEZF1;DMTN;DCAF10;ASNS;EPB41;RNF19A;SLC10A3;ENDOD1;RCL1;HTATIP2;ALDH6A1;LRP10;ADIPOR1;CDR2;ARL2BP;CAST;NCOA4;KAT2B;TENT5C;TMEM9B;FOXJ2;MAP2K3;BSG;KHNYN;CDC27,age_changes_Adaptive_NK_02062026
Fatty Acid Metabolism,0.03171026828555931,0.3557107732907172,1.586595749832962,ENO2;GABARAPL1;HSD17B11;LGALS1;GLUL;SUCLG2;SLC22A5;D2HGDH;ERP29;BLVRA;ACSL1;SERINC1;ELOVL5;SDHA;BCKDHB;HSDL2;CD36;RETSAT;ADIPOR2;ACADVL;ALAD;MIF;ALDOA;S100A10;RAP1GDS1;FASN;ODC1;DHCR24;NCAPH2;DLST;ACAA1;ACSM3;METAP1;ACSL4;UGDH;LDHA;DLD;G0S2,age_changes_Adaptive_NK_02062026
Adipogenesis,0.03171026828555931,0.33837845093613295,1.5746917263530933,TOB1;RAB34;IFNGR1;SLC5A6;GPAT4;PLIN2;GPHN;BAZ2A;RNF11;MGST3;G3BP2;RTN3;CMPK1;RIOK3;CD36;RETSAT;DHCR7;EPHX2;TANK;ADIPOR2;PHYH;IMMT;TKT;PEMT;PFKL;CD302;ALDOA;DLAT;CS;SLC1A5;PEX14;SQOR;REEP5;GPX4;BCL2L13;MCCC1;CD151;CHCHD10;NDUFA5;UQCRC1;QDPR;DLD;PFKFB3;LIPE;SLC25A1;ACOX1;BCL6;FAH;PGM1;ESYT1;CRAT;STAT5A;SOD1;ACO2;UBQLN1;PDCD4,age_changes_Adaptive_NK_02062026
Hypoxia,0.0321066466391288,0.3591954164092361,1.647946068147558,IGFBP3;ENO2;PFKP;PLIN2;MT1E;BNIP3L;ERRFI1;BCL2;NDRG1;PLAUR;MYH9;CXCR4;HK1;KLHL24;MXI1;S100A4;PNRC1;GPI;TPD52;ANXA2;HSPA5;CDKN1B;ISG20;MIF;VHL;SLC37A4;PFKL;ALDOA;VLDLR;DDIT4;AMPD3;PDK1;BHLHE40;CITED2;P4HA1;PGK1;BTG1;MT2A;LDHA;FAM162A;PFKFB3;TGFBI;GYS1;SLC25A1;GAA;SLC2A3;CASP6,age_changes_Adaptive_NK_02062026
Apoptosis,0.034881295114115245,0.37890715057089464,1.708948664670832,TSPO;CD44;CDC25B;CD2;ENO2;F2R;IFNGR1;CASP1;FAS;BNIP3L;CLU;TGFBR3;CTNNB1;SOD2;ANXA1;RHOB;HMGB2;PEA15;BTG3;MADD;RETSAT;SPTAN1;LMNA;SAT1;CDKN1B;ISG20;DPYD;BCL2L11;FDXR;PPP2R5B;ETF1;CD14;HSPB1;PLCB2;GPX4;DAP3;BIRC3;WEE1;MCL1;PAK1;DAP;TIMP1;TNF;FEZ1;TXNIP;CASP6;LGALS3,age_changes_Adaptive_NK_02062026
TGF-beta Signaling,0.03825913263934238,-0.4174507899375982,-1.5614174669747665,SMAD7;SMURF2;ID3;TRIM33;FURIN;CDK9;TGFB1;SKIL;FNTA;TGFBR1;FKBP1A;CDKN1C;PMEPA1;ID2;KLF10;XIAP;NOG;ENG;ID1;WWTR1,age_changes_Adaptive_NK_02062026
TNF-alpha Signaling via NF-kB,0.03854017222398747,0.32159165069940593,1.4989584066476962,CD44;MSC;IL7R;LITAF;RIPK2;SERPINB8;SOD2;RHOB;PLAUR;PANX1;TNIP1;PNRC1;B4GALT1;BCL2A1;BTG3;EHD1;TANK;KYNU;SAT1;ETS2;SLC2A6;PHLDA1;PTGER4;TUBB2A;PER1;CCL5;ZC3H12A;BHLHE40;CLCF1;TNIP2;BTG1;TNFAIP2;DNAJB4;BIRC3;LDLR;MCL1;PFKFB3;DUSP2;G0S2;TNFSF9;TNF;PDLIM5;SLC2A3;AREG;BCL6;NAMPT;TNFAIP3;STAT5A;IFNGR2,age_changes_Adaptive_NK_02062026
Unfolded Protein Response,0.038580826414097165,0.3502072551444868,1.5084351983001645,EEF2;BAG3;HSPA9;SLC7A5;SRPRA;SPCS1;DCTN1;YWHAZ;SLC1A4;EXOSC10;NPM1;HSP90B1;CALR;ALDH18A1;HSPA5;ATF6;TUBB2A;DCP1A;HERPUD1;SLC30A5;PDIA6;DDIT4;XPOT;NOP14;ERN1;EIF4EBP1;HYOU1;ASNS;EXOSC9;POP4;SSR1,age_changes_Adaptive_NK_02062026
Glycolysis,0.041223348771227096,0.3288285874005343,1.5140157099898794,CD44;IGFBP3;ENO2;PKM;PFKP;VCAN;ECD;GOT2;CXCR4;GFPT1;AK3;MXI1;B4GALT1;PLOD1;HSPA5;ISG20;GNPDA1;PGAM1;MIF;SLC37A4;AGL;CHPF;ALDOA;VLDLR;DDIT4;CITED2;MED24;P4HA1;XYLT2;B3GAT1;PGK1;QSOX1;AKR1A1;PYGB;LDHA;CHPF2;FAM162A;DLD;TGFBI;ARPP19;GYS1;CYB5A;TXN;KIF2A;CASP6,age_changes_Adaptive_NK_02062026
Complement,0.04206895592550869,0.32242932430821564,1.4706265946287265,SPOCK2;CTSH;CD40LG;CTSS;CASP1;LIPA;CLU;S100A9;ANXA5;RBSN;LRP1;CFH;PLAUR;SERPINA1;F8;CTSB;FYN;DGKH;S100A12;FCN1;CD36;EHD1;HSPA5;KYNU;ADAM9;PRKCD;CBLB;CCL5;L3MBTL4;ZEB1;PIK3R5;CSRP1;VCPIP1;CD46;LCP2;CPQ;WAS;GNAI3;GATA3;RCE1;GNG2;TIMP1;KIF2A;LTA4H;GRB2;LGALS3;PRCP;TNFAIP3;RAF1,age_changes_Adaptive_NK_02062026
Pperoxisome,0.04348836793448134,0.34754086226826103,1.4752608785143169,TSPO;PABPC1;CADM1;HSD17B11;SOD2;ACSL1;PRDX1;ATXN1;GSTK1;ELOVL5;FADS1;CNBP;RETSAT;EPHX2;ABCD2;MVP;IDE;DLG4;PEX14;DHCR24;ACAA1;ACSL4;ABCC5;SMARCC1;ACOX1;CDK7;NUDT19;CRAT;SOD1,age_changes_Adaptive_NK_02062026
mTORC1 Signaling,0.04588079442566863,0.3055042801484994,1.4467175669700463,CCNG1;INSIG1;HSPA9;SLC7A5;CANX;SYTL2;FGL2;RPN1;CXCR4;SLC1A4;PRDX1;HSP90B1;ELOVL5;GPI;CALR;FADS1;DHCR7;HSPA5;ADIPOR2;PIK3R3;SKAP2;GGA2;TCEA1;IMMT;TUBA4A;SLC37A4;FADS2;PFKL;ALDOA;GSK3B;VLDLR;FDXR;PNO1;DDIT4;SLC1A5;ETF1;PDK1;DHCR24;BHLHE40;P4HA1;PSME3;ASNS;PGK1;MCM2;ACTR2;DDX39A;CYP51A1;SSR1;LDHA;LDLR;QDPR;PSMG1;PPA1;GLA;HSPA4;SLC2A3;LTA4H;SCD;NAMPT;PGM1;CFP;SRD5A1,age_changes_Adaptive_NK_02062026
Epithelial Mesenchymal Transition,0.0507364292568949,0.3992615145188422,1.752970756997441,VIM;CD44;IGFBP3;ENO2;VCAN;CADM1;FLNA;LGALS1;FAS;PLOD3;TGFBR3;BMP1;GLIPR1;LRP1;RHOB;PLAUR;WIPF1;ITGB1;SGCB;ACTA2;PLOD1;SAT1;THBS1;IL32;CXCL8;SGCD;COL6A2;COPA,age_changes_Adaptive_NK_02062026
Bile Acid Metabolism,0.05090332540576626,0.34297012168442864,1.4132225480782634,HSD17B11;ACSL1;ATXN1;GSTK1;HACL1;FADS1;RETSAT;EPHX2;PHYH;NR3C2;ABCD2;FADS2;PEX16;FDXR;PEX1;PEX26;OPTN;DHCR24,age_changes_Adaptive_NK_02062026
Myogenesis,0.05170535412117588,0.31710017578316485,1.417397156536703,IGFBP3;GNAO1;PRNP;SORBS3;CLU;TPM3;FKBP1B;SH2B1;MYH9;ITGB1;ACSL1;KIFC3;RB1;CD36;HDAC5;SPTAN1;SYNGR2;AGL;PDE4DIP;SGCD;ATP6AP1;BHLHE40;COL6A2;CKB;MYO1C;FLII;DAPK2;LSP1,age_changes_Adaptive_NK_02062026
Androgen Response,0.05241520816613039,0.3402222123560088,1.4238444081145112,INSIG1;MAF;XRCC6;INPP4B;FKBP5;UBE2J1;NDRG1;UAP1;ELOVL5;CDC14B;B4GALT1;TPD52;FADS1;LMAN1;SAT1;PLPP1;SEC24D;ARID5B;ABCC4;DHCR24;PIAS1;ADAMTS1;TMEM50A;GNAI3;RRP12;PDLIM5;ADRM1;SCD;NCOA4;ANKH,age_changes_Adaptive_NK_02062026
IL-2/STAT5 Signaling,0.059117000160935566,0.29719139604448014,1.3839165907780637,TNFRSF1B;CD44;PRNP;PLEC;GABARAPL1;IFNGR1;AHNAK;IRF4;PLIN2;BCL2;ICOS;FGL2;NDRG1;RHOB;SYT11;CDC42SE2;IL10RA;IL4R;PHLDA1;PTCH1;PRKCH;GALM;SYNGR2;PLPP1;AHCY;AHR;RNH1;EOMES;TWSG1;SLC1A5;POU2F1;AGER;ODC1;LRIG1;BHLHE40;PHTF2;P4HA1;NOP2;RHOH;GPX4;MYO1C,age_changes_Adaptive_NK_02062026
Apical Junction,0.060725163766846085,0.3061026096659564,1.3863024869595064,CTNNA1;VCAN;SORBS3;INSIG1;ADAM15;BMP1;MVD;MYH9;ITGB1;ZYX;EXOC4;CNN2;VCL;B4GALT1;MPP5;RSU1;PIK3R3;SKAP2;PIK3CB;ADAM9;ARHGEF6;GAMT;PLCG1;MSN;SGCE;SYMPK;LDLRAP1;AMIGO2;MAP4K2;WASL;TGFBI;CDK8;CERCAM;PKD1;GTF2F1;CD99,age_changes_Adaptive_NK_02062026
Myc Targets V1,0.06342053657111861,0.29092127730266487,1.3711287630923135,PABPC1;SNRPA;EIF4G2;PABPC4;RPLP0;STARD7;XRCC6;GOT2;GLO1;CANX;EIF4H;NPM1;SNRPA1;YWHAQ;KPNB1;U2AF1;SF3A1;SRPK1;HNRNPR;CNBP;RRM1;PSMD7;HNRNPA1;HNRNPA3;MCM6;DUT;RSL1D1;EIF3D;SNRPD2;UBA2;XPOT;ETF1;ODC1;POLE3;PTGES3;RPL18;RPL14;CCT7;IMPDH2;PGK1;MCM2;CAD;PRPS2;NCBP1;BUB3;G3BP1;LDHA;SF3B3;MCM7;SMARCC1;PRDX4;PSMA6;RNPS1;HNRNPU;FBL,age_changes_Adaptive_NK_02062026
Oxidative Phosphorylation,0.06379595129259018,-0.29871687972735356,-1.4031388622973628,ECH1;FXN;TIMM8B;SLC25A11;NDUFA9;ATP5MC1;MRPL35;NDUFA7;NDUFB2;MRPS12;NDUFS2;TIMM13;ATP5PF;MRPS11;SDHD;NDUFB8;ATP6V1D;MRPL15;NDUFC2;ATP5PO;BDH2;NDUFA2;NDUFB3;ATP5MF;PDHB;ETFA;COX7B;CYCS;MDH1;NDUFB1;ATP5ME;NDUFA8;ACADM;COX7A2L;ACAA2;PDHA1;SURF1;COX17;NDUFB5;POLR2F,age_changes_Adaptive_NK_02062026
Estrogen Response Early,0.07658719144620955,0.2998911272292883,1.3432547097677168,TOB1;CD44;BCL2;SLC22A5;SLC7A5;AQP3;FKBP5;NADSYN1;SLC1A4;SLC39A6;ELOVL5;UGCG;B4GALT1;DHCR7;TJP3;SLC19A2;ISG20L2;AKAP1;FASN;FDFT1;PRSS23;AFF1;LRIG1;BHLHE40;ALDH3B1;AMFR;MED24;RAB31;CANT1;ENDOD1;MYBBP1A;DYNLT3;MICB;GLA;RRP12,age_changes_Adaptive_NK_02062026
KRAS Signaling Up,0.07735984200497907,0.30016624921361623,1.3372241834873777,NAP1L2;TNFRSF1B;IGFBP3;IL7R;CTSS;CDADC1;PRDM1;LAPTM5;MAP4K1;CFH;PLAUR;CXCR4;IL10RA;MAFB;CD37;CCSER2;PRELID3B;AMMECR1;KCNN4;BPGM;PCSK1N;LCP1;DNMBP;CAB39L;MMD,age_changes_Adaptive_NK_02062026
Protein Secretion,0.07883172695790044,0.3163781060500286,1.3297151236654647,ATP1A1;VAMP7;ANP32E;TMED2;MON2;TPD52;LMAN1;SCAMP3;ARF1;ATP6V1H;SEC24D;GALC;ERGIC3;RAB14;ZW10;TMX1;STAM;RAB5A;GLA;NAPA;TMED10;AP1G1;SCAMP1;SNX2;SNAP23;SGMS1;SOD1;GBF1;CLTC;SEC31A;ADAM10;AP2M1;AP3S1;M6PR;VAMP3;COG2;AP2B1;AP3B1,age_changes_Adaptive_NK_02062026
Reactive Oxygen Species Pathway,0.0855567430858456,0.3511929741928026,1.314156915305855,PRNP;PRDX2;PFKP;SOD2;SCAF4;PRDX1;PTPA;PDLIM1;GPX4;LSP1;OXSR1;PRDX4;TXN;SOD1;ABCC1;PRDX6,age_changes_Adaptive_NK_02062026
Wnt-beta Catenin Signaling,0.09403449467982945,-0.38890733651259674,-1.342114072712412,NOTCH1;DLL1;AXIN1;PSEN2;MYC;TP53;HEY2;TCF7,age_changes_Adaptive_NK_02062026
Cholesterol Homeostasis,0.12531218520704065,0.3190948368239547,1.2541991535331978,ERRFI1;CLU;LSS;ANXA5;MVD;CTNNB1;PLAUR;PNRC1;SREBF2;DHCR7;ETHE1;FADS2;ANTXR2;FASN;FDFT1;CYP51A1;LDLR;LGALS3;SCD;ATF5;ACSS2;ABCA2;SQLE;GUSB;ACAT2;MVK,age_changes_Adaptive_NK_02062026
IL-6/JAK/STAT3 Signaling,0.12901381374698853,0.317167717384822,1.255430598975085,TNFRSF1B;CD44;IFNGR1;IL7;FAS;STAT3;CSF3R;IL4R;CD36;ITGA4;PTPN1;PIK3R5;CD14;MYD88;IL17RA;IFNAR1;STAT1;CBL;PTPN11;TNF;GRB2;A2M;IL12RB1;IFNGR2,age_changes_Adaptive_NK_02062026
Inflammatory Response,0.14422704782294046,0.2744255472407345,1.2303574286687438,CD70;TNFRSF1B;IL7R;RIPK2;KCNA3;SLAMF1;TAPBP;PLAUR;PROK2;C5AR1;HIF1A;IL10RA;BEST1;CSF3R;CYBB;IL4R;PTGER4;CCL5;AHR;SLC31A2;FPR1;PIK3R5;CXCL8;CD14;SLC7A1;LDLR;GPR132;LCP2;IFNAR1;GNAI3;IFITM1;TNFSF9;TLR1;TIMP1;ADRM1;ABI1;NAMPT;C3AR1;IL15;RAF1;IFNGR2,age_changes_Adaptive_NK_02062026
Estrogen Response Late,0.16473484374348063,0.2679514202033655,1.204936766154021,TOB1;CD44;CACNA2D2;BCL2;SLC22A5;SLC7A5;S100A9;FKBP5;SLC1A4;SERPINA1;ELOVL5;BTG3;DHCR7;PERP;ISG20;TJP3;FDFT1;PRSS23;AFF1;ALDH3B1;AMFR;CKB;RAB31;UGDH;DYNLT3;MICB;DUSP2;GLA,age_changes_Adaptive_NK_02062026
Xenobiotic Metabolism,0.1654048510249981,0.2673682059372075,1.1996717996021191,GABARAPL1;CES1;PTGDS;FAS;PMM1;CYFIP2;ELOVL5;HACL1;CD36;SLC46A3;RETSAT;PGD;KYNU;ETS2;ABCD2;AHCY;PEMT;UPP1;ACOX3;SLC1A5;GSS;PTGES3;SLC35B1;MT2A;UGDH;TMEM176B;ARPP19;MTHFD1;AKR1C3;PDLIM5;ACOX1;CYB5A;FAH;CASP6,age_changes_Adaptive_NK_02062026
Angiogenesis,0.1770324821629741,0.3966390279311386,1.1850980989077995,VCAN;S100A4;FGFR1;TIMP1,age_changes_Adaptive_NK_02062026
UV Response Dn,0.1864659866912965,0.27205252375194977,1.1736183444024486,PTPRM;MT1E;INSIG1;INPP4B;TGFBR3;ATXN1;BCKDHB;FYN;MAP2K5;ANXA2;SCAF8;BMPR1A;PIK3R3;CDKN1B;NR1D2;SYNE1;PRKCE;VLDLR;PEX14;BHLHE40;CITED2;RUNX1;SLC7A1;LDLR;NOTCH2;ANXA4;PDLIM5;SIPA1L1;AGGF1;PHF3,age_changes_Adaptive_NK_02062026
KRAS Signaling Dn,0.20887774308432702,-0.28765725484312943,-1.2192269147648906,IFI44L;CHST2;LFNG;TCL1A;MX1;ZBTB16;PDE6B;PLAG1;NUDT11;RSAD2;SKIL;COPZ2;BARD1;YPEL1;ENTPD7;ITGB1BP2;TGM1;OXT;STAG3;CCDC106,age_changes_Adaptive_NK_02062026
E2F Targets,0.26049052741637396,0.2351366953200159,1.1170290801057756,CDKN2A;CDC25B;KIF22;XRCC6;ANP32E;ILF3;EED;TCF19;PTTG1;NUDT21;HMGB2;MXD3;MCM6;ATAD2;CDKN1B;DUT;POLA2;RAD1;RAD51AP1;BRMS1L;SUV39H1;SHMT1;ZW10;HUS1;MCM2;RACGAP1;DDX39A;LIG1;PPM1D;WEE1;NCAPD2;TMPO;POLE4;MCM7;PRDX4;HMGA1;TIMELESS;WDR90;PHF5A;RAD21;PRPS1;MMS22L;PRKDC,age_changes_Adaptive_NK_02062026
G2-M Checkpoint,0.26623412748084174,0.23207471422596607,1.1044169588316082,CDC25B;KIF22;DBF4;SLC7A5;ILF3;NUP98;PTTG1;HIF1A;CCNT1;KPNB1;MCM6;EWSR1;CDKN1B;POLA2;SLC38A1;CUL5;FANCC;NSD2;FOXN3;ODC1;SUV39H1;CUL4A;HUS1;MCM2;PRC1;SRSF10;RACGAP1;INCENP;DDX39A;CDC7;MT2A;BUB3;G3BP1;SLC7A1;NOTCH2;TMPO;SMARCC1;MEIS2;HMGA1;HNRNPU;RAD21;ATF5;PML;SQLE;NCL;DKC1;BRCA2;ODF2;SS18;TNPO2;NUSAP1;MAD2L1;CDC27;UCK2;NOLC1;RBL1;NDC80;SMAD3;KIF5B,age_changes_Adaptive_NK_02062026
Hedgehog Signaling,0.27252710572274974,0.34986621971215437,1.1051047565135879,MYH9;ETS2;PTCH1;VLDLR;OPHN1;ADGRG1;DPYSL2;PML,age_changes_Adaptive_NK_02062026
UV Response Up,0.3791519645819308,0.23285084942661202,1.0388545362668273,ENO2;EIF2S3;CREG1;DNAJB1;AQP3;SOD2;RPN1;RHOB;GGH;ARRB2;BTG3;GRINA;PRKCD;TUBA4A;BCL2L11;ALDOA;NXF1;CYB5R1;DLG4;POLE3;KLHDC3;ACAA1;ASNS;BTG1,age_changes_Adaptive_NK_02062026
Apical Surface,0.4727077171282603,-0.32639185725796843,-1.069589385447395,CD160;IL2RG;SULF2;IL2RB;MAL;AKAP7;AFAP1L2;LYN;ATP8B1,age_changes_Adaptive_NK_02062026
DNA Repair,0.48303307340682977,-0.22627300136491652,-1.0237105695950741,PDE6G;GTF2H5;ADA;POLR2G;BOLA2;DAD1;TAF12;POLR2H;TAF10;RBX1;NME1;RPA3;TP53;ZNRD1;ALYREF;DGUOK;RFC2;CMPK2;TSG101;POLB;SURF1;ERCC4;COX17;POLR2F,age_changes_Adaptive_NK_02062026
Myc Targets V2,0.49032870866697165,-0.26391248978532444,-1.0023126769127553,PPAN;BYSL;IPO4;HSPE1;MYC;NDUFAF4;DCTPP1;GNL3,age_changes_Adaptive_NK_02062026
PI3K/AKT/mTOR  Signaling,0.5081243037682941,-0.24671171894497734,-1.0348903265634846,IL2RG;FASLG;ARPC3;MAPK1;RIT1;AKT1;SLA;ATF1;CAMK4;PTEN;NCK1;GRK2;CSNK2B;RPS6KA3;RALB;VAV3;HRAS;TIAM1;PRKAG1;TNFRSF1A;SMAD2;ACTR3,age_changes_Adaptive_NK_02062026
Pancreas Beta Cells,0.5722034464054742,0.34138530274615314,0.9483229840725003,SPCS1;MAFB,age_changes_Adaptive_NK_02062026
Spermatogenesis,0.811738946721469,-0.20902782344992069,-0.841767712116142,POMC;TLE4;IL12RB2;CAMK4;IFT88;AGFG1;STRBP;ARL4A;RPL39L;NEK2;NEFH;EZH2;AURKA;TKTL1;SIRT1;ACRBP;CSNK2A2;NPHP1;HSPA2;OAZ3;PIAS2;MAP7;IP6K1,age_changes_Adaptive_NK_02062026
TGF-beta Signaling,0.00166333998669328,-0.5221201821531956,-2.131567786077767,PMEPA1;TGIF1;ID3;TRIM33;FKBP1A;SMAD3;TGFB1;SMURF2;NCOR2;ENG;SPTBN1;CDK9;ARID4B,age_changes_B_ABC_02062026
Interferon Alpha Response,0.0041583499667332,-0.4001824717662534,-1.9323371013769415,IRF9;IL4R;SELL;ISG15;GBP4;STAT2;IFI44L;IFIT3;ISG20;IFI30;TRIM25;NMI;IRF7;LAP3;NUB1;SAMD9L;LY6E;SAMD9;CD47;TMEM140;MOV10;LGALS3BP;EPSTI1;SLC25A28;PSMB8;IRF1;UBE2L6;PSME2;SP110;MVB12A;HLA-C;IRF2;IFI44;ELF1;OGFR;MX1;PARP14;USP18;OAS1;PSMA3;EIF2AK2;TAP1;TRAFD1,age_changes_B_ABC_02062026
Epithelial Mesenchymal Transition,0.005266484095218033,0.4510861560433451,1.8646770435530182,LGALS1;ENO2;EMP3;RHOB;SAT1;TIMP1;MFAP5;VIM;VCAN;ACTA2;FAS;IL15;CAPG;TPM1;QSOX1;CALD1;PLOD3;PLOD1;AREG;TGFBI;ITGAV;DST;IL32;CXCL8;MAGEE1;DAB2;LRP1;PLAUR;NOTCH2;FBLN2;CD59;ITGB1;FLNA;ANPEP;PFN2,age_changes_B_ABC_02062026
Bile Acid Metabolism,0.005793132504739835,0.4694975586717354,1.8751759452613186,IDI1;OPTN;ATXN1;SLC29A1;GSTK1;SLC22A18;FDXR;HACL1;DHCR24;PEX1;ISOC1;SLC35B2;ABCD2;PFKM;ALDH9A1;NPC1;RETSAT;RXRA;ABCA3;EPHX2;LONP2;HSD17B6;ABCA5;ACSL5;NR3C2;CROT;ABCA6;ABCD3;FADS1;GCLM;ABCA2;HSD17B11,age_changes_B_ABC_02062026
Angiogenesis,0.009479671371392457,0.7012542205685156,1.9001909838346023,S100A4;TIMP1;VCAN;LRPAP1;ITGAV;PTK2;FGFR1;PDGFA;PF4,age_changes_B_ABC_02062026
Fatty Acid Metabolism,0.015799452285654096,0.3888134019329515,1.6985362748728052,LGALS1;IDI1;ENO2;CA2;YWHAH;ODC1;ECI2;TP53INP2;ALAD;MGLL;DLST;ACADVL;CPT2;DHCR24;ACO2;ACOT2;IDH3B;ALDH9A1;S100A10;ALDOA;PPARA;CRYZ;SUCLG2;RETSAT;ALDH3A2;PCBD1;ACSL5;CRAT;HMGCS1;G0S2;GCDH;SMS;GRHPR;PRDX6;CD36;SLC22A5;MIF;GPD2;HSD17B11,age_changes_B_ABC_02062026
IL-6/JAK/STAT3 Signaling,0.01933632734530938,-0.3703617207045902,-1.648783200876562,LTB;IRF9;IL2RG;IL4R;CD38;CD9;PIM1;STAT2;TGFB1;IFNAR1;CD44;STAM2,age_changes_B_ABC_02062026
PI3K/AKT/mTOR  Signaling,0.023286759813705923,-0.3464862739504877,-1.6614536441519054,PTEN;IL2RG;VAV3;MKNK2;LCK;MAPK1;STAT2;AKT1;CSNK2B;PRKCB;GRK2;CXCR4;HRAS;PRKAG1;RIT1;NCK1;SLC2A1;UBE2N;ARPC3;SLA;CAB39;RIPK1;MAP2K3;ATF1;RPS6KA3;MKNK1,age_changes_B_ABC_02062026
Inflammatory Response,0.03756758654588863,0.3648206500229328,1.5897837442682996,CD70;IL2RB;MXD1;EMP3;ICAM1;CCL5;TIMP1;TNFSF9;IL15RA;RIPK2;IL10RA;TNFRSF1B;NAMPT;IL15;CHST2;CD82;CSF3R;BEST1;P2RX4;IFITM1;ACVR1B;RAF1;KLF6;FPR1;GPR132;IL10;CD48;CXCL8;C5AR1;CD14;EBI3;SCN1B;ADRM1;PLAUR;KIF1B;IL1B;IRAK2;SRI;P2RX7,age_changes_B_ABC_02062026
Androgen Response,0.04465978512744891,0.39196870890294977,1.5909755143669304,SGK1;IDI1;CDC14B;SAT1;ANKH;UBE2J1;ARID5B;CCND3;INSIG1;DHCR24;ZMIZ1;HSD17B14;CENPN;CCND1;PDLIM5;ITGAV;LMAN1;NKX3-1;ELL2;PLPP1;ACSL3;ADRM1;MAF;B4GALT1;HMGCS1;ABCC4;SMS;FADS1,age_changes_B_ABC_02062026
Pperoxisome,0.052079676052711646,0.3645221428842902,1.5157942505253639,TSPO;IDI1;ATXN1;PABPC1;YWHAH;ECI2;CDK7;MVP;GSTK1;DHCR24;ISOC1;PEX14;SLC35B2;ABCD2;ALDH9A1;RETSAT;ABCC5;STS;EPHX2;LONP2;ACSL5;CRAT;ABCD3;NUDT19;FADS1;FDPS;CNBP;HSD17B11,age_changes_B_ABC_02062026
Protein Secretion,0.057273014535496096,0.3629542338060834,1.5192188691444268,CD63;ATP1A1;PPT1;AP3S1;SCRN1;BNIP3;M6PR;RAB5A;ANP32E;GOLGA4;TMED2;DST;SSPN;LMAN1;YKT6;GLA;MON2;CTSC;ARFIP1;NAPG;AP2B1;SCAMP3;VAMP7;AP1G1;COG2;KIF1B;NAPA;VAMP3;OCRL;AP2M1;TMED10;ICA1,age_changes_B_ABC_02062026
Apoptosis,0.057720665683589634,0.335471938378154,1.4962645269305193,TSPO;ENO2;CASP1;RHOB;HSPB1;SAT1;TIMP1;HMGB2;PEA15;TXNIP;BMF;ANKH;PSEN2;FAS;PPT1;GPX4;PAK1;BCL2L2;FDXR;PDCD4;CCND1;CFLAR;DFFA;RETSAT;PTK2;ATF3;CTH;TGFB2;CASP9;PRF1;CD14;IER3;MCL1;SQSTM1,age_changes_B_ABC_02062026
Coagulation,0.0597369767371874,0.3915545648841739,1.5284384363500734,CAPN2;TIMP1;LGMN;CSRP1;ISCU;SERPINA1;CPQ;S100A13;USP11;PLEK;PREP;CRIP2;F8;FYN;MAFF;CASP9;MSRB2;CTSH;LRP1;ADAM9;PF4;DPP4;ANG;FURIN,age_changes_B_ABC_02062026
IL-2/STAT5 Signaling,0.06156998678591263,0.3250650749232875,1.479081663888431,SERPINB6;IL2RB;MXD1;RHOB;CD86;CDC42SE2;CA2;PLIN2;FGL2;IL10RA;TNFRSF1B;ODC1;RORA;GPX4;COCH;FLT3LG;RNH1;IRF8;CAPG;AHNAK;SLC1A5;GPR65;RRAGD;CCND3;SYT11;PRNP;P2RX4;MAP3K8;ITGAV;KLF6;TRAF1;SNX14;IL10;MAFF;BCL2;CYFIP1;CD48;TWSG1;CST7,age_changes_B_ABC_02062026
Complement,0.07390632680289305,0.32136434229854377,1.450588326663951,CASP1;CCL5;TIMP1;CA2;LGMN;CSRP1;SIRT6;S100A9;RCE1;SERPINA1;ATOX1;KLK1;L3MBTL4;FCN1;CPQ;S100A13;KYNU;PLEK;HSPA5;HSPA1A;GNGT2;RBSN;ANXA5;PREP;F8;FYN;RAF1;NOTCH4;FCER1G;GRB2;MAFF;SRC;CTSC;CASP9;CD46;CTSH;RNF4;DGKG;LRP1;AKAP10;CALM1;PLAUR;ADAM9;GZMB;CD59,age_changes_B_ABC_02062026
p53 Pathway,0.08021260391178234,0.3190541867747623,1.4343933149374857,S100A4;MXD1;CASP1;PVT1;SAT1;TXNIP;TNFSF9;TSPYL2;DDB2;CDKN2A;CCNK;FAS;ISCU;CCNG1;CYFIP2;STOM;CD82;CCND3;FDXR;RAD51C;KIF13B;BTG1;AEN;DDIT4;ACVR1B;S100A10;RPL36;GM2A;RETSAT;ABCC5;DCXR;ATF3;PLXNB2;ABHD4;RXRA,age_changes_B_ABC_02062026
KRAS Signaling Up,0.09098469727212243,-0.2773667771602525,-1.365649495203468,TSPAN13;IL2RG;ETS1;JUP;HDAC9;MTMR10;LAT2;IL7R;CXCR4;CLEC4A;CD37;GYPC;TRIB2;ENG;ADAM17;STRN;MAP3K1;ADAM8;ERO1A;EVI5;AMMECR1;YRDC;SATB1;GLRX,age_changes_B_ABC_02062026
TNF-alpha Signaling via NF-kB,0.09637665894249,0.30901164144277926,1.407028481634698,SGK1;MXD1;ICAM1;RHOB;SIK1;CCL5;SAT1;TNFSF9;IL15RA;RIPK2;NAMPT;TUBB2A;EIF1;RELB;PLPP3;ZFP36;KYNU;AREG;LITAF;ZC3H12A;PLEK;KLF9;CCND1;MAP3K8;PDLIM5;BTG1;CFLAR;DUSP4;KLF6;TRIP10;TRAF1;NFKB2;MAFF;IL6ST;TANK;NR4A2;ATF3;IER3;MCL1;SQSTM1;CEBPD;TNFAIP2;PLAUR;B4GALT1;IL1B;G0S2;EFNA1;DRAM1;BHLHE40,age_changes_B_ABC_02062026
mTORC1 Signaling,0.19085738361070148,0.28572313733065696,1.3187308902950252,IDI1;RPA1;HSPA9;LGMN;FGL2;NAMPT;HSPE1;CCNG1;MTHFD2;M6PR;SLC1A5;GAPDH;INSIG1;ASNS;FDXR;TUBG1;SLC7A5;DHCR24;PGK1;GPI;HSPA5;TXNRD1;UCHL5;DDIT4;YKT6;GLA;ACLY;ALDOA;DHCR7;CANX;CTSC;CYP51A1;CTH;CCT6A;ATP5MC1;ARPC5L;PSPH;SQSTM1;ACSL3;TPI1;HSPA4;BCAT1;NUP205;HMGCS1;BHLHE40;HMBS;UFM1;FADS1;SLC6A6;HK2,age_changes_B_ABC_02062026
Cholesterol Homeostasis,0.2076311354539709,0.3368687706887097,1.3008304220413123,IDI1;LGMN;FBXO6;ATF5;S100A11;ANXA5;DHCR7;SREBF2;ETHE1;CYP51A1;ATF3;ACSS2;GSTM2;ANTXR2;PLAUR;HMGCS1;CXCL16;ABCA2;FDPS;CHKA;ALDOC,age_changes_B_ABC_02062026
Interferon Gamma Response,0.24281589610775847,0.27676085610270446,1.271997031950677,IL18BP;IL2RB;CASP1;ICAM1;CD86;CCL5;TXNIP;IL15RA;RIPK2;TRIM14;FGL2;FAS;IL10RA;NAMPT;MT2A;IRF8;IL15;MTHFD2;MVP;SLAMF7;ARID5B;IRF5;ZNFX1;ITGB7;ISOC1;BTG1;CD274;SSPN,age_changes_B_ABC_02062026
Notch Signaling,0.3501330671989355,-0.3233391986021168,-1.137691308623526,LFNG;KAT2A;DTX1;RBX1;MAML2;HES1,age_changes_B_ABC_02062026
Estrogen Response Late,0.3538492147087049,0.27926286456171723,1.209286511520695,SGK1;CHPT1;SLC29A1;CA2;S100A9;SERPINA1;RAB31;RNASEH2A;ZFP36;PDCD4;SLC7A5;AREG;CCND1;XRCC3;GLA;ATP2B4;DHCR7;BCL2;DCXR;IL6ST;ALDH3A2;FAM102A;ARL3;RPS6KA2;ABCA3,age_changes_B_ABC_02062026
Myogenesis,0.43093006109121557,0.2624430493493044,1.1262903353172247,PKIA;PSEN2;RYR1;MEF2A;CHRNA1;TPM3;PRNP;SSPN;PFKM;DMPK;PLXNB2;DAPK2;MAPRE3;HDAC5;TNNI2;CRAT;ITGB1;SYNGR2;BHLHE40;SORBS3;SH2B1;CD36;FDPS;LSP1;CKB;PYGM;ENO3;CFD;AGL;HBEGF;SGCA;GNAO1;PDE4DIP;MYOM1;SVIL;CDH13;MYH3;TPM2;PGAM2;KLF5;SMTN;PDLIM7;FOXO4;TNNC2;CLU;ITGB4;AK1;FXYD1;SPARC;IGFBP7;APOD;MYLK;MYH11;PC;AGRN;MAPK12;ADCY9;MYLPF;AKT2;CNN3;TCAP,age_changes_B_ABC_02062026
Hypoxia,0.43484527624095,0.2634421500726335,1.1663297557062888,S100A4;ENO2;PLIN2;RORA;MT2A;ANXA2;GAPDH;CHST2;RRAGD;ZFP36;TGFBI;PGK1;GPI;HSPA5;SLC25A1;BTG1;DDIT4;KLF6;UGP2;MT1E;ALDOA;MAFF;BCL2;FBP1;ATF3;IDS;IER3;TPI1;PLAUR;EFNA1;NEDD4L;BHLHE40;NOCT;SLC6A6;PHKG1;GRHPR;HK2;CDKN1B;SDC3;MIF;ILVBL;ALDOC;TGM2;P4HA1;WSB1;GBE1;PYGM;PNRC1;PAM;ATP7A;ENO3,age_changes_B_ABC_02062026
Adipogenesis,0.4365915314935749,0.2551652396453477,1.1565500180044566,CD151;RAB34;MGST3;PLIN2;DHRS7;UBC;UQCRC1;GPX4;MGLL;SLC1A5;STOM;PDCD4;G3BP2;NDUFA5;COX8A;CPT2;CD302;ACO2;PEX14;SLC25A1;RNF11;SSPN;ACLY;ALDOA;DHCR7;RETSAT;SLC5A6;SLC19A1;TANK;CMPK1;EPHX2;NABP1;COQ3;CRAT;BCL2L13;MCCC1;CD36;RIOK3;RREB1;GPD2;ARAF;PHYH;NKIRAS1;NDUFS3;GBE1;SLC27A1;COX6A1;SUCLG1;NDUFB7;UQCR10;BAZ2A;IDH3A;QDPR;GRPEL1;HADH;GPAM;MAP4K3,age_changes_B_ABC_02062026
Apical Junction,0.4491558578350236,0.26438151963234424,1.1425186827654785,ICAM1;EPB41L2;CD86;NEXN;VCAN;WASL;YWHAH;LDLRAP1;JAM3;IKBKG;INSIG1;TUBG1;TGFBI;CD274;CD99;TRAF1;CTNNA1;PTK2;SRC;SYK;THBS3;AKT3;GTF2F1;CRAT;ADAM9;B4GALT1;ITGB1,age_changes_B_ABC_02062026
Mitotic Spindle,0.44929978659290537,0.24165360363044286,1.1263537879378813,ARHGAP5;EZR;EPB41L2;LLGL1;TUBGCP5;WASL;TLK1;MAPRE1;ARHGDIA;KATNB1;CLIP1;DYNC1H1;PDLIM5;CEP57;DST;PIF1;CNTROB;CDC27;BRCA2;ECT2;NUSAP1;HDAC6;WASF1;CENPE;DYNLL2;MYO9B;LMNB1;TPX2;FBXO5;CEP72;TUBGCP6;LATS1;PRC1;NOTCH2;ALS2;PXN;KIF1B;FLNA;PCM1,age_changes_B_ABC_02062026
KRAS Signaling Dn,0.4508110385506635,0.2843925025229038,1.134488816478899,SGK1;WNT16;SIDT1;RYR1;SLC25A23;CLSTN3;CHST2;PRKN;PLAG1;NR4A2;TGFB2;OXT;STAG3;DTNB;ASB7;SPHK2;FGGY;C5;CACNA1F;SLC29A3;MFSD6;MEFV;PDCD1;MAST3;MAGIX;PDK2;CELSR2;COPZ2;FGF22,age_changes_B_ABC_02062026
Xenobiotic Metabolism,0.46437750157994523,0.25141694895697836,1.1040175856567116,CA2;FAS;DHRS7;PTGES3;MT2A;IRF8;CYFIP2;SLC1A5;KYNU;HACL1;ACO2;PDLIM5;TMEM176B;ABCD2;ALDH9A1;NPC1;RETSAT;DCXR;FBP1;TGFB2;ENTPD5;PGD;CROT;BCAT1;SLC6A6;ABHD6;CD36;SSR3,age_changes_B_ABC_02062026
Unfolded Protein Response,0.5030707653416733,0.25273449188612673,1.0806631982785098,TSPYL2;HSPA9;EEF2;TUBB2A;MTHFD2;ASNS;DCTN1;SLC7A5;XPOT;HSPA5;EXOSC10;ZBTB17;DDIT4;ARFGAP1;ATF3;POP4;ATP6V0D1;PDIA5;NABP1;YWHAZ;NPM1;EIF4G1;DNAJC3,age_changes_B_ABC_02062026
UV Response Up,0.5066747809532726,0.24650544282461065,1.0710292207811503,ENO2;ICAM1;RHOB;CA2;PLCL1;PPT1;GRINA;SELENOW;CCND3;PPP1R2;ASNS;GGH;BTG1;NXF1;YKT6;CREG1;PARP2;ALDOA;EIF2S3;IL6ST;ATF3,age_changes_B_ABC_02062026
G2-M Checkpoint,0.513140385894877,-0.1980802420759678,-1.0480546140052829,LBR;SMARCC1;FOXN3;GSPT1;HIRA;CUL3;CTCF;SMAD3;SMC4;HNRNPD;MTF2;UBE2S;MAPK14;DR1;TGFB1;SLC12A2;NSD2;CKS2;CASP8AP2;SYNCRIP;CDC25B;PRPF4B;MYBL2;DDX39A;RBM14;SRSF2;DKC1;SFPQ;HIF1A;STMN1;CDKN2C;PML,age_changes_B_ABC_02062026
Allograft Rejection,0.5226985464503897,0.23258273010937364,1.0569997185010649,IL2RB;SRGN;ICAM1;CD86;CCL5;TIMP1;RIPK2;APBB1;CDKN2A;FAS;IRF8;IL15;CAPG;IL12A;GLMN;GPR65;CCND3;EIF3A;CXCR3;MAP4K1;CD247;HLA-DOA;IL10;TGFB2;FCGR2B;STAT4;PRF1;NCF4;KLRD1;GZMB;BCAT1;NPM1;IL1B;FLNA;MRPL3,age_changes_B_ABC_02062026
E2F Targets,0.5525813036182562,0.2239057387716927,1.0362250021317279,HMGB2;RPA1;CDKN2A;KPNA2;SRSF1;MTHFD2;SUV39H1;MCM5;RNASEH2A;GINS4;TUBG1;CNOT9;RAD51C;ANP32E;MXD3;TK1;RAD1;PSMC3IP;MLH1;CDK4;BRCA2;MCM6;POLA2;ASF1B;CENPE;CSE1L;LMNB1;ORC6;TCF19;SHMT1;PSIP1;CHEK1;NUP205;SSRP1;USP1;ORC2;POP7;CDKN1B;SLBP;POLE;CDCA8;BRMS1L;MCM7;KIF22;WDR90;DEK;ATAD2;PLK4;TRIP13;PHF5A;DUT;UNG;POLD1;NUP107;TUBB;DCLRE1B;LIG1;RACGAP1;BRCA1;XRCC6;GINS1;HMGB3,age_changes_B_ABC_02062026
Estrogen Response Early,0.5577206656835897,0.2369700540375322,1.0261711453089863,CHPT1;MAST4;RHOBTB3;RAB31;SNX24;SLC7A5;AREG;ISG20L2;CCND1;MYBBP1A;GLA;CANT1;DHCR7;BCL2;IL6ST;FAM102A;ARL3;MINDY1;RPS6KA2;ABCA3;SH3BP5;DYNLT3;B4GALT1;SYBU;IGF1R;BHLHE40;GAB2;KLF10;SLC22A5;AQP3;PPIF;CISH;TGM2,age_changes_B_ABC_02062026
Wnt-beta Catenin Signaling,0.5800898203592814,-0.26672637431762847,-0.9971334019534991,MAML1;KAT2A;TP53;NCOR2;ADAM17,age_changes_B_ABC_02062026
Glycolysis,0.6196018538024015,0.22029719929093367,0.9851111096846653,ENO2;GNPDA1;BPNT1;VCAN;LHPP;QSOX1;PKM;PLOD1;CHST2;RRAGD;TXN;TGFBI;PGK1;SRD5A3;HSPA5;MPI;DDIT4;ALDH9A1;UGP2;ALDOA;XYLT2;CTH;IER3;TPI1;B4GALT1;COG2;AK3;HK2;SDC3;MIF;PSMC4;ANG;PYGL;P4HA1;CHST6,age_changes_B_ABC_02062026
Myc Targets V1,0.6199161439822775,0.21265650155819646,0.9931024430953096,GLO1;PABPC1;KPNA2;PTGES3;ODC1;SNRPA;HSPE1;SRSF1;U2AF1;AP3S1;MCM5;NCBP2;EIF1AX;MRPL9;XPOT;CAD;PGK1;PABPC4;HNRNPA1;SNRPA1;CLNS1A;CDK4;FBL;CANX;TUFM;MCM6;SNRPD2;EEF1B2;SLC25A3;HSP90AB1;NPM1;PSMA6;USP1;CUL1;HNRNPA3;ORC2;RNPS1;BUB3;CNBP;PSMC4;PHB;MCM7;SF3A1;TOMM70;CSTF2;DEK;EIF4E;ACP1;RPL14;DUT;YWHAQ;HSPD1,age_changes_B_ABC_02062026
Apical Surface,0.6649663635691581,-0.26704395913772166,-0.9358946300356109,IL2RG;SULF2;NCOA6;LYN;ADAM10,age_changes_B_ABC_02062026
Oxidative Phosphorylation,0.6670002106593639,0.19808510265507814,0.9303446164186232,MGST3;NQO2;HADHA;HSPA9;ISCU;UQCRC1;GPX4;UQCRB;SUPV3L1;TCIRG1;DLST;NDUFC1;MPC1;NDUFA5;COX8A;ACADVL;ACO2;MRPS15;GPI;IDH3B;ACAT1;OPA1;MFN2;RETSAT;COX4I1;NDUFS7;ATP5MC1;NDUFA6;SLC25A3;OGDH;MRPL35;COX5B;NDUFA3;MTRR;UQCRH;COX10;LDHB;GLUD1;NDUFS1,age_changes_B_ABC_02062026
UV Response Dn,0.6675339759392845,0.22193947709132103,0.9218991886989717,ATXN1;NR1D2;MAP1B;ANXA2;SLC22A18;PLPP3;MGLL;INSIG1;ZMIZ1;PEX14;PDLIM5;FYN;ATP2B4;MT1E;RXRA;AKT3;DAB2;NOTCH2;IGF1R;SRI;BMPR1A;BHLHE40;CDKN1B;AGGF1,age_changes_B_ABC_02062026
heme Metabolism,0.6736950290773759,0.21527932189301158,0.9531645097827648,OPTN;PRDX2;MGST3;CA2;NUDT4;ALAD;CCND3;ADD2;ASNS;ATG4A;CAST;RAD23A;TMEM9B;CDC27;MKRN1;HEBP1;ADIPOR1;ELL2;CIR1;VEZF1;LRP10;ERMAP;DAAM1;HMBS;GCLM;DCAF11;SYNJ1;MFHAS1;ANK1;E2F2;AQP3;RIOK3;RNF19A;EPOR,age_changes_B_ABC_02062026
Hedgehog Signaling,0.6775176891906963,0.30956541551409933,0.9429298284926417,L1CAM;NRP2;TLE3,age_changes_B_ABC_02062026
Reactive Oxygen Species Pathway,0.6854554756387492,0.25340734398020714,0.930644995808742,PRDX2;ATOX1;GPX4;TXN;PRNP;TXNRD1;FTL,age_changes_B_ABC_02062026
Spermatogenesis,0.740190480414223,0.22745490524031126,0.8766348631398247,PEBP1;DBF4;JAM3;RPL39L;SPATA6;NPHP1;PHF7;PARP2;CCT6B;IL12RB2;CLPB;TOPBP1;RAD17;POMC;TSN;MLF1;ACE;AURKA;SLC2A5;SHE;MAP7;HSPA1L;GSTM3;IDE;PSMG1,age_changes_B_ABC_02062026
Pancreas Beta Cells,0.7846806387225549,-0.3019211325915063,-0.8501808504695527,FOXO1;SEC11A,age_changes_B_ABC_02062026
Myc Targets V2,0.8465535587928679,0.20931598449313643,0.8048408032990285,HSPE1;MCM5;SUPV3L1;MYBBP1A;PES1;CDK4;PPRC1;SLC19A1;WDR74;NPM1;HK2;GRWD1;TFB2M;PHB;PLK4;HSPD1;UNG;FARSA;LAS1L,age_changes_B_ABC_02062026
DNA Repair,0.882294080471877,0.1701977541997979,0.7651288261440372,DDB2;TAF6;GPX4;RFC5;CSTF3;EIF1B;NCBP2;USP11;POLR2E;POLB;NELFE;TMED2;SNAPC5;EDF1;SMAD5;CANT1;DDB1;POLA2;GTF2F1;TAF13;DCTN4;ADRM1;SEC61A1;AK3;GTF2H3;SSRP1;SUPT5H;DGUOK;RAD52;ELL;POLR2A;POLD4;TARBP2;GUK1;NFX1;DUT;POLD1;ERCC3;POLA1;LIG1,age_changes_B_ABC_02062026
Apoptosis,0.039802042750342215,0.4314387127604261,1.6580192314325972,CFLAR;GPX4;PDCD4;TXNIP;MGMT;SQSTM1;IL6;BCL10;PLCB2;DNM1L;DAP;EBP;ETF1;HSPB1;CYLD;PEA15;HMGB2;MCL1;RHOB;CASP1;TIMP1;TAP1;PPT1;BCL2L11;SOD1;CDKN1B;TSPO;PAK1;BIRC3;RNASEL;GCH1;BTG2;CD14;GSN;BCL2L1;DAP3;ANKH;NEDD9;IRF1,age_changes_B_ISGhi_02062026
Pperoxisome,0.040749710434874166,0.44012780925989925,1.6068910171645376,CNBP;MVP;CAT;ACSL5;IDI1;BCL10;PABPC1;HSD17B11;IDE;SIAH1;PEX14;SOD1;ECI2;TSPO;HSD17B4;ABCB1;LONP2;YWHAH;ERCC3;ABCD3;CLN8;PEX5;ALDH9A1;ABCC5;CLN6;CDK7;ACOX1;PRDX5;ACSL4;SLC23A2;SLC35B2;SLC25A4;PEX13;SOD2,age_changes_B_ISGhi_02062026
Myc Targets V1,0.07320732863009372,0.38249230551963026,1.5065620656423953,CNBP;PWP1;EIF1AX;FBL;EIF4G2;PSMD1;SNRPA1;SLC25A3;HNRNPU;PABPC4;HSP90AB1;MCM5;KPNB1;HNRNPC;NPM1;PTGES3;ETF1;PABPC1;TOMM70;UBE2L3;U2AF1;HNRNPA1;PRPF31;UBA2;PSMD14;CANX;NCBP2;YWHAE;CCT3;AP3S1;CCT7;ODC1;SF3A1;PSMB3;C1QBP;EIF3D;HSPD1;ILF2;PSMB2;EIF3B;DDX21;TRA2B;DEK;HDDC2;STARD7;GOT2;XRCC6;EIF4H;PSMC4;POLD2;SNRPA,age_changes_B_ISGhi_02062026
Bile Acid Metabolism,0.07865641781615247,0.43365672589451976,1.530615294045562,CAT;ACSL5;IDI1;OPTN;HSD17B11;SOD1;HSD17B4;PEX26;PECR;LONP2;ABCD3;EFHC1;PEX19;SLC27A5;ALDH9A1;PAOX;PEX1;CROT;PHYH;PRDX5;NUDT12;SLC23A2;SLC35B2;PEX13;ABCA5;PEX6;HACL1,age_changes_B_ISGhi_02062026
Adipogenesis,0.15977677161208803,0.36561927414527634,1.4233193147662866,TANK;GPX4;PDCD4;CAT;MGST3;ALDOA;CS;COX8A;JAGN1;STOM;MTCH2;PREB;SDHB;BAZ2A;UQCRQ;G3BP2;NABP1;UBC;ACADM;GBE1;ECHS1;MRPL15;PEX14;SOD1;PLIN2;PGM1;DLD;ACAA2;MCCC1;LPCAT3;NDUFB7;ETFB;TKT;AIFM1;ATP1B3;TALDO1;GPAT4;PEMT;RMDN3;SAMM50;SSPN;DLAT;GRPEL1;SLC5A6;UCK1;GADD45A,age_changes_B_ISGhi_02062026
TGF-beta Signaling,0.16019417475728157,-0.19233445014561742,-1.2908926796699742,SKIL;PPP1CA;TRIM33;CDK9;TGFB1;SPTBN1;PMEPA1;ARID4B;FNTA,age_changes_B_ISGhi_02062026
Oxidative Phosphorylation,0.16363062019585134,0.35701873334104955,1.4036931059015598,COX17;COX7A2L;NDUFB5;GPX4;OGDH;MPC1;SLC25A3;ATP5PD;TIMM9;MGST3;NDUFB1;NDUFA4;DLST;COX5B;TOMM70;CS;COX7A2;NDUFC1;COX8A;ATP6V1C1;SUPV3L1;MTRF1;ETFA;HADHB;OXA1L;SDHB;NDUFA3;HTRA2;UQCRQ;ATP5F1A;MTX2;UQCRB;FH;ATP5MC1;ACADM;ECHS1;ATP6V1H;MRPL15;PMPCA;ACADSB;MFN2;PDP1;COX7C;NDUFS1;DLD;ACAA2;LDHB;NDUFB7;GOT2;ETFB;AIFM1;DLAT;RHOT1;NNT;TOMM22;IDH3B;GRPEL1;ISCU;MDH1;NDUFA6,age_changes_B_ISGhi_02062026
p53 Pathway,0.1987259134463515,0.3456085613808543,1.3361334136516092,S100A4;S100A10;TXNIP;RPS27L;RCHY1;PPM1D;SESN1;SEC61A1;SERTAD3;CD82;CCNK;DDIT4;TRAFD1;STOM;PVT1;TAX1BP3;AEN;CCND3;TSPYL2;CASP1;ERCC5;TAP1;FAM162A;MAPKAPK3;PRKAB1;BTG1;ZBTB16;GM2A;HDAC3;LDHB;BTG2;ANKRA2;RAP2B;WWP1;ABCC5;ISCU;GADD45A;ABAT;CTSF;CTSD;KIF13B;ABHD4;TRIB3;PRMT2;CYFIP2;FOXO3;DGKA;PTPRE;BAX;DEF6;HMOX1,age_changes_B_ISGhi_02062026
Reactive Oxygen Species Pathway,0.2187006423080973,0.38782695725952454,1.3368287308657905,GPX4;TXN;CAT;SELENOS;STK25;MSRA;PRDX6;SOD1;PRNP;PRDX2;LSP1;ERCC2;OXSR1;SCAF4;NDUFA6;GLRX2;GLRX;TXNRD2;ATOX1,age_changes_B_ISGhi_02062026
Fatty Acid Metabolism,0.23398776647170877,0.34495524146002265,1.3099887667325534,LGALS1;S100A10;ACSL5;IDI1;CRYZ;ALDOA;DLST;HSD17B11;HADHB;PRDX6;ODC1;GCDH;FH;ACSM3;ACADM;ECHS1;PSME1;ECI2;MIF;HSD17B4;DLD;ACAA2;NSDHL;YWHAH;ERP29;D2HGDH;ALDH9A1;IDH3B;CA2;MDH1;CBR1;HMGCS1;ALDH3A2;ALAD;APEX1;ACOX1;NBN;ACSL4;ENO2;CPT1A;BLVRA;ETFDH;ACAT2;ECI1;HSD17B7;BPHL;SUCLG2;ADIPOR2;CPOX;MDH2;HADH;UGDH;HSD17B10;METAP1;SUCLA2,age_changes_B_ISGhi_02062026
Hypoxia,0.2356138780667579,0.35379303160651443,1.3421551512337573,S100A4;GAPDH;BCL2;IL6;TNFAIP3;ALDOA;DDIT4;ANXA2;KLF6;FAM162A;GBE1;LARGE1;MIF;CDKN1B;PLIN2;ZFP36;BTG1;CITED2;PGM1;WSB1;NAGK;HSPA5;GYS1;AMPD3;UGP2;PIM1;GALK1;P4HA1;GAA;DUSP1;SLC2A5;GPI;ILVBL;PNRC1;FOXO3;TPI1;GLRX;PRDX5;CHST2;HMOX1;ALDOC;ENO2;IDS;KLF7;MT2A;NEDD4L;GCNT2,age_changes_B_ISGhi_02062026
Glycolysis,0.23802253343160998,0.34185860101986426,1.2997933760844385,TXN;AK3;ALDOA;DDIT4;PGAM1;NDUFV3;MPI;PKM;FAM162A;SOD1;MIF;CITED2;GMPPA;DLD;GOT2;TALDO1;NSDHL;PSMC4;AGL;HSPA5;TSTA3;PHKA2;ALDH9A1;GYS1;NASP;UGP2;RPE;CLN6;MDH1;TPST1;GALK1;P4HA1;B4GALT4;TPI1;GLRX;GALK2;PYGB;CHST2;B3GAT3;LHPP;CHPF2;ENO2;CD44;PAXIP1;MED24;AKR1A1;MDH2;GNPDA1;FKBP4;COG2;GMPPB;GLCE;QSOX1;IL13RA1;VCAN;PPIA;EXT2;GOT1;SLC16A3;BPNT1,age_changes_B_ISGhi_02062026
DNA Repair,0.26263932971314247,0.3458521777480024,1.3444022392612602,COX17;ARL6IP1;EIF1B;GPX4;USP11;NME3;VPS28;AK3;POLR2E;SEC61A1;SNAPC4;GTF2H3;ELL;AAAS;EDF1;ADRM1;POLR1D;MPC2;NCBP2;GTF3C5;ERCC5;POLL;ITPA;RALA;GTF2A2;TAF9;CETN2;NFX1;POLD4;TARBP2;SRSF6;ERCC3;POLA1;NUDT21;POLR2I;ERCC2;POLR2J;POLR2K;SDCBP;NME1;GTF2H1;RRM2B;GTF2F1;NELFB;HCLS1;ERCC4;TMED2;VPS37B;DAD1;GMPR2,age_changes_B_ISGhi_02062026
Epithelial Mesenchymal Transition,0.30758585417951534,0.35300492128945593,1.2552790288208804,LGALS1;VIM;COPA;IL6;TNFAIP3;ITGB1;RHOB;TIMP1;IL15;LAMC1;GADD45A;PPIB;IL32;COLGALT1;SGCB;CD59;EMP3;ENO2;CD44;CALU;FLNA;FAS;P3H1;FUCA1;MEST;QSOX1;VCAN,age_changes_B_ISGhi_02062026
TNF-alpha Signaling via NF-kB,0.30846583131515215,0.3231528043979252,1.240192069909698,CFLAR;TANK;SQSTM1;IL6;CCNL1;TNFAIP3;KYNU;EIF1;SNN;SLC2A6;PLEK;NFKBIE;IFIH1;MCL1;RHOB;KLF6;PDLIM5;TAP1;DNAJB4;ZFP36;MARCKS;TGIF1;BTG1;BIRC3;NFKBIA;CCL4;GCH1;BTG2;CD83;IRF1;KLF10;CCL5;GADD45A;KDM6B;PER1;PANX1;IER2;DUSP1,age_changes_B_ISGhi_02062026
KRAS Signaling Dn,0.3087378640776699,-0.20712192896266213,-1.3110838340684368,TCL1A;SKIL;TENT5C;IFI44L,age_changes_B_ISGhi_02062026
Coagulation,0.31127238561165066,0.37132146928968557,1.2624458600546316,CTSH;CAPN2;USP11;CTSB;PLEK;CSRP1;TIMP1;ARF4;GSN;FYN;ISCU,age_changes_B_ISGhi_02062026
Spermatogenesis,0.3246077708750132,0.35829201282685025,1.2418188914166703,ZC3H14;PRKAR2A;IDE;PSMG1;TOPBP1;PHF7;DBF4;TALDO1;IFT88;RAD17;SLC12A2;COIL;SLC2A5;STAM2;IP6K1;PHKG2;SIRT1;JAM3;VDAC3;PARP2;PIAS2;CSNK2A2;NF2;MTOR;CLPB;RFC4,age_changes_B_ISGhi_02062026
Protein Secretion,0.38364746762135404,0.32131578734775157,1.1975771538883682,VAMP3;ERGIC3;LMAN1;CD63;DNM1L;ARFIP1;RER1;ANP32E;AP3S1;ARCN1;PPT1;ATP6V1H;CTSC;SOD1;AP2M1;TMX1;YIPF6;M6PR;COPB1;ARFGEF1;SSPN,age_changes_B_ISGhi_02062026
Cholesterol Homeostasis,0.38475307991997476,0.3405442058198795,1.2049849295140456,SREBF2;IDI1;EBP;SQLE;S100A11;ALCAM;PMVK;ATF5;NSDHL;STARD4;CYP51A1;HMGCS1;TRIB3;PNRC1;ALDOC;CTNNB1;ACSS2;TM7SF2;GSTM2;ACAT2;HSD17B7;FABP5;ANTXR2;TMEM97;ATXN2;LGALS3,age_changes_B_ISGhi_02062026
mTORC1 Signaling,0.41243495175761874,0.3006573208559572,1.1805837945675528,RPA1;GAPDH;SQSTM1;UBE2D3;IDI1;EBP;ETF1;HSP90B1;ALDOA;STIP1;SSR1;DDIT4;PSMD14;CANX;CALR;SQLE;HMBS;PSMG1;ACTR2;PITPNB;ATP5MC1;GBE1;CTSC;RAB1A;HSPD1;XBP1;PGM1;M6PR;SORD;BTG2;PSMC4;HSPA5;STARD4;UFM1;CYP51A1;SERP1;HMGCS1;P4HA1;TRIB3;ATP2A2;GTF2H1;SDF2L1;NFYC;NUFIP1;GPI;TCEA1;TPI1;DAPP1;GLRX;HSPA9;TOMM40;SLC9A3R1;EDEM1;GLA;NUP205;HPRT1;ACLY;EEF1E1;TM7SF2;PSPH;GSK3B;QDPR,age_changes_B_ISGhi_02062026
Unfolded Protein Response,0.47653469516689484,0.3034342011518044,1.1539132138683814,FUS;SHC1;NPM1;MTREX;EXOC2;HSP90B1;SSR1;DDIT4;CALR;EIF4EBP1;PREB;TSPYL2;CKS1B;NABP1;EXOSC5;XBP1;POP4;YWHAZ;EXOSC10;HSPA5;DCTN1;XPOT;ZBTB17;EEF2;SERP1;GEMIN4;SPCS3;PAIP1,age_changes_B_ISGhi_02062026
UV Response Up,0.5026248890627115,0.300149660428603,1.1389008293240208,SQSTM1;HNRNPU;IL6;PPIF;ALDOA;STIP1;STK25;ATP6V1C1;RHOB;CCND3;TAP1;PPT1;TMBIM6;BCL2L11;PRKCD;HLA-F;BTG1;ABCB1;DDX21;NFKBIA;GCH1;BTG2;SIGMAR1;DNAJB1;IRF1;CA2;GRPEL1;PPAT;APOM;HMOX1;ENO2;RASGRP1;SLC25A4;LYN;SOD2;NUP58;PARP2;RAB27A;CLTB;IL6ST;NXF1;FKBP4;CYB5R1;TFRC;AMD1;SELENOW;ATP6V1F;CNP;HSPA13;FURIN;BSG,age_changes_B_ISGhi_02062026
Interferon Gamma Response,0.6056458020236055,0.27988594690516344,1.1017290377375415,TAPBP;MVP;ZNFX1;TXNIP;PSME2;PELI1;STAT3;IL6;HIF1A;P2RY14;TRIM14;TNFAIP3;CD86;TRIM25;TRAFD1;IFIT3;IFIH1;STAT1;CASP1;PSMB10;TAP1;OAS3;IL18BP;PSME1;DDX60;BTG1;PSMB2;NFKBIA;APOL6;DHX58;GCH1;ZBP1;HLA-DQA1;IL15;SSPN;IRF1;PARP12;CCL5;PIM1;TDRD7;PML;RNF213,age_changes_B_ISGhi_02062026
Xenobiotic Metabolism,0.616519633202247,0.2878558052334675,1.0914949108431022,CAT;KYNU;PTGES3;AHCY;PDLIM5;SPINT2;PSMB10;PGD;TMBIM6;DHRS1;AP4B1;GART;GCH1;PEMT;GSS;ALDH9A1;CA2;CBR1;TPST1;ASL;ATP2A2;CROT;CYFIP2;ACOX1;TKFC;PINK1;HMOX1;LONP1;DHRS7;HPRT1;MT2A;GCNT2;NFS1;GSTM4;ETFDH;BPHL;HACL1;IRF8;UGDH;SLC35D1;FAS;SLC46A3;TMEM97;PMM1,age_changes_B_ISGhi_02062026
heme Metabolism,0.6446597171036468,0.2726335959600389,1.053934634614448,CAT;TFDP2;MKRN1;KAT2B;CTSB;OPTN;MGST3;CAST;CDC27;USP15;HMBS;HTRA2;CCND3;NFE2L1;PPOX;FBXO7;SLC10A3;GDE1;BTG2;SLC25A38;PRDX2;NUDT4;PICALM;HBB;FBXO9;RCL1;NNT;CA2;RANBP10;DAAM1;SDCBP;PSMD9;HAGH;EPB41;ALAD;CCDC28A;LRP10;TCEA1;FOXO3;GAPVD1,age_changes_B_ISGhi_02062026
Myc Targets V2,0.6509718858586923,0.29745360701863766,1.0662587647944466,NDUFAF4;MCM5;NPM1;SUPV3L1;EXOSC5;NIP7;HSPD1;SORD;TCOF1;PRMT3;RCL1;CDK4;FARSA;TFB2M;RRP12;MRTO4;NOP16;CBX3,age_changes_B_ISGhi_02062026
Allograft Rejection,0.6520318157150842,0.2724590671995697,1.0590139170108765,SRGN;TAPBP;WAS;IL6;HIF1A;BCL10;NPM1;FCGR2B;CD86;STAT1;CXCR3;CCND3;GBP2;UBE2D1;TIMP1;FYB1;PSMB10;TAP1;EIF4G3;UBE2N;MTIF2;LY75;EIF3D;NCF4;CCL4;HLA-DQA1;GCNT1;MRPL3;IL15;SPI1,age_changes_B_ISGhi_02062026
Complement,0.6612746130356956,0.27667704970378776,1.0710457573353531,CTSH;WAS;S100A9;IL6;TNFAIP3;KYNU;CTSB;RBSN;PLEK;VCPIP1;USP15;RNF4;RHOG;CSRP1;CASP1;TIMP1;CTSC;PRKCD;SIRT6;PDP1;RAF1;HSPA5;PIK3R5;S100A12;L3MBTL4;IRF1;FYN;AKAP10;CA2;CCL5;PIM1;CTSD;CD46;LCP2;LIPA;FCER1G,age_changes_B_ISGhi_02062026
Hedgehog Signaling,0.6718446601941748,-0.2307571087842472,-0.8722008094457026,TLE1;TLE3;CDK6;LDB1;MYH9;L1CAM;NF1;DPYSL2;AMOT,age_changes_B_ISGhi_02062026
IL-2/STAT5 Signaling,0.8230832292904526,0.2535853560310933,0.9939938879943164,GPX4;CDC42SE2;BCL2;CD86;AHCY;DCPS;CD48;ALCAM;RHOB;KLF6;CCND3;ODC1;FAM126B;POU2F1;XBP1;PLIN2;PRNP;ABCB1;MYO1C;BCL2L1;SERPINB6;SWAP70;CD83;MYO1E;CA2;PIM1;IL2RA;CKAP4;P4HA1;PLAGL1;TTC39B;GBP4;CD44;HIPK2;PTRH2;FLT3LG;LRRC8C;PLEC;RORA;DENND5A;MXD1;ETFBKMT;AGER;PRKCH;BATF;IRF8;IL10RA;FGL2;UMPS;IGF2R;CCND2;LRIG1;NDRG1;ADAM19;UCK2;IKZF2;BMPR2;FURIN;CST7;COCH;GALM;PLPP1,age_changes_B_ISGhi_02062026
UV Response Dn,0.8328776150023607,0.2605960617299926,0.9644296913468109,MGMT;MRPS31;MAP2K5;ANXA2;PDLIM5;AGGF1;NR1D2;PEX14;CDKN1B;TOGARAM1;CITED2;GCNT1;PRDM2;SCAF8;FYN;LAMC1;SIPA1L1;DUSP1;SFMBT1,age_changes_B_ISGhi_02062026
Mitotic Spindle,0.8403601137201221,0.2506874063864614,0.9709675502874412,EZR;MAP3K11;CDC27;KIF3B;TLK1;ARHGAP27;DOCK2;YWHAE;PDLIM5;BCL2L11;DYNC1H1;ARHGEF3;KLC1;TSC1;TUBGCP2;MARCKS;ARHGEF2;ACTN4;PPP4R2;CYTH2;ARFGEF1;GSN;NEDD9;MYO1E;RHOF;TUBD1;CLASP1;CLIP1;GEMIN4;MAPRE1;SYNPO;EPB41;PCM1;CEP192;RASA1;KIFAP3;FLNB;AKAP13;NDC80;SASS6;PCNT;BRCA2;PXN;LLGL1;KATNA1;TAOK2;TUBGCP5;MYO9B;RANBP9;FLNA;WASL;CSNK1D;SPTAN1;PCGF5;ARFIP2,age_changes_B_ISGhi_02062026
G2-M Checkpoint,0.8627697312763014,0.24843956860607777,0.9730929706770872,HNRNPU;HIF1A;MCM5;KPNB1;CDC27;HUS1;RAD21;HSPA8;SQLE;CUL4A;EWSR1;CKS1B;ODC1;DBF4;HMGN2;CCNT1;CDKN1B;CHAF1A;MARCKS;TRA2B;ATF5;CDK4;SMC2;ILF3;WRN;NASP;SRSF10;ARID4A;SYNCRIP;PML;SLC12A2;SNRPD1;POLE;CUL5;NDC80;MAP3K20;G3BP1;MT2A;BRCA2;RBL1;UPF1;KATNA1;CBX1;PURA;POLA2;TACC3;KNL1;KIF22;SS18;RPS6KA5;FOXN3;AMD1;MYBL2;SMARCC1;MCM2;UCK2;KMT5A;ORC6;GSPT1;ABL1,age_changes_B_ISGhi_02062026
Inflammatory Response,0.869413307551667,0.24692230627214196,0.933177633078399,TAPBP;IL6;HIF1A;SELENOS;CD82;ADRM1;CD48;RHOG;KLF6;TIMP1;NFKBIA;GCH1;BTG2;RAF1;CD14;IL15;PIK3R5;IRF1;LTA;CCL5;LCP2;ATP2A2;EBI3;PTPRE;CHST2;EMP3;TLR1;RASGRP1;LYN;RNF144B;MXD1;IL15RA,age_changes_B_ISGhi_02062026
PI3K/AKT/mTOR  Signaling,0.8754080235863957,0.2521820799507411,0.9405941882938005,SQSTM1;UBE2D3;PRKAR2A;HSP90B1;PTPN11;PIKFYVE;CALR;MAPKAP1;ACTR2;ITPR2;THEM4;UBE2N;AP2M1;CDKN1B;MKNK1;ATF1;RAF1;CDK4;RPTOR,age_changes_B_ISGhi_02062026
Myogenesis,0.9135516478888069,0.24747975926209834,0.905340482225341,ITGB1;HDAC5;LARGE1;PRNP;FHL1;TNNI2;MYO1C;AGL;GSN;LSP1;SSPN;CNN3;PDLIM7;SH2B1;GAA;MEF2D;FLII;AEBP1;FXYD1,age_changes_B_ISGhi_02062026
IL-6/JAK/STAT3 Signaling,0.9252485747378871,0.24973967957083507,0.8895635390734093,STAT3;IL6;PTPN11;STAT1;CD14;PIK3R5;IRF1;PIM1;IL2RA;STAM2;EBI3;IL12RB1;HMOX1;SOCS3;CD44;CSF2RB;IL15RA;IL6ST;IL10RB;FAS;IL17RA;IL7;IL13RA1;PF4,age_changes_B_ISGhi_02062026
Interferon Alpha Response,0.9278193113614825,0.23390793234541984,0.8762477114228545,TXNIP;PSME2;TRIM14;TRIM25;TMEM140;TRAFD1;IFIT3;IFIH1;GBP2;CASP1;TAP1;PSME1;DDX60;NCOA7;DHX58;UBA7;IL15;IRF1;PARP12;TDRD7,age_changes_B_ISGhi_02062026
Wnt-beta Catenin Signaling,0.9822049068126777,0.18502856569714304,0.5809700099238558,HDAC5;SKP2;AXIN1;CTNNB1;CSNK1E;CCND2;HDAC2;PSEN2;KAT2A;PPARD;TCF7;NOTCH1;FRAT1,age_changes_B_ISGhi_02062026
E2F Targets,0.9964085386850471,0.20902102367141864,0.8234882374488456,RPA1;PPM1D;MCM5;PSIP1;HUS1;RAD21;HMGB2;ANP32E;BRMS1L;EXOSC8;CKS1B;RAD1;CDKN1B;TRA2B;CBX5;DEK;XRCC6;CSE1L;POLD2;NUDT21;RAD51AP1;CDK4;ILF3;NASP;PHF5A;ORC2;SYNCRIP;NUP153;NME1;UBR7;POLE;NBN;ING3;NUP205;RAD50;BRCA2;ZW10;AK2;POLA2;RFC3;TACC3;CHEK2;NCAPD2;WEE1;GINS4;SHMT1;KIF22;PRDX4;CTPS1;MSH2;POLD1;TFRC;MLH1;MYBL2;SMC3;MCM2;RBBP7;ORC6;TIPIN;GSPT1;TUBB;RNASEH2A;MTHFD2;POLD3;MMS22L;RAN;HELLS,age_changes_B_ISGhi_02062026
Estrogen Response Late,0.9965473861551847,0.21292868260648126,0.8051735517607523,PDCD4;S100A9;BCL2;PPIF;DNAJC1;CHPT1;DYNLT3;LSR;LARGE1;XBP1;ZFP36;JAK1;SORD;ETFB;TSTA3;CA2;ALDH3A2;SLC2A8;ITPK1;FLNB;SLC9A3R1;RBBP8;GLA;HPRT1;SERPINA1;CD44;NXT1;ATP2B4;IL6ST;BATF;FABP5;FKBP5;UGDH;FKBP4,age_changes_B_ISGhi_02062026
Apical Surface,1.0,0.22657825720490438,0.6423033950287036,HSPB1;CRYBG1;ADAM10;LYN;AKAP7;ADIPOR2;FLOT2,age_changes_B_ISGhi_02062026
Androgen Response,1.0,0.19440956958225145,0.7037968255463105,LMAN1;IDI1;APPBP2;ADRM1;RAB4A;CCND3;PDLIM5;SORD;XRCC6;UAP1;ANKH;HMGCS1;SPCS3;NGLY1,age_changes_B_ISGhi_02062026
Notch Signaling,1.0,0.1985992478181146,0.5887777426349228,APH1A;DTX2;PSENEN,age_changes_B_ISGhi_02062026
Estrogen Response Early,1.0,0.18107108917032871,0.6746124107308413,BCL2;INPP5F;PPIF;SLC39A6;CHPT1;DYNLT3;XBP1;NADSYN1;KLF10;ABAT;SYNGR1;MAST4;ITPK1;RRP12;FLNB;PMAIP1;SLC9A3R1;RBBP8;AKAP1;GLA;RASGRP1;CD44;NXT1;MED24,age_changes_B_ISGhi_02062026
KRAS Signaling Up,1.0,0.17252446289414325,0.6499735483993034,TNFAIP3;PRELID3B;AMMECR1;GALNT3;DOCK2;FBXO4;LAPTM5;EVI5;ADAM8;BIRC3;ABCB1;ENG;ANKH;CA2;MMD;FCER1G;CROT;CCSER2;GLRX;SDCCAG8;KCNN4;ATG10;PPBP;CDADC1;IRF8;IL10RA;TOR1AIP2;FUCA1;WDR33;LCP1;BPGM;CCND2;PTCD2;IL7R,age_changes_B_ISGhi_02062026
Apical Junction,1.0,0.1989856601623816,0.7470664823033378,VASP;NEXN;SHC1;MSN;ITGB1;CD86;FYB1;EXOC4;TSC1;RSU1;CD99;ACTN4;YWHAH;RHOF;CTNNA1;SGCE;GTF2F1;RASA1;PTK2;PIK3CB;PLCG1;JAM3;STX4;MAP3K20;TAOK2;VAV2;WASL;HADH;GAMT;CNN2;NF2;EPB41L2;RRAS;VCAN;CTNND1;VCL;LDLRAP1,age_changes_B_ISGhi_02062026
Interferon Alpha Response,0.0006892095627826836,-0.48814421806640657,-2.088084900004254,LGALS3BP;SAMD9L;LY6E;ISG15;IFI30;IRF7;OAS1;IRF9;USP18;UBE2L6;SAMD9;EPSTI1;CMPK2;IL4R;SELL;PARP14;IFI44L;PSMB8;IFI44;CD47;DDX60;IFI35;RSAD2;MX1;CNP;PLSCR1;HERC6;HELZ2;SP110;IFIT3;LAP3;SLC25A28;TENT5A;NMI;PSME2;MOV10;STAT2;MVB12A;RTP4;IFIT2;TRIM5;PARP9;IFITM2,age_changes_B_memory_02062026
Cholesterol Homeostasis,0.02983012880343476,0.4228253158307366,1.6520567014420842,ATF5;LGALS3;SREBF2;TP53INP1;ANXA5;ETHE1;LGMN;DHCR7;S100A11;ALCAM;PLAUR;ACSS2;CXCL16;CYP51A1;CTNNB1;ACAT2;PNRC1;ATF3;MVK;EBP;PMVK;LSS;MVD;CLU;GLDC;ERRFI1;IDI1;FABP5,age_changes_B_memory_02062026
Complement,0.030718685831622173,0.35030283704026094,1.6169591577083495,CCL5;LGALS3;CTSH;TIMP1;KCNIP2;F8;ANXA5;PRDM4;KYNU;LGMN;S100A9;FCN1;CD59;DGKG;LCP2;S100A12;CASP1;HSPA5;CDA;PIK3R5;SERPINA1;GZMB;CSRP1;RHOG;ANG;PDP1;GZMK;EHD1;RNF4;PLAUR;HSPA1A;RBSN;ATOX1;USP14;PHEX;S100A13;ITGAM;LRP1;FCER1G;L3MBTL4,age_changes_B_memory_02062026
Bile Acid Metabolism,0.03850413788812146,0.4031203307200021,1.6543431960964363,ATXN1;GSTK1;NR3C2;PHYH;ABCA6;ABCA5;EPHX2;ABCD2;HSD17B11;PEX11A;ALDH9A1;SLC29A1;ACSL1;SOD1;PFKM;RXRA;OPTN;DHCR24;HSD3B7;FDXR;HSD17B6;RETSAT;SLC27A2;PEX16;SLC35B2;EFHC1;TFCP2L1;CROT;ACSL5;ABCG8;IDI1;PIPOX,age_changes_B_memory_02062026
IL-2/STAT5 Signaling,0.0435392943811835,0.3184866125200081,1.5037233047837726,HIPK2;RORA;CD86;COCH;CST7;CDC42SE2;SERPINB6;RNH1;NT5E;PLIN2;PRNP;CYFIP1;BCL2;FGL2;TNFRSF1B;GPX4;IL10RA;GLIPR2;SYNGR2;IL2RB;AHNAK;TWSG1;HOPX;ETFBKMT;CCND3;ALCAM;TNFRSF8;EOMES;P2RX4;P4HA1;FLT3LG;PTGER2;ODC1;BATF3;TRAF1;TGM2;IL2RA;RRAGD;XBP1,age_changes_B_memory_02062026
Inflammatory Response,0.045556177794370815,0.3279538507787602,1.5091447020285114,CD70;IL15;CCL5;TIMP1;TAPBP;RIPK2;TNFRSF1B;CD14;SLC31A2;IL10RA;NOD2;LCP2;RELA;LTA;PIK3R5;KCNA3;EMP3;IL18;CD82;IL2RB;RHOG;CSF3R;ABI1;HIF1A;PLAUR;P2RX4;C5AR1;ICAM1;ADRM1;PTGER2;CXCL8;SLC7A1;ADGRE1;FPR1;MEFV;CCR7;GPR132;TNFSF9;IL18R1;NFKBIA,age_changes_B_memory_02062026
Epithelial Mesenchymal Transition,0.046966585775620684,0.39570449183644185,1.727907073848136,LGALS1;ENO2;IL15;MYL9;NT5E;TIMP1;FAS;ACTA2;VCAN;VIM;CD59;FLNA;EMP3;FBLN5;ITGB1;PLAUR;CADM1;TGFBI;TGFBR3;FUCA1;PFN2;TGM2;CXCL8;MFAP5;LRP1;SAT1;DST,age_changes_B_memory_02062026
Glycolysis,0.04769193845169205,0.33449108541117956,1.5356008300368762,ENO2;NT5E;PRPS1;DDIT4;VCAN;TXN;GNPDA1;IL13RA1;ECD;FAM162A;HSPA5;GCLC;GFPT1;TPI1;ANG;PKM;PYGB;SLC16A3;PYGL;ALDH9A1;TKTL1;P4HA1;TGFBI;SLC37A4;DLD;GNE;AK3;SOD1;GOT2;CTH;BPNT1;RRAGD;GOT1;PAM;ALDOA;PGK1;GMPPB;HAX1;GALK2,age_changes_B_memory_02062026
Fatty Acid Metabolism,0.047759940265073735,0.33272192800433,1.516922623878665,LGALS1;ENO2;BLVRA;PCBD1;S100A10;PTPRG;HSD17B11;HSDL2;G0S2;YWHAH;SERINC1;ECI2;ALDH9A1;SUCLG2;ACSL1;DLD;IL4I1;DLST;PRDX6;ALAD;ACOT2;ODC1;SMS;CRYZ;CRAT;ACAT2;MGLL;SLC22A5;ALDOA;HSPH1;DHCR24;ACO2;MIF;HPGD;RETSAT;REEP6;EPHX1;CD36;AUH;UROS,age_changes_B_memory_02062026
Apoptosis,0.05521747246593242,0.3658513208988175,1.6606693559605317,ENO2;LGALS3;TXNIP;PDCD4;TIMP1;CFLAR;FAS;SQSTM1;TGFB2;HMGB2;GPX4;CD14;CDK2;RELA;CASP1;BMF;PAK1;CYLD;IL18;PMAIP1;ANKH;ETF1;PEA15;PPT1;BCL2L2;DAP3;PRF1;BCAP31;CDKN1B;F2R;TGFBR3;SOD1;CTNNB1;CTH,age_changes_B_memory_02062026
p53 Pathway,0.05564059486030738,0.325411467498771,1.535895493221295,TXNIP;PVT1;PERP;S100A4;S100A10;CDKN2A;FAS;AEN;DDIT4;CCNG1;STEAP3;DDB2;ISCU;FAM162A;CASP1;DRAM1;TP63;CGRRF1;EPS8L2;CD82;CCND3;ZBTB16;PRKAB1;ZFP36L1;F2R;GLS2;PPM1D;FUCA1;PIDD1;RXRA;STOM;CTSF;SAT1;NINJ1;ELP1;RPS27L;TNFSF9;TSPYL2;ATF3;FDXR;RAP2B;RETSAT;UPP1;ITGB4;RHBDF2;EPHX1;ABHD4;BAIAP2;CCNK;SPHK1;LDHB;MDM2,age_changes_B_memory_02062026
Adipogenesis,0.057813905340506046,0.3127454279111236,1.4651333960807722,RAB34;PDCD4;PLIN2;DHRS7;PHYH;GPX4;SSPN;CD151;MGST3;EPHX2;PGM1;COX8A;SLC5A6;DHCR7;SLC25A1;RMDN3;SULT1A1;CMPK1;POR;GPAT4;NDUFA5;PEMT;QDPR;DLD;BCL2L13;GHITM;SOD1;CRAT;MGLL;STOM;ALDOA;SLC1A5;GPHN;NABP1;SLC27A1;RNF11;GRPEL1;UBQLN1;UBC;ACO2;G3BP2;CS;PHLDB1;RETSAT;REEP6;TANK;YWHAG;CD36;SQOR;CD302;FAH,age_changes_B_memory_02062026
G2-M Checkpoint,0.05858281283652811,-0.3027080446636701,-1.465768893376047,CDKN2C;STMN1;LBR;KNL1;HIRA;ORC6;CKS2;MTF2;EZH2;SMAD3;NASP;MYBL2;FOXN3;MYC;MAPK14;CKS1B;CTCF;CENPF;HNRNPD;TOP1;TNPO2;UBE2S;SLC38A1;E2F4;KIF15;NOTCH2;HMGA1;SAP30;ABL1;RPS6KA5;UPF1;SLC12A2;DMD;KMT5A;NUSAP1;RBM14;SMARCC1;SRSF2;E2F3;SMC4;NDC80;TACC3;TENT4A;DTYMK;CUL3;PRPF4B;TGFB1;CHMP1A;CBX1;ARID4A,age_changes_B_memory_02062026
KRAS Signaling Up,0.0704716777945294,-0.32002976068365174,-1.4722135796525375,LAT2;GYPC;TSPAN13;SATB1;CLEC4A;TRIB2;IL2RG;JUP;IL7R;HDAC9;DUSP6;GLRX;ADAM17;CBX8;ETS1;BPGM;ENG;MMP11;PSMB8;GNG11;ITGB2;STRN;IKZF1;ID2;RGS16;LY96;ATG10;EVI5;CCND2;KLF4;TOR1AIP2;PTBP2;ETV5;MAP3K1;BIRC3;YRDC,age_changes_B_memory_02062026
Androgen Response,0.0837782340862423,0.34149513057474157,1.4130725397570907,CDC14B;MAP7;PDLIM5;ARID5B;UBE2J1;UBE2I;LMAN1;XRCC6;PIAS1;ANKH;SGK1;CCND3;NKX3-1;UAP1;MAF;ADRM1;FKBP5;SMS;SAT1;PTK2B;DHCR24;ELL2;HSD17B14;KRT8;APPBP2;MAK;ABHD2;HPGD,age_changes_B_memory_02062026
Interferon Gamma Response,0.08982697968267643,-0.31007393319868837,-1.4762009277693071,GPR18;CD38;LGALS3BP;SAMD9L;LY6E;ISG15;CASP4;TNFSF10;IFI30;IRF7;IRF9;USP18;IFIT1;UBE2L6;KLRK1;EPSTI1;CMPK2;PIM1;IFNAR2;BPGM;IL4R;PARP14;IFI44L;PSMB8;IFI44;DDX60;IFI35;XAF1;RSAD2;MX1;PLSCR1;VAMP8;RNF213;PTPN2;NFKB1;ST8SIA4;HERC6;HELZ2;PSMA2;CASP3;SP110;IFIT3;LAP3;MX2;SLC25A28;PFKP;NMI;AUTS2;ST3GAL5;PSME2;SAMHD1;OAS2;PSMB2;LYSMD2;STAT2;RTP4;IFIT2;PNP;CIITA;RBCK1;TNFAIP3;VAMP5;IFITM2,age_changes_B_memory_02062026
Unfolded Protein Response,0.10057293835527922,0.3168281440834868,1.379163161829615,BAG3;DDIT4;HSP90B1;DCP1A;HYOU1;HSPA9;YWHAZ;HSPA5;ASNS;SPCS1;EEF2;PSAT1;EIF4E;ATF6;NPM1;EXOSC10;SSR1;XBP1;CALR;NABP1;CEBPG;TSPYL2;ATF3;DNAJC3;EXOSC9;EIF2AK3;CHAC1;XPOT;SRPRA;CNOT2;EIF4G1;SERP1;EXOC2;DCTN1;EDC4;NOLC1;ALDH18A1,age_changes_B_memory_02062026
Notch Signaling,0.1030368296360112,-0.4587893096712654,-1.5101114688302435,LFNG;DTX1;DTX4;HES1;NOTCH2;SAP30;RBX1,age_changes_B_memory_02062026
Allograft Rejection,0.10594984755149027,0.2912241068228513,1.3528886286863568,IL15;CCL5;SRGN;CD86;DEGS1;CDKN2A;TIMP1;FAS;TAPBP;RIPK2;TGFB2;UBE2N;TRAF2;IL12RB1;STAT4;CD247;LCP2;CD80;BCAT1;FLNA;IL18;GZMB;IL2RB;ABI1;HIF1A;CCND3;IL12A;PRF1;ICAM1;F2R;NPM1;KLRD1;IL2RA;CD4;CXCR3;IRF8;IGSF6;MAP4K1,age_changes_B_memory_02062026
Angiogenesis,0.10807754873463292,0.4861609575050184,1.3601504968563078,S100A4;TIMP1;VCAN,age_changes_B_memory_02062026
Spermatogenesis,0.10845155870823223,0.32444222959065827,1.3431920963594977,PEBP1;NPHP1;DBF4;MAP7;SPATA6;NCAPH;JAM3;TSN;CAMK4;COIL;TKTL1;ZC2HC1C;GSTM3;CLPB;MTOR;ACE;PRKAR2A;CCT6B;DPEP3;AURKA;PCSK1N,age_changes_B_memory_02062026
Protein Secretion,0.11252566735112936,0.3131626406506989,1.3299117390972652,ATP1A1;SSPN;SCRN1;ARF1;VAMP3;LMAN1;TMED2;ARFIP1;YKT6;RAB14;AP3S1;CD63;PPT1;M6PR;SOD1;TMED10;SCAMP3;PAM;RAB5A;DST,age_changes_B_memory_02062026
Estrogen Response Late,0.11500466679111442,0.28956432686801337,1.3060884926642362,LSR;PERP;DYNLT3;PDCD4;RAB31;BCL2;CHPT1;S100A9;ATP2B4;FAM102A;DHCR7;SERPINA1;DNAJC1;ALDH3B1;SGK1;TJP3;SLC29A1;GPER1;SLC2A8;FKBP5;PPIF;XBP1;SLC22A5;SLC9A3R1;PRSS23;RPS6KA2;ST6GALNAC2;MDK,age_changes_B_memory_02062026
Coagulation,0.1199886032048574,0.3183649641973203,1.307361918671594,CAPN2;CTSH;TIMP1;F8;LGMN;ISCU;CRIP2;SERPINA1;CSRP1;ANG;ARF4;RAPGEF3;S100A13;LRP1;PRSS23;USP11,age_changes_B_memory_02062026
Myogenesis,0.12390434115280112,0.28783880487981456,1.3108855004315965,PRNP;SSPN;DAPK2;CHRNA1;WWTR1;FXYD1;APOD;SYNGR2;TPM3;SMTN;PDE4DIP;MAPK12;ITGB1;ACSL1;DMPK;RYR1;CNN3;LSP1;CRAT;PFKM;MYH9;NAV2;IGFBP7;TNNC1;ITGB4;CFD;CD36;SH2B1;GNAO1;SPHK1;MYL2;CLU;PSEN2;FKBP1B;TCAP;ENO3;PTP4A3;AGL;NCAM1;PDLIM7,age_changes_B_memory_02062026
Estrogen Response Early,0.12989857507311306,0.2836747135833299,1.283237246709333,MAST4;DYNLT3;KLF10;RAB31;SYBU;BCL2;GAB2;CHPT1;RHOBTB3;SYNGR1;INPP5F;FAM102A;DHCR7;PMAIP1;MREG;ALDH3B1;PEX11A;TJP3;NADSYN1;FKBP5;TGM2;PPIF;XBP1;SLC22A5;ELF1;SLC9A3R1;NAV2;PRSS23;ZNF185;WWC1;AQP3;RPS6KA2,age_changes_B_memory_02062026
DNA Repair,0.14117309210998635,-0.29112464187738707,-1.3362429221282301,POLR2G;NME1;NT5C3A;GTF2H5;TP53;PDE6G;MRPL40;NELFB;RPA3;CMPK2;AGO4;ALYREF;APRT;SUPT4H1;TSG101;RFC2;RBX1;CSTF3;NME4;POLR2H;TAF10;UMPS;DAD1;GSDME;ITPA;TAF12;UPF3B;ADA;PCNA;ZNRD1;DGUOK;NCBP2;RRM2B;IMPDH2;RALA;RNMT;RAD52;RAE1;SRSF6;PNP;DGCR8;CETN2;REV3L;POLR2F;BOLA2;ERCC1;POLR1D,age_changes_B_memory_02062026
mTORC1 Signaling,0.14580413053439,0.26712802220288845,1.2614199360251581,SQSTM1;FGL2;DDIT4;CCNG1;TFRC;HSP90B1;TCEA1;LGMN;PGM1;HSPA9;HSPA5;DHCR7;GCLC;BCAT1;TPI1;GAPDH;ASNS;YKT6;ETF1;P4HA1;QDPR;M6PR;SLC37A4;UBE2D3;PSAT1;RPN1;CYP51A1;SSR1;GPI;CTH;CANX;XBP1;GOT1;TBK1;DDX39A;SLC9A3R1;ALDOA;PGK1;SLC1A5;CALR;DHCR24;FDXR;PSMD14;GMPS;HSPA4;EBP;PIK3R3;MCM2;TES;AURKA;RAB1A,age_changes_B_memory_02062026
UV Response Up,0.14741216287506795,0.2846628775461035,1.253671154287372,ENO2;TMBIM6;GGH;SQSTM1;TFRC;SELENOW;BSG;CDK2;CREG1;PPP1R2;ASNS;YKT6;EIF2S3;CCND3;SULT1A1;PPT1;ICAM1;RPN1;PPIF;GRINA;ALDOA;AQP3;GRPEL1;SIGMAR1;CEBPG;ATF3;NFKBIA;PRPF3;SOD2,age_changes_B_memory_02062026
Hypoxia,0.1726339369049841,0.26745662753366645,1.2241985876616064,ENO2;RORA;S100A4;PLIN2;BCL2;DDIT4;PGM1;FBP1;FAM162A;HSPA5;SLC25A1;ANXA2;TPI1;GAPDH;TKTL1;HK1;PLAUR;P4HA1;TGFBI;SLC37A4;CDKN1B;GPI;IDS;TGM2;MYH9;RRAGD;PAM;ALDOA;PGK1;PNRC1,age_changes_B_memory_02062026
UV Response Dn,0.1859334242707062,-0.2802378026735613,-1.2454835149147132,GCNT1;PTEN;ANXA4;LAMC1;MTA1;FYN;SMAD3;PRKCE;MYC;MAPK14;CACNA1A;DBP;BHLHE40;NOTCH2;BCKDHB;MRPS31;NFKB1;DYRK1A;ADD3;IRS1;RUNX1;DLG1;SYNE1;VAV2;TENT4A;KCNMA1;PRKAR2B;TGFBR2;SPOP;APBB2;ERBB2;ARHGEF9;ATRN;SMAD7;WDR37;CDK13;ABCC1,age_changes_B_memory_02062026
TGF-beta Signaling,0.18772345466293344,-0.3331886696365579,-1.2597621160901786,PMEPA1;FKBP1A;SMAD3;SPTBN1;ENG;SMURF2;BCAR3;TGIF1;FURIN;ID2;SKIL;TRIM33;NCOR2;SMURF1,age_changes_B_memory_02062026
IL-6/JAK/STAT3 Signaling,0.19100950739977232,-0.31523738827559233,-1.2757265694164097,CD9;CD38;IL2RG;IFNGR1;IL3RA;IRF9;PIM1;TNF;IL4R,age_changes_B_memory_02062026
Myc Targets V2,0.19385585338632938,-0.30778496917203463,-1.2104293174406764,PPAN;MYC;BYSL;NOP56;HK2;IPO4;GNL3;MRTO4;CBX3;EXOSC5;SRM;SORD;RRP9;PHB;NOP16;DCTPP1;DUSP2,age_changes_B_memory_02062026
E2F Targets,0.1986991169502477,-0.2498294526029682,-1.220806034193147,CDKN2C;STMN1;NME1;TP53;LBR;NAA38;ORC6;RPA3;CKS2;EZH2;NASP;MYBL2;MYC;SMC6;CKS1B;CTCF;HNRNPD;UBE2S;NOP56;SNRPB;CTPS1;HMGA1;PRDX4;RFC2,age_changes_B_memory_02062026
Apical Junction,0.2219439697879123,0.26250554024703215,1.1750244996435513,CD86;MYL9;CTNNA1;VCAN;CD99;CRB3;JAM3;FSCN1;MPP5;YWHAH;ZYX;AMIGO2;ITGB1;TSPAN4;TGFBI;NEXN;ICAM1;CRAT;TRAF1;MYH9;MAPK11;SIRPA;MDK;NECTIN1;ATP1A3;VCL;LIMA1;GTF2F1;CDK8;ITGB4;RHOF;RSU1;PIK3R3;BAIAP2;MVD,age_changes_B_memory_02062026
heme Metabolism,0.22594735859622925,0.24939033474095681,1.166348157939526,BLVRA;PRDX2;NUDT4;NFE2L1;CAST;TFRC;ADD2;TCEA1;ARL2BP;FECH;MKRN1;MGST3;BSG;EIF2AK1;GCLC;ASNS;HTATIP2;GDE1;CCND3;TMCC2;RAD23A;FN3K;ALAD;OPTN;FBXO7;SLC10A3;DMTN;AQP3;ADIPOR1;DAAM1;ELL2,age_changes_B_memory_02062026
Oxidative Phosphorylation,0.22818579941130016,-0.245573119712638,-1.1710956418505347,TIMM8B;NDUFC2;SLC25A5;ATP6V1D;NDUFB3;IDH2;TIMM13;CYB5A;ATP5F1C;ATP5PF;PDHB;ACAA1;NDUFA2;NDUFA7;DECR1;SLC25A11;BDH2;ECHS1;NDUFA8;NNT;NDUFB2;ATP5MF;NDUFB8;TIMM10;ECI1;UQCR10;IDH1;LDHA;UQCRQ;NDUFB1;NDUFS4;MRPL15;COX6B1;ATP5PO;ECH1;MRPS11;MDH1;NDUFAB1;MTX2;ATP5MC3;COX5A;ATP6V0B;NDUFS2;SDHD;NDUFV2;CYC1;ATP6V1H;NDUFA9;POLR2F;NDUFA1;MRPS22;TIMM17A;NDUFB6;NDUFS3;ATP5ME;MRPS12;PMPCA;ATP6V1F;ATP5PB;NDUFS6;FXN;ATP6V1C1;BAX;IMMT,age_changes_B_memory_02062026
Pperoxisome,0.2295523613963039,0.27962841999711285,1.1758478872130038,ATXN1;GSTK1;MVP;CNBP;EPHX2;ABCD2;HSD17B11;YWHAH;PEX11A;ECI2;ALDH9A1;PABPC1;CADM1;ACSL1;SOD1;CRAT;DHCR24;HSD3B7;SIAH1;SOD2;RETSAT;SLC27A2;TSPO,age_changes_B_memory_02062026
Myc Targets V1,0.24154244113176354,0.2417770395320931,1.1505675688194437,GLO1;SNRPA1;PTGES3;EIF4G2;PABPC4;CNBP;PWP1;EIF4H;DUT;CDK2;XRCC6;CUL1;RSL1D1;U2AF1;ETF1;EIF1AX;CCT7;PSMD1;RAN;SNRPA;FBL;SF3A1;AP3S1;PABPC1;CDK4;EIF4E;TCP1;NPM1;PSMD7;GOT2;ODC1;CANX;HNRNPR;PGK1;HSP90AB1;MCM6;MCM5;USP1;MAD2L1;PSMD14;RRM1;CSTF2;XPOT;STARD7;UBE2E1;MCM2,age_changes_B_memory_02062026
Xenobiotic Metabolism,0.24590706326881362,0.25133767291298076,1.1425094433538743,TMBIM6;PTGES3;DHRS7;FAS;TGFB2;PDLIM5;KYNU;ABCD2;FBP1;GCLC;CDA;BCAT1;PGD;GSS;ALDH9A1;POR;PEMT;SSR3;CES1;SLC12A4;IRF8;SLC1A5;NINJ1;ACO2;RETSAT;UPP1;EPHX1;CD36;TNFRSF1A;UPB1;FAH,age_changes_B_memory_02062026
Wnt-beta Catenin Signaling,0.31359035106612104,-0.3028572353474601,-1.1065092497634812,TP53;AXIN1;ADAM17;MYC;MAML1;CCND2;NCOR2;FRAT1,age_changes_B_memory_02062026
TNF-alpha Signaling via NF-kB,0.3669290105800671,0.2248777797808167,1.0596754644667954,CCL5;KLF10;CFLAR;SQSTM1;MSC;ZC3H12A;RIPK2;RELB;PDLIM5;KYNU;NFKB2;RELA;CD80;DRAM1;IL18;TNIP2;G0S2;TNIP1;EHD1;SGK1;PLAUR;ICAM1;TRAF1;SLC16A6;SAT1;PNRC1;NINJ1;SLC2A6;TNFSF9;IL23A;ATF3;NFKBIA;SOD2;CSF1;DNAJB4;TANK;NFKBIE;LITAF;SPHK1;CEBPD,age_changes_B_memory_02062026
PI3K/AKT/mTOR  Signaling,0.3743363823035281,0.2503058544615172,1.0620911394285992,THEM4;SQSTM1;ARHGDIA;HSP90B1;UBE2N;TRAF2;ARF1;CDK2;CAMK4;FGF22;CDK4;UBE2D3;EIF4E;CDKN1B;MKNK1;TBK1;CALR;AKT1S1;RIPK1;PRKAR2A;RALB;MAP2K6;MAPKAP1;TNFRSF1A;PIK3R3,age_changes_B_memory_02062026
Reactive Oxygen Species Pathway,0.4368209818928505,0.27381424126936943,1.0204804381912074,PRDX2;PRNP;GPX4;TXN;GCLC;ATOX1;SOD1;LSP1;PRDX6,age_changes_B_memory_02062026
Hedgehog Signaling,0.48489826395370544,0.30837155853013226,0.9924374932396913,NRCAM;TLE3;L1CAM;ADGRG1;MYH9,age_changes_B_memory_02062026
KRAS Signaling Dn,0.5207392197125257,0.22580087916456507,0.9702444751007051,STAG3;TGFB2;PLAG1;SIDT1;FGGY;SLC25A23;CD80;PRKN;WNT16;SGK1;FGF22;ZBTB16;ENTPD7;RYR1;ZC2HC1C;MYO15A;DTNB;MEFV;TCF7L1,age_changes_B_memory_02062026
Mitotic Spindle,0.7555213685732747,-0.18887654525209227,-0.909858813301438,MID1IP1;RALBP1;BIN1;WASF1;NCK2;CENPF;SPTBN1;WASF2;ARHGEF7;RANBP9;KIF15;NOTCH2;ARL8A;SOS1;ABL1;NCK1;CD2AP;PLEKHG2;BCR;CNTRL;TUBGCP3;PCNT;NUSAP1;ABR;KNTC1;DLG1;MYO1E;CLIP2;CAPZB;YWHAE;SMC4;NDC80;ROCK1;EPB41L2;MARK4;RABGAP1,age_changes_B_memory_02062026
Pancreas Beta Cells,0.8457060808385383,-0.29934607214183584,-0.848194160911368,FOXO1;LMO2,age_changes_B_memory_02062026
Apical Surface,0.9405987508076674,-0.21924820788662822,-0.7417200942559452,IL2RG;SULF2;ATP8B1;LYN;NCOA6;ADIPOR2;ADAM10;B4GALT1;AKAP7;NTNG1;BRCA1,age_changes_B_memory_02062026
Interferon Alpha Response,0.0,-0.4952632461042773,-2.34713788371413,ISG15;SAMD9L;LGALS3BP;EPSTI1;SAMD9;OAS1;SP110;IRF9;IRF7;PSMB8;NMI;IFI30;USP18;LAP3;LY6E;IFI44L;CMPK2;IFIT3;UBE2L6;IFI44;IFI35;PSME2;IRF2;RSAD2;MOV10;MX1;PSMB9;CNP;PARP9;CD47;PARP14;STAT2;MVB12A;RTP4;DDX60;IFIT2;PSMA3;SELL;IFITM2;DHX58;EIF2AK2;PLSCR1;TRIM25;HELZ2,age_changes_B_naive_02062026
Oxidative Phosphorylation,0.00048505426544594675,-0.37705773023095734,-1.9810858528894024,TIMM8B;ATP6V1D;ATP5F1C;NDUFB3;NDUFC2;BDH2;ACAA1;NDUFB2;LDHA;IDH1;PDHB;TIMM13;ATP6V1E1;ECH1;DECR1;SLC25A5;NDUFA2;ATP5PF;MRPL15;MRPS11;ATP6V0B;UQCR10;NDUFA9;ATP5MC3;NDUFA7;ATP5MF;SDHD;NDUFS4;HSD17B10;NDUFA8;MDH1;ATP6V0E1;NDUFS6;NDUFB1;SLC25A11;IDH2;COX5A;MRPL35;NDUFB8;NDUFB6;COX7B;NDUFAB1;POLR2F;SUCLG1;ECHS1;NDUFS3;VDAC3;NDUFA1;NDUFA6;NDUFB4;ATP5F1E;ATP5PO;COX6B1;ETFA;COX11;FXN;TIMM10;UQCRQ;SUCLA2;ECI1;ATP5PB;PDHA1;BAX;ATP6V1F;FH;ATP5ME;FDX1;VDAC1;IDH3B;SURF1;CYC1;NDUFS2;ATP6V1G1;PRDX3;ATP5MC1;UQCR11,age_changes_B_naive_02062026
Inflammatory Response,0.0060882800608828,0.39405992321322036,1.8733933087308328,CD70;RIPK2;IL18;IL15;CCL5;IL10RA;TIMP1;HIF1A;GNA15;AQP9;PTGER2;ICAM1;BEST1;NOD2;IL6;TNFRSF1B;IL15RA;TAPBP;CHST2;RHOG;CXCL8;CCR7;TNFSF9;MEFV;MYC;PROK2;CD82;IRAK2;FPR1;ACVR1B;C3AR1;SLC7A1;CD14;MSR1;C5AR1;ABI1;LTA;PDE4B;RAF1;OSM;IL10;MARCO;KIF1B;AHR;RELA;IL18RAP;NLRP3;IL2RB;STAB1;SPHK1;MMP14;TLR2;CMKLR1;CSF3R;F3;SLC28A2,age_changes_B_naive_02062026
Apoptosis,0.008625063419583967,0.38959811915931186,1.8082345902425458,ENO2;IL18;PEA15;TXNIP;TGFBR3;TIMP1;PDCD4;F2R;SQSTM1;HSPB1;TSPO;BCL2L11;HMGB2;ANKH;ETF1;GPX4;TGFB2;CFLAR;CDKN1B;PDGFRB;GNA15;LGALS3;KRT18;CASP1;PPT1;CTH;IL6;BMF;BCL10;FAS;ANXA1;CYLD;FEZ1;DAP3,age_changes_B_naive_02062026
TGF-beta Signaling,0.00905434628832434,-0.4220792820438133,-1.716352050110914,PMEPA1;FURIN;FKBP1A;SMAD3;TRIM33;SPTBN1;SMAD7;ID2;SMURF2;FNTA;ID3;NOG;TGFB1;CDK9;SKI;SKIL;SMURF1;APC;NCOR2;BCAR3;SMAD1;XIAP;TGIF1;ENG;PPM1A;IFNGR2,age_changes_B_naive_02062026
Notch Signaling,0.014794155096101377,-0.4503867516088395,-1.6350756723709716,LFNG;DTX4;RBX1;DTX1;PSENEN;NOTCH1;ST3GAL6;HES1;PRKCA;MAML2,age_changes_B_naive_02062026
Protein Secretion,0.016235413495687467,0.3934613202774856,1.72175151395127,VAMP3;ATP1A1;LMAN1;ANP32E;STAM;SCRN1;ARFIP1;ARF1;SSPN;TMED2;KRT18;TMED10;PPT1;CD63;M6PR;AP3S1;VPS45;SEC31A;RAB5A;PAM;MON2;KIF1B;STX12;GALC;RAB14;ARFGAP3;AP3B1;BNIP3;SEC24D;AP1G1;TOM1L1,age_changes_B_naive_02062026
E2F Targets,0.017655975262232462,-0.30131385501053154,-1.59400447333991,STMN1;LBR;TP53;RAD51AP1;NOP56;NAA38;SMC4;CKS2;HNRNPD;CKS1B;NASP;MYBL2;RPA3;PCNA;JPT1;CDC25B;UBE2S;CTCF;UBE2T;BARD1;DCTPP1;RPA2;SMC6;PPP1R8;TOP2A;CDKN2C;EXOSC8;SRSF2;ORC6;HMGA1;DNMT1;EZH2;PDS5B;CENPM;WEE1;PSMC3IP;NME1;BUB1B;LUC7L3;MCM7;GSPT1;TACC3;AK2;SNRPB;POLD2;RFC2;CCP110;CTPS1;SMC1A;MRE11;ASF1B;RAD51C;LYAR,age_changes_B_naive_02062026
Bile Acid Metabolism,0.019279553526128868,0.3766798324686781,1.6074556599672714,ATXN1;ABCA6;NR3C2;PFKM;DHCR24;PHYH;CYP27A1;ABCA5;ACSL1;AQP9;SLC23A2;GNMT;HSD17B11;EFHC1;GCLM;LONP2;ABCA9;OPTN;PEX11A;IDI1;PEX26;CH25H;HSD3B7;APOA1;ACSL5;RXRA;LIPE;ABCD2;HSD17B6;SLC27A2;ABCA3;PEX12,age_changes_B_naive_02062026
Complement,0.020294266869609334,0.3357903983642715,1.614575722865793,CTSH;CCL5;RBSN;TIMP1;CSRP1;L3MBTL4;SERPINA1;S100A12;DGKG;KCNIP2;S100A9;LTA4H;USP14;HSPA5;F8;LGALS3;CD36;CASP1;PRDM4;CDA;C1R;IL6;CD59;RHOG;RNF4;MAFF;FCN1;APOBEC3F;HSPA1A;CA2;F5;CPQ;ATOX1;SRC;C1QA;APOC1;ITGAM;GZMB;DOCK9;DOCK10;GP9;RAF1;C4BPB;ANG;ANXA5;SERPING1;PLEK;C2;PHEX;PLA2G7;CLU;USP16;MMP14;F3;PLA2G4A;ZEB1,age_changes_B_naive_02062026
Epithelial Mesenchymal Transition,0.0213089802130898,0.35228018235287334,1.622908752553876,LGALS1;ENO2;IL15;TGFBR3;TIMP1;VIM;VCAN;CADM1;TGFBI;PFN2;MYL9;PDGFRB;ACTA2;IL6;CD59;ITGB1;ANPEP;CXCL8;FAS;WIPF1;TPM2;TPM1;FLNA;DAB2;LOXL1;ADAM12;ITGAV;GPC1;THBS1;PLOD3;TIMP3;MEST;FERMT2;MMP14;IGFBP3;MGP;FMOD;TGM2;MFAP5;COL6A2;FGF2;SAT1;LAMA2;COPA;CD44;PLOD1;CALD1,age_changes_B_naive_02062026
Angiogenesis,0.021816336884830034,0.5434992656501294,1.6799049789923255,S100A4;TIMP1;VCAN;ITGAV;FGFR1;PF4;THBD,age_changes_B_naive_02062026
Allograft Rejection,0.0243531202435312,0.34143505248523337,1.627697303407121,RIPK2;IL18;IL15;SRGN;CCL5;TIMP1;HIF1A;IL12A;APBB1;F2R;STAT4;KLRD1;TGFB2;CCND3;FCGR2B;IL2RA;IL12RB1;TRAF2;IRF8;ICAM1;CDKN2A;IL6;TAPBP;CCR2;IFNG;GPR65;NPM1;BCL10;FAS;CXCR3;HLA-DOA;FLNA;MMP9;CD80;EIF5A;CCR5;GZMB;MAP3K7;ABI1;EIF3D;IL10;DEGS1;SOCS5;MAP4K1;C2;HCLS1;IL18RAP;MRPL3;IGSF6;NLRP3;IL2RB;PF4;STAB1,age_changes_B_naive_02062026
Interferon Gamma Response,0.02586956082378383,-0.29072601932239367,-1.5354247644203327,CD38;ISG15;SAMD9L;LGALS3BP;TNFSF10;EPSTI1;KLRK1;SP110;IRF9;IRF7;PSMB8;NMI;IFI30;USP18;LAP3;LY6E;IFNAR2;IFI44L;SAMHD1;PTPN2;VAMP8;CMPK2;XAF1;IFIT3;UBE2L6;IFI44;IFI35;LYSMD2;PSME2;IRF2;PSMB2;IFIT1;RSAD2;BPGM;RNF213;PSMA2;MX1;PSMB9;CASP3;CASP4;NFKB1;PARP14;SOCS1;STAT2;ST3GAL5;RTP4;DDX60;IFIT2;PSMA3;OAS2;GPR18;ARID5B;IFITM2;DHX58,age_changes_B_naive_02062026
Coagulation,0.028817858954845253,0.3757658658101174,1.6311255722969982,CTSH;CAPN2;TIMP1;CSRP1;USP11;SERPINA1;RAPGEF3;PRSS23;LTA4H;F8;C1R;ISCU;MAFF;ANXA1;MMP9;CPQ;C1QA;APOC1;GP9;ANG;SERPING1;PLEK;THBS1;TIMP3;C2;CLU;PF4;MMP14;THBD;CAPN5;F3;CFD;CTSO;CTSB;S100A1;PROS1;APOA1,age_changes_B_naive_02062026
p53 Pathway,0.02962962962962963,0.3215268292347199,1.5535727157581638,PVT1;AEN;S100A4;STOM;TXNIP;ZBTB16;CCNG1;CGRRF1;SESN1;DRAM1;S100A10;ANKRA2;ZFP36L1;DDIT4;GLS2;F2R;TSPYL2;CCND3;EPS8L2;FAM162A;CTSF;DDB2;CASP1;PERP;CDKN2A;ISCU;TNFSF9;PRKAB1;FAS;FOXO3;CD82;VWA5A;MAPKAPK3;ACVR1B;NINJ1;ITGB4;OSGIN1;SEC61A1;CCNK;PROCR;DNTTIP2;TP63,age_changes_B_naive_02062026
Myogenesis,0.030810386974770537,0.33617165590701276,1.5397101736742869,CNN3;CHRNA1;PFKM;TPM3;PRNP;ACSL1;NAV2;MAPRE3;SSPN;GNAO1;APOD;CD36;DAPK2;RYR1;ITGB1;SH2B1;TPM2;SMTN;SYNGR2;KIFC3;FXYD1;DMD;PDE4DIP;ITGB4;ADAM12;MYH3;VIPR1;CRAT;MYBPC3;LARGE1;CLU;GPX3;LSP1;SPHK1;SH3BGR;FKBP1B;IGFBP3;CFD;ITGA7;PTP4A3;SORBS1;IGFBP7;COL6A2;WWTR1;AKT2;FGF2;AGL;LAMA2;MYL4;MYH9;TNNC1,age_changes_B_naive_02062026
G2-M Checkpoint,0.033815211648231716,-0.2815554581645256,-1.4900371216121073,STMN1;LBR;SMC4;HIRA;CKS2;HNRNPD;MTF2;CKS1B;SMAD3;NASP;MYBL2;CHMP1A;JPT1;CDC25B;MAPK14;FBXO5;NUSAP1;UBE2S;CTCF;BARD1;RPA2;TOP2A;CASP8AP2;CDKN2C;SRSF2;ORC6;TOP1;HMGA1;EZH2;PDS5B;RBM14;PRPF4B;SLC12A2;RPS6KA5;CUL3;FOXN3;GSPT1;TGFB1;TACC3;DTYMK;KMT5A;BUB1;SMC2;E2F4;SMC1A;E2F3;UPF1;CDKN3;ARID4A;E2F2;PTTG1;WRN;CDC7;CENPF;TENT4A,age_changes_B_naive_02062026
PI3K/AKT/mTOR  Signaling,0.04147213969562845,-0.31461560197950544,-1.4499418783268654,LCK;CAMK4;IL2RG;SLA;MKNK2;PRKCB;PTEN;MAPK1;GRK2;CSNK2B;SMAD2;MAPK9;DAPP1;HRAS;NCK1;CAB39;VAV3;AKT1;RIT1;TSC2;STAT2;ARPC3;PRKAG1;MAP2K3;AP2M1;TIAM1;MAPK8,age_changes_B_naive_02062026
DNA Repair,0.04667299931957666,-0.2810752472915178,-1.41915127992047,POLR2G;GTF2H5;PDE6G;TP53;TAF12;AGO4;RBX1;ADA;SAC3D1;NUDT9;ITPA;RPA3;CMPK2;PCNA;ALYREF;NELFB;DAD1;RPA2;TAF10;POLR2H;GSDME;BOLA2;POM121;POLR2F;RALA;NME1;MRPL40;DGUOK;NT5C3A;RFC2;RAE1;TSG101;TAF13;UPF3B;ZNRD1;PNP;SUPT4H1;CSTF3;POLB,age_changes_B_naive_02062026
Myc Targets V1,0.07149699872673256,-0.254755833048168,-1.346661419059545,PSMC6;PSMA7;PSMA4;POLE3;NOP56;LDHA;TXNL4A;TRIM28;HNRNPD;HDGF;PCNA;PSMA1;PSMB3;COPS5;SERBP1;PSMB2;FAM120A;PSMD8;SSB;CCT5;C1QBP;UBE2L3;ERH;COX5A;PSMA2;SRSF2;NDUFAB1;APEX1;CBX3;SRM;SSBP1;VBP1;HDDC2;NME1;MCM7;GSPT1;SNRPD3;SET;DDX18;VDAC3;EIF3B;EIF3J;POLD2;SRSF3;PSMC4;CTPS1;LSM2;SNRPG;PRPF31;SRSF7;HNRNPA2B1;EIF2S1;PSMD3;EIF2S2;NOP16,age_changes_B_naive_02062026
Mitotic Spindle,0.07804964089448417,-0.24984080462650882,-1.3243203884539307,MID1IP1;RALBP1;ARL8A;CAPZB;SMC4;CNTRL;TUBA4A;PKD2;WASF1;SAC3D1;BCR;BIN1;WASF2;SPTBN1;FBXO5;NUSAP1;RAPGEF5;RANBP9;NCK2;NCK1;TOP2A;SYNPO;MARK4;TUBGCP3;PPP4R2;CD2AP;KPTN;CYTH2;CDK5RAP2;ROCK1;ARHGEF12;CLIP2;DLG1;BUB1;SUN2;TIAM1;PCNT;ARHGEF7;KIF3B;SOS1;SMC1A,age_changes_B_naive_02062026
Androgen Response,0.10426179604261794,0.3184788183287219,1.389211273135756,CDC14B;HSD17B14;LMAN1;FKBP5;DHCR24;UAP1;MAF;NKX3-1;ANKH;XRCC6;CCND3;SGK1;SMS;ABCC4;PDLIM5;PIAS1;KLK2;PA2G4;ACSL3,age_changes_B_naive_02062026
Reactive Oxygen Species Pathway,0.11746397461549345,-0.3035789587398209,-1.256960498865567,GLRX;FES;CDKN2D;PDLIM1;HMOX2;HHEX;PRDX1;LAMTOR5;MBP;NDUFA6;NDUFB4;TXNRD1;IPCEF1;STK25;SELENOS;SBNO2;NDUFS2;PFKP,age_changes_B_naive_02062026
Estrogen Response Late,0.12839506172839507,0.2899022102468376,1.3372445583900059,LSR;BCL2;PDCD4;FKBP5;SERPINA1;DHCR7;S100A9;PRSS23;SGK1;TJP3;SLC22A5;ALDH3A2;PERP;CHPT1;DYNLT3;UGDH;MAPK13;PLK4;BATF;MDK;XBP1;IL6ST;CA2;PPIF;NBL1;ETFB;SLC1A4;FLNB;MEST;ABHD2;BLVRB;LARGE1,age_changes_B_naive_02062026
KRAS Signaling Dn,0.13144440541700816,0.30862225738711085,1.35272372014061,STAG3;THRB;PLAG1;ZBTB16;PRKN;SIDT1;TGFB2;SGK1;RYR1;WNT16;CHST2;IFNG;THNSL2;MEFV;MYO15A;UGT2B17;SPTBN2;CD80;SLC25A23;SLC5A5;SLC12A3;PDCD1;TCF7L1;CACNA1F;KCND1;FGGY,age_changes_B_naive_02062026
IL-2/STAT5 Signaling,0.13234761179966661,0.27843805508123565,1.341937671802669,CST7;CKAP4;IL10RA;BCL2;RORA;CDC42SE2;SERPINB6;SNX9;P4HA1;GLIPR2;PRNP;MAP3K8;COCH;GPX4;CCND3;IL2RA;FGL2;PTGER2;IRF8;CYFIP1;TWSG1;CTLA4;SELP;TNFRSF1B;TRAF1;GPR65;NFKBIZ;MAFF;BATF;MYC;SYNGR2;XBP1;CA2;AHCY;HOPX;RRAGD;ODC1;IL10;PLPP1;ITGAV;AHR;SLC39A8;CD83;IL2RB;SH3BGRL2;ABCB1;POU2F1,age_changes_B_naive_02062026
UV Response Up,0.138053906319231,-0.24460193902893287,-1.2243912745857597,E2F5;RASGRP1;ACAA1;POLE3;FURIN;CDC34;MARK2;TUBA4A;DGAT1;BAK1;KLHDC3;AGO2;AP2S1;BID;DNAJA1;ARRB2;POLR2H;WIZ;HLA-F;NR4A1;CNP;CASP3;GLS;FMO1;POLG2,age_changes_B_naive_02062026
Fatty Acid Metabolism,0.15144596651445968,0.2859215508931803,1.3083347844756756,LGALS1;ENO2;PCBD1;PTPRG;BLVRA;S100A10;DHCR24;PRDX6;SUCLG2;ACOT2;ACSL1;SLC22A5;ALDH3A2;CD36;SMS;REEP6;DLST;UGDH;HSPH1;YWHAH;HSD17B11;CA2;SERINC1;ACO2;ALDOA;NBN;ODC1;MIF;ACADS;CRAT,age_changes_B_naive_02062026
TNF-alpha Signaling via NF-kB,0.1525651356432984,0.26891136831947027,1.3000429331790517,RIPK2;IL18;CCL5;RELB;DRAM1;NFKB2;KLF9;SQSTM1;MAP3K8;CFLAR;SGK1;ICAM1;TANK;IL6;IL15RA;MSC;CXCL2;TRAF1;DNAJB4;PDLIM5;MAFF;TNFSF9;TNIP1;ZC3H12A;MYC;IL6ST;SLC16A6;CD80;REL;CXCL3;NINJ1;CEBPD,age_changes_B_naive_02062026
Spermatogenesis,0.24924564073807046,0.2847145139622182,1.2145758533588547,PEBP1;TSN;JAM3;SPATA6;NPHP1;DBF4;ACE;PRKAR2A;PCSK1N;HSPA1L;PHF7;CCT6B;DPEP3;MAP7;NCAPH;IDE;TOPBP1;KIF2C;GFI1;CDK1;PARP2;ZC3H14;DMC1;PHKG2;MLF1;CLVS1,age_changes_B_naive_02062026
Adipogenesis,0.2520998928913693,0.25498595704491556,1.2208002138979588,RAB34;STOM;DHRS7;BAZ2A;PDCD4;SLC5A6;DHCR7;ALDH2;PHYH;GPX4;CD151;SSPN;BCL2L13;CD36;TANK;REEP6;RNF11;NDUFA5;RMDN3;PGM1;CMPK1;SLC25A1;GPHN;SULT1A1;ACO2;ALDOA;PEMT;ELOVL6;ETFB;SLC27A1;COX8A;PHLDB1;CD302;ACADS;CRAT;GBE1;GPX3;PEX14;G3BP2;IDH3A;MGST3;FAH;DLD;ITGA7;SORBS1;DLAT;SLC1A5;GPAT4;GPAM,age_changes_B_naive_02062026
Unfolded Protein Response,0.2661085743277524,0.268356304157691,1.1971459393403838,DDIT4;BAG3;TSPYL2;HSPA5;HSPA9;DCP1A;EEF2;YWHAZ;ATF6;SSR1;HSP90B1;NPM1;CEBPG;SEC31A;DCTN1;XBP1;WIPI1;SRPRA;NOLC1;MTREX;PARN;EIF4E;EXOSC10;SLC1A4;GEMIN4;KDELR3;ALDH18A1;SHC1,age_changes_B_naive_02062026
Estrogen Response Early,0.2763402672078471,0.25159260479022655,1.1830718022482476,BCL2;SYBU;FKBP5;RHOD;DHCR7;MAST4;PRSS23;TJP3;NAV2;SLC22A5;KRT18;CHPT1;DYNLT3;RHOBTB3;ISG20L2;MYC;SYNGR1;ZNF185;ASB13;XBP1;IL6ST;ELF3;PPIF;NBL1;SH3BP5;SLC1A4;FLNB;INPP5F;ABHD2;SLC19A2;BLVRB;PEX11A;WWC1;RAB31;MYBBP1A;TGM2;DEPTOR;ALDH3B1;ELF1;IL17RB;WFS1;TBC1D30,age_changes_B_naive_02062026
mTORC1 Signaling,0.28347957141990976,-0.21197855980545813,-1.106342515685677,CD9;GLRX;ATP6V1D;PSMC6;PSMA4;PHGDH;PSMD13;LDHA;SLA;IDH1;RDH11;TUBA4A;ENO1;IFI30;CORO1A;COPS5;ABCF2;GLA;EEF1E1;DAPP1;SLC6A6;PRDX1;MLLT11;SEC11A;RIT1;CACYBP;NMT1;SDF2L1;BUB1;MAP2K3;TXNRD1;ADD3;PSMA3;TM7SF2;NFIL3;PSMC4;PFKL;PSPH;DHFR;EDEM1;PNP;BHLHE40,age_changes_B_naive_02062026
Pperoxisome,0.3164983164983165,0.26672640332193864,1.151738834296714,ATXN1;DHCR24;CADM1;TSPO;MVP;ACSL1;NUDT19;PABPC1;SLC23A2;BCL10;YWHAH;HSD17B11;UGT2B17;ERCC3;CNBP;LONP2;SIAH1;IDE;PEX5;CRAT;PEX11A;PEX14;DLG4;ABCB1;IDI1,age_changes_B_naive_02062026
Wnt-beta Catenin Signaling,0.3220113583540492,-0.273106850096676,-1.0725417484199664,TP53;AXIN1;LEF1;NOTCH4;MAML1;NOTCH1;SKP2;FRAT1;HEY2;NCOR2;ADAM17;CSNK1E;PSEN2;TCF7;PTCH1,age_changes_B_naive_02062026
Glycolysis,0.32669866916442264,0.23472484131900467,1.1183935931941174,ENO2;IL13RA1;GNPDA1;AK3;VCAN;DDIT4;P4HA1;TGFBI;HSPA5;ECD;FAM162A;CTH;GNE;CHST2;TXN;ELF3;CHPF2;DSC2;G6PD;RRAGD;GFPT1;ALDOA;PAM;CHPF;ANG;PYGB;GPC1;PRPS1;MIF;VLDLR;KDELR3;LHPP;PKM;GOT2;CAPN5;IGFBP3;DLD;CITED2;TPI1;CDK1;PYGL;PHKA2,age_changes_B_naive_02062026
KRAS Signaling Up,0.3391983764586504,0.23945216054538343,1.1187935080508213,PRDM1;IL10RA;PIGR;NAP1L2;ANKH;MMD;PRELID3B;KCNN4;EPB41L3;APOD;IRF8;TNFRSF1B;F13A1;ACE;KIF5C;TLR8;ADAMDEC1;TRAF1;PCSK1N;LAPTM5;CDADC1;CA2;FBXO4;ZNF639;MMP9;VWA5A;TMEM176B;C3AR1;MAP7;ZNF277;TPH1;WNT7A;MAP4K1;CAB39L;TMEM176A,age_changes_B_naive_02062026
Hypoxia,0.34838491459496024,0.236775584164943,1.1216867205819314,ENO2;S100A4;BCL2;RORA;DDIT4;P4HA1;TGFBI;HSPA5;FAM162A;CDKN1B;GAPDH;IL6;VHL;HK1;CHST2;MAFF;NDST1;FOXO3;PGM1;SLC25A1;GPI;FBP1;RRAGD;ALDOA;PAM;GPC1;MIF;VLDLR;GBE1;LARGE1;MT1E;KDELR3;JMJD6;BTG1;NR3C1;F3;IGFBP3;CITED2;TPI1;TGM2;PGF;HMOX1;PNRC1;MYH9;XPNPEP1;KIF5A;SLC37A4;GCK;UGP2;IDS;DPYSL4;TGFB3,age_changes_B_naive_02062026
Xenobiotic Metabolism,0.35334083338848077,0.24573333489138272,1.126564820693768,DHRS7;PTGES3;ALDH2;CYP27A1;TGFB2;TMBIM6;PTGDS;AQP9;IRF8;CD36;CDA;GSS;UGDH;PDLIM5;NDRG2;ESR1;FAS;DHRS1;GNMT;CYP2J2;CA2;AHCY;NINJ1;TMEM176B;FBP1;PGD;ACO2;PEMT;AP4B1;BLVRB;FAH;PMM1;BCAT1;TMEM97;CYFIP2;PROS1;SLC1A5;MTHFD1;HPRT1;HMOX1;KYNU;CYP2S1;SMOX;NFS1;UPP1;POR;VNN1;ABCD2;GCH1;PAPSS2;CYP2E1;RETSAT;PC;GCLC;ALDH9A1;PTGR1;ELOVL5;SLC22A1;ITIH1;ABCC2;EPHX1;CES1,age_changes_B_naive_02062026
Apical Junction,0.44234253823294917,0.22487019428496907,1.048334984103644,JAM3;VCAN;PIK3CB;TGFBI;CTNNA1;MYL9;ICAM1;LIMA1;EXOC4;CRB3;TRAF1;MAPK13;ITGB1;SYMPK;CD99;GTF2F1;NEXN;ITGA3;MDK;ZYX;YWHAH;MMP9;ITGB4;SRC;CD274;TSPAN4;PLCG1;ADAM15,age_changes_B_naive_02062026
Cholesterol Homeostasis,0.45526805344156945,0.25987569072206895,1.0495023348606418,ACSS2;DHCR7;SREBF2;CXCL16;ATF5;LGALS3;ETHE1;GSTM2;SQLE;CTNNB1;CYP51A1;ANXA5;CLU;LSS;IDI1;STARD4;ACAT2,age_changes_B_naive_02062026
Myc Targets V2,0.5173988348291608,0.2534762302321887,1.008783230504871,WDR74;PLK4;NPM1;GRWD1;SUPV3L1;MYC;PA2G4;MCM5;NOLC1;UNG;IMP4;PPRC1;MYBBP1A;LAS1L;TMEM97;PRMT3;NOP2;MAP3K6;PES1,age_changes_B_naive_02062026
heme Metabolism,0.706436883193401,0.1906880069711907,0.9130405565250237,BLVRA;PRDX2;NFE2;CCND3;EIF2AK1;ADIPOR1;NUDT4;CAST;FBXO7;FOXO3;CA2;GDE1;GCLM;CLIC2;HTATIP2;MKRN1;DCAF10;ABCG2;OPTN;CIR1;ARL2BP;VEZF1;ELL2;FOXJ2;BLVRB;PDZK1IP1;FN3K;NR3C1;ADD2;TRAK2;MGST3;HBD;DMTN;CTSB;NCOA4;RAD23A;TCEA1;SLC10A3;RHCE;SNCA;SDCBP;MYL4;GMPS;SMOX;UROS,age_changes_B_naive_02062026
IL-6/JAK/STAT3 Signaling,0.7282597666159311,0.21796835712014206,0.9139391912664281,IL13RA1;STAT3;MAP3K8;IL2RA;IL12RB1;CD36;IL6;TNFRSF1B;IL15RA;FAS;IL6ST;ACVR1B;CXCL3;CD14,age_changes_B_naive_02062026
UV Response Dn,0.7510781329274481,0.1942518294181756,0.8834862801245496,ATXN1;TGFBR3;BMPR1A;PIAS3;CDKN1B;PDGFRB;SFMBT1;PDLIM5;MYC;SCN8A;DAB2;SLC7A1;SYNJ2;MIOS;MAP2K5;VLDLR;MT1E;GRK5;PEX14;NR3C1;F3;CITED2;SIPA1L1;MAP1B;LTBP1,age_changes_B_naive_02062026
Pancreas Beta Cells,0.7709331231431517,-0.271223044961622,-0.866554015870862,FOXO1;SEC11A;SRP9,age_changes_B_naive_02062026
Apical Surface,0.823947234906139,0.25339367114103334,0.835703780003196,HSPB1;CROCC;EPHB4;FLOT2;IL2RB;GHRL;NTNG1,age_changes_B_naive_02062026
Hedgehog Signaling,0.9496523114573074,0.21141396299139237,0.7152699534896266,TLE3;NRP2;RTN1;ADGRG1;VLDLR,age_changes_B_naive_02062026
Interferon Alpha Response,0.0,-0.3754023203568254,-2.2917394977296954,IRF9;SAMD9L;EIF2AK2;UBE2L6;B2M;HLA-C;EPSTI1;ISG15;CD47;SLC25A28;IRF7;NMI;MX1;IFI30;SAMD9;IFI35;IFI44L;LGALS3BP;STAT2;PSME2;PSMA3;SP110;PSMB8;CD74;ELF1;LY6E;PLSCR1;TRIM25;OAS1;DDX60;PARP9;USP18;ADAR,age_changes_B_transitional_02062026
Epithelial Mesenchymal Transition,0.00972790654628468,0.4642402153206059,1.754729788556806,LGALS1;IL6;SAT1;CD44;TGFBI;ENO2;PLOD1;TIMP1;RHOB;PCOLCE;VCAN;LRP1;FAS;MYLK;ACTA2;CD59;PFN2;FBLN2;ITGA5;SPARC;SERPINE2;MAGEE1;ANPEP;IL15;CXCL8;FSTL3;TPM2;ITGAV;GEM;TGFBR3;FUCA1;QSOX1;DST;PLAUR;SGCB;MYL9;MEST;ITGB1;FN1;VEGFA;FLNA;COL1A1;TPM1,age_changes_B_transitional_02062026
Oxidative Phosphorylation,0.012708787218591141,-0.28418942787920054,-1.98123443633819,NDUFC2;IDH2;NDUFB8;ATP6V0B;ATP5F1C;ATP5PF;ATP5PO;TIMM8B;ATP5MC3;NDUFB3;TIMM13;ACAA1;SLC25A11;COX5A;NDUFA9;COX11;NNT;COX7B;NDUFA1;NDUFS3;NDUFAB1;NDUFB2;ATP5ME;NDUFS6;PMPCA;ATP5MF;PDHB;ATP6V1D;ECI1;SLC25A5;NDUFB7;ATP5MC1;HSD17B10;CASP7;ATP5F1E;IDH1;HCCS;ATP6AP1;CYCS;AIFM1;NDUFA2;HADHB;NDUFS1;NDUFA7;ATP5MG;SDHB,age_changes_B_transitional_02062026
Inflammatory Response,0.025204121506283036,0.4171643268595643,1.6463129057431212,TNFRSF1B;CCL5;IL6;CD70;P2RX4;IL10RA;MYC;TIMP1;CD82;IL15RA;PTGIR;IL2RB;GCH1;CCR7;SEMA4D;GPR132;P2RX7;SLC7A1;IL18;OSM;ICAM1;ITGA5;SLC31A1;PTGER2;RIPK2;ACVR1B;CCRL2;CHST2;IRAK2;IL15;C5AR1;CXCL8;TNFSF9;PTAFR;FPR1;KIF1B;HIF1A;SLC31A2;DCBLD2;SCN1B;CD14;TLR2;LDLR;TNFSF15;CSF3R;SLAMF1;NMUR1;HBEGF;NOD2;NFKBIA;NLRP3;PLAUR,age_changes_B_transitional_02062026
Cholesterol Homeostasis,0.05807265423085097,0.4201780118166488,1.5447041302445528,LSS;ACSS2;LGMN;GSTM2;STARD4;ATF5;CXCL16;ALDOC;SREBF2;IDI1;FADS2;TMEM97;LGALS3;CHKA;CPEB2;SQLE;GNAI1;HSD17B7;ATF3;ABCA2;LDLR;ANXA5;FDFT1;DHCR7;NFIL3;PLAUR;CLU;NSDHL;CYP51A1;HMGCR;ERRFI1;SCD;S100A11,age_changes_B_transitional_02062026
IL-2/STAT5 Signaling,0.07848651872570594,0.3730159340535925,1.4928787803519548,BCL2;FGL2;TNFRSF1B;SERPINB6;P2RX4;CD44;SNX9;IL10RA;CKAP4;COCH;GLIPR2;PLIN2;RORA;PLPP1;PRNP;MYC;HOPX;GBP4;PRKCH;CDC42SE2;MAFF;RHOB;NFKBIZ;GPR65;ENO3;IL2RB;IKZF4;LCLAT1;GPX4;TWSG1;CYFIP1;ABCB1;SYNGR2;BMPR2;MAP3K8;IL2RA;TNFRSF4;PTGER2;ETFBKMT;XBP1;TRAF1;AMACR;PTCH1;AHNAK;FLT3LG;FAH;CST7;SLC29A2;TIAM1;CAPN3;ITGAV;TTC39B,age_changes_B_transitional_02062026
PI3K/AKT/mTOR  Signaling,0.07964173323650449,-0.2255387766180715,-1.4702920359818277,MKNK2;ARPC3;PTEN;NCK1;MAPK1;CFL1;IL2RG;PRKCB;VAV3;GRK2;TSC2;RPS6KA3;STAT2;CSNK2B;RALB;AKT1;LCK,age_changes_B_transitional_02062026
Xenobiotic Metabolism,0.10346955144684615,0.36935593840046543,1.4521601108432496,ACP2;CD36;FBP1;GCLC;ALDH2;CROT;BCAT1;BPHL;RETSAT;NINJ1;ACOX1;UPP1;GCH1;FAS;ABHD6;ENTPD5;NDRG2;CDA;TMEM97;SLC12A4;ALAS1;PGD;PTGDS;FMO1;UPB1;MT2A;TPST1;ELOVL5;TNFRSF1A;DHRS7;TMEM176B;DHRS1;FAH;PYCR1;PTGES3;PPARD;NQO1;LEAP2;NFS1;IRF8;EPHX1;ABCC2;HMOX1;PDLIM5;AKR1C3;ACSM1;NPC1;UGDH;CA2;KYNU;MTHFD1;PEMT;LCAT;ABCD2;PMM1;GSS;SLC35B1;ITIH4;ALDH9A1;CASP6;TMBIM6,age_changes_B_transitional_02062026
Pancreas Beta Cells,0.12327523602033406,-0.3889861737508279,-1.3154707283330236,FOXO1;SRP9;SRPRB;SRP14;ELP4,age_changes_B_transitional_02062026
p53 Pathway,0.12837888790627208,0.3458325795124512,1.4179299794901492,S100A4;DDB2;PVT1;SAT1;S100A10;CCNG1;ISCU;DDIT4;DRAM1;CDKN2A;RPL36;ZBTB16;HINT1;CD82;BAIAP2;RETSAT;VWA5A;EPS8L2;RXRA;FOXO3;NINJ1;UPP1;TSPYL2;SLC19A2;FAS;TXNIP;CDK5R1;BTG1;CTSF,age_changes_B_transitional_02062026
Coagulation,0.16069996268667677,0.3769800895848081,1.3824459745075404,CAPN2;CTSH;SERPINA1;CSRP1;ANXA1;ISCU;LGMN;TIMP1;MAFF;F8;LRP1;CRIP2;CFD;S100A13;F12;SPARC;PRSS23;PROC;CPQ;MST1;CLU;FN1;RABIF;C1QA;RAPGEF3;ANG;LTA4H;CTSK;CASP9;PF4,age_changes_B_transitional_02062026
Myogenesis,0.21056495897003477,0.342274403005899,1.3214530660032242,PRNP;CD36;MYH11;FXYD1;SSPN;PDLIM7;ENO3;CRAT;CNN3;MYLK;CFD;SYNGR2;ACSL1;MAPRE3;SH2B1;SPARC;FOXO4;DMPK;KLF5;DMD;CTF1;PSEN2;DAPK2;TPM2;PYGM;SGCA;HBEGF;MYLPF;NQO1;CLU;ITGB1;AGRN;SH3BGR;AKT2;COL1A1;MYOM1;SVIL;SCD;LSP1;PLXNB2;MYH3;FKBP1B;KCNH2;VIPR1;MYH9;PGAM2;TNNT3;SLC6A8;LARGE1;ADCY9;GNAO1;MYOM2;GAA;AK1;IGFBP7;TNNC2,age_changes_B_transitional_02062026
Apical Surface,0.22650546037883307,0.42140985259721286,1.3352855039140015,CROCC;HSPB1;IL2RB;GHRL;MDGA1;AFAP1L2;DCBLD2;PLAUR;GATA3;TMEM8B;CD160;FLOT2;MAL,age_changes_B_transitional_02062026
Bile Acid Metabolism,0.2285566729965471,0.3527840472432236,1.323465601725272,ATXN1;ABCA5;SLC23A2;CROT;RETSAT;RXRA;SLC23A1;ACSL1;IDI1;FADS2;OPTN;FADS1;EPHX2;ALDH1A1;ABCA6;SLC22A18;AMACR;ABCA2;PEX12;NR3C2;PEX13;PHYH;BCAR3;PEX11G;SOD1;HSD17B11;NPC1;CYP46A1;PEX11A;NUDT12;ABCD2;SLC29A1;ALDH9A1;ABCG8;LONP2;FDXR,age_changes_B_transitional_02062026
Complement,0.2333893611889622,0.3234776365117806,1.3012562822978935,CTSH;CCL5;S100A12;IL6;SERPINA1;CSRP1;ITGAM;CD36;L3MBTL4;GPD2;HSPA1A;LGMN;TIMP1;MAFF;GZMB;FCER1G;F8;LRP1;FCN1;PRDM4;LIPA;CDK5R1;CD59;S100A9;CDA;S100A13;LGALS3;KCNIP2;CTSC;GZMK;RNF4;DOCK9;CPQ;ANXA5;GNGT2;PLAUR;GATA3;CLU;ATOX1;SRC;DGKG;HSPA5;FN1;RABIF;C1QA;PRSS36;RCE1;GRB2;CA2;KYNU;NOTCH4;ANG;CTSS;LTA4H,age_changes_B_transitional_02062026
Fatty Acid Metabolism,0.24680878048111662,0.3289363161054049,1.2861119435356116,LGALS1;S100A10;CD36;ENO2;GPD2;BLVRA;ACOT2;MCEE;SMS;SERINC1;ECI2;BPHL;RETSAT;ENO3;ACOX1;CRAT;G0S2;CPOX;PCBD1;SLC22A5;ACSL1;IDI1;PRDX6;PPARA;FMO1;ALDH1A1;ACADS;HSD17B7;ELOVL5,age_changes_B_transitional_02062026
Angiogenesis,0.3119878599487015,0.4533131206020592,1.244143292256583,S100A4;TIMP1;VCAN;FGFR1;ITGAV;VEGFA,age_changes_B_transitional_02062026
TNF-alpha Signaling via NF-kB,0.32673521078185536,0.3068517481046621,1.247195045184718,CCL5;IL6;SAT1;CD44;SOCS3;BCL2A1;MYC;SGK1;DRAM1;PLPP3;BIRC3;IL23A;ZC3H12A;SIK1;MAFF;RHOB;IL15RA;NINJ1;GCH1;BTG1;TRIP10;SQSTM1;DNAJB4;CCND1;G0S2;IL18;ICAM1;MAP3K8;PANX1;TNFAIP2;RIPK2;FUT4;CCRL2;TNIP1;DUSP4;TNFSF9;TNF;TRAF1;ATF3;RNF19B;CFLAR;STAT5A;TLR2;GEM;LDLR;SPSB1;CEBPD;EGR2;NFKBIE;HBEGF;ZFP36;NFKBIA;NFIL3;FOSL2;PLAUR,age_changes_B_transitional_02062026
Androgen Response,0.3947865389291681,0.30943672390710425,1.1917236721454498,SAT1;PLPP1;SGK1;CENPN;SMS;INPP4B;CCND1;LMAN1;IDI1;ABCC4;PIAS1;GPD1L;SLC26A2;HOMER2;FADS1;CAMKK2;ACTN1;CDC14B;ELOVL5;SEC24D;PGM3;ITGAV;MAP7;HSD17B14;UAP1;MAK;GUCY1A1;HMGCR;CCND3;ACSL3;PDLIM5;SCD,age_changes_B_transitional_02062026
Estrogen Response Late,0.4041502992410999,0.30239209196027733,1.1961234479052292,BCL2;LSR;CD44;SERPINA1;SGK1;NXT1;GALE;RAB31;CHPT1;FLNB;CCND1;S100A9;SLC22A5;SLC16A1;GINS2;TST;SLC26A2;HOMER2;PRSS23;XBP1;ELOVL5;ALDH3A2;SLC2A8;MYOF;TIAM1;CLIC3;WFS1;XRCC3;IMPA2;PDCD4;FDFT1;PLK4;DHCR7;ZFP36;CISH;DNAJC12;ALDH3B1;MEST;MDK;NAB2;ITPK1;LLGL2;MYB;SLC7A5;UGDH;CA2;EMP2;SLC1A4;SLC29A1;PRKAR2B;LARGE1;PERP;FARP1;HSPA4L;PPIF;STIL;GPER1;EGR3;SLC9A3R1;IL6ST;ATP2B4;ABHD2,age_changes_B_transitional_02062026
Glycolysis,0.4163544001809843,0.2989121680990787,1.2009146972243996,CD44;TGFBI;DDIT4;ENO2;IL13RA1;PLOD1;GCLC;SPAG4;GALE;VCAN;GNPDA1;PYGB;AK3;SLC37A4;GLCE;SRD5A3;TPI1;CHPF2;GALK2;XYLT2;B4GALT2;CHST2;TPST1;SLC16A3;GNE;ALDH7A1;TXN;PAXIP1;QSOX1;AURKA;CHPF;PRPS1;PAM;PYGL;NSDHL;ALDOA;BPNT1;HSPA5;GFPT1;AGRN;ERO1A;EXT1;SOD1;NANP;VEGFA;HMMR;P4HA1;SLC35A3;NT5E;ANG;PGAM2;HK2;GYS1;ECD;ALDH9A1;HOMER1;CASP6,age_changes_B_transitional_02062026
Apoptosis,0.45320873703910974,0.2907562968870826,1.1590818014585784,HMGB2;IL6;TSPO;SAT1;CD44;ANXA1;AIFM3;ENO2;BCL2L2;BIRC3;HSPB1;TIMP1;RHOB;RETSAT;PRF1;GCH1;FAS;TXNIP;SQSTM1;GPX4;CCND1;IL18;LGALS3;PSEN2;TNF;BCL2L11;ATF3;PEA15;CFLAR;ERBB2;CD14;TGFBR3;PDCD4;PAK1;CLU;SMAD7;BMF;RNASEL;DAP3;SOD1;HMOX1;CYLD;CDK2;GNA15;KRT18;ANKH;IL1B;CASP9;DDIT3;PPP2R5B;CASP6;CD2;HGF;DIABLO;FDXR;IER3,age_changes_B_transitional_02062026
Hypoxia,0.46055250487309385,0.2917852742106061,1.16425094664106,BCL2;S100A4;IL6;TGFBI;PLIN2;RORA;DDIT4;ENO2;FBP1;MAFF;ALDOC;GAPDH;ENO3;FOXO3;SLC37A4;BTG1;TPI1;SLC2A5;NEDD4L;ATP7A;NDST1;CHST2;MT2A;ATF3;WSB1;PYGM;AMPD3;ZFP36;NFIL3;FOSL2;PLAUR;GBE1;PAM;NDST2;ALDOA;HSPA5;ERO1A;EXT1;ERRFI1;VEGFA;HMOX1;PRKCA;NOCT;P4HA1;MYH9;PGAM2;HK2;GYS1;LARGE1;LXN;DDIT3;CASP6;VHL;EFNA1;MT1E;GAA;AKAP12;IER3;GCNT2;CDKN1C,age_changes_B_transitional_02062026
Estrogen Response Early,0.4715823787096642,0.290512745324076,1.1459672224354704,BCL2;CD44;MYC;MREG;NXT1;RAB31;SLC19A2;MAST4;CHPT1;FLNB;CCND1;SLC22A5;SLC16A1;CELSR1;AQP3;MINDY1;MYBBP1A;SLC26A2;PRSS23;RHOBTB3;XBP1;ELOVL5;TMEM164;PODXL;MYOF;TIAM1;CLIC3;WFS1;MPPED2;ASB13;FDFT1;CANT1;DHCR7;CISH;ISG20L2;ALDH3B1;IGF1R;SVIL;SYBU;ITPK1;MYB;SLC7A5;PEX11A;TGIF2;KRT18;SYNGR1;SLC1A4;SNX24;DHRS3;ADCY9;FARP1,age_changes_B_transitional_02062026
TGF-beta Signaling,0.4910675381263616,-0.20566132441259777,-1.0536209071885156,PMEPA1;SMURF2;FKBP1A;SMAD3;SKIL;CDK9;FURIN;ID2,age_changes_B_transitional_02062026
Myc Targets V1,0.538005325587025,-0.2589277834668826,-1.0,PSMA4;TRIM28;PSMB2;NOP56;HDGF;CCT5;TXNL4A;POLE3;COX5A;PSMD3;HPRT1;PSMD8;C1QBP;FAM120A;PSMA1;HNRNPD;SSBP1;NDUFAB1;TRA2B;SSB;PRPF31;SNRPD3;SRSF2;RPL6;HNRNPA2B1;SYNCRIP;SRSF3;MCM7;PSMA7;RUVBL2;EIF2S2;UBE2L3;SRM;PSMB3;HNRNPA3;YWHAQ;PPM1G;CCT4;SET;SNRPB2;DHX15;EIF3J;SNRPG;PSMA2;APEX1;SERBP1;ABCE1;RANBP1;TARDBP;ERH;RPS10;EIF2S1,age_changes_B_transitional_02062026
Pperoxisome,0.5997191217560178,0.29010394170558634,1.102545797999439,TSPO;ATXN1;SLC23A2;PABPC1;ECI2;RETSAT;ACOX1;CRAT;ABCB1;ACSL1;IDI1;MVP;ABCB9;SLC25A17;NUDT19;FADS1;EPHX2;ALDH1A1;ELOVL5;PEX14;SLC25A4;PEX5;PEX13;ESR2;STS;SOD1;HSD17B11;PEX2;PEX11A;ABCD2;CNBP;DHRS3;ALDH9A1;HMGCL;ACSL4,age_changes_B_transitional_02062026
Adipogenesis,0.640072131968971,0.2689497217973873,1.0842460878351907,RAB34;PLIN2;CD36;GPD2;BAZ2A;COQ3;CD302;SSPN;ALDH2;RETSAT;MGST3;ACOX1;CRAT;GPHN;NABP1;MYLK;CDKN2C;GPX4;SQOR;ARAF;SLC5A6;TST;RETN;AGPAT3;EPHX2;SLC19A1;ACADS;COX8A;RREB1;SULT1A1;DHRS7;SLC27A1;PEX14;FAH;STAT5A;PDCD4;CMPK1;NKIRAS1;DHCR7;PHYH;CD151;RNF11;CPT2;GBE1;ALDOA,age_changes_B_transitional_02062026
IL-6/JAK/STAT3 Signaling,0.6616037677642267,0.2840166172469995,1.0554411186485304,TNFRSF1B;IL6;CD44;SOCS3;CD36;IL13RA1;IL15RA;FAS;IL9R;TYK2;MAP3K8;IL2RA;ACVR1B;TNF;CSF2RB;TNFRSF1A;CD14;TLR2;CSF3R,age_changes_B_transitional_02062026
Allograft Rejection,0.6658425204032088,0.2645677619683614,1.0692446788352301,SRGN;CCL5;IL6;CDKN2A;CD96;STAT4;IL12A;CXCR3;CFP;TIMP1;GZMB;ST8SIA4;BCAT1;NPM1;GPR65;PRF1;IL2RB;CD4;FAS;KLRD1;FCGR2B;IL18;ICAM1;IL2RA;HLA-G;FGR;APBB1;TLR6;RIPK2;CD247;IL16;IL15;TNF;CCR2,age_changes_B_transitional_02062026
KRAS Signaling Dn,0.6856331708587842,0.2785925845449084,1.056563873230558,STAG3;SIDT1;SGK1;WNT16;ZBTB16;CPEB3;TENT5C;NUDT11;MAGIX;ENTPD7;SLC25A23;PDE6B;PLAG1;CACNA1F;C5;CHST2;KLHDC8A;CLSTN3;THNSL2;ARPP21;THRB;KCNN1;PRKN;MYOT;NR6A1;OXT,age_changes_B_transitional_02062026
Reactive Oxygen Species Pathway,0.6928104575163399,-0.17075753490122703,-0.8766244176275172,GLRX;HHEX;LAMTOR5;STK25;PDLIM1;CDKN2D;PRDX1;FES,age_changes_B_transitional_02062026
Hedgehog Signaling,0.7051711836278811,0.3413470227744811,1.0342481356646516,CDK5R1;GLI1;TLE3;CELSR1;NRP2;AMOT;CRMP1;PTCH1,age_changes_B_transitional_02062026
Spermatogenesis,0.723686761996821,0.2745212280079342,1.0130791476820944,CDKN3;DBF4;PARP2;PHF7;JAM3;NF2;SLC2A5;BUB1;PEBP1;ACRBP;CCT6B;SPATA6;MTOR;NPHP1;PSMG1;MAP7;AURKA;DPEP3;ZC2HC1C;IFT88;MLF1;MAST2;TTK;CLPB;HSPA2;ALOX15;HSPA4L;CNIH2;VDAC3,age_changes_B_transitional_02062026
KRAS Signaling Up,0.7243523679161135,0.2615042367084507,1.02035397551255,TNFRSF1B;IL10RA;LAPTM5;FBXO4;BIRC3;CROT;FCER1G;VWA5A;KCNN4;MAFB;PRDM1;G0S2;CAB39L;ABCB1;LY96;F13A1;RETN;PRELID3B;TRAF1;TMEM176B;DCBLD2;SCN1B;FUCA1;HBEGF;MAP7;ZNF277;PLAUR;GUCY1A1;ETV5;IRF8;ERO1A;AKT2;TRIB1;CSF2RA;TPH1;KIF5C;PPBP;CA2;CTSS;MMD;SPON1;ANKH;IL1B;GADD45G;ENG;MAP4K1;PIGR;SPRY2;CBR4,age_changes_B_transitional_02062026
Interferon Gamma Response,0.7917418108501227,0.24085101501248823,0.9838859881507894,FGL2;CCL5;IL6;IL18BP;SOCS3;IL10RA;PELI1;GBP4;STAT4;SSPN;P2RY14;IL15RA;ST8SIA4;UPP1;IL2RB;GCH1;FAS;TXNIP;BTG1;ZNFX1;SLAMF7;ICAM1;MVP;TNFAIP2;LATS2;HLA-G;RIPK2;TOR1B;MT2A;IL15,age_changes_B_transitional_02062026
mTORC1 Signaling,0.8991039021092502,0.22632886565532734,0.9263578653740107,FGL2;CCNG1;DDIT4;LGMN;CFP;GCLC;STARD4;M6PR;BCAT1;GAPDH;MCM4;SLC37A4;SQSTM1;PSAT1;TPI1;PPA1;BUB1;IDI1;HSPA9;POLR3G;FADS2;TMEM97;SYTL2;TBK1;FADS1;SQLE;CTSC;CANX;PIK3R3;PSMD14;PSMG1;XBP1;ELOVL5;UCHL5;HSPE1;LDLR;DDX39A;DHCR7;AURKA;NFIL3;RPA1;GBE1;ALDOA;NUFIP1;HSPA5;CYP51A1;CCNF;HMGCR;ERO1A;ACSL3;SCD;SERP1;MLLT11;RAB1A;P4HA1;SLC7A5;NUP205;MTHFD2L;LTA4H;SLC1A4;RPN1;HK2,age_changes_B_transitional_02062026
Apical Junction,0.9121238919852744,0.23763898874731135,0.9330474271963408,CD99;CTNNA1;TGFBI;PLCG1;BAIAP2;VCAN;CLDN15;CRAT;TSPAN4;NEXN;JAM3;NF2;MADCAM1;ICAM1;THBS3;ATP1A3;AMIGO2;ACTN1;PIK3R3;TRAF1;GNAI1;CTNND1;MAPK11;ITGA10;SRC;MYL9;TMEM8B;PIK3CB;ITGB1;LIMA1;AKT2;LDLRAP1;MDK;NECTIN1;TSC1;KCNH2;VCL;MYH9,age_changes_B_transitional_02062026
heme Metabolism,0.9928634596795755,0.13516364935466318,0.5470832126360435,FECH;EPOR;TSPAN5;BLVRA;GCLC;MGST3;FOXO3;SYNJ1;PRDX2;CPOX;TENT5C;SNCA;MOSPD1;OPTN;AQP3;SLC10A3;SLC30A1;GYPE;ISCA1;MINPP1;NUDT4;ALAD;MBOAT2;RNF123;SLC11A2;CCND3;ARL2BP;FBXO7;ADIPOR1;BSG;ATG4A;CA2;FN3K;SPTA1;SLC6A8;PPP2R5B;CDR2;E2F2;ALDH6A1;GAPVD1;ELL2;NFE2;ADD2;HBB;MPP1;FBXO34;ERMAP;TRAK2;NFE2L1;MYL4;XPO7;EZH1;HEBP1;GCLM;TFRC;GDE1;ABCB6;ABCG2;RANBP10;SMOX;CTSB;LAMP2;NARF;HTATIP2;VEZF1;PPOX;CAST;BLVRB;RCL1;ARHGEF12;CTNS;KHNYN,age_changes_B_transitional_02062026
Wnt-beta Catenin Signaling,1.0,0.1856208203938004,0.6108970736556247,MYC;PSEN2;GNAI1;PTCH1;DLL1;PPARD,age_changes_B_transitional_02062026
UV Response Dn,1.0,0.14281795156010776,0.5555368140413826,MYC;ATXN1;PLPP3;RXRA;INPP4B;SLC7A1;PIK3R3;SLC22A18;PEX14;ERBB2;BMPR1A;TGFBR3;LDLR;SMAD7;IGF1R;MGLL;COL1A1;PDLIM5;PRKCA;ATRN;GRK5;ICA1;PRKAR2B;MT1E;ID1;ACVR2A;ZMIZ1;FZD2;ATP2B4;WDR37;IRS1,age_changes_B_transitional_02062026
Notch Signaling,1.0,0.19799897755655937,0.6120191569621024,CCND1;PSEN2;TCF7L2;DLL1;ST3GAL6;PPARD;APH1A;ARRB1;PRKCA,age_changes_B_transitional_02062026
UV Response Up,1.0,0.2144051405881803,0.853441571410633,IL6;ENO2;SIGMAR1;EIF2S3;RHOB;PARP2;GCH1;CREG1;GGH;BTG1;SQSTM1;ABCB1;ICAM1;NAT1;ALAS1;AQP3;TST;FMO1;CHKA;BCL2L11;SULT1A1;ATF3;HYAL2;TGFBRAP1;SLC25A4,age_changes_B_transitional_02062026
Myc Targets V2,1.0,0.22408171588074427,0.8317631061786593,MYC;NPM1;BYSL;MCM4;UTP20;TMEM97;MYBBP1A;SLC19A1;MAP3K6;MCM5;HSPE1;SLC29A2;PLK4,age_changes_B_transitional_02062026
Mitotic Spindle,1.0,0.1678735509982931,0.6783368703347469,TUBD1;KATNB1;EZR;CCDC88A;LLGL1;PCM1;NET1;BRCA2;TBCD;TUBGCP5;FGD4;FLNB;ALS2;BUB1;CEP131;KIF15;ARHGDIA;ALMS1;KPTN;CEP72;NUSAP1;ECT2;TPX2;CENPE;BCL2L11;KIF1B;INCENP;NDC80;PIF1;SHROOM1;TIAM1;ARHGAP27;RACGAP1;DST;AURKA;TLK1;UXT;PRC1;CNTROB;KIF3B;FLNA;PDLIM5;KIF11;STK38L;ARHGEF11;TSC1;KIF3C;VCL;MYH9;MYH10;TTK;TRIO;FARP1;CENPF;LMNB1;PCGF5;ARHGAP5;WASL;CENPJ;NUMA1;CDC42EP4;MARK4;RASAL2;KNTC1;CDK1;FGD6;AKAP13;MAPRE1;TUBGCP6;GEMIN4;NF1;KIF22;RFC1,age_changes_B_transitional_02062026
Unfolded Protein Response,1.0,0.16768168888849722,0.6584638449274384,DDIT4;EEF2;ERN1;WIPI1;NPM1;TSPYL2;FKBP14;NABP1;PSAT1;HSPA9;ATF6;PDIA5;DNAJA4;ALDH18A1,age_changes_B_transitional_02062026
E2F Targets,1.0,0.18306186690421833,0.7515944734376415,HMGB2;MYC;LIG1;HELLS;CDKN3;CDKN2A;SUV39H1;MAD2L1;DCLRE1B;BRCA2;ANP32E;MCM4;MXD3;RAD1;GINS4;POLA2;CDKN2C;UBE2T;RFC3;TCF19;GINS3,age_changes_B_transitional_02062026
DNA Repair,1.0,0.15087650355609963,0.6093959654222292,DDB2;LIG1;ERCC8;TK2;ZNF707;AK3;TAF6;STX3;POLA2;GPX4;RFC5;RFC3;CDA,age_changes_B_transitional_02062026
Protein Secretion,1.0,0.21385439674146822,0.8255240405302492,RAB5A;ATP1A1;SSPN;M6PR;ANP32E;LMAN1;TMED10;GALC;ATP7A;OCRL;CTSC;KIF1B;BNIP3;SEC24D;SCRN1;YIPF6;VPS45,age_changes_B_transitional_02062026
G2-M Checkpoint,1.0,0.1550712959292106,0.629837997913923,MYC;CDKN3;SUV39H1;MAD2L1;ATF5;BRCA2;DBF4;POLA2;CDKN2C;TRAIP;CCND1;SLC7A1;TLE3;CDC7;BUB1;KIF15;GINS2;NUSAP1;SQLE;MCM6;CHEK1;MT2A;TPX2;CHAF1A;DMD;CENPE;MCM5;INCENP;NDC80;HIF1A;DDX39A;ORC5;RACGAP1;UCK2;PLK4,age_changes_B_transitional_02062026
Myc Targets V2,0.0,-0.5985326246622699,-2.2303990560686375,NOP56;HSPE1;PPAN;HSPD1;BYSL;TBRG4;GNL3;HK2;NDUFAF4;MYC;GRWD1;SRM;RRP9;DDX18;MRTO4;PHB;UTP20;SLC29A2;WDR74;DCTPP1;CDK4,age_changes_CD14_mono_02062026
Coagulation,0.0,0.4818597546445593,2.3421641902109314,ADAM9;CLU;PECAM1;CTSB;MMP14;HTRA1;FURIN;PRSS23;TIMP1;GNB2;F8;LRP1;ANG;SERPINA1;GSN;WDR1;LTA4H;SERPING1;RAC1;C1R;CSRP1;RAPGEF3;PROS1;P2RY1;CTSK;PLAU;CPQ;SPARC;CFH;RABIF;SH2B2;VWF;CAPN2;FN1;CTSO;THBS1;CD9;F12;S100A13;CASP9;CFD;ACOX2,age_changes_CD14_mono_02062026
Myc Targets V1,0.0,-0.47157474933096766,-2.0930363156637184,GSPT1;NOP56;HSPE1;ABCE1;SRSF7;EIF2S1;PSMC4;HSPD1;VBP1;SSB;GNL3;CCT2;MYC;POLD2;KPNA2;HSP90AB1;NME1;PSMC6;TCP1;APEX1;EIF4A1;CCT5;SRM;RRP9;DDX18;PRDX4;PSMA1;G3BP1;PHB;HDAC2;VDAC3;IFRD1;EIF3J;TXNL4A;SRSF2;TYMS;CTPS1;MCM2;YWHAE;BUB3;CCT3;TARDBP;CDK4;SNRPD1;PCNA;COPS5;RANBP1;C1QBP;PSMA4;XPO1;RAN;RFC4;SNRPG;UBE2E1;ODC1;SERBP1;EIF1AX;RPS10;SSBP1;HNRNPD;PSMA2;HDGF,age_changes_CD14_mono_02062026
Complement,0.004508372692142551,0.3684617072082611,1.9651928453613738,L3MBTL4;PIM1;ADAM9;CCL5;CLU;CTSB;MMP14;CR1;GZMB;F5;TIMP1;WAS;RBSN;GRB2;PLSCR1;GNB2;GNG2;F8;PDP1;LRP1;ANG;SERPINA1;ITGAM;LTA4H;PIK3R5;SERPING1;GZMA;ME1;CASP4;RHOG;C1R;CSRP1;CASP5;CALM3;PRCP;PSMB9;DOCK4;S100A12;CXCL1;XPNPEP1;LGALS3;SIRT6;CPQ;CFH;USP15;RABIF;DUSP5;CPM,age_changes_CD14_mono_02062026
IL-6/JAK/STAT3 Signaling,0.005009302991269501,0.4107500915941188,1.8917967562004179,PIM1;HMOX1;STAT3;IL1R2;GRB2;CSF3R;IL1R1;TNFRSF12A;PTPN1;PTPN2;PTPN11;IL17RA;IL15RA;PIK3R5;IL12RB1;IFNGR2;CXCL3;ACVR1B;IL4R;STAT1;CD38;CSF1;CXCL1;TYK2;LTBR;CCL7;MYD88;TLR2;SOCS3,age_changes_CD14_mono_02062026
Interferon Gamma Response,0.009016745384285102,0.33568677852005374,1.772636497743549,VAMP5;IL10RA;PIM1;CCL5;TXNIP;FCGR1A;HIF1A;MT2A;FPR1;STAT3;TAPBP;MVP;UPP1;PLSCR1;ST8SIA4;PTPN1;ARID5B;PTPN2;ADAR;IFITM2;IL15RA;OGFR;PSMB10;CMTR1;PELI1;SERPING1;IFITM3;BATF2;LATS2;GZMA;METTL7B;CASP4;IL4R;STAT1;CD38;C1R;NLRC5;STAT4;PSMB9;CASP8;PSME1;HLA-DMA;RBCK1;CFH;TRIM26;CCL7;IL2RB;ZBP1;MYD88;ZNFX1;TRAFD1,age_changes_CD14_mono_02062026
heme Metabolism,0.009016745384285102,0.34022250716431923,1.785038778471647,CTSB;ADIPOR1;SEC14L1;RIOK3;TCEA1;PRDX2;EIF2AK1;MKRN1;SYNJ1;CAST;ACP5;MPP1;FBXO7;NARF;GDE1;TFDP2;KLF3;RCL1;ATP6V0A1;CIR1;PIGQ;SMOX;PGLS;SLC25A37;MFHAS1;SLC6A8;GMPS;DCAF11;PICALM;FN3K;FBXO9;HEBP1;SLC10A3;HTATIP2;USP15;PDZK1IP1;TRAK2;VEZF1;MBOAT2;MXI1;SLC2A1;TNS1;BNIP3L;SLC7A11;PC;GYPC;SLC30A1;ERMAP;RNF19A;BTRC;BLVRB;KAT2B;XPO7;BLVRA;OPTN;UCP2;BACH1;LRP10;BSG;PSMD9,age_changes_CD14_mono_02062026
Fatty Acid Metabolism,0.009913807229705373,-0.3927070635772681,-1.6555634646226258,CD1D;ACADM;HCCS;IL4I1;HSPH1;SDHD;MDH1;NTHL1;CA2;CCDC58;APEX1;PDHA1;OSTC;ECI2;GPD2;CPOX;ECH1;ECI1;HSD17B7;BCKDHB;HSP90AA1;FH;NBN;ACSM3;SUCLG1;REEP6;RDH11;ACSS1;BPHL;PDHB;HMGCL;MCEE;ODC1;GCDH;RDH16;ACAA1,age_changes_CD14_mono_02062026
Hypoxia,0.010018605982539001,0.33466567284279164,1.723621499362621,PIM1;HMOX1;CAVIN3;MYH9;MT2A;SDC4;SLC25A1;RORA;AK4;MT1E;MAP3K1;NEDD4L;SDC2;ALDOA;NOCT;PGM1;SDC3;SLC6A6;TGM2;HDLBP;MIF;SLC2A5;PFKFB3;GAA;CHST2;VHL;CITED2;FBP1;KDM3A;NDST1;SLC2A3;ZNF292;CDKN1B;PAM;XPNPEP1;GPI;SLC37A4;MXI1;GALK1;GYS1;SLC2A1;BNIP3L;GRHPR;LDHA;NDST2;TPBG;PFKL;LXN;PFKP,age_changes_CD14_mono_02062026
Apoptosis,0.011270931730356377,0.31882386821505015,1.6593336994771064,TXNIP;CLU;HMOX1;DAP;TIMP1;PRF1;BCL2L2;TNFRSF12A;RELA;BCL2L1;APP;TGFBR3;HSPB1;SPTAN1;GSN;F2R;GPX4;IFITM3;IGF2R;GPX3;RHOT2;CASP4;CD38;DNAJC3;CASP2;BCL2L11;CASP8;CDKN1B;GNA15;IL18;LGALS3;DPYD;ERBB2;GSR;MADD,age_changes_CD14_mono_02062026
Angiogenesis,0.011592958351223702,0.4853425613807624,1.6719477789523016,TIMP1;NRP1;VCAN;APP;FGFR1;TNFRSF21;LRPAP1;THBD;JAG1;ITGAV;S100A4;JAG2,age_changes_CD14_mono_02062026
Apical Junction,0.015027908973808502,0.31791562488212405,1.6226496171327007,ADAM9;MYH9;PECAM1;CNN2;SIRPA;ZYX;CD99;MAP3K20;FYB1;NECTIN2;MVD;VCAN;SHC1;CTNNA1;GTF2F1;AKT2;EXOC4;SDC3;ACTN1;ARHGEF6;CRAT;PIK3CB;WASL;ADAM15;SYK;MPP5;B4GALT1;ACTN4;INPPL1;RSU1;MSN;ITGB4;DHX16;FSCN1,age_changes_CD14_mono_02062026
Mitotic Spindle,0.03185916702447402,0.2817901465074328,1.5058578078669884,NET1;MYH9;STAU1;PXN;WASF1;LMNB1;CDC42BPA;PCGF5;SSH2;SPTAN1;GSN;MYO9B;TBCD;FLNA;TUBGCP2;NUMA1;ARHGEF3;RHOT2;WASL;ARHGAP10;DYNC1H1;KIF22;ATG4B;CAPZB;BCL2L11;ARHGAP5;ARHGDIA;ACTN4;ABI1;DOCK4;DYNLL2;CLIP2;PREX1;ARHGAP4;FSCN1;CNTROB;LLGL1;INCENP;MAP1S;CDC42EP4;LATS1;HOOK3;SUN2;NIN;TUBGCP6;RAB3GAP1;SMC1A;KATNB1,age_changes_CD14_mono_02062026
Unfolded Protein Response,0.036879362894503984,-0.3694990906801336,-1.521701146290412,NOP56;SRPRB;EIF2S1;NFYB;DDX10;TTC37;EIF4A1;RRP9;KIF5B;EIF4A3;GOSR2;EXOSC2;DNAJA4;XBP1;IFIT1;ALDH18A1;VEGFA;CKS1B;DKC1;EIF4A2;YIF1A;PAIP1;CNOT4;SLC7A5;SLC1A4;IMP3;PDIA5;PDIA6;LSM1;NOLC1;HERPUD1;PSAT1;CNOT6;EXOSC5;GEMIN4;EIF4E,age_changes_CD14_mono_02062026
Oxidative Phosphorylation,0.046099203618129976,-0.3429433208981992,-1.521922275637946,MTX2;ACADM;CYCS;FXN;HCCS;SDHD;MDH1;CYB5A;PDHA1;NDUFA9;NDUFB8;NDUFB3;MRPS22;ECH1;VDAC3;ATP6V1D;ECI1;SLC25A11;NDUFA8;FH;SUCLG1;ACAT1;LRPPRC;IDH3A;MGST3;TIMM17A;ATP5PO;ETFA;NDUFA7;PDHX;ATP6V1E1;ATP6V1C1;UQCRC2;ATP5F1B;FDX1;NDUFC2;SLC25A20;PDHB;NDUFV2;SLC25A12;TIMM8B;TIMM9;DLAT;ACAA1;ATP5MC3;NDUFS2;COX17;TIMM10;ATP5PF;ACAA2;MRPL15;NDUFS4,age_changes_CD14_mono_02062026
Myogenesis,0.050821655802334206,0.2881867496738493,1.44030909778061,CLU;MYH9;TPM3;PDLIM7;MYL6B;KIFC3;PDE4DIP;RB1;APP;AKT2;SPTAN1;GSN;LSP1;CRAT;ATP6AP1;FOXO4;GPX3;SLC6A8;NCAM1;GAA;PRNP;VIPR1;ACSL1;MEF2D;DAPK2;ITGB4;SPARC;RIT1;PVALB;SH2B1;SYNGR2;TNNI2;CKB;FLII;PC,age_changes_CD14_mono_02062026
Wnt-beta Catenin Signaling,0.051281421033657786,-0.42820774486517527,-1.473949636372319,LEF1;TCF7;MYC;NOTCH4;TP53;HDAC2;KAT2A;AXIN2;FRAT1;NKD1,age_changes_CD14_mono_02062026
Cholesterol Homeostasis,0.06011163589523401,0.31438161250502883,1.402393633605955,CXCL16;CLU;ACSS2;PLSCR1;MVD;TNFRSF12A;TP53INP1;GUSB;FDFT1;SREBF2;ABCA2;LGALS3;TM7SF2;DHCR7;CHKA;STARD4;CD9;PPARG;ETHE1;TMEM97;CPEB2,age_changes_CD14_mono_02062026
Reactive Oxygen Species Pathway,0.06381081348878687,0.338235213914614,1.3853801336078286,CDKN2D;PRDX2;PTPA;HHEX;G6PD;LSP1;GPX4;GPX3;PRNP;MPO;SCAF4;GSR,age_changes_CD14_mono_02062026
Pancreas Beta Cells,0.07496190148461311,-0.5077941224855574,-1.406903142126644,SRPRB;SRP9;LMO2;AKT3;VDR,age_changes_CD14_mono_02062026
Glycolysis,0.07535422928295406,0.26033541859392595,1.3541802683121542,DSC2;QSOX1;MERTK;AK4;PLOD1;ANG;PKM;GUSB;VCAN;LHPP;G6PD;SDC2;ECD;ALDOA;SDC3;TPST1;HDLBP;MIF;PHKA2;PGLS;ME1;PYGB;TGFA;PYGL;CHST2;B4GALT1;CITED2;ZNF292;PAM;AK3;PGAM1;CHPF2;RBCK1;IDUA;GNE;GFPT1;TALDO1;SLC37A4;MXI1;GALK1;GYS1;NANP;PC;LDHA;TPBG;PPIA,age_changes_CD14_mono_02062026
E2F Targets,0.07879545486467127,-0.31817774405611665,-1.4151572686796288,GSPT1;NOP56;STMN1;EIF2S1;TBRG4;MYC;POLD2;KPNA2;NME1;UBE2T;UBE2S;CKS2;CBX5;EED;TP53;RPA2;PRDX4;IPO7;DCK;RFC3;LYAR;NBN;SRSF2;CTPS1;DCTPP1;BIRC5;RPA3;MCM2;CKS1B;CDK4;PCNA;CSE1L;RANBP1;XPO1;DIAPH3;RAN;AK2;CENPM;MYBL2;DLGAP5;RPA1;GINS3;SMC3;PPP1R8;HNRNPD;KIF4A;ZW10;TUBG1;ASF1A;MAD2L1;CDC20;SRSF1;NOLC1;SNRPB,age_changes_CD14_mono_02062026
Xenobiotic Metabolism,0.08275368541577216,0.2604312747990892,1.331720822074275,CYP27A1;HMOX1;MT2A;PGD;AQP9;BCAT1;PTGDS;UPP1;GNMT;IL1R1;MAN1A1;PGRMC1;ABCC3;SLC6A6;DHRS1;PSMB10;TPST1;PMM1;CBR1;SMOX;ELOVL5;FBP1;PROS1;DDAH2;ATP2A2;PPARD,age_changes_CD14_mono_02062026
Adipogenesis,0.0929851867754401,0.24959888280486126,1.3054785289939095,BAZ2A;CDKN2C;RAB34;RIOK3;SLC25A1;CD302;RNF11;BCL2L13;ADIPOR2;ALDOA;PGM1;COX8A;NABP1;GPX4;PEX14;CRAT;APLP2;BCL6;PFKFB3;GPX3;ME1;TKT;UQCRC1;GPAT4;STOM;UBQLN1;RMDN3;RREB1;CMPK1;PIM3;TALDO1;ABCA1;UQCR11;DHCR7;CD151;ELOVL6;PPM1B;PFKL;PEMT;ACOX1;SULT1A1;G3BP2;SLC27A1;NDUFB7;ELMOD3;PPARG;CS;PHYH;ACADS;ARAF,age_changes_CD14_mono_02062026
Inflammatory Response,0.12322885358522973,0.2481754691598231,1.265730108547984,IL10RA;CD82;CCL5;HIF1A;MSR1;FPR1;MMP14;AQP9;TAPBP;TIMP1;MARCO;CSF3R;IL1R1;RNF144B;RELA;BEST1;IL15RA;P2RX4;PIK3R5;IFNGR2;ACVR1B;IL4R;RHOG;CHST2;IL10;CSF1;ABI1;GNA15;IL18;ATP2A2;EMP3;CCL7;IL2RB;SCN1B;ABCA1;TLR2;ADRM1;ICOSLG;TPBG;CD40,age_changes_CD14_mono_02062026
p53 Pathway,0.12673536567911833,0.24317967095033238,1.2552806456212056,GM2A;CD82;TXNIP;HMOX1;TCN2;DDB2;SERTAD3;UPP1;CDKN2A;ZFP36L1;RB1;APP;F2R;DRAM1;VWA5A;CCNG1;PMM1;SEC61A1;ACVR1B;TGFA;COQ8A;RAB40C;RAP2B;STOM;RRP8;ZBTB16;ANKRA2;ITGB4,age_changes_CD14_mono_02062026
UV Response Dn,0.12863890081580076,0.25247981636019223,1.2376913108664125,CDC42BPA;NRP1;SCAF8;MT1E;PIAS3;PTGFR;TGFBR3;SDC2;SIPA1L1;PEX14;PRKCE;CITED2;AMPH;SYNE1;PRKAR2B;CDKN1B;APBB2;DLC1;ADD3;ERBB2;ATP2B4;LAMC1;ICA1;PHF3;SLC22A18;AGGF1;YTHDC1;CELF2;PTPRM;PPARG;TGFBR2;WDR37;ANXA4;ADORA2B,age_changes_CD14_mono_02062026
Epithelial Mesenchymal Transition,0.1287654516282118,0.2451262135795501,1.245040349211748,SDC4;MMP14;QSOX1;HTRA1;TIMP1;ANPEP;LRP1;TPM4;PLOD1;EFEMP2;TNFRSF12A;AREG;VCAN;TGFBR3;TGM2;FLNA;COLGALT1;SLC6A8;IL32;CXCL1;PCOLCE;SPARC;LAMC1;EMP3,age_changes_CD14_mono_02062026
DNA Repair,0.1690754760266116,-0.30516274196912896,-1.305471166897063,BOLA2;UPF3B;NME1;GTF2H5;POLR2H;TP53;RPA2;EIF1B;ADA;NUDT9;SNAPC5;ALYREF;TSG101;PNP;TAF10;RFC3;PDE6G;CMPK2;TAF12;ZNRD1;TYMS;CETN2;ADCY6;RPA3;GTF2H3;PCNA;POLR2K;PDE4B;RFC4;ERCC4;CSTF3;DAD1;RBX1;POLR1C,age_changes_CD14_mono_02062026
Bile Acid Metabolism,0.18534421067697152,0.2519122211188027,1.1805598340930117,HSD3B7;CYP27A1;AQP9;SLC23A2;GNMT;CH25H;GSTK1;ABCA2;SULT1B1;ACSL1;PEX16;PEX26;ABCA1;SLC22A18;ABCD1;NEDD4;LONP2;ABCA6;PHYH;PXMP2;HSD17B11;ALDH9A1;OPTN;PRDX5;PEX13,age_changes_CD14_mono_02062026
mTORC1 Signaling,0.18639760102251499,-0.2906573419896754,-1.280369249785679,ABCF2;HSPE1;EEF1E1;GOT1;PSMC4;HSPD1;HK2;CYB5B;CTSC;LGMN;PSMC6;PNO1;RRP9;NMT1;XBP1;PNP;ATP6V1D;PRDX1;ACTR3;IFRD1;PSMA3;MCM2;TOMM40;SKAP2;RDH11;COPS5;PSMA4;DAPP1;MLLT11;CACYBP;CXCR4;FDXR;RPA1;PITPNB;PSMB5;SLC7A5;HMGCR;SLC1A4;SLC1A5;POLR3G;TUBG1;NUPR1;USO1;UCHL5;STIP1;LDLR;EGLN3;PSMC2;SCD;GLRX;SORD,age_changes_CD14_mono_02062026
TNF-alpha Signaling via NF-kB,0.21797266738767082,-0.2827618329990931,-1.2484953945200155,IL7R;SLC2A6;CCL4;GCH1;MYC;NFKB1;GADD45B;PTX3;PMEPA1;TNFRSF9;CXCL10;HES1;TNFAIP8;MARCKS;IFIH1;NR4A1;TNF;IL23A;NFKBIE;TIPARP;RCAN1;PTGER4;IER3;VEGFA;IL1B;IL1A;CFLAR;NFE2L2;LIF;PDE4B;SERPINB2;PHLDA2;BIRC3;IER5;ACKR3;MSC;PLK2;CCL20;RNF19B;TANK;IL6ST;IFIT2;TNFAIP3;EFNA1;KLF2;LDLR;CCRL2,age_changes_CD14_mono_02062026
Notch Signaling,0.22535886343525713,-0.37430664636871974,-1.2329705082889635,ST3GAL6;TCF7L2;LFNG;HES1;KAT2A;RBX1;DTX1,age_changes_CD14_mono_02062026
IL-2/STAT5 Signaling,0.2487464359453348,-0.27198955321900486,-1.197885651776697,LTB;RABGAP1L;RHOH;IKZF2;CD79B;BATF3;HK2;IL3RA;MYC;GADD45B;CD81;IGF1R;ITGA6;TNFRSF9;CXCL10;CA2;NT5E;SOCS1;CTSZ;XBP1;SLC29A2;PNP;CAPN3;IRF8;CDKN1C;LCLAT1;CD48;TIAM1;SCN9A;FAH;ICOS,age_changes_CD14_mono_02062026
Apical Surface,0.25785604622493813,-0.36435960877634005,-1.2036482212028203,TMEM8B;LYPD3;IL2RG;MAL;GHRL;DCBLD2,age_changes_CD14_mono_02062026
G2-M Checkpoint,0.2581194900534199,-0.267161956774436,-1.1822610652228294,GSPT1;STMN1;KIF23;MNAT1;MYC;KPNA2;HIRA;UBE2S;MARCKS;CKS2;RPA2;MTF2;KIF5B;G3BP1;FBXO5;SLC38A1;SMC2;CASP8AP2;RBM14;SRSF2;SLC7A1;BIRC5;MCM2;CKS1B;BUB3;DKC1;CDK4;SNRPD1;CENPA;XPO1;MYBL2;KATNA1;DTYMK;ODC1;PURA;E2F4;HNRNPD;NDC80;AMD1;SLC7A5;KIF4A;CDC6;CHAF1A;TTK;MAD2L1;PRMT5;CDC20;SRSF1;NOLC1,age_changes_CD14_mono_02062026
Spermatogenesis,0.2669217491997946,-0.28726371304520504,-1.147953532878174,NEFH;CAMK4;RPL39L;POMC;VDAC3;HSPA1L;ZC3H14;HSPA2;ALOX15;SIRT1;RFC4;PEBP1;STRBP;PCSK4;MLF1;RAD17;TTK;CSNK2A2;NPHP1;LDHC;TULP2,age_changes_CD14_mono_02062026
Allograft Rejection,0.27075826889599613,-0.2679450842807052,-1.1549372582903559,CD79A;LTB;ETS1;CD1D;ABCE1;CD3D;CD8B;CCL4;IL2RG;NME1;MAP4K1;TRAT1;LCK;LY75;MRPL3;CD3G;HDAC9;SOCS1;ITGAL;TNF;UBE2N;IRF8;EIF3J;IGSF6;ITK,age_changes_CD14_mono_02062026
KRAS Signaling Up,0.27889342247566606,-0.2673909642818258,-1.1595986384904131,RABGAP1L;ETS1;JUP;IL7R;FUCA1;IL2RG;WDR33;ST6GAL1;CXCL10;CA2;MAP4K1;LAT2;C3AR1;HDAC9;TSPAN13;IRF8;GNG11;TLR8;DCBLD2;IL1B;PLVAP;LIF;GUCY1A1;PLAT;PRDM1;BIRC3;GADD45G;CXCR4;TRIB2;MMP9;CCL20;CSF2RA;TNFAIP3;CBL;GLRX;MALL;TMEM158;CLEC4A;TPH1;CBR4;KCNN4;TRAF1;PTGS2;SEMA3B;RGS16;AKAP12;MPZL2;PTCD2;ADAM8;IKZF1;ADGRA2;YRDC;EVI5,age_changes_CD14_mono_02062026
Estrogen Response Early,0.3055824350966887,-0.26016554752884,-1.1165120097529164,ABLIM1;FCMR;BCL11B;MYC;IGF1R;FAM102A;RASGRP1;AQP3;TGIF2;HES1;MYB;SLC39A6;TBC1D30;XBP1;PMAIP1;TIPARP;AKAP1;RARA;RPS6KA2;RETREG1;DEPTOR;TIAM1;ABCA3;SNX24;FHL2;CELSR1;SLC26A2;OPN3;SLC7A5;SLC1A4;SVIL;IL6ST;SIAH2;SLC16A1,age_changes_CD14_mono_02062026
PI3K/AKT/mTOR  Signaling,0.34825545578434486,0.22775384654662845,1.0745345365568217,MKNK1;DUSP3;GSK3B;GRB2;YWHAB;PTPN11;RAC1;ARF1;AKT1S1;ARHGDIA;TBK1;CDKN1B;RIT1;PPP1CA;MYD88;SLC2A1;CALR;RPS6KA1;GRK2;CFL1;AP2M1;NOD1;RAF1;ACACA;PLCB1;PDK1;PAK4;ECSIT;CAB39L;ARPC3,age_changes_CD14_mono_02062026
Estrogen Response Late,0.35151645263281156,0.21086143401792012,1.0798602003141702,RAB31;NAB2;ITPK1;PRSS23;ALDH3B1;ABHD2;AREG;SERPINA1;JAK1;PRLR;FDFT1;NCOR2;ELOVL5;NRIP1;FKBP5;DNAJC1;PRKAR2B;SLC9A3R1;ADD3;ATP2B4;AMFR;SNX10;CKB;PERP;RNASEH2A;MDK;OLFM1;DHCR7;CELSR2;TPBG;ST6GALNAC2;SLC22A5;SGK1;PTPN6;BLVRB;BATF;CD9,age_changes_CD14_mono_02062026
TGF-beta Signaling,0.36304923429225705,0.25304512828317327,1.0632298340122521,RAB31;FURIN;PPM1A;KLF10;RHOA;HIPK2;IFNGR2;NCOR2,age_changes_CD14_mono_02062026
UV Response Up,0.43491881748644307,0.2011514269731271,1.013660167832708,HMOX1;GRINA;MMP14;SELENOW;FURIN;ARRB2;MGAT1;RPN1;YKT6;ALDOA;POLE3;GPX3;SLC6A8;PRPF3;NXF1;BCL2L11;AP2S1;EIF2S3;CREG1;STARD3;PDAP1;PPT1;CLTB;OLFM1;CHKA;PPP1R2;TGFBRAP1;EPHX1;SULT1A1;PARP2,age_changes_CD14_mono_02062026
Protein Secretion,0.4447105063249331,0.2149815963766063,1.0170023547745126,ARFIP1;YKT6;NAPA;ERGIC3;RAB5A;IGF2R;ARF1;AP3B1;VAMP7;ADAM10;RAB14;AP2S1;VAMP3;GBF1;PAM;STX16;ICA1;SEC24D;ABCA1;PPT1,age_changes_CD14_mono_02062026
Interferon Alpha Response,0.452640618291112,0.21453554915043957,1.0204712550542738,TXNIP;PLSCR1;GBP2;ADAR;IFITM2;OGFR;CMTR1;IFITM3;BATF2;TENT5A;IL4R;PSMB9;CSF1;CASP8;PSME1;NUB1;MVB12A;TRIM26;TRAFD1;TMEM140;GBP4;CD74;UBA7;PSME2;PARP9,age_changes_CD14_mono_02062026
KRAS Signaling Dn,0.5021163110805231,-0.24831204886702943,-1.0068149927937429,TCL1A;RYR1;LFNG;LYPD3;VPS50;RSAD2;IFI44L;TGM1;CD40LG;ENTPD7;NUDT11;SKIL;SERPINB2;GPRC5C;MAGIX;SIDT1;TCF7L1;OXT;MX1;SLC25A23;TAS2R4;PTPRJ,age_changes_CD14_mono_02062026
Hedgehog Signaling,0.6593583062956772,-0.282925672687824,-0.9199585743342897,RTN1;AMOT;CDK6;VEGFA;TLE1;CDK5R1;CELSR1,age_changes_CD14_mono_02062026
Androgen Response,0.836839845427222,0.1826489736845993,0.8435026532900687,MERTK;HPGD;ABHD2;ARID5B;ACTN1;ELOVL5;XRCC6;B4GALT1;FKBP5;ACSL3;GSR;SEC24D;SMS;ADRM1,age_changes_CD14_mono_02062026
Pperoxisome,0.8689902664438108,-0.19593886880820793,-0.7863190520747224,SLC25A17;SLC25A19;ECI2;EPHX2;ECH1;PRDX1;HRAS;CTPS1;RDH11;PEX6;HMGCL;ABCD2;ACAA1;PEX2;ABCB9;CLN8;YWHAH;SLC35B2;ACSL5;SOD2,age_changes_CD14_mono_02062026
Interferon Alpha Response,0.0,-0.5121415027975507,-1.9903957188085097,CXCL10;IFI27;USP18;IRF9;SELL;SAMD9;PSMA3;CCRL2;NMI;PARP14;HERC6;EPSTI1;LPAR6;SAMD9L;CASP1;RSAD2;CD47;IFI44L;IFIH1;OASL;IRF7;GMPR;IFI44;TDRD7;IFI30;CMPK2;OAS1;MX1;IFI35;CNP;ISG15;BST2;IFIT3;LAP3;PROCR;IRF1;LGALS3BP;IFIT2;DDX60;DHX58;EIF2AK2,age_changes_CD16_mono_02062026
Wnt-beta Catenin Signaling,0.023058341263450702,-0.4984985764175199,-1.6393696914248113,LEF1;TCF7;NOTCH4;CCND2;WNT5B;AXIN1;PSEN2;MYC;ADAM17;TP53;FRAT1;HDAC5;MAML1;PPARD;GNAI1,age_changes_CD16_mono_02062026
Myc Targets V2,0.027328404460386015,-0.4423904855186128,-1.5948490602634344,PPAN;HSPE1;TBRG4;HK2;SRM;BYSL;NDUFAF4;DDX18;NOP56;SLC19A1;DUSP2;HSPD1;MYC;MAP3K6;GNL3;NOP16;PPRC1;WDR74;NIP7;PLK1;SLC29A2;PHB,age_changes_CD16_mono_02062026
Hypoxia,0.03602084950648775,0.3203015827448534,1.615614178272016,MT2A;MT1E;CITED2;PGM1;MYH9;NOCT;DDIT4;HDLBP;ADM;SDC3;SLC6A6;TES;ALDOA;FBP1;GPI;IRS2;LDHA;MIF;GRHPR;CDKN1B;SLC2A3;TGM2;PDK3;SLC25A1;CDKN1A;RORA;GYS1;MXI1;ADORA2B;SLC37A4;XPNPEP1;PDK1;PFKFB3;VHL;KLHL24;TGFBI;PIM1;FOSL2;IDS;NR3C1;DDIT3;NDST1,age_changes_CD16_mono_02062026
Apical Junction,0.04020184096706222,0.31956225173184727,1.5669604005387674,VCAN;ADAM9;ZYX;PECAM1;MYH9;CNN2;B4GALT1;RSU1;CRAT;CD86;SDC3;CD99;SHC1;MSN;INSIG1;MVD;ADAM15;NECTIN2;ICAM1;CTNNA1;THBS3;MAP3K20;EXOC4;WASL;SIRPA;ARHGEF6;GTF2F1;TGFBI;AKT2;TSC1;BAIAP2;BMP1;PIK3CB;EVL;ACTN4,age_changes_CD16_mono_02062026
Xenobiotic Metabolism,0.04020184096706222,0.32953801277372763,1.630687578374378,BCAT1;MT2A;PTGES;ID2;PGD;ETS2;ELOVL5;VNN1;MTHFD1;SLC6A6;UPP1;FBP1;CYFIP2;ALDH9A1;CAT;RETSAT;PAPSS2;PEMT;KYNU;AQP9;AHCY;CYP27A1;PTS;ALDH2;PTGDS;SHMT2;PSMB10;TMBIM6;DHRS1,age_changes_CD16_mono_02062026
Glycolysis,0.05145835643783964,0.3252670904885896,1.6367808321515642,VCAN;CITED2;PKP2;PYGB;QSOX1;PKM;B4GALT1;PYGL;DDIT4;HDLBP;SDC3;PLOD1;ALDOA;PRPS1;ALDH9A1;IRS2;LDHA;MIF;GNE;GUSB;HS2ST1;PDK3;ECD;NANP;PHKA2;GOT2;GYS1;RBCK1;MXI1;ADORA2B;MERTK;SLC37A4;PGLS;LHPP;GFPT1;TGFBI,age_changes_CD16_mono_02062026
KRAS Signaling Up,0.06289803089085719,-0.36166247935624063,-1.4917870523344456,C3AR1;IL7R;IL1B;JUP;ETS1;HDAC9;CXCL10;GLRX;CA2;IL2RG;RABGAP1L;CLEC4A;IKZF1;GNG11;LAT2;CCND2;GUCY1A1;LY96;CSF2RA;YRDC;TRIB2;SEMA3B;WDR33;ADAM17;DUSP6;MAP4K1;EVI5;TSPAN13;ADAM8;PLVAP,age_changes_CD16_mono_02062026
Allograft Rejection,0.06968743137398434,-0.34574569435413854,-1.4635626557079513,LTB;CD79A;IL1B;CD3D;ETS1;HDAC9;LCK;IL2RG;CD7;CD3G;CCL4;CD247;NCK1;CAPG;IGSF6;IFNAR2;TAP2;IFNGR1;UBE2N;CD3E;PRKCB;CD47;CD1D;CCND2;CD8B;ABCE1;EIF3J;CRTAM;IRF7;C2;AKT1;CD96;LY86;CCND3;CD40LG;SIT1;TGFB1;MAP4K1;ITK;GALNT1;BRCA1;LY75;IKBKB;TLR1;TRAT1,age_changes_CD16_mono_02062026
Angiogenesis,0.07397138737939447,0.4921021720216081,1.6440734444909901,VCAN;TIMP1;APP,age_changes_CD16_mono_02062026
IL-2/STAT5 Signaling,0.07404289583485836,-0.34065088376134167,-1.4375846347872199,LTB;CTSZ;CD81;CXCL10;CA2;RABGAP1L;SELL;BMPR2;CAPG;CD79B;CAPN3;CISH;LRRC8C;CDKN1C;TNFSF10;IFNGR1;RHOH;CD48;ITGA6;DENND5A;CCND2;HK2;TNFRSF8;BATF3;P2RX4;RRAGD;CCND3;EEF1AKMT1;XBP1;UMPS;LRIG1;SPRED2;ENO3;LCLAT1;MYC;PDCD2L;IGF1R;TTC39B;PRKCH;PNP;CCNE1;ADAM19;BATF;AGER;BCL2;NT5E;F2RL2;IKZF2;TIAM1;PLPP1;SCN9A;GSTO1,age_changes_CD16_mono_02062026
Cholesterol Homeostasis,0.08297659975601641,0.3262377205184575,1.3893780033197882,LGALS3;TP53INP1;CXCL16;ACSS2;ETHE1;HMGCS1;GUSB;MVD;PDK3;SREBF2;ABCA2;CYP51A1;EBP;TM7SF2;FDFT1;CLU;IDI1;SQLE;STARD4;SCD;CHKA;CTNNB1;ALDOC;TMEM97,age_changes_CD16_mono_02062026
Notch Signaling,0.08586487080008785,-0.45768160405566566,-1.405699064484656,HES1;ST3GAL6;LFNG;ARRB1;RBX1;PSENEN;PSEN2,age_changes_CD16_mono_02062026
Complement,0.08898007467376437,0.2704986544854774,1.392410832143505,CCL5;LGALS3;S100A12;GNG2;PDP1;LTA4H;GZMB;ADAM9;L3MBTL4;RBSN;TIMP1;C1QA;C3;C1QC;WAS;ITGAM;KLK1;CASP9;F5;LCP2;LRP1;KYNU;USP15;CTSB;CPQ;S100A9;DOCK4;CSRP1;PLEK;GNB2;GZMA;RABIF;GATA3;CALM3;PRSS3,age_changes_CD16_mono_02062026
Pancreas Beta Cells,0.09076019325086011,-0.5402194163958806,-1.3874325197944368,LMO2;SRP9;FOXO1;AKT3;DPP4;SRPRB;STXBP1,age_changes_CD16_mono_02062026
p53 Pathway,0.0908561605855606,0.2772466344410303,1.4066504212476534,ZBTB16;CCNG1;TXNIP;DDB2;SESN1;SERTAD3;TOB1;DDIT4;CDKN2A;UPP1;STOM;CYFIP2;PVT1;APP;MDM2;SLC19A2;RETSAT;PIDD1;CCNK;MAPKAPK3;TSPYL2;DNTTIP2;SEC61A1;CDKN1A;GM2A;NUDT15;AEN;FDXR;VWA5A;PLXNB2;TSC22D1;ZFP36L1;LDHB;CDKN2B;VAMP8;FAS,age_changes_CD16_mono_02062026
Mitotic Spindle,0.09878166637621001,0.2776139424247944,1.4163796268875364,FLNA;MYH9;TUBGCP2;SSH2;TBCD;NET1;WASF1;TUBGCP5;SUN2;CENPE;ATG4B;ARHGDIA;DYNC1H1;ARHGEF3;ARHGAP5;UXT;ARHGAP4;PXN;SPTAN1;PCGF5;CDC42EP4;KIF22;RASAL2;NIN;MAP1S;LLGL1;DOCK2;DOCK4;KATNB1;RFC1;LMNB1;NUMA1;HOOK3;DYNLL2;EZR;MYO9B;CDC42BPA;WASL;CENPF;MAPRE1;ARHGAP29;CNTROB;TSC1;KIFAP3;BCR;FLNB;CCDC88A;CKAP5;ACTN4;MAP3K11;ARAP3,age_changes_CD16_mono_02062026
Apoptosis,0.12979451512222942,0.2611743277266448,1.2880881587405444,LGALS3;IL18;TXNIP;PRF1;TIMP1;GPX3;BCL2L2;HMGB2;EMP1;APP;EGR3;GPX4;RETSAT;CASP9;IFITM3;CDKN1B;DPYD;CDC25B;RHOB;CDKN1A;SPTAN1;DNAJC3;MADD;FDXR;EBP;ANXA1;TGFBR3;HSPB1;MCL1;FAS;DAP;MGMT;CASP4;CLU;GADD45A;DDIT3;CASP2;SOD2;HMOX1;EREG;IGFBP6;PPT1;CTNNB1;RELA;PEA15;BNIP3L;PTK2;PAK1,age_changes_CD16_mono_02062026
Coagulation,0.13186203837196409,0.36539448281405423,1.6663595949737924,LTA4H;ADAM9;PECAM1;TIMP1;C1QA;C3;THBS1;SIRT2;CASP9;LRP1;CTSB;CPQ;CSRP1;PLEK;ANXA1;GNB2;WDR1;RABIF;USP11;RAC1;CLU;CTSH;BMP1;F8,age_changes_CD16_mono_02062026
IL-6/JAK/STAT3 Signaling,0.13800844252494937,-0.35031952906178365,-1.3267106256863552,LTB;IL1B;CXCL10;IL2RG;IRF9;PDGFC;TNFRSF1A;IFNGR1;CD9;JUN;CSF2RA;CD36;TGFB1;ITGB3;IL6ST;CSF2RB;IRF1,age_changes_CD16_mono_02062026
Adipogenesis,0.1387891248155194,0.2489459708898054,1.2904714468495868,PGM1;RAB34;RIOK3;CD302;TOB1;CDKN2C;CRAT;GPX3;C3;CS;STOM;ALDOA;RTN3;ABCA1;CAT;GPX4;RETSAT;RNF11;TKT;BCL2L13;PEMT;PHYH;ADIPOR2;SLC25A1;RMDN3;NDUFB7;APLP2;ALDH2;CMPK1;ITGA7;STAT5A;CD151;PFKFB3;BAZ2A;COX6A1;ACOX1;COX8A;GPAT4;PEX14;UQCRC1;GADD45A;PIM3;GPHN;SCP2;ACLY;BCL6;BCKDHA;NDUFA5;IDH3G;COQ3;MGLL;DNAJC15;RETN;CCNG2;FAH;QDPR;UBQLN1;DNAJB9,age_changes_CD16_mono_02062026
Fatty Acid Metabolism,0.1399024065653765,0.2682912468722011,1.3003108123080291,GLUL;PCBD1;ELOVL5;VNN1;SUCLG2;CRAT;ALDOA;SMS;UROS;ALDH9A1;RETSAT;DLST;LDHA;MIF;GRHPR;HMGCS1;ACADVL;ADIPOR2;D2HGDH;BCKDHB;PTS;ALDH1A1;HSD17B11;PRDX6;SERINC1;ACOT2;ACOX1;IDI1;UGDH;PSME1;ALDH3A2;ERP29,age_changes_CD16_mono_02062026
Epithelial Mesenchymal Transition,0.15262080716222892,0.2655888112924123,1.3006925839333778,VCAN;FLNA;QSOX1;ID2;TIMP1;PLOD1;THBS1;ANPEP;AREG;INHBA;LRP1;TGM2;RHOB;PCOLCE;EMP3;IL32;IL15;TGFBR3;PPIB;FAS,age_changes_CD16_mono_02062026
TGF-beta Signaling,0.17467974526022986,-0.3680319545083792,-1.2866289690535921,ID3;BMPR2;CDKN1C;TGFBR1;FNTA;SKIL;TRIM33;SMURF2;PMEPA1;SLC20A1;SMAD7;BCAR3;TGFB1;XIAP;SMURF1,age_changes_CD16_mono_02062026
TNF-alpha Signaling via NF-kB,0.17528002661639128,0.2405946383620045,1.233252919861357,CCL5;EGR2;IL18;MAP3K8;ID2;PER1;REL;KLF10;B4GALT1;ETS2;SGK1;GPR183;CLCF1;CEBPD;KLF9;ABCA1;EGR3;IRS2;PHLDA1;RELB;AREG;INHBA;SLC2A3;KYNU;RHOB;CDKN1A;EGR1;ICAM1;PLEK;TRIB1;STAT5A;TSC22D1;NFAT5;MCL1;RIPK2;CXCL2;PFKFB3;SOCS3;TNIP1;HBEGF;ICOSLG;FOSL2,age_changes_CD16_mono_02062026
Oxidative Phosphorylation,0.17784813215235587,-0.2961433607699632,-1.2614300080961056,COX17;ACADM;CYCS;TIMM17A;ATP5MC3;SDHD;ATP5PF;MRPL15;MTX2;NDUFA9;ECI1;SLC25A11;NDUFB8;ATP6V1D;NDUFC2;ATP5PO;ATP6V1E1;FXN;ECH1;NDUFA8;VDAC3;MGST3;ATP5F1B;MTRF1;PDHB;ACAA2;NDUFA7;TIMM8B;NDUFS2;HCCS;ATP5F1C;MRPS22;NDUFB3;SLC25A20;SUCLG1;PDHA1;MRPL34;ATP6V0E1;DECR1;MRPL35;BAX;CASP7;SDHB;SUCLA2;ETFA;NDUFB2;ATP6V1C1;FH;NDUFS6;IDH2,age_changes_CD16_mono_02062026
Myc Targets V1,0.17901657671806268,-0.30059253727779434,-1.2709693252358931,GSPT1;HSPE1;PSMC6;TARDBP;HDGF;EIF2S1;YWHAE;COPS5;SNRPG;SSB;KPNA2;PSMA4;HNRNPD;EIF4A1;PSMA1;VDAC3;PRDX4;ABCE1;SRM;EIF1AX;EIF3J;CCT5;SNRPB2;TXNL4A;RAN;DDX18;NOP56;VBP1;HSPD1;PSMA2;SRSF2;TCP1;MYC;PTGES3;PSMA7;GNL3;PCNA;PSMD7;SET;UBE2E1;EIF4E;NOP16;PSMD14;RPS10;ORC2;SRSF7;SRPK1;NAP1L1,age_changes_CD16_mono_02062026
Androgen Response,0.1828915751728217,0.2726735709503286,1.2364338099912546,ARID5B;B4GALT1;FKBP5;ELOVL5;SGK1;CENPN;FADS1;SMS;HMGCS1;ELL2;INSIG1;PTK2B;ADRM1;TSC22D1;XRCC6;MERTK;VAPA,age_changes_CD16_mono_02062026
Interferon Gamma Response,0.1868091647756387,-0.2898247819554163,-1.234084174732656,LYSMD2;CXCL10;BANK1;IFI27;USP18;IRF9;SECTM1;GPR18;PSMA3;NMI;TNFAIP2;NFKB1;PARP14;HERC6;IFNAR2;EPSTI1;TNFSF10;SAMD9L;CASP1;RSAD2;IFI44L;IFIH1;OASL;IRF7;XAF1;GCH1;OAS3;IFIT1;IFI44;TDRD7;IFI30;PSMA2;CMPK2;MX2;EIF4E3;MX1;NUP93;IFI35;PNP;P2RY14;ISG15;CASP7;BST2;IFIT3;CSF2RB;LAP3;IRF1;LGALS3BP;TNFAIP3;IFIT2;BPGM;DDX58;DDX60;DHX58;EIF2AK2;AUTS2,age_changes_CD16_mono_02062026
mTORC1 Signaling,0.19229175300455864,0.23372078522573614,1.1993752725962632,BCAT1;CCNG1;LTA4H;PGM1;ELOVL5;DDIT4;FADS1;SLC6A6;TES;RPN1;ALDOA;HSP90B1;GPI;TCEA1;LDHA;CALR;HMGCS1;INSIG1;PPA1;SLC2A3;CANX;ADIPOR2;CDKN1A;PDAP1;PSME3;FDXR;YKT6;CYP51A1;SHMT2;EBP;SLC9A3R1;GSK3B;ACACA;SLC37A4;TM7SF2;PDK1;GMPS;UBE2D3;IDI1;CFP;SQLE;ADD3;SSR1;STARD4;SCD;DDIT3;FKBP2;SORD;ACLY;PPIA;ATP2A2;ACSL3;TFRC;TMEM97;HSPA4;SEC11A;ETF1;NFKBIB;P4HA1;ITGB2;RRP9;QDPR;FADS2,age_changes_CD16_mono_02062026
PI3K/AKT/mTOR  Signaling,0.19250758757383454,-0.31525037887291363,-1.2404404621059957,CAMK4;LCK;IL2RG;NCK1;TNFRSF1A;PTEN;MAPK9;UBE2N;PRKCB;ACTR3;AKT1;PLCG1;PAK4;CAB39;MAPK1;SLA;HRAS;RPS6KA3;EIF4E;DAPP1;ITPR2;THEM4,age_changes_CD16_mono_02062026
DNA Repair,0.19277965150793602,0.24495046785105384,1.211579029970895,CLP1;DDB2;HCLS1;POLR2A;NUDT21;VPS28;POLR1D;GPX4;DGCR8;LIG1;DCTN4;GUK1;SUPT5H;VPS37B;MRPL40;MPC2;ELL;POLD4;SEC61A1;POLR2E;SSRP1;TMED2;ADRM1;POLR2C;ERCC3;USP11;STX3;POLL;POLR3GL;GTF3C5;POLR3C;AAAS;MPG;GTF2F1;POLR2J;POLD1,age_changes_CD16_mono_02062026
heme Metabolism,0.1977930575579461,0.23656805681940765,1.2016283875828324,PRDX2;RIOK3;NUDT4;EIF2AK1;C3;UROS;ADIPOR1;CAT;TCEA1;MKRN1;GYPC;ELL2;TFDP2;CAST;BSG;MINPP1;USP15;CTSB;FBXO9;FBXO7;SEC14L1;SIDT2;MXI1;DCAF11;SYNJ1;AQP3;ISCA1;PGLS;TRAK2;KAT2B;GMPS;YPEL5;NARF;RNF123;HEBP1;VEZF1;GDE1;NR3C1;FN3K;TRIM58;KLF3;ACP5;XPO7;MPP1,age_changes_CD16_mono_02062026
Inflammatory Response,0.22088182905106996,-0.2863876329079109,-1.20019113127159,C3AR1;FFAR2;CCR7;IL7R;IL1B;CXCL10;LCK;PTGIR;KCNJ2;LPAR1;SELL;CCRL2;NMI;CALCRL;NFKB1;ATP2B1;TNFSF10;NOD2;LTA;CD48;SLC31A2;EDN1;IRF7;RASGRP1;GCH1;P2RX4;MYC;SLAMF1;SLC31A1;PTAFR;ITGB3;OSM;TLR1;GNAI3;PSEN1;BST2;SEMA4D;ITGA5;SGMS2;IRF1,age_changes_CD16_mono_02062026
Estrogen Response Early,0.2383165132527448,0.23462904683465569,1.1612430053816827,PTGES;RAB31;GAB2;KLF10;B4GALT1;FKBP5;ELOVL5;TOB1;ALDH3B1;NADSYN1;EGR3;SLC19A2;ZNF185;ITPK1;PAPSS2;AREG;TGM2;MYBL1;SH3BP5;ASB13;OLFM1;SCNN1A;NRIP1;SLC9A3R1,age_changes_CD16_mono_02062026
Apical Surface,0.25928273050375744,0.30775005999728605,1.1427679068961227,B4GALT1;FLOT2;APP;ADIPOR2;ADAM10;HSPB1;GATA3,age_changes_CD16_mono_02062026
Bile Acid Metabolism,0.2969147166463347,0.2405142340211993,1.0966776754261993,CH25H;FADS1;ABCA1;ALDH9A1;CAT;RETSAT;EFHC1;PHYH;AQP9;CYP27A1;GSTK1;FDXR;ABCA2;ALDH1A1;HSD17B11;PEX11G;IDI1;SULT1B1;GNMT;LONP2;PEX16;SCP2,age_changes_CD16_mono_02062026
Hedgehog Signaling,0.2995037152046135,0.32208127748072823,1.1020226583143242,MYH9;ETS2;TLE3,age_changes_CD16_mono_02062026
Reactive Oxygen Species Pathway,0.3125256158656836,0.26562769932263314,1.1020736217815967,PRNP;PRDX2;GPX3;CAT;GPX4;CDKN2D;PTPA,age_changes_CD16_mono_02062026
Estrogen Response Late,0.3167905068204503,0.22609187070563516,1.1071600717400434,PTGES;RAB31;ID2;FKBP5;ELOVL5;TOB1;SGK1;ALDH3B1;EGR3;ITPK1;PAPSS2;AREG;PLK4;NAB2;GPER1;DNAJC1;OLFM1;SCNN1A;SNX10;NRIP1;S100A9;SLC9A3R1,age_changes_CD16_mono_02062026
Spermatogenesis,0.32659578361759756,-0.29656016046500955,-1.1294408745616853,NEFH;POMC;CAMK4;RPL39L;TLE4;VDAC3;LPIN1;HSPA1L,age_changes_CD16_mono_02062026
E2F Targets,0.3316342634852117,0.2046220822458094,1.0736249856198472,TUBB;HUS1;HMGB3;PTTG1;CDKN2C;NUDT21;CDKN2A;EZH2;PRPS1;HMGB2;ATAD2;CENPE;LIG1;CDKN1B;PLK4;CDC25B;CDKN1A;JPT1;KIF22;POP7;MXD3;ILF3;NAA38;SSRP1;RFC1;LMNB1;TMPO;SHMT1;XRCC6;UBR7;PSIP1,age_changes_CD16_mono_02062026
KRAS Signaling Dn,0.3411428842088039,-0.2891129231394342,-1.1110817061491174,RYR1;TCL1A;LFNG;SKIL;RSAD2;IFI44L;PTPRJ;EDN1;CD40LG;CPEB3;TGM1;GPRC5C;MX1;PLAG1;TCF7L1;MAGIX;PDE6B;ITGB1BP2;NRIP2;KCND1;CKM;SELENOP;PDK2;PRKN;NR6A1;MAST3;IGFBP2;SLC25A23;SERPINB2;BARD1,age_changes_CD16_mono_02062026
Protein Secretion,0.3896302868244756,0.22502791078155965,1.0422197101606474,VAMP3;ABCA1;RAB5A;ATP1A1;ERGIC3;NAPA;TMED10;ADAM10;CD63;STX16;VAMP7;YKT6;AP2B1;RAB14;TMED2;SGMS1;ARFIP1;SEC24D;STX12;COPE;GBF1;ARF1;SEC31A;PPT1;SCRN1,age_changes_CD16_mono_02062026
UV Response Dn,0.39937657440707236,0.21982533760153936,1.0315747877473962,MT1E;CITED2;CELF2;TOGARAM1;SIPA1L1;PIAS3;CDKN1B;INSIG1;MAP2K5;BCKDHB;TGFBR3;SYNE1;CACNA1A;ADORA2B;CDC42BPA;MGMT;MIOS;KCNMA1;PEX14;ADD3;DLC1;NR3C1;ANXA4;SDC2;PRKCE;NR1D2;SRI;PIK3CD;PMP22;MGLL;PHF3;FYN;ARHGEF9,age_changes_CD16_mono_02062026
Unfolded Protein Response,0.444554032031253,-0.2561554352105515,-1.0364201074796644,GOSR2;KIF5B;EIF2S1;NFYB;CNOT6;BANF1;DNAJA4;EIF4A1;IFIT1;XBP1;NOP56;YIF1A;SPCS3;LSM1;EIF4A3;DDX10;NFYA;TATDN2;EIF4E,age_changes_CD16_mono_02062026
Myogenesis,0.45081512698236664,0.21027707121452388,1.0028855121103397,PRNP;MYH9;CRAT;GPX3;SIRT2;APP;DMPK;PDE4DIP;FOXO4;SYNGR2;CDKN1A;SPTAN1;TPM3;MEF2C;ATP6AP1;PLXNB2;ITGA7;PDLIM7;FLII;RB1;HBEGF;CLU;AKT2;SCD;SH2B1;TNNI2,age_changes_CD16_mono_02062026
UV Response Up,0.452256626731409,-0.25739690613890764,-1.0444771071472991,DNAJA1;CA2;GLS;PLCL1;CDC34;CDKN1C;HYAL2;DGAT1;E2F5;NAT1;POLG2;RASGRP1;GCH1;CCND3;AMD1;CYB5B;CCNE1;CNP;PRKACA;PPIF;IL6ST;HSPA2;HLA-F;BID;HTR7;POLR2H;SLC6A8;KLHDC3;IRF1;STK25;MARK2;ATP6V1C1;WIZ;RRAD;RXRB;NFKBIA;STIP1;TUBA4A;ALAS1;EIF5;SLC25A4,age_changes_CD16_mono_02062026
Pperoxisome,0.7301320059536881,-0.22225003962246165,-0.8659978633869125,SLC25A19;SLC35B2;PRDX1;CTBP1;ECH1;PEX6;EPHX2;ITGB1BP1;TOP2A;CLN8;MLYCD;HRAS;PEX13;ACOT8,age_changes_CD16_mono_02062026
G2-M Checkpoint,0.7426579313373838,-0.20959864049384697,-0.8790288279715438,GSPT1;E2F4;KIF5B;MARCKS;UBE2S;KPNA2;CKS2;HNRNPD;KMT5A;CASP8AP2;SLC38A1;RBM14;CTCF;DR1;E2F3;TOP2A;SRSF2;RACGAP1;AMD1;MYC;SFPQ;MAPK14;TGFB1;PURA;HIRA;CUL3;TOP1;DTYMK;CKS1B;PRPF4B;STMN1;AURKA;NDC80;UBE2C;PLK1;TRA2B;KIF23;STIL;ARID4A;DKC1;CHAF1A;CHMP1A;CDC27;PAFAH1B1;ORC6;RPA2;MTF2;CCND1;CDC7,age_changes_CD16_mono_02062026
IL-2/STAT5 Signaling,0.0,0.5356344539585125,2.270945865315401,CST7;PTGER2;AHNAK;PHLDA1;SERPINB6;HOPX;IL10RA;BHLHE40;ADAM19;TNFRSF1B;RORA;KLF6;PRNP;GLIPR2;IL2RB;CAPG;SYT11;XBP1;MYO1C;TNFRSF4;CTLA4;GALM;TRAF1;ALCAM;GPR65;BATF;BCL2;P4HA1;IFNGR1;RABGAP1L;IL2RA;ANXA4;IL18R1;CSF1;AHR;CCR4;CD44;MAP3K8;PHTF2;FLT3LG;NDRG1;TIAM1;TNFRSF18;SYNGR2;CD79B;GPX4;COL6A1;PLEC;CDC42SE2;PIM1;NFIL3;BCL2L1;UCK2;AMACR;SLC39A8;CCNE1;SOCS2;PLPP1;NFKBIZ;FGL2;CD86;LRIG1;IRF4;GABARAPL1;CCND3;F2RL2;SELP;RNH1;SLC1A5;P2RX4;CISH;ITGAV;PRKCH;BATF3;CTSZ,age_changes_CD4_ISGhi_02062026
TGF-beta Signaling,0.0,-0.47412654874611654,-2.2611991903438167,NOG;ID2;ID3;SKIL;TGFBR1;APC;TRIM33;PPM1A;FKBP1A;SMURF2;SMAD7;SKI;BMPR2;CDK9;HIPK2;PMEPA1;XIAP;SPTBN1;FURIN,age_changes_CD4_ISGhi_02062026
Interferon Alpha Response,0.0,-0.43393587729044386,-2.404034110716139,ISG15;USP18;IFI44L;SELL;IRF9;LGALS3BP;SP110;IRF7;RSAD2;SAMD9L;SAMD9;EPSTI1;IFI44;UBE2L6;PLSCR1;MX1;EIF2AK2;SLC25A28;PARP14;IFI35;NMI;DDX60;OAS1;HLA-C;PARP9;LY6E;RTP4,age_changes_CD4_ISGhi_02062026
Epithelial Mesenchymal Transition,0.00044861250560765636,0.5269704969533986,2.1091006921238518,LGALS1;TIMP1;ITGB1;IGFBP3;VIM;GLIPR1;ENO2;IL32;FLNA;TGFBR3;FAS;CAPG;EMP3;PLOD3;TPM4;DST;IL15;PFN2;SAT1;CD44;PPIB;CADM1;LRP1;WIPF1;VCAN;TGFBI;SGCB;TPM1;ACTA2;MAGEE1,age_changes_CD4_ISGhi_02062026
Coagulation,0.0008972250112153127,0.5036049943113796,1.9248360129210722,TIMP1;CAPN2;ANXA1;CPQ;CFH;CLU;CRIP2;CTSH;DPP4;CSRP1;SERPINA1;PDGFB;PLEK;LRP1;LTA4H;F12;CTSK;F8;PLAT;APOA1;CTSB;GNB2;SPARC;WDR1;F2RL2;ITGA2;GSN;PRSS23;CFD;ARF4;ADAM9;THBS1;PREP;C1R;CTSO;GP1BA;ISCU;ANG;MAFF;MST1;FN1;BMP1;A2M;PF4;SH2B2;S100A13,age_changes_CD4_ISGhi_02062026
Apoptosis,0.0011963000149537502,0.46599650213516,1.9426008680740525,TSPO;TIMP1;LMNA;ANXA1;LGALS3;HMGB2;CLU;ENO2;CASP1;BIRC3;TGFBR3;FAS;CD2;BAX;ATF3;IFNGR1;F2R;TXNIP;BCAP31;SAT1;SOD1;CDKN1B;CD44;GNA15;CASP8;SOD2;KRT18;CDKN1A;CFLAR;SQSTM1;GPX4;IGFBP6;PLAT;SPTAN1;PRF1;PSEN2;MADD;BCL2L1;RNASEL;PLCB2;RHOT2;TOP2A;TAP1;HMOX1;TNF;RETSAT;ISG20;FASLG,age_changes_CD4_ISGhi_02062026
TNF-alpha Signaling via NF-kB,0.0025421375317767193,0.4313503401215975,1.819913682750144,CCL5;PHLDA1;RIPK2;BHLHE40;KLF6;BIRC3;GPR183;TNIP1;TRAF1;IL15RA;ZFP36;ATF3;SAT1;TANK;DUSP4;CSF1;CD44;KLF9;CCL4;PANX1;MAP3K8;PLEK;SLC16A6;SOD2;CLCF1;CDKN1A;CFLAR;MSC;SQSTM1;SERPINB8;TRIB1;ZC3H12A;TIPARP;PHLDA2;ICOSLG;NFIL3;B4GALT5;G0S2;ICAM1;PLAUR;DUSP1;PDE4B;TAP1;LITAF;SDC4;TNF;DRAM1;CCL20;PER1;BCL2A1;CD69;CEBPD;TNFAIP2;PDLIM5,age_changes_CD4_ISGhi_02062026
Complement,0.0026916750336459377,0.4308458396374779,1.8338659574696057,CCL5;TIMP1;CPQ;CFH;LGALS3;GATA3;ANXA5;CLU;CASP1;GZMK;SPOCK2;CTSH;DPP4;VCPIP1;S100A9;CSRP1;SERPINA1;F5;PDGFB;CTSS;GCA;S100A12;PLEK;LRP1;APOBEC3G;XPNPEP1;LTA4H;PDP1;WAS;F8;PLAT;RBSN;PIK3R5;PRKCD;CD36;PIM1;PLAUR;LIPA;CTSB;APOBEC3F;PRCP;GNB2,age_changes_CD4_ISGhi_02062026
Inflammatory Response,0.0034892083769484383,0.42020144772864565,1.7494765716962823,CCL5;PTGER2;TIMP1;RIPK2;IL10RA;TNFRSF1B;KLF6;GPR183;IL2RB;EMP3;CD82;CD70;ACVR2A;IL15RA;SRI;IL15;IL18R1;CSF1;AHR;GNA15;NLRP3;TAPBP;KIF1B;CDKN1A;KCNA3;CD40;PIK3R5;BEST1;OSM;ICOSLG;BST2;ICAM1;PLAUR;TLR3;FPR1;IL18RAP;CXCL8;CSF3R;C5AR1;PDE4B;CYBB;PROK2;NOD2;GNAI3;PTAFR;CCL20;SEMA4D;CD69;P2RX4;TPBG;LTA;IRAK2,age_changes_CD4_ISGhi_02062026
Protein Secretion,0.0037010531712631653,0.44099751540231913,1.753735462291857,CD63;TPD52;ANP32E;DST;ARF1;M6PR;AP2B1;TMED10;SOD1;AP3S1;TMED2;STAM;KIF1B;ARFIP1;RAB9A;COPE;KRT18;VAMP3;MON2;SEC24D;GOLGA4;ARFGAP3;SNX2;AP2M1;AP3B1;LMAN1,age_changes_CD4_ISGhi_02062026
Cholesterol Homeostasis,0.004037512550468907,0.46036868159536976,1.7260857927286015,LGALS3;ANXA5;CLU;S100A11;ANTXR2;ALCAM;ATF3;PMVK;SREBF2;FABP5;ABCA2;ACSS2;NFIL3;PLAUR,age_changes_CD4_ISGhi_02062026
Hypoxia,0.004101600051270001,0.4234673949339291,1.7691546944941556,S100A4;IGFBP3;DDIT4;ANXA2;BHLHE40;ENO2;TPD52;RORA;KLF6;IDS;CITED2;ZFP36;BCL2;ATF3;PFKP;P4HA1;GAPDH;PDGFB;CDKN1B;NR3C1;TPI1;TGFBI;XPNPEP1;NDRG1;NEDD4L;CDKN1A;FAM162A;SLC6A6;LDHA;TIPARP;PIM1;NFIL3;PLAUR;MIF;PFKL;MYH9;DUSP1;ALDOA;PGK1;GRHPR;HMOX1;SDC4;ISG20;UGP2;JMJD6,age_changes_CD4_ISGhi_02062026
Allograft Rejection,0.005245315450181827,0.39624330786762213,1.6755132031362625,CCL5;TIMP1;STAT4;SRGN;RIPK2;NCF4;TPD52;FLNA;FAS;CDKN2A;IL2RB;CAPG;CD2;ACVR2A;GPR65;MAP4K1;CCR2;IFNGR1;F2R;IL2RA;IL15;CXCR3;GCNT1;CSF1;CTSS;NLRP3;CCL4;IL2;MAP3K7;TAPBP;IL12RB1;CD96;DEGS1;WAS;CD74;IFNG;CD40;SPI1;CCR5;PRF1;ICOSLG;ICAM1;KRT1;CD4;TLR3;IL18RAP;FGR;CD86;TAP1;HLA-DRA;IRF4;TNF;ZAP70;NCK1;FASLG;GZMB,age_changes_CD4_ISGhi_02062026
Myogenesis,0.005458118818226485,0.4106400852588941,1.6809374952579035,ITGB1;IGFBP3;FXYD1;BHLHE40;CLU;SORBS3;PRNP;FHL1;MYO1C;TPM3;GNAO1;CDKN1A;ATP6AP1;SYNGR2;PTP4A3;SPTAN1;NQO1;CD36;LPIN1;PSEN2;PDE4DIP;MAPRE3;MYH9;KCNH2;SPARC;SVIL;AGL;DMPK;DAPK2;ADAM12;TNNC1;PC;GSN;TPM2;TAGLN;CFD;WWTR1;RYR1;FLII;IGFBP7;ADCY9;TNNC2;PYGM;FKBP1B;AKT2;CACNA1H;CKB;MYH11;PDLIM7;COL6A3;ERBB3;CNN3;MAPK12;PFKM;GAA;ITGB4;SH3BGR;CTF1;AK1;MEF2C;SH2B1;MYLPF,age_changes_CD4_ISGhi_02062026
Reactive Oxygen Species Pathway,0.005872745527954773,0.4711905941489808,1.6844132090145791,PRNP;PRDX6;TXN;PFKP;PRDX2;PRDX4;SOD1;GCLM;SOD2;PRDX1;GPX4;NQO1;CDKN2D,age_changes_CD4_ISGhi_02062026
Angiogenesis,0.007177800089722502,0.6020696276609595,1.646194383571248,S100A4;TIMP1;VCAN;LRPAP1,age_changes_CD4_ISGhi_02062026
Myc Targets V1,0.007525870178739417,-0.3092309337634881,-1.8503762760455869,EEF1B2;RACK1;RPL22;RPS5;PSMA2;NOP56;GNL3;SET;RPL6;TRIM28;SRSF3;CCT2;RPLP0;RPS6;PSMA4;RPS10;EIF4A1;HDGF;RPL18;APEX1;C1QBP;HNRNPA2B1;SERBP1;CYC1;HDDC2;RPS2;EIF3J;RPL34;RPL14;NPM1;NCBP2;NME1;CCT5;LSM2;RPS3;DDX21;TXNL4A;PHB;HNRNPD;HDAC2;DHX15;EIF3B;SRM;CCT3,age_changes_CD4_ISGhi_02062026
p53 Pathway,0.013722264877410663,0.3668949948862606,1.5642257834945152,S100A4;S100A10;STOM;DDIT4;PERP;CASP1;FAS;CDKN2A;DDB2;CCNG1;CGRRF1;AEN;CD82;RPS27L;BAX;ATF3;F2R;TXNIP;EPS8L2;SAT1;UPP1;GLS2;TOB1;ZBTB16;NDRG1;CDKN1A;PMM1;FAM162A;PHLDA3;VAMP8;XPC;VWA5A;PROCR;HINT1;ZNF365;POLH;RCHY1;TAP1;HMOX1;RETSAT;PVT1;DRAM1;GM2A;CSRNP2;CCND3;SLC3A2,age_changes_CD4_ISGhi_02062026
Estrogen Response Late,0.013936895174211188,0.3796708848106482,1.577223316321086,DYNLT3;LSR;PERP;MICB;XBP1;BATF;ZFP36;S100A9;BCL2;SERPINA1;FABP5;ELOVL5;CD44;SLC7A5;FKBP5;WFS1;TOB1;TIAM1;SLC1A4;DNAJC1;AFF1;NBL1;TJP3;ATP2B4;LLGL2;SLC22A5;IMPA2;TOP2A;ABCA3;TMPRSS3;NAB2;ISG20;TNNC1;SLC9A3R1;RAB31;TPBG;XRCC3;CISH;PRSS23;FARP1;ABHD2;ARL3;HSPA4L;RPS6KA2;SLC2A8;SCARB1;MAPT;PTPN6;SLC27A2;RBBP8;CACNA2D2;PLK4;DCXR;TST;CKB;METTL3;SNX10;SLC29A1;JAK2;CA2;CDH1;ADD3;CCND1;RNASEH2A;HOMER2;EGR3;IL17RB;ALDH3B1,age_changes_CD4_ISGhi_02062026
Adipogenesis,0.014131293926641173,0.36715308022969473,1.570105448134019,DHRS7;STOM;APLP2;RAB34;LTC4S;IDH3G;MGST3;IFNGR1;REEP5;TANK;SOD1;RTN3;DNAJB9;BAZ2A;TOB1;CD151;NABP1;RNF11;GPX4;COX8A;ATP1B3;CD36;QDPR;ELOVL6;UBC;GPHN;PEMT;PFKL;NDUFA5;SQOR;CHCHD10;ALDOA;GRPEL1;MGLL;YWHAG;PHYH;CD302;UQCR11;RETSAT;ITSN1;GPAT4;ACLY;CAVIN1;SLC1A5;MDH2;LIPE;ESYT1;SLC19A1;SCARB1;HADH;SDHB;ACO2;ADIPOR2;RETN;RMDN3;SLC25A1;ACOX1;UQCRC1;SOWAHC;TST;COX6A1;CS,age_changes_CD4_ISGhi_02062026
UV Response Dn,0.015103287688791095,0.38567192927920096,1.547962728803214,INPP4B;ANXA2;BHLHE40;TGFBR3;SFMBT1;ATXN1;ACVR2A;CITED2;SRI;KALRN;ANXA4;GCNT1;CDKN1B;NR3C1;ATRX;PIAS3;ATP2B4;BMPR1A,age_changes_CD4_ISGhi_02062026
Pperoxisome,0.019077837080578225,0.38891173230397447,1.5224314943778736,TSPO;GSTK1;ATXN1;IDE;YWHAH;ELOVL5;SLC25A4;ACSL5;SOD1;CADM1;SOD2;PRDX1;ABCD2;ESR2;TOP2A;ITGB1BP1;ABCB9;MVP;HSD17B11;RETSAT;ALDH1A1;FADS1;PEX13;ERCC3;ACOT8;SLC27A2;CNBP;PEX11A;ACOX1;DHCR24;EHHADH;ISOC1,age_changes_CD4_ISGhi_02062026
Apical Surface,0.021704300271303753,0.4585947116239833,1.5013440029567027,GATA3;CRYBG1;IL2RB;GSTM3;MAL;FLOT2;PLAUR;TMEM8B;AFAP1L2,age_changes_CD4_ISGhi_02062026
Fatty Acid Metabolism,0.021982012774775163,0.36105833700460566,1.5049642880275709,LGALS1;S100A10;GLUL;ENO2;PRDX6;LTC4S;IDH3G;PCBD1;BLVRA;YWHAH;ERP29;ELOVL5;ACSL5;HSDL2;LDHA;CD36;G0S2;MIF;SLC22A5;IL4I1;D2HGDH;ALDOA;GRHPR;MGLL;GABARAPL1;ACSM3;TP53INP2;HSD17B11;RETSAT;CBR3;ALDH1A1,age_changes_CD4_ISGhi_02062026
Estrogen Response Early,0.03629682999916492,0.34755733426323254,1.44946920082546,SH3BP5;DYNLT3;BHLHE40;MICB;XBP1;BCL2;ELOVL5;CD44;SLC7A5;FKBP5;WFS1;TOB1;ELF1;ENDOD1;MYBL1;KRT18;TIAM1;SLC1A4;AFF1;NBL1;TJP3;TIPARP;NADSYN1;GAB2;SNX24;SLC22A5;ABCA3;TMPRSS3;LRIG1;SVIL;AQP3;SYNGR1;SLC9A3R1;DEPTOR;KRT8;RAB31;TPBG;CISH;PMAIP1;PRSS23;FARP1;ABHD2;ARL3;MUC1;ZNF185;RPS6KA2;SCARB1;MAPT;ADCY9;SLC27A2;RBBP8;PEX11A;B4GALT1,age_changes_CD4_ISGhi_02062026
IL-6/JAK/STAT3 Signaling,0.03932186136108848,0.3775359162740193,1.437742808464888,TNFRSF1B;FAS;IL15RA;PTPN1;IFNGR1;IL2RA;IL18R1;CSF1;CD44;MAP3K8;IL12RB1;STAT3;IL9R;PIK3R5;CD36;PIM1;LEPR;CSF3R;HMOX1;TNF,age_changes_CD4_ISGhi_02062026
Oxidative Phosphorylation,0.05117591721542804,-0.2184660137679456,-1.4497372821963566,LDHB;SLC25A5;ATP5PO;NDUFB8;ATP5F1E;ATP5F1C;TIMM8B;UQCRH;FXN;SLC25A6;NDUFC2;TIMM13;UQCRB;COX4I1;CYC1;TIMM10;BDH2;ATP5MG;NDUFA9;ATP5ME;COX7C;NDUFA7;ETFB;ATP5MC3;ATP5MC1;SURF1;NDUFB6;SDHD;ECI1;COX6C;MRPS11;UQCRC2;MTRF1;NDUFA2;ACAA2;MDH1;COX7A2L;SLC25A11;MTX2;NDUFB1;NDUFS2;COX15;ATP6V1D;ACADM;SUPV3L1;CYCS;PDHX;TIMM9;HSD17B10;ATP5PF;AIFM1,age_changes_CD4_ISGhi_02062026
Myc Targets V2,0.05832549388523048,-0.28963805776150897,-1.4694511811516895,PPAN;NOP56;GNL3;NPM1;IPO4;PHB;SRM;WDR43;TBRG4;MRTO4;TFB2M;EXOSC5;SUPV3L1;DCTPP1;NOP16;TMEM97;RRP12,age_changes_CD4_ISGhi_02062026
mTORC1 Signaling,0.06635726645446582,0.323209814705199,1.379664648613827,DDIT4;BHLHE40;CCNG1;XBP1;TBK1;P4HA1;SSR1;UFM1;M6PR;GAPDH;ELOVL5;EGLN3;CANX;SLA;SLC7A5;FKBP2;TPI1;LTA4H;PSMC2;CDKN1A;HSP90B1;PRDX1;SLC1A4;SQSTM1;SLC6A6;LDHA;ASNS;QDPR;NFIL3;ARPC5L;MCM4;ELOVL6;PSMD12;NFYC;PFKL;ACACA;RPN1;ALDOA;FGL2;PSMG1;PGK1;PSME3,age_changes_CD4_ISGhi_02062026
Wnt-beta Catenin Signaling,0.06773283160865474,-0.3129346698501822,-1.3843337196732275,TCF7;LEF1;KAT2A;FRAT1;MAML1;HDAC2;TP53;NKD1;NOTCH1;GNAI1;NCOR2,age_changes_CD4_ISGhi_02062026
Androgen Response,0.06854799085684989,0.3482788504515956,1.37188503303855,INPP4B;TPD52;CDC14B;ELOVL5;SAT1;DNAJB9;FKBP5;ARID5B;NDRG1;MAF;SEC24D;TMEM50A;IQGAP2;GPD1L;PLPP1;UBE2J1;LMAN1;GNAI3;PA2G4;ELL2;PIAS1;CCND3;KRT8;ITGAV;PDLIM5;XRCC6;ABHD2;NKX3-1;AKAP12;FADS1,age_changes_CD4_ISGhi_02062026
KRAS Signaling Up,0.07022511145473696,0.3292922341778089,1.3655236568970541,PRDM1;NAP1L2;CFH;PCSK1N;IGFBP3;IL10RA;TNFRSF1B;ADAM8;BIRC3;KIF5C;TRAF1;MAP4K1;RABGAP1L;CTSS;WNT7A;LCP1;CAB39L;TRIB1;PLAT;GALNT3;VWA5A;CDADC1;G0S2;PLAUR;AMMECR1;HSD11B1;ACE;CLEC4A;KCNN4;CCL20;PPBP,age_changes_CD4_ISGhi_02062026
Interferon Gamma Response,0.0858677566289025,0.3108455406990712,1.339980567914318,CCL5;STAT4;CFH;RIPK2;IL10RA;ZBP1;CASP1;HLA-DRB1;FAS;IL2RB;IL15RA;PTPN1;PFKP;SRI;TXNIP;IL15;UPP1;IRF5;CIITA;TAPBP;ARID5B;CASP8;ITGB7;SOD2;CDKN1A;STAT3;CD74;CD40;VAMP8;PIM1;SLAMF7;BST2;P2RY14;ICAM1;IL18BP;NOD1;FPR1;RIPK1;FGL2;PDE4B;CD86;TAP1;IRF4;MVP;ISG20;SECTM1;APOL6;TRIM26;PSMB2;OASL;CD69;PELI1;SELP;CD274;PSMB9;TNFAIP2,age_changes_CD4_ISGhi_02062026
Bile Acid Metabolism,0.09621964775446974,0.3350915739697458,1.3207620099097173,GSTK1;ATXN1;OPTN;NR3C2;ACSL5;SOD1;PEX16;GCLM;ABCA2;ABCD2;NPC1;APOA1;HACL1;AMACR;ABCA3;ABCA5;PHYH;HSD17B11;RETSAT;ALDH1A1;LIPE;FADS1;PEX26;PEX13;SLC27A2;HSD17B6;NUDT12;PEX11A;DHCR24;ISOC1;SLC29A1;SLC22A18;PFKM;PEX12;BCAR3;FDXR;CH25H;SCP2;ALDH9A1;RXRA;PIPOX;ABCG8,age_changes_CD4_ISGhi_02062026
heme Metabolism,0.097733438721668,0.3156965962187239,1.3233459354754433,CAST;TENT5C;FBXO7;OPTN;HTATIP2;MGST3;BLVRA;PRDX2;RNF19A;DMTN;NR3C1;HAGH;LRP10;KAT2B;ARL2BP;GCLM;ENDOD1;FN3K;ANK1;PICALM;E2F2;TSPAN5;MKRN1;ASNS;SLC10A3;KHNYN;CTSB;ACSL6;AQP3;PIGQ;TMEM9B;ERMAP;SLC25A37;ELL2;CCND3;SNCA;CDC27,age_changes_CD4_ISGhi_02062026
Mitotic Spindle,0.10715857383948217,0.3055552658517213,1.3038545611945944,ARHGAP5;TBCD;FLNA;ACTN4;ARHGDIA;PCGF5;VCL;DST;EZR;PREX1;SUN2;CEP57;KIF1B;TIAM1;CLIP1;INCENP;KIF20B;PXN;TUBGCP6;SPTAN1;PRC1;RHOT2;ALMS1;TUBGCP5;TOP2A;MYH9;ABR;DYNC1H1;NF1;BRCA2;KIF11;NCK1;ITSN1;KIF3C;KLC1;CDK1;TPX2;CDC27;CKAP5;NUSAP1;LLGL1;BUB1;FSCN1;PDLIM5;GSN;FARP1;KIF5B;CNTROB;ALS2;NDC80;NEDD9;CENPJ;TRIO;ARHGEF12;STAU1;ARFIP2;ARHGAP10;ARAP3;KIF22;MAP3K11;ABI1;MAP1S;RHOF;NUMA1;WASF2;FGD4;SOS1;PLEKHG2;FGD6;KNTC1;AURKA;CDC42EP2;TAOK2;MAPRE1;DOCK2;PALLD;CLIP2;KIF3B;PLK1;NIN,age_changes_CD4_ISGhi_02062026
Apical Junction,0.11435277481650645,0.31465894993973,1.2930070569037153,ITGB1;SORBS3;CD99;ACTN4;VCL;CTNNA1;TRAF1;YWHAH;ADAM23;NECTIN3;VCAN;TGFBI;CRB3;PIK3CB;GTF2F1;SYMPK;ICAM1;TMEM8B;ADAM15;ITGA3;MYL12B;ZYX;MYH9;KCNH2;NF1;CD86;MADCAM1;ICAM2;NRTN;ITGA10;CD274;CDK8;FSCN1;ITGA2;SHC1;NLGN2;STX4;HADH;AKT2;RSU1;SYK;ATP1A3;ADAM9;NF2;B4GALT1;MAPK11;MSN;SIRPA;RHOF;ICAM4;JAM3;VASP;MPZL2;CLDN7;SKAP2;CDH1;TAOK2;ITGB4;TSPAN4;AMIGO1;CERCAM;BMP1,age_changes_CD4_ISGhi_02062026
Spermatogenesis,0.1577994488474931,0.32070806696204346,1.248369488825248,PCSK1N;IDE;MLF1;PEBP1;GSTM3;DBF4;SPATA6;IL12RB2;PRKAR2A;LPIN1;PHF7;PSMG1;TSN;NCAPH;ACE;CDK1;VDAC3;BUB1;MLLT10;PARP2;HSPA4L;CCT6B;MAST2;NF2;ZC2HC1C;NPHP1;JAM3;CDKN3,age_changes_CD4_ISGhi_02062026
Unfolded Protein Response,0.16998335667024653,0.3043690755027871,1.2337744643266906,DDIT4;PDIA6;ERN1;XBP1;EXOSC9;ATF3;SSR1;XPOT;HERPUD1;DNAJB9;SLC7A5;WFS1;NABP1;HSP90B1;SPCS1;SLC1A4;HYOU1;ASNS;WIPI1;CNOT2;DCP1A;ZBTB17;DCTN1;YWHAZ;SHC1;HSPA9;SRPRA;KIF5B;EEF2;PSAT1;MTHFD2,age_changes_CD4_ISGhi_02062026
Glycolysis,0.18203112139303607,0.28961160412638154,1.2199302660271922,IGFBP3;DDIT4;ENO2;CITED2;TXN;PFKP;P4HA1;EGLN3;GFPT1;SOD1;CD44;TPI1;CHPF2;CHST12;ECD;VCAN;TGFBI;FAM162A;PKM;LDHA;MIF;ALDOA;PGK1;AGL;POLR3K;GNE;ARPP19;ISG20;UGP2;CDK1;BIK;PGAM1;TPBG;MDH2;PC;GMPPA;GUSB;PLOD1;CHPF;CACNA1H;IL13RA1;SLC16A3;B4GALT1;B3GNT3;TGFA;PAM;PRPS1,age_changes_CD4_ISGhi_02062026
Xenobiotic Metabolism,0.19203178740039734,0.28970846951146584,1.2079124409109856,DHRS7;FAS;ELOVL5;ABHD6;UPP1;PTGDS;PMM1;ABCD2;NPC1;SLC6A6;NQO1;HACL1;CD36;SSR3;SLC12A4;PEMT;CES1;ACP2;HMOX1;PTGES3;HSD11B1;GABARAPL1;ARPP19;RETSAT;PPARD;LCAT;CDA;SLC1A5;TMEM176B;PDLIM5;PC;IL1R1;CYP2E1;ACO2;TMBIM6;ACOX1;KYNU;DCXR;SPINT2;HES6,age_changes_CD4_ISGhi_02062026
DNA Repair,0.22081704442687974,0.28026419180636564,1.183461124663825,COX17;DDB2;DUT;BCAP31;TK2;SUPT5H;TMED2;TAF6;VPS28;POLA2;TAF9;GPX4;GTF2F1;POLE4;XPC;SSRP1;SMAD5;DDB1;AGO4;ELL;EIF1B;POLH;POLR3C;PDE4B;SUPT4H1;POLR3GL;POLR2E;NUDT21;TAF1C;HCLS1;CDA;NPR2;POLR2K;NFX1;GUK1;ELOA,age_changes_CD4_ISGhi_02062026
E2F Targets,0.28621477857768474,0.2650455149327752,1.1365582532825356,HMGB2;ANP32E;CDKN2A;MAD2L1;PTTG1;EED;PRDX4;DUT;CENPM;CDKN1B;POLA2;CDKN1A;ATAD2;POLE4;SSRP1;TCF19;SLBP;MXD3;MCM4;PSMC3IP;SPAG5;TOP2A;CCNE1;ORC2;BRCA2;NAA38;NUDT21;TK1;PA2G4;CDC25B;RAN;ILF3;CDK1;LYAR;SUV39H1;DEK;PSIP1;XRCC6;UNG;RAD21;SMC6;PHF5A;MCM3;MCM6;TIMELESS;MTHFD2;ASF1A;HELLS;SRSF1;JPT1;MLH1;GINS3;GINS1;POLD1;CDCA8;LIG1;PLK4;PRPS1;WDR90;RPA1;KIF22,age_changes_CD4_ISGhi_02062026
PI3K/AKT/mTOR  Signaling,0.2911967385083803,0.28258545853708256,1.1295808969835337,ARHGDIA;TBK1;ARF1;SLA;CDKN1B;MAP3K7;TIAM1;CDKN1A;HSP90B1;CAB39L;SQSTM1;DUSP3;PRKAR2A;IRAK4;NOD1;AP2M1;ACACA;RIPK1;NCK1;FASLG;CDK1;YWHAB,age_changes_CD4_ISGhi_02062026
UV Response Up,0.3141897943119878,0.26959017674604735,1.1110764492066507,ENO2;ATF3;RAB27A;SLC25A4;SIGMAR1;SOD2;SQSTM1;CREG1;PRKCD;ASNS;SELENOW;ICAM1;GGH;CCNE1;RPN1;KCNH2;ALDOA;NPTXR;GRPEL1;TAP1;AQP3;HMOX1;DNAJB1;HLA-F;CCND3;APOM;HYAL2;PDAP1;PARP2;CYB5B;BSG;TMBIM6;RHOB;HNRNPU;TST;C4BPB;HSPA13;CDK2;CDKN2B,age_changes_CD4_ISGhi_02062026
KRAS Signaling Dn,0.46015320521435293,-0.1982049141515596,-1.0345266811952871,IFI44L;RSAD2;SKIL;LFNG;CHST2;MX1;LYPD3;STAG3;CAMK1D;SNN;PLAG1;KMT2D;PDE6B;GTF3C5;SLC25A23;GAMT,age_changes_CD4_ISGhi_02062026
Pancreas Beta Cells,0.5827252141590652,0.3433364685174639,0.9650741598840804,DPP4;STXBP1;SPCS1,age_changes_CD4_ISGhi_02062026
Notch Signaling,0.6904985888993415,-0.22410327624891846,-0.8922313114558954,LFNG;MAML2;KAT2A,age_changes_CD4_ISGhi_02062026
G2-M Checkpoint,0.8727811005439101,0.1805043862047947,0.7783247354885278,MAD2L1;PTTG1;CDKN1B;DBF4;SLC7A5;ATRX;POLA2;RPS6KA5;INCENP;KIF20B;KPNB1;E2F2;PRC1;CUL4A;UCK2;TOP2A;NUP98;ORC5;BRCA2;EWSR1;KIF11;RBL1;CDC25B;ILF3;CDK1;TPX2;CDC27;NUSAP1;SUV39H1;BUB1;RAD21;BUB3;KIF5B;MCM3;MCM6;CASP8AP2;NDC80;KNL1;CCNF;CDC7;SRSF1;JPT1;CUL5;HNRNPU;PLK4;KIF22;ODF2;NUMA1;E2F1;E2F4;CDKN3;CHEK1;TRAIP,age_changes_CD4_ISGhi_02062026
Hedgehog Signaling,0.989126487364081,0.1892714346007462,0.5656360598276058,MYH9;NF1;PTCH1;AMOT;TLE1;CDK5R1;ADGRG1;CELSR1;GLI1;VEGFA;HEY2;PML;CDK6;NRP2;DPYSL2;NRCAM,age_changes_CD4_ISGhi_02062026
Epithelial Mesenchymal Transition,0.0,0.5753139102542701,1.9947727301663805,LGALS1;GLIPR1;FAS;ITGB1;FLNA;IL32;SGCB;PLOD1;VIM;EMP3;PPIB;TGFBR3;ACTA2;WIPF1;TIMP1;MAGEE1;PLOD3;ENO2;IL15;ITGA5;ITGAV;QSOX1;CD44;SDC4;COLGALT1;TPM4;CADM1,age_changes_CD4_Proliferating_02062026
mTORC1 Signaling,0.002615577215416257,0.48174919866829435,1.7783701896294333,HSPA9;CANX;MTHFD2;TUBA4A;GPI;ELOVL5;CCNG1;TPI1;ITGB2;CTSC;DDIT4;RPN1;HSPA5;SSR1;M6PR;PGK1;PRDX1;PFKL;SQSTM1;NFKBIB;GMPS;SLC9A3R1;HPRT1;SLC37A4;DDX39A;CALR;PSME3;SKAP2;YKT6;ARPC5L;FDXR;IMMT;STIP1;PGM1;BHLHE40;DHCR7;GGA2;ALDOA;LDHA;ADIPOR2;PSAT1;G6PD;NFYC;TCEA1;HSP90B1;GAPDH;RDH11;RPA1;USO1;SYTL2;MAP2K3;UNG;GBE1;FADS1;FGL2;DHFR;NUP205;PPIA;INSIG1;MCM4;EBP;GCLC;HSPE1;UCHL5;PIK3R3;XBP1;TMEM97;PSMD14;ACTR3;SLC2A3;DDIT3;LTA4H;PITPNB;SEC11A;TBK1;TFRC;MCM2;TUBG1;SDF2L1;ATP2A2;ACLY;PSMC2;ERO1A;ENO1;RIT1;ELOVL6;SCD;UFM1;SLC1A5;TRIB3;FKBP2;ACTR2;QDPR,age_changes_CD4_Proliferating_02062026
Coagulation,0.002766475900921041,0.5351356043423886,1.7968666256609407,CLU;CAPN2;CSRP1;ANXA1;SIRT2;WDR1;TIMP1;PLEK;RABIF;CTSO;CPQ;CRIP2;PREP;CTSH;CTSB;DPP4;DUSP14;F8;PRSS23;LAMP2;ISCU;GNB2,age_changes_CD4_Proliferating_02062026
Allograft Rejection,0.003017973710095681,0.47345183055712964,1.7284954161286046,HLA-DQA1;HLA-DRA;CDKN2A;CD74;FAS;FLNA;SRGN;HLA-DMA;MAP4K1;TAP1;CCL5;ITGB2;GPR65;GZMA;STAT4;WAS;IL2RB;TAPBP;HLA-DMB;CCL4;CD3E;STAT1;TIMP1;IFNG;GZMB;CD4;HCLS1;IL15;ZAP70;APBB1;PRF1;CD2;F2R;ICAM1;TPD52;NPM1;TNF;HLA-E;CXCR3;CTSS;SIT1;DEGS1;PSMB10;CD47;ITGAL;EIF3A;LCP2,age_changes_CD4_Proliferating_02062026
Fatty Acid Metabolism,0.003017973710095681,0.5100478215527003,1.8398107344419927,LGALS1;GLUL;ELOVL5;HSD17B4;ACSL5;S100A10;SUCLG2;DLST;ERP29;SDHA;METAP1;ENO2;YWHAH;HSDL2;BLVRA;NCAPH2;PSME1;ALDH9A1;DLD;PCBD1;HSD17B11;FASN;CBR1;SMS;MDH2;ACADVL;MIF;ALDOA;LDHA;ADIPOR2;ACAA2;SERINC1;ACSM3;RDH11;UBE2L6;SUCLA2;PRDX6;ACADM;ACAT2;RETSAT;CPT1A;ACSS1;ODC1;UROS;RAP1GDS1;ACO2;SDHC;NSDHL;SLC22A5;ADSL;GCDH,age_changes_CD4_Proliferating_02062026
Complement,0.0033533041223285345,0.49471881295047837,1.8045042827514681,CLU;ANXA5;CSRP1;CASP1;PIM1;CCL5;CTSC;GZMA;WAS;SPOCK2;HSPA5;PSMB9;F5;STX4;APOBEC3G;LGALS3;TIMP1;GZMB;PLEK;RABIF;SIRT6;HSPA1A;GNAI3;CTSO;CALM3;CPQ;PIK3R5;PREP;GMFB;RHOG;CTSH;CTSB;PRKCD;DPP4;CTSS;CASP4;VCPIP1;GNG2;XPNPEP1;GATA3;PIK3CG;LAP3;LCP2;KIF2A;RNF4;RCE1;LIPA;F8;LAMP2;GNB2;GCA;BRPF3;ITGAM;SERPINA1;LCK;GNGT2;EHD1;GZMK;LTA4H,age_changes_CD4_Proliferating_02062026
Reactive Oxygen Species Pathway,0.004023964946794241,0.540800275064843,1.6863334724998846,TXN;LSP1;PRNP;PFKP;PRDX4;PRDX1;SOD1;CDKN2D;G6PD;FTL;PRDX2;PRDX6;PTPA;SCAF4;STK25;GCLC;GCLM;MBP;GPX4;NDUFA6;ABCC1;PDLIM1;OXSR1;ATOX1;NQO1;SELENOS;TXNRD2,age_changes_CD4_Proliferating_02062026
Pperoxisome,0.006594831440579451,0.4750166488069844,1.6423094902795576,TSPO;GSTK1;ELOVL5;HSD17B4;CNBP;ACSL5;SLC35B2;PRDX1;SLC25A4;YWHAH;PABPC1;ALDH9A1;SCP2;SOD1;HSD17B11;PEX11B;MVP;CLN6;RDH11;CADM1;RETSAT;FADS1;ERCC3;CTPS1;VPS4B;ABCC5;IDE;ISOC1;LONP2;ABCB1,age_changes_CD4_Proliferating_02062026
Apoptosis,0.0074191853706518825,0.45507248890792074,1.6434486222577191,TSPO;CLU;FAS;CASP1;LMNA;TAP1;PEA15;ANXA1;CDC25B;TGFBR3;SQSTM1;LGALS3;TIMP1;BCL2L1;BAX;ENO2;PPT1;PRF1;RELA;CD2;F2R;FDXR;CASP8;SOD1;TNF;TXNIP;CFLAR;DAP;CASP4;CD44;GNA15;ATF3;DNAJC3;ANKH;BCAP31;PPP2R5B;SPTAN1;BTG3;RETSAT;ROCK1;IFNGR1;EBP;DPYD,age_changes_CD4_Proliferating_02062026
Adipogenesis,0.008584458553161048,0.436026850975352,1.588057102109132,DHRS7;MGST3;RNF11;STOM;CD151;REEP5;GPHN;CMPK1;PFKL;GPAT4;ARAF;RTN3;COX6A1;RIOK3;IMMT;DLD;ESYT1;SCP2;DNAJB9;PGM1;UBC;SOD1;DHCR7;YWHAG;MDH2;DLAT;ALDOA;ADIPOR2;APLP2;ATP1B3;ACAA2;COX8A;PRDX3;NDUFB7;ELMOD3;SLC25A1;GRPEL1;UBQLN1;SQOR;RAB34;ACADM;NDUFA5;BAZ2A;RETSAT;GBE1;PLIN2;IFNGR1;NABP1;PREB;PEMT;TOB1;RMDN3;ACO2;UQCR11;SDHC;CHUK;FAH;UQCRC1;BCKDHA;GPX4;ACLY;LPCAT3;GHITM;ELOVL6;SLC1A5;CHCHD10;G3BP2;SLC27A1;QDPR,age_changes_CD4_Proliferating_02062026
DNA Repair,0.008982064613380003,0.4332047602115011,1.5896266294366437,TMED2;ADRM1;NUDT21;DDB2;TAF6;POLH;MPG;IMPDH2;HPRT1;NELFCD;HCLS1;LIG1;XPC;TARBP2;SSRP1;ARL6IP1;NFX1;SUPT5H;POLA2;POLR2E;POLR3GL;ELOA;SAC3D1;GTF2F1;POLB;AAAS;SEC61A1;BCAP31;NCBP2;GTF2A2;SF3A3;POLR1D;SMAD5;POLR2C;GUK1;POLL;ERCC3;STX3;RFC5;POLE4;DUT;EDF1;ELL;DCTN4;PDE4B;ITPA;TK2;CANT1;GTF2B;TAF1C;VPS28;POLD1;ZWINT;POLA1;GPX4;DDB1;MPC2;VPS37B;POLR2A;ADA;POLR2F;NELFE,age_changes_CD4_Proliferating_02062026
Angiogenesis,0.009511189874240935,0.6828055554675942,1.6064655401541394,S100A4;LRPAP1;TIMP1;ITGAV,age_changes_CD4_Proliferating_02062026
Glycolysis,0.009556916748636322,0.4370522111888182,1.5752081028651863,TXN;PGAM1;TPI1;PKM;DDIT4;PLOD1;PFKP;PRPS1;HSPA5;PGK1;ENO2;SLC37A4;EXT2;GOT2;PAM;ALDH9A1;DLD;SOD1;CITED2;MDH2;ALG1;MIF;ALDOA;LDHA;QSOX1;PGM2;CD44;GUSB;CLN6;G6PD;GALK2;MED24;IDUA;COPB2;HS2ST1;UGP2;KIF2A;KIF20A;RBCK1;GNPDA1;B3GAT1,age_changes_CD4_Proliferating_02062026
Protein Secretion,0.009657515872306179,0.4720971760767758,1.6122918221098803,TMED2;AP3S1;CD63;CTSC;ARFGAP3;ATP1A1;M6PR;ARF1;RAB14;SEC31A;LMAN1;PPT1;TMX1;YKT6;PAM;SCAMP3;TPD52;SOD1;NAPA;ARCN1;COPB2;COPE;VAMP4;RAB9A;USO1;RER1;AP3B1;GALC;SNAP23;LAMP2;VAMP3;VPS4B;TMED10;ARFIP1;ANP32E;STAM;VPS45;ATP6V1H;CLCN3;ERGIC3;ADAM10;RAB5A;SEC24D,age_changes_CD4_Proliferating_02062026
Cholesterol Homeostasis,0.009672992660563082,0.48221968964176937,1.5908364467517444,CLU;ANXA5;S100A11;LGALS3;ANTXR2;SREBF2;DHCR7;FASN;ETHE1;GUSB;ATF3;FDFT1;ACAT2;LSS;ACSS2;FBXO6;EBP;TMEM97;NSDHL;MVD;PLAUR;CPEB2;ALCAM;FABP5;SCD;TRIB3,age_changes_CD4_Proliferating_02062026
Unfolded Protein Response,0.009892247160869177,0.4575331582743549,1.5941831280290957,HSPA9;HERPUD1;MTHFD2;WIPI1;DDIT4;SRPRA;HSPA5;SSR1;ERN1;PDIA6;EEF2;CEBPG;POP4;SEC31A;CALR;EXOSC10;SPCS1;DCP1A;DNAJB9;NPM1;XPOT;SRPRB;YWHAZ;ZBTB17;HYOU1;ATP6V0D1;PSAT1;ATF3;EDC4;EIF4A3;HSP90B1;DNAJC3;SDAD1;BAG3;NABP1;PREB;XBP1;GEMIN4;DKC1;SEC11A;NFYA;EXOC2;DCTN1;ALDH18A1,age_changes_CD4_Proliferating_02062026
E2F Targets,0.010414968097585095,0.4206948145497025,1.5610921945205218,CDKN2A;MTHFD2;NUDT21;XRCC6;CDC25B;PRPS1;PRDX4;RNASEH2A;MLH1;RAD21;HUS1;RACGAP1;TIMELESS;MCM5;DDX39A;LIG1;ILF3;TCF19;SSRP1;SLBP;GINS3;DCLRE1B;ASF1A;EED;RAD51AP1;TUBB;MELK;CSE1L;TRIP13;POLA2;LYAR;SUV39H1;CNOT9;TK1;CDCA8;DCK;USP1;SRSF1;JPT1;PMS2;EZH2;UBR7;PTTG1;RPA1;LMNB1;MCM3;UNG;PLK4;GINS1;PA2G4;CDK1;POLE4;KIF22;NUP205;CTPS1;MCM4;CENPM;DUT;SMC1A;ANP32E;PRIM2;RBBP7;POLD1;ATAD2;CHEK2;MCM7;ASF1B;SHMT1;NAA38;TFRC;MKI67;RAD51C;LBR;MCM2;TUBG1,age_changes_CD4_Proliferating_02062026
Myc Targets V1,0.012351336850576768,0.4181302019897266,1.5425737152819492,CANX;AP3S1;BUB3;YWHAQ;CNBP;XRCC6;PRDX4;PGK1;EIF4H;IMPDH2;KPNB1;HNRNPA3;HPRT1;STARD7;MCM5;SF3A1;TCP1;SRPK1;CCT4;GOT2;SNRPD3;PABPC1;PTGES3;U2AF1;PSMB2;CDC45;HNRNPA1;PRPS2;NPM1;XPOT;ACP1;LDHA;EIF4G2;SNRPA;CBX3;PSMB3;RRM1;VDAC1;PRDX3;LSM7;USP1;TUFM;CCT7;G3BP1;SRSF1;NCBP2;CUL1;VDAC3;UBA2;SNRPD2;PA2G4;HNRNPU;PHB2;CCT3;TFDP1;PPIA;CTPS1;COX5A;MCM4;SRSF7;DUT;PSMA6;ODC1;HSPE1;PWP1;RNPS1;PSMD14;SLC25A3;ERH;LSM2;MCM7;PPM1G;HNRNPR;PABPC4;NOP16;RSL1D1;MCM2;SNRPA1;CSTF2;NCBP1;CCNA2;RAN;POLE3;CAD,age_changes_CD4_Proliferating_02062026
p53 Pathway,0.013660302056222557,0.41556996433012144,1.527414938456129,S100A4;CDKN2A;FAS;RPS27L;CASP1;TAP1;CGRRF1;SLC3A2;CCNG1;STOM;DDIT4;DDB2;S100A10;BLCAP;PIDD1;UPP1;PVT1;POLH;BAX;PMM1;PRKAB1;CD82;RB1;XPC;F2R;TRAFD1;FDXR;ABHD4;PERP;TXNIP;COQ8A;AEN;RHBDF2;ATF3;SEC61A1;MDM2;SPHK1;RALGDS;RETSAT;DRAM1;ISCU;MAPKAPK3;RAP2B;ABCC5;ZNF365;NINJ1;TOB1;NDRG1;ANKRA2;DDIT3;EPS8L2;HMOX1,age_changes_CD4_Proliferating_02062026
Oxidative Phosphorylation,0.014385674684789412,0.40817955872706013,1.5186305542303944,MGST3;HSPA9;GPI;OGDH;DLST;ATP5MC2;GLUD1;HADHA;SLC25A4;SDHA;ATP6V1E1;BAX;AFG3L2;COX7A2L;COX6A1;GOT2;CYB5R3;IMMT;DLD;TCIRG1;ATP6V0E1;ACAT1;NDUFS7;MDH2;DLAT;ACADVL;COX11;OPA1;NDUFV1;LDHA;ACADSB;VDAC1;ACAA2;COX8A;PRDX3;NDUFB7;NQO2;SUCLA2;GRPEL1;MTRR;VDAC3;ACADM;NDUFA5;RETSAT;ATP6AP1;CPT1A;OXA1L;PHB2;ISCU;COX5A;COX7A2;MFN2;ATP6V0C;NDUFB6;SLC25A5;SLC25A3;NDUFA3;ACO2;UQCR11;MRPS30;SDHC;ATP6V1C1;UQCRC2;ETFA;ATP5F1D;COX5B;NNT;ATP6V1H;UQCRFS1;SUPV3L1;ATP5F1B;NDUFB2;ATP5PB;MRPS12;UQCRC1;BCKDHA;NDUFA4;GPX4;SLC25A20;NDUFA6;ATP6V1G1;FH;POLR2F;SLC25A6;ATP5PD,age_changes_CD4_Proliferating_02062026
Interferon Gamma Response,0.017421939144643253,0.4052760607833046,1.4956819420058782,HLA-DRB1;HLA-DQA1;CD74;FAS;CASP1;HLA-DMA;MTHFD2;ITGB7;TAP1;PIM1;TRIM26;CCL5;GZMA;STAT4;PFKP;IL2RB;TAPBP;PSMB9;UPP1;IL10RA;STAT1;OASL;MYD88;CMTR1;ZBP1;LY6E;IL15;TRAFD1;ICAM1;PSME1;CASP8;PSMB2;IL18BP;SRI;TXNIP;MVP;CASP4;PTPN2;PSMB8;PSMB10;PTPN1;LAP3;LCP2;IFITM2;UBE2L6;RBCK1;DHX58;ADAR;IRF5;RIPK1;FGL2;OAS2;SLAMF7;STAT3;APOL6;VAMP5;NLRC5;HLA-B;PDE4B;ISOC1;IFI35;HLA-A;VAMP8;BST2;DDX60;PNPT1;IRF8;PML;TDRD7;NUP93;RIPK2;IFITM3,age_changes_CD4_Proliferating_02062026
Hypoxia,0.01758089446992246,0.41425740886698925,1.4994511966503254,S100A4;ANXA2;GPI;IDS;PIM1;TPI1;DDIT4;PFKP;HSPA5;PGK1;PFKL;HK1;ENO2;SLC37A4;ZFP36;PAM;WSB1;TPD52;PGM1;BHLHE40;CITED2;MYH9;MIF;ALDOA;LDHA;PGM2;SDC4;GAA;XPNPEP1;KLF6;ATF3;RORA;GAPDH;SLC25A1;UGP2;PHKG1;TPST2;GBE1;PLIN2;IGFBP3;JMJD6;GYS1;NDRG1;SLC2A3;DDIT3;HMOX1;ILVBL,age_changes_CD4_Proliferating_02062026
Xenobiotic Metabolism,0.031479142448359115,0.39920609546386226,1.4385223066108317,FAS;DHRS7;ELOVL5;UPP1;PGD;SSR3;CES1;HPRT1;PMM1;MTHFD1;PTGDS;PGRMC1;PTGES3;ALDH9A1;AKR1C3;CBR1;NPC1;ACP1;GSS;PSMB10;RETSAT;PDLIM5;COMT;TMBIM6;PEMT;GCLC;ASL;TMEM97;NINJ1;ACO2;HMOX1;IRF8;CROT;FAH;ATP2A2;SLC1A5;SAR1B;NQO1;ABCD2;CYFIP2;POR;GCH1;ACOX3;PTS;SLC12A4;CNDP2;CDA;HES6;ID2;CA2;ESR1;AHCY;AP4B1;DHPS,age_changes_CD4_Proliferating_02062026
Apical Junction,0.03192928707782388,0.4026551334062367,1.4402685105739992,ITGB1;CD99;ACTN4;CNN2;SORBS3;CTNNA1;STX4;MSN;CAP1;RSU1;RHOF;YWHAH;ZYX;PIK3CB;SKAP2;ICAM1;IKBKG;ADAM15;NF1;MYL12B;MYH9;MAPK13;VCL;GTF2F1;SYMPK;RAC2;TAOK2;INSIG1;CDK8;TIAL1;VASP;PIK3R3;PLCG1;MVD;CERCAM;TMEM8B;TUBG1,age_changes_CD4_Proliferating_02062026
IL-2/STAT5 Signaling,0.044070154561525396,0.38093036400229213,1.3984875752231944,AHNAK;CST7;HOPX;SERPINB6;PIM1;GALM;GPR65;CDC42SE2;PRNP;IL2RB;PRKCH;TNFRSF4;IL10RA;TWSG1;BCL2L1;PTGER2;MAP3K8;SYT11;ANXA4;TNFRSF1B;RABGAP1L;UCK2;FLT3LG;BATF;MYO1C;PHTF2;BHLHE40;SYNGR2;GLIPR2;ITGAV;CD44;KLF6;EOMES;CDC6;DCPS;RORA;PLEC;RNH1;PLIN2;FGL2;IFNGR1;ODC1;CISH;XBP1;NDRG1;SLC2A3;BATF3;ADAM19;ABCB1;IRF8;PLPP1;CSF1;IFITM3;FAH;GPX4;ALCAM;PUS1,age_changes_CD4_Proliferating_02062026
Androgen Response,0.04414289546633282,0.4156900431280436,1.4031571230833624,ADRM1;INPP4B;ELOVL5;XRCC6;TMEM50A;UBE2J1;ABHD2;LMAN1;GNAI3;TPD52;DNAJB9;SMS;ITGAV;GPD1L;DBI;FKBP5;ELL2;ANKH;FADS1;PDLIM5;PA2G4;NCOA4;ZMIZ1;INSIG1;CENPN;PTK2B;NDRG1;MYL12A;UAP1;XRCC5;CDK6;PLPP1;HERC3;SEC24D;SCD;CDC14B;UBE2I;APPBP2,age_changes_CD4_Proliferating_02062026
Bile Acid Metabolism,0.04422635548004412,0.41339741582075795,1.394909675054388,GSTK1;HSD17B4;ACSL5;SLC35B2;SLC29A1;SLC22A18;FDXR;ALDH9A1;PEX19;SCP2;SOD1;HSD17B11;NPC1;PEX16;OPTN;RETSAT;FADS1;GCLM;ISOC1;PAOX;LCK;LONP2;CROT;ATXN1;ABCD3;ABCD2;ACSL1;NEDD4;ABCA5;PEX1;PFKM;SLC27A2;GNPAT,age_changes_CD4_Proliferating_02062026
Pancreas Beta Cells,0.05435945504017578,0.5641070799162834,1.3709056392228338,SPCS1;SRPRB;DPP4;SEC11A;SRP14;AKT3;SRP9,age_changes_CD4_Proliferating_02062026
Myogenesis,0.056196751843160954,0.39104642003565365,1.3642028338672074,CLU;ITGB1;LSP1;SORBS3;PRNP;SIRT2;TPM3;GNAO1;RB1;MYO1C;BHLHE40;SYNGR2;MYH9;FXYD1;FLII;DAPK2;GAA;SPTAN1;SPHK1;NCAM1;ATP6AP1;IGFBP3;BAG1,age_changes_CD4_Proliferating_02062026
Interferon Alpha Response,0.06284091925243673,0.39125497590354935,1.3501854550135628,CD74;LPAR6;CASP1;TAP1;TRIM26;PSMB9;OASL;CMTR1;LY6E;IL15;CNP;TRAFD1;PSME1;CASP8;TXNIP;HLA-C;PSMB8;MOV10;CD47;IFITM1;LAP3;IFITM2;UBE2L6;DHX58;ADAR;TRIM5;MVB12A;NUB1;IFI35;BST2;DDX60;PNPT1;TDRD7;CSF1;RIPK2;IFITM3;UBA7,age_changes_CD4_Proliferating_02062026
Mitotic Spindle,0.0738267762415879,0.36175391786802136,1.3302775511962028,FLNA;TUBA4A;ACTN4;ARHGDIA;DYNC1H1;PXN;ARHGAP10;CLIP1;KIFAP3;RACGAP1;MAP1S;CNTROB;CAPZB;RHOF;FBXO5;TBCD;EZR;NF1;ANLN;KATNB1;MAPRE1;SUN2;MYH9;INCENP;CSNK1D;SAC3D1;VCL;ABR;LLGL1;PCGF5;AKAP13;ARHGEF7;ARHGAP4;SPTAN1;CEP57;LMNB1;PDLIM5;ROCK1;HOOK3;TAOK2;CDK1;KIF22;ABL1;ABI1;SMC1A;ARHGEF2;TUBGCP3;ARF6;KIF3B;GEMIN4;ARAP3,age_changes_CD4_Proliferating_02062026
KRAS Signaling Dn,0.10843773728170084,-0.3007554715707744,-1.2644016489322563,CHST2;LFNG;MAST3;STAG3;MX1;SNN;BTG2;RIBC2;SGK1;RSAD2;IFI44L;TCL1A;LYPD3;ZBTB16;SLC25A23;SKIL,age_changes_CD4_Proliferating_02062026
Wnt-beta Catenin Signaling,0.12148823082763857,-0.3601571959555801,-1.2945324539588883,TCF7;LEF1;FRAT1;MAML1;CCND2;AXIN1;NCOR2,age_changes_CD4_Proliferating_02062026
Estrogen Response Late,0.1426935694804614,0.35645797700646686,1.2554171214789276,ATP2B4;ELOVL5;SLC2A8;RNASEH2A;SLC9A3R1;HPRT1;ABHD2;SLC29A1;ZFP36;BATF;MICB;DHCR7;PERP;MAPK13;CD44;FKBP5;DUSP2;DNAJC1;CDC6;STIL;KIF20A;LSR;FDFT1;BTG3;PLK4;SNX10;PRSS23;BAG1;SERPINA1;CISH;XBP1;TOB1;ITPK1;SLC22A5;XRCC3;DYNLT3;AFF1;CHPT1;TJP3;NMU;FABP5;PPIF;S100A9;FKBP4;RBBP8;SCARB1;ARL3;SLC26A2;DLG5;CACNA2D2;SLC1A4;ID2;CA2;GLA;SLC27A2;PTPN6;SORD;JAK1;TSTA3;GINS2;BCL2;SLC7A5;CKB;ISG20,age_changes_CD4_Proliferating_02062026
heme Metabolism,0.15510555794915984,0.34213978636188097,1.240002725260863,MGST3;GDE1;ADIPOR1;BSG;RAD23A;GMPS;CAST;HTATIP2;ARL2BP;TRAK2;PSMD9;BLVRA;RIOK3;LRP10;ABCG2;FBXO7;CTSB;SLC10A3;TCEA1;ELL2;PICALM;PRDX2;TSPAN5;PPP2R5B;OPTN;TMEM9B;SLC25A37;MKRN1;PIGQ;TENT5C;MAP2K3;MOSPD1;NCOA4;LAMP2;VEZF1;UROS;GCLC;GCLM;SYNJ1;NARF;RNF19A;NNT;EZH1;TFRC;CTNS;RCL1;CLCN3,age_changes_CD4_Proliferating_02062026
Notch Signaling,0.16040242976461652,-0.41702850672766845,-1.3062983320055093,LFNG;MAML2;PRKCA;SAP30,age_changes_CD4_Proliferating_02062026
Inflammatory Response,0.20329899374575908,0.3331725031462031,1.2011956689873282,CD70;ADRM1;CCL5;IL2RB;TAPBP;EMP3;IL10RA;TIMP1;PTGER2;TNFRSF1B;CD82;LY6E;IL15;RELA;ICAM1;KCNA3;GNAI3;SRI;ITGA5;PIK3R5;RHOG;KLF6;GNA15;IFITM1;LCP2;SPHK1;PROK2;ABI1;SLC4A4;PDE4B;BEST1;LCK;PTGER4;BST2;ATP2B1;CSF1;RIPK2;NOD2;PLAUR;ATP2A2;CMKLR1,age_changes_CD4_Proliferating_02062026
TGF-beta Signaling,0.21829916476841307,-0.3478448004092514,-1.365063114779323,ID3;SMURF2;SPTBN1;CDK9;NOG;TRIM33;ARID4B;APC;NCOR2;CDKN1C;TGFBR1;SKIL;FNTA,age_changes_CD4_Proliferating_02062026
UV Response Up,0.21861626703797854,0.3357944139445952,1.187667591090432,TUBA4A;TAP1;RPN1;ARRB2;BSG;SQSTM1;SLC25A4;CEBPG;ENO2;GGH;SELENOW;CREG1;CNP;PPT1;YKT6;ICAM1;STIP1;RAB27A;PRKCD;ALDOA;EIF2S3;ATF3;GRPEL1;BTG3;HLA-F;STARD3;HNRNPU;PARP2;TMBIM6;PRPF3;RXRB;STK25;KLHDC3;MGAT1;ATP6V1C1;HMOX1;CLTB;ABCB1,age_changes_CD4_Proliferating_02062026
Spermatogenesis,0.26822323462414577,-0.25594147221886565,-1.089247021333129,POMC;STRBP;AGFG1;CSNK2A2;TLE4;SIRT1;NEFH;AURKA;PIAS2;CAMK4;CCNB2,age_changes_CD4_Proliferating_02062026
Apical Surface,0.349330456943575,0.381962885171034,1.111947002349154,CRYBG1;IL2RB;FLOT2;ADIPOR2;GATA3;TMEM8B;PLAUR;ADAM10;CROCC;MDGA1;AFAP1L2,age_changes_CD4_Proliferating_02062026
IL-6/JAK/STAT3 Signaling,0.5180060665389665,0.3117539915953079,1.0236746182873266,FAS;PIM1;STAT1;MAP3K8;MYD88;TYK2;TNFRSF1B;TNF;PIK3R5;PTPN2;CD44;PTPN1;IL12RB1;IFNGR1;STAT3;CCR1,age_changes_CD4_Proliferating_02062026
G2-M Checkpoint,0.5228707425121626,0.27742264372143893,1.0275048115319896,BUB3;CDC25B;NUP98;RAD21;HSPA8;KPNB1;HUS1;RACGAP1;CUL4A;MCM5;DDX39A;FBXO5;ILF3;RPS6KA5;UCK2;EXO1;CDC45;EWSR1;POLA2;RAD54L;INCENP;SUV39H1;CDC6;G3BP1;SRSF1;JPT1;EZH2;CUL1;PTTG1;STIL;LMNB1;MCM3;PLK4;HNRNPU;CDK1;KIF22;ABL1;SRSF10;TFDP1;ATRX;RBL1;SMC1A;YTHDC1;DR1;ODC1;MNAT1;BCL3;CCNT1;PRIM2;POLQ;DKC1;PML;MKI67;LBR;MCM2;NUMA1;CCNA2,age_changes_CD4_Proliferating_02062026
UV Response Dn,0.5994933931310574,0.28427764841300374,0.9819360585358737,ANXA2;ATP2B4;INPP4B;TGFBR3;ANXA4;SLC22A18;SRI;BHLHE40;CITED2;SYNE1;NR1D2;PTPRM;ARHGEF9;BMPR1A;PDLIM5;GCNT1;ZMIZ1;INSIG1;ATRX;CELF2;YTHDC1;AGGF1;PIK3R3;MAP2K5;ATP2B1;ATXN1;ABCC1;ATRN;DUSP1,age_changes_CD4_Proliferating_02062026
Myc Targets V2,0.6759034292032986,0.2849000786207701,0.9324274778605045,MCM5;NPM1;CBX3;MYBBP1A;DUSP2;NOC4L;UNG;PLK4;PES1;PA2G4;MCM4;HSPE1;TMEM97;FARSA;NOP16;SUPV3L1;RCL1;PUS1;EXOSC5;NOLC1;AIMP2;RRP9;HSPD1;IMP4,age_changes_CD4_Proliferating_02062026
TNF-alpha Signaling via NF-kB,0.6770321022981312,0.25677854332574374,0.9395505978364936,MSC;TAP1;LITAF;CCL5;TNIP1;CCL4;SQSTM1;MAP3K8;PLEK;ZFP36;RELA;ICAM1;BHLHE40;TNF;CFLAR;BCL2A1;CD44;SDC4;KLF6;DUSP2;DUSP4;ATF3;BTG3;SPHK1;MAP2K3;PDLIM5;DRAM1;TRIB1;PANX1;PDE4B;NINJ1;BCL3;SLC2A3;PTGER4;EHD1;ATP2B1;SLC16A6;SERPINB8;EIF1;MCL1;CSF1;RIPK2;PLAUR;KLF10;CD69;DUSP1;RHOB,age_changes_CD4_Proliferating_02062026
KRAS Signaling Up,0.726142765398779,0.24883232215358486,0.8825257510554002,MAP4K1;ADAM8;PRDM1;ITGB2;LCP1;IL10RA;LAPTM5;TNFRSF1B;RABGAP1L;NAP1L2;CDADC1;CTSS;PSMB8;ANKH;IGFBP3;AVL9;PCSK1N;CD37;TRIB1;ENG;GALNT3;ABCB1;IRF8;MMD;CROT;PLAUR;TRIB2;HDAC9;CMKLR1;NIN;ERO1A,age_changes_CD4_Proliferating_02062026
Hedgehog Signaling,0.7285771770927811,0.3485492548362622,0.898617965521508,ADGRG1;NF1;MYH9;CDK6;PML;AMOT,age_changes_CD4_Proliferating_02062026
PI3K/AKT/mTOR  Signaling,0.7309813067592212,0.25668426423439045,0.8887661885352847,ARHGDIA;ARF1;SQSTM1;PPP1CA;NFKBIB;MYD88;CALR;RALB;HSP90B1;MAP2K3;YWHAB;RIPK1;MAP3K7;CDK1;ATF1;RPS6KA1;PIK3R3;ACTR3;LCK;DDIT3;CFL1;PLCG1;TBK1;NOD1;RIT1;AP2M1;TRIB3;ACTR2;FASLG;ARPC3;MAP2K6;CLTC;TRAF2;ECSIT;PRKAG1;UBE2D3;VAV3,age_changes_CD4_Proliferating_02062026
Estrogen Response Early,0.8173567021371725,0.23243136402548162,0.8172904976931229,SH3BP5;ELOVL5;SLC9A3R1;ABHD2;MICB;BHLHE40;DHCR7;FASN;CD44;MYBL1;FKBP5;MYBBP1A;MED24;FDFT1;MREG;SLC39A6;PRSS23;BAG1;CISH;XBP1;CANT1;TOB1;ITPK1;SLC22A5;SNX24;DYNLT3;AFF1;CHPT1;TJP3;RARA;KLF10;ADCY9;PPIF;FKBP4;RBBP8;SCARB1,age_changes_CD4_Proliferating_02062026
Notch Signaling,0.07175683302426832,-0.5415291055070348,-1.575520295597452,LFNG;PSEN2;CCND1;PRKCA;MAML2;PPARD;RBX1;NOTCH1;SAP30;ARRB1;DTX2,age_changes_CD4_TEMRA_02062026
Reactive Oxygen Species Pathway,0.5412371134020618,0.16104872122615552,0.9834748507113402,PRNP;GPX4;SELENOS;PFKP;TXN;PRDX2;ATOX1;PRDX4,age_changes_CD4_TEMRA_02062026
Hypoxia,0.5702319587628866,0.16738758491150504,1.0,CXCR4;IGFBP3;TPD52;BHLHE40;TNFAIP3;BCL2;DDIT4;RORA;DUSP1;BTG1;IDS;FOSL2;HK1;PFKP;KLF6,age_changes_CD4_TEMRA_02062026
Myc Targets V1,0.5702319587628866,0.0998744260715943,1.0,AP3S1;MCM6;ETF1;RPL34;YWHAQ;SNRPA;POLE3;DUT;RPL18;GOT2;GLO1;HNRNPA1;CANX;RPLP0;EIF4H;EIF1AX;PRDX4;PABPC4;PA2G4;FBL;MCM7;RPS3;EIF4G2;NOLC1;RPL14;MAD2L1;HDAC2;SNRPA1;PCNA;PSMD1;EEF1B2;SF3A1;GNL3;HPRT1;PTGES3;U2AF1;ACP1;RNPS1,age_changes_CD4_TEMRA_02062026
TNF-alpha Signaling via NF-kB,0.5702319587628866,0.1686593068091395,1.0,PER1;BHLHE40;TNFAIP3;IL7R;MSC;DUSP1;MAP3K8;PTGER4;CD69;BTG1;B4GALT1;KLF9;NR4A2;FOSL2;PDE4B;BIRC3;KLF6;KYNU;CEBPB;CCNL1;ATP2B1;IL6ST;CD44,age_changes_CD4_TEMRA_02062026
Apoptosis,0.5702319587628866,0.186377783397898,1.0,TSPO;LMNA;CLU;RHOT2;FAS;GPX4;ETF1;HMGB2;CD69;BAX;TIMP1;SATB1;BIRC3;DNAJC3;DPYD;CDC25B;CASP1;CD44;DAP;PPT1;BCAP31;PMAIP1;IFNGR1;F2R;DAP3;TXNIP;RARA;CREBBP;CCND2;PEA15;SAT1;EBP,age_changes_CD4_TEMRA_02062026
Oxidative Phosphorylation,0.5702319587628866,0.09364569966355869,1.0,SUPV3L1;RHOT2;GPX4;MGST3;BAX;CYB5R3;ATP6V1H;ACAT1;PDHA1;ETFDH;UQCRFS1;ATP1B1;ACADVL;GOT2;TIMM50;HSPA9;ISCA1;ISCU;MRPS11;NDUFS4;NDUFA5;DLD;CYB5A;OGDH;MRPL11,age_changes_CD4_TEMRA_02062026
heme Metabolism,0.5702319587628866,0.11166484230620423,1.0,CTSB;AGPAT4;TENT5C;SEC14L1;GDE1;MGST3;ADIPOR1;PRDX2;SLC25A37;FECH;ISCA1;KLF3;GAPVD1;GMPS;MXI1;FBXO34;FBXO9;YPEL5;HBB;CAST;MKRN1,age_changes_CD4_TEMRA_02062026
Apical Surface,0.7611061839877449,-0.4183914857987522,-1.297890000594208,SULF2;APP;BRCA1;IL2RG;TMEM8B;AFAP1L2;LYPD3;LYN;GAS1;NCOA6;GSTM3;EFNA5;ATP8B1;MAL;CD160,age_changes_CD4_TEMRA_02062026
Pancreas Beta Cells,0.8762886597938144,0.18763300375141997,0.7562497859013891,AKT3,age_changes_CD4_TEMRA_02062026
Glycolysis,0.9999193743449165,-0.10328389668075197,-0.3721697588271615,CHST2;IDH1;EXT1;TKTL1;NANP;FUT8;IL13RA1;GOT1;HOMER1;PC;B4GALT2;CAPN5;GALE;CHST12;EFNA3;BIK;SLC25A10;MED24;B3GALT6;ENO1;CASP6;PPP2CB;CDK1;HMMR;SAP30;AGRN;TGFA;AURKA;NT5E;ABCB6;ANG;CLN6;TSTA3;ALDH7A1;GPC1;PAXIP1;CTH;NSDHL;XYLT2;NOL3;G6PD;B4GALT4;SLC35A3;RRAGD;B3GAT1;GCLC;CACNA1H;KDELR3;GLRX;PYGL;ME2;GALK1;GNE;HK2;VLDLR;SPAG4;LDHC;SRD5A3;GMPPA;PHKA2;IER3;ADORA2B;ANKZF1;GLCE;DSC2;PMM2;EXT2;COG2;ALDH9A1;ME1;MPI;UGP2;EGLN3;MDH1;POLR3K;TPST1;IRS2;PGAM1;TPBG;SLC16A3;SOD1;HS2ST1;SLC25A13;MIOX,age_changes_CD4_TEMRA_02062026
Unfolded Protein Response,1.0,-0.21804041895297227,-0.7701191673211897,EIF4A1;BANF1;PSAT1;IFIT1;WFS1;TATDN2;DNAJA4;NFYB;SEC11A;GEMIN4;WIPI1;CNOT6;FUS;PDIA5;DDX10;NOP56;EIF4A2;KHSRP,age_changes_CD4_TEMRA_02062026
Protein Secretion,1.0,0.17411072410450043,1.150670422278992,TPD52;AP3S1;GBF1;LMAN1;TMED2;GALC;ATP6V1H;RAB9A;ATP1A1;ERGIC3;SEC31A;TMED10;PPT1;AP3B1;SEC24D;ARF1;VAMP7;ANP32E;RAB5A;ADAM10;SGMS1;LAMP2;RAB2A,age_changes_CD4_TEMRA_02062026
Androgen Response,1.0,0.15794819097193988,1.0407374341292641,FKBP5;TPD52;ELOVL5;INPP4B;MAF;B4GALT1;LMAN1,age_changes_CD4_TEMRA_02062026
KRAS Signaling Up,1.0,-0.21522716386491872,-0.7675541741596476,LAT2;STRN;FCER1G;IL2RG;MAP3K1;MTMR10;YRDC;VWA5A;PECAM1;GNG11;EVI5;CBR4;TMEM176B;PSMB8;GFPT2;CA2;IRF8;GADD45G;CBX8;KIF5C;PTCD2;DNMBP;PDCD1LG2;CLEC4A;TPH1;G0S2;TSPAN13;KLF4;PLAT;MAFB;GYPC;SPON1;TLR8;ABCB1;CSF2RA,age_changes_CD4_TEMRA_02062026
Xenobiotic Metabolism,1.0,-0.26001822689418685,-0.9328359174743012,GSTM4;ARG2;DDAH2;IDH1;FBP1;GSTO1;SLC12A4;CD36;LONP1;TMEM176B;ATP2A2;PC;ALAS1;CSAD;CA2;GCNT2;IRF8;ECH1;TNFRSF1A;ITIH4;PINK1;ACOX3;LCAT;LEAP2;PPARD;CASP6;SHMT2;HMOX1;UGDH;EPHX1;SPINT2;ACP2;PDK4;ADH5;NDRG2;NINJ1;MT2A;SLC6A6;ABCD2,age_changes_CD4_TEMRA_02062026
Coagulation,1.0,-0.1929752057218986,-0.6637804928464595,FURIN;PECAM1;C8G;CASP9;THBS1;SPARC;CD9;APOA1;CAPN5;RABIF;A2M;F2RL2;GP9;MST1;CRIP2;GSN;CTSK;MMP15;PLAT;PF4;LGMN;MSRB2;C1R;WDR1;ITGB3;F12;S100A13;ANG,age_changes_CD4_TEMRA_02062026
Interferon Alpha Response,1.0,-0.299766459459455,-1.046229436462889,IRF9;OAS1;USP18;IFI27;IRF7;MX1;RSAD2;IFIT3;TMEM140;PSMA3;SAMD9L;RTP4;PSMB8;CMPK2;IFI30;SELL;IFI44L;PLSCR1;GMPR;CCRL2;IRF2;DHX58;CSF1;SLC25A28;RNF31;GBP2;CD47;NMI;PROCR;TRIM25;IFIT2;PNPT1;EPSTI1;PARP14;OASL;LY6E;HERC6;PARP12;STAT2;CXCL10;SAMD9;IRF1;UBE2L6;IFI44;CASP8;PSMB9;PARP9;ISG15;PSME2;BST2;IFI35;LAMP3,age_changes_CD4_TEMRA_02062026
p53 Pathway,1.0,-0.18503062621917088,-0.669507888666636,CTSD;TP53;APP;CD81;SLC19A2;BAIAP2;SPHK1;VWA5A;RXRA;HRAS;ADA;FOXO3;MXD4;ACVR1B;CTSF;TPRKB;ZBTB16;RAB40C;IFI30;CDK5R1;CSRNP2;AK1;TCN2;TNFSF9;ITGB4;FDXR;RNF19B;ABAT;GLS2;CDKN2B;DGKA;KLF4;HMOX1;MKNK2;ABCC5;EPHX1;DRAM1;NOTCH1;PTPRE,age_changes_CD4_TEMRA_02062026
E2F Targets,1.0,-0.22803981818144628,-0.8290295351709066,TP53;CKS2;BRCA1;CHEK2;BARD1;UBE2S;DCK;CTCF;NME1;RRM2;CENPM;PPP1R8;TIPIN;RFC3;CDCA8;ORC6;MCM2;PLK4;GINS4;TACC3;TOP2A;RPA2;NOP56;WEE1;BRCA2;CIT;CENPE;MELK;HNRNPD;MKI67;MCM4;KPNA2;CDK1;HMGB3;HMMR;RANBP1;RAD51AP1;CSE1L;PRKDC;DONSON;UBE2T;ASF1B;PSMC3IP;AURKA;DSCC1;RPA3;AURKB;CCNB2;DCLRE1B;LMNB1;GINS3;PLK1;SPC24;DDX39A;PAICS;CHEK1;PRIM2;RACGAP1;MCM3;CDCA3;EZH2;TK1;NBN;ORC2;PMS2;NAA38;SPAG5;CDKN3;WDR90;CBX5;JPT1;NUP153;POLD2;GINS1,age_changes_CD4_TEMRA_02062026
Pperoxisome,1.0,-0.21617126648463364,-0.747191196807301,EHHADH;SIAH1;SLC27A2;ABCD1;MLYCD;IDH1;HRAS;PEX6;ABCB9;PEX11A;PRDX5;SLC25A4;TOP2A;ECH1;DLG4;ESR2;ALDH1A1;ABCC5;SULT2B1;PEX11B;ABCB1,age_changes_CD4_TEMRA_02062026
mTORC1 Signaling,1.0,-0.12822304463537043,-0.46346140103662753,STARD4;PSMA4;SC5D;PSPH;PHGDH;CYB5B;ABCF2;RRM2;PSAT1;IDH1;PSMA3;CORO1A;SEC11A;TM7SF2;MCM2;CD9;GOT1;ATP2A2,age_changes_CD4_TEMRA_02062026
IL-6/JAK/STAT3 Signaling,1.0,-0.22728634035620598,-0.7698109840588366,IRF9;CD38;IL2RG;TNFRSF12A;CCR1;CD36;IL13RA1;CD9;ACVR1B;A2M;TNFRSF1A;IL2RA;LEPR;PIM1,age_changes_CD4_TEMRA_02062026
IL-2/STAT5 Signaling,1.0,-0.1820688610076576,-0.6612922666248674,PDCD2L;IKZF2;ETFBKMT;ITGAV;CD81;CYFIP1;CASP3;SNX9;GADD45B;SLC29A2;FURIN;TNFRSF9;GSTO1;SWAP70;IGF1R;IGF2R;CDKN1C;CCR4;IKZF4;RHOH;CA2;IRF8;SELL;BMPR2;F2RL2;ENO3;IL2RA;SPRED2;UMPS;TIAM1;PIM1;AGER;PLSCR1;DENND5A;SH3BGRL2,age_changes_CD4_TEMRA_02062026
KRAS Signaling Dn,1.0,-0.3097284914839789,-1.068078950978273,LFNG;CHST2;PDCD1;BARD1;MX1;TCL1A;RSAD2;SNN;COPZ2;ENTPD7;CELSR2;LYPD3;SKIL;ZBTB16;STAG3;IFI44L;NUDT11;MAGIX;GPR19;PNMT;CPEB3;RYR1;CCDC106;FGF22;GPRC5C;SLC25A23;DTNB;PDE6B;MYOT;PLAG1;MEFV;EFHD1;OXT;SLC29A3;DLK2;TFCP2L1;RYR2;CACNA1F;C5;SLC16A7;VPS50;MSH5;MTHFR;SELENOP;FGGY;SPHK2;TGM1,age_changes_CD4_TEMRA_02062026
Estrogen Response Late,1.0,-0.28805504142539434,-1.0292502557990797,CLIC3;SLC27A2;MAPT;FAM102A;FABP5;WFS1;FLNB;ABCA3;TST;IMPA2;AMFR;NRIP1;CELSR2;PLK4;XRCC3;CD9;CCND1;GALE;HOMER2;NBL1;CA2;ALDH3A2;TOP2A;PRKAR2B;MEST;RAPGEFL1;TIAM1;RPS6KA2;NAB2;CKB;RBBP8;TSPAN13;PTPN6;LLGL2;KLF4;NXT1;SCARB1;UGDH;SULT2B1,age_changes_CD4_TEMRA_02062026
Interferon Gamma Response,1.0,-0.21227664248428774,-0.7694892532821961,KLRK1;IFNAR2;GPR18;IRF9;CD38;USP18;IFI27;BANK1;NFKB1;IRF7;MX1;PSMA2;CASP3;ST3GAL5;IFIT1;RSAD2;IFIT3;OAS3;PSMA3;SAMD9L;VCAM1;RTP4;PSMB8;XAF1;CMPK2;IRF8;IFI30;SECTM1;IFI44L;PIM1;PSMB2;PLSCR1;CD40;PTPN6;OAS2,age_changes_CD4_TEMRA_02062026
UV Response Up,1.0,-0.28655186037788916,-1.0139568688326743,APOM;CYB5B;MARK2;CASP3;GLS;FURIN;NAT1;CLCN2;TST;DGAT1;CDC34;POLG2;RFC4;CHKA;ALAS1;LYN;E2F5;SLC25A4;CDKN1C;CA2;PPAT;WIZ;SULT1A1;DLG4;HSPA2;CDKN2B;HMOX1;EPHX1;NPTXR;ABCB1;PRKACA;AGO2;FEN1,age_changes_CD4_TEMRA_02062026
Myogenesis,1.0,-0.23261147167914642,-0.8274126800648111,PDLIM7;APP;PKIA;ADCY9;MYLPF;SPHK1;GADD45B;PYGM;MAPRE3;PSEN2;CD36;SPARC;MAPK12;PC;VIPR1;MEF2C;CHRNB1;SCD;MYOM1;MYH3;WWTR1;ENO3;AK1;EIF4A2;TAGLN;BIN1;CKB;ITGB4;GSN;SMTN;RYR1;ACTN3;NOTCH1;AGRN;MYH11,age_changes_CD4_TEMRA_02062026
DNA Repair,1.0,-0.17473353585482904,-0.6294030322855141,BOLA2;TP53;ERCC4;NME1;PRIM1;RFC5;TAF10;PDE6G;GTF2H5;RFC3;NELFB;ADA;RFC4;SRSF6;ELOA;CMPK2;RPA2;ZWINT;AK1;UMPS;RRM2B;CSTF3;ARL6IP1;TYMS;ZNRD1;RBX1;NPR2;NT5C;FEN1;CLP1;POLB;NUDT9;RPA3;POLR2H;ITPA;CDA;RAD52;TAF1C;POLR2G;ERCC2;TSG101;DGUOK;GTF2B;ERCC8,age_changes_CD4_TEMRA_02062026
Hedgehog Signaling,1.0,-0.21457962836122313,-0.5917354186275877,LDB1;CDK5R1;TLE1;PTCH1;VLDLR;RTN1;HEY2;AMOT;ETS2,age_changes_CD4_TEMRA_02062026
Myc Targets V2,1.0,-0.25447507650028106,-0.8442689477003497,BYSL;IPO4;PPAN;SLC29A2;PLK4;GRWD1;SLC19A1;NOP56;UTP20;MCM4;WDR74;TFB2M;NDUFAF4;PLK1;NOP2;FARSA;RRP12;LAS1L;CBX3;RABEPK;HSPE1;SORD;SRM;EXOSC5;MYBBP1A,age_changes_CD4_TEMRA_02062026
Adipogenesis,1.0,-0.14780884649914397,-0.5372089513527147,CCNG2;GPAM;MAP4K3;VEGFB;IDH1;COQ3;ATP5PO;LIPE;FZD4;MTCH2;COQ5;TST;CD36;CAVIN2;DGAT1;GPD2;PFKFB3;ITSN1;ECH1;SLC19A1;SULT1A1;SLC25A10;DLAT;ATL2;SCARB1;IDH3A;RREB1;MGLL;DBT;NKIRAS1;ABCA1;HIBCH;REEP6;IMMT;LPCAT3;AGPAT3;SLC27A1;PHLDB1;CPT2;RETN;ELOVL6;AIFM1;JAGN1;ACAA2;CAT;SORBS1;GRPEL1;TANK;SLC5A6;CRAT;BCL6;MYLK;CHCHD10;CHUK;ATP1B3;MRPL15;ETFB;COL15A1;CD302;UCK1;DNAJB9;UCP2;NMT1;CMBL;SAMM50;CYC1;PEX14;ALDH2,age_changes_CD4_TEMRA_02062026
PI3K/AKT/mTOR  Signaling,1.0,-0.11371988237691154,-0.3967705141847971,IL2RG;AKT1;HRAS;FASLG;PTEN;SMAD2;TNFRSF1A;TIAM1;ACTR3;ARPC3;IL4;MKNK2;CDK1;FGF22;TRAF2;CSNK2B;CAB39;PIK3R3;E2F1;CFL1;DUSP3,age_changes_CD4_TEMRA_02062026
Bile Acid Metabolism,1.0,-0.2912900829382499,-0.9991296239521542,SULT1B1;SLC27A2;ABCD1;MLYCD;PEX12;IDH1;ABCA3;RXRA;LIPE;PEX6;PEX11A;PRDX5;PXMP2;APOA1;PEX7;HSD17B6;PEX11G;FDXR;ALDH1A1;SULT2B1;AMACR;ABCA1;HSD17B4;ABCD2,age_changes_CD4_TEMRA_02062026
Fatty Acid Metabolism,1.0,-0.13565958788499652,-0.48301932085988913,EHHADH;TP53INP2;MLYCD;IDH1;CD36;GPD2;KMT5A;GSTZ1;SDHD;CA2;ALDH3A2;ECH1;ENO3;IL4I1;PPARA;G0S2;BLVRA;CBR3;UGDH;ALDH1A1;EPHX1;ACSS1;SUCLA2,age_changes_CD4_TEMRA_02062026
Allograft Rejection,1.0,-0.23763120204789434,-0.8610469331771612,TAP2;IFNAR2;CD8A;CD7;CD8B;KLRD1;FCGR2B;CD79A;IRF7;BRCA1;NCR1;IL2RG;HLA-DOA;NME1;CSK;GALNT1;AKT1;FASLG;CCR1;TLR6,age_changes_CD4_TEMRA_02062026
Apical Junction,1.0,-0.24326993200162467,-0.8708479940547277,ATP1A3;RRAS;NECTIN1;JAM3;ACTG1;CERCAM;TMEM8B;BAIAP2;SYK;THBS3;PCDH1;MAPK14;HRAS;PECAM1;PTEN;CLDN15;GNAI2;VCAM1;MAPK11;AMIGO1;CTNND1;TSPAN4;ITGB4;AMIGO2;NLGN2;NECTIN3;SRC;INPPL1;ACTN3;MADCAM1;NRXN2;TRO;LIMA1;ITGA3;MYL9;EPB41L2;PARD6G;CAP1;PIK3R3;ARPC2;EVL;MDK;CD274;FSCN1;MAP3K20;MVD;VAV2;ITGA10;CD86;RAC2;BMP1;ACTB;NRTN;PTPRC;CRAT,age_changes_CD4_TEMRA_02062026
Complement,1.0,-0.17471637185273756,-0.6332900292669976,CTSD;FCER1G;IRF7;CASP10;CASP3;MSRB1;PSEN1;PIK3CA;CASP9;CD36;USP16;HPCAL4;GNAI2;GPD2;LYN;PRSS36;CA2;RABIF;CR1;CDK5R1;PIM1;GP9;PIK3CG;PLSCR1;BRPF3;GNB4;MMP15;ERAP2;PPP2CB;PLAT;IRF2;TIMP2;SRC;CTSL;GCA;PRDM4;F5;LGMN;CP;NOTCH4,age_changes_CD4_TEMRA_02062026
Epithelial Mesenchymal Transition,1.0,-0.21027257853569195,-0.7285309816065187,DAB2;ITGAV;FBLN5;GADD45B;LOXL2;TNFRSF12A;SDC4;THBS1;PDGFRB;SPARC;PCOLCE;LOXL1;EFEMP2;VCAM1;GAS1;MEST;BASP1;SNTB1;TAGLN,age_changes_CD4_TEMRA_02062026
TGF-beta Signaling,1.0,-0.28707476390490055,-0.9376233877787005,SMURF2;FURIN;THBS1;SMURF1;CDKN1C;SKIL;WWTR1;BMPR2;KLF10;ID3;SMAD7;TRIM33;ACVR1;CDK9;SMAD1;TGIF1;NOG;ID1;FNTA;IFNGR2;RAB31;APC;HDAC1;PPM1A;BCAR3;LTBP2;BMPR1A;XIAP;SKI,age_changes_CD4_TEMRA_02062026
Estrogen Response Early,1.0,-0.3171928106576538,-1.1339907769740794,CLIC3;FHL2;RETREG1;SYNGR1;SLC27A2;BCL11B;SLC19A2;FCMR;MAPT;ADCY9;FAM102A;WFS1;FLNB;SNX24;ABCA3;MINDY1;ZNF185;UGCG;AMFR;NRIP1;CELSR2;IGF1R;TGIF2;PEX11A;CCND1;NBL1;ASB13;KLF10;RAPGEFL1;MED24;TIAM1;RPS6KA2;RHOBTB3;RBBP8;ABAT;KLF4;NXT1;SCARB1;INPP5F;SULT2B1;DEPTOR,age_changes_CD4_TEMRA_02062026
UV Response Dn,1.0,-0.29427298038085964,-1.039546283109976,DAB2;FHL2;NFKB1;ABCC1;DBP;FBLN5;ZMIZ1;GRK5;TENT4A;RXRA;MAPK14;MRPS31;MTA1;PTEN;PDGFRB;DYRK1A;IGF1R;PRKCE;PRKCA;SYNJ2;PRKAR2B;SLC7A1;MIOS;SMAD7;ICA1;ARHGEF9;CACNA1A;MGLL,age_changes_CD4_TEMRA_02062026
Spermatogenesis,1.0,-0.30373224928155085,-1.0360349290971786,CSNK2A2;POMC;JAM3;TKTL1;CCT6B;TLE4;RFC4;IFT88;HSPA1L;HSPA2;AGFG1;CHFR;GSTM3;CDK1;PCSK4;BRAF;OAZ3;STRBP;AURKA;GMCL1;NEFH;TTK;CCNB2;ACE;NCAPH;SLC12A2;PIAS2;EZH2;ACRBP;PHF7;SPATA6;STAM2;CDKN3;NPHP1;BUB1;COIL,age_changes_CD4_TEMRA_02062026
Angiogenesis,1.0,-0.3098389721141856,-0.816393063442222,APP;ITGAV,age_changes_CD4_TEMRA_02062026
Cholesterol Homeostasis,1.0,-0.24789515993142563,-0.8273201361249025,STARD4;SC5D;ACTG1;FABP5;TNFRSF12A;TM7SF2;CD9;CHKA;SCD;GSTM2;ECH1;PLSCR1;ACSS2;CXCL16,age_changes_CD4_TEMRA_02062026
Inflammatory Response,1.0,-0.15971022828292722,-0.5697600831939149,CCR7;CHST2;NMUR1;NFKB1;IRF7;GPR183;SPHK1;PSEN1;TNFRSF9;TLR1;ATP2A2;RTP4;LYN;ACVR1B;PTAFR;SLC11A2;SELL;SLC7A1;TNFSF9;CD40;CCRL2;IL18;CXCR6;TLR3;PTPRE;CSF1;MARCO;ABCA1;GNA15;C5AR1;NLRP3;NMI;ADGRE1;PVR;MEFV;ITGB3,age_changes_CD4_TEMRA_02062026
G2-M Checkpoint,1.0,-0.26870377954021246,-0.975064055177487,UPF1;NDC80;ABL1;CUL3;CKS2;BARD1;UBE2S;RBM14;CTCF;TPX2;TENT4A;MAPK14;SFPQ;CHAF1A;ORC6;MCM2;PLK4;TRAIP;KMT5A;TACC3;HIRA;CCND1;PRC1;TOP2A;SMC2;RPA2;PURA;SLC7A1;KIF11;BRCA2;CENPE;HNRNPD;MKI67;FANCC;CCNA2;E2F4;TFDP1;KPNA2;CDK1;HMGB3;HMMR;EFNA5;LIG3;SAP30;NUSAP1;KNL1;MT2A;FBXO5;AURKA;AURKB;TTK;CCNB2;E2F1;LMNB1;PLK1;STIL;SLC12A2;MAP3K20;GINS2;E2F2;DDX39A;CENPF;CHEK1;PRIM2;RACGAP1;MCM3;EZH2;NUP50;MARCKS;SMARCC1;E2F3;POLQ;CDKN3;UBE2C;JPT1;BUB1,age_changes_CD4_TEMRA_02062026
Mitotic Spindle,1.0,-0.20786009480725828,-0.7573848521830071,NDC80;ABL1;TPX2;RALBP1;FLNB;ARL8A;PKD2;PIF1;ALS2;CENPJ;GEMIN4;PRC1;TOP2A;NET1;CEP72;YWHAE;ITSN1;STK38L;PLEKHG2;ARAP3;TIAM1;KIF11;CDC42EP4;BIN1;BRCA2;CENPE;PREX1;KNTC1;GSN;CEP250;ARHGAP27;ECT2;CDK1;NUSAP1;FARP1;KPTN;CLIP2;DST;KIF3C;FBXO5;EPB41L2;NEDD9;AURKA;ARHGEF11;TTK;CCNB2;DOCK4;FGD6;FGD4;LMNB1;PLK1,age_changes_CD4_TEMRA_02062026
Wnt-beta Catenin Signaling,1.0,-0.2505704355689093,-0.7833500158118497,TP53;TCF7;PSEN2;FRAT1;PPARD;NOTCH1;NOTCH4;SKP2;AXIN1;NKD1;AXIN2;WNT1;PTCH1;KAT2A;CSNK1E,age_changes_CD4_TEMRA_02062026
IL-2/STAT5 Signaling,0.0,0.5221730279642695,2.210798967305595,IL2RA;PTGER2;IL2RB;CST7;AHNAK;TNFRSF1B;TNFRSF4;SYT11;ADAM19;TRAF1;BHLHE40;ANXA4;IL18R1;IL10RA;PRNP;CTLA4;CSF1;MYO1C;HOPX;GALM;SLC39A8;TNFRSF18;ALCAM;BATF;CCR4;CYFIP1;LRIG1;PHTF2;SERPINB6;MUC1;IRF4;PHLDA1;PLPP1;COL6A1;AHR;SLC1A5;XBP1;RABGAP1L;BCL2;P4HA1;PIM1;GLIPR2;MAP3K8;BCL2L1;FGL2;SYNGR2;NDRG1;IFNGR1;NFKBIZ;RHOB;PTCH1;FLT3LG;RORA;CTSZ;SNX14;IL1R2;SH3BGRL2;TIAM1;ODC1;KLF6;ECM1;SNX9;GPR65;PRKCH;SOCS2;EOMES;EMP1,age_changes_CD4_naive_SOX4-_02062026
Myc Targets V1,0.00036814067304777163,-0.45506835915986027,-2.024182752155638,CCT2;MCM7;PSMC6;COPS5;PCNA;SERBP1;APEX1;CCT5;PSMA4;RFC4;PHB;SYNCRIP;NME1;POLE3;LSM2;NOP56;PSMA7;EIF3J;GNL3;HDDC2;VDAC1;HSPE1;SSB;HNRNPA2B1;CCT3;PSMB3;SNRPG;TXNL4A;EXOSC7;HDGF;HNRNPD;PSMC4;HDAC2;SSBP1;CTPS1;SNRPD3;ABCE1;NHP2;NOP16;CLNS1A;PSMB2;TRIM28;POLD2;CBX3;GSPT1;PSMA1;SLC25A3;PSMA2;LSM7;PSMD8;C1QBP;EIF3B;AIMP2;PRPF31;SET;SMARCC1;ILF2;TFDP1;SRSF3;IMPDH2;RUVBL2;ERH;CCT4;DDX18;SRM;RAD23B;RRP9;DDX21;PWP1;RPS10;NDUFAB1;CYC1;CDC45;EIF2S2;PPIA;TCP1;PRDX3;PPM1G;RANBP1;EIF2S1;FAM120A;PSMD3;RPL22;PCBP1;SNRPB2;EEF1B2;RACK1;RPL6;RPS5;HPRT1;FBL;SRSF2;EIF4A1;RPS2;COX5A;HNRNPR;NOLC1;RPS6;CDK4;TARDBP,age_changes_CD4_naive_SOX4-_02062026
Complement,0.00040875478428895246,0.4609827145918422,1.9461794532198047,CASP1;CFH;F5;CPQ;ANXA5;CCL5;TIMP1;GZMK;CTSH;CTSS;SPOCK2;PDGFB;LGALS3;CLU;PLEK;F8;CSRP1;HPCAL4;DPP4;APOBEC3G;GATA3;LRP1;C1R;ANG;XPNPEP1;MT3;DUSP6;GZMB;PIM1;S100A12;LTA4H;C4BPB;CTSO;VCPIP1;RBSN;SERPINA1;CTSB;CASP7;PLAT;KLKB1;CPM;DUSP5;ITGAM;S100A9;KYNU;APOBEC3F;PLA2G7;PRKCD;CXCL1;GMFB;JAK2;USP14;LIPA;CDA;RNF4;PDP1;WAS;FCN1;PSMB9;CDK5R1,age_changes_CD4_naive_SOX4-_02062026
Oxidative Phosphorylation,0.0004908542307303621,-0.45260005802397735,-1.9838884964292427,SLC25A5;TIMM8B;TIMM13;ATP5F1C;DECR1;BDH2;PDHB;ATP6V1D;NDUFB3;MRPL15;ACADM;SLC25A11;NDUFA2;MRPS11;MTX2;SUCLG1;FXN;MTRF1;ATP5MC3;MDH1;ATP5MC1;ATP5PF;ATP1B1;ATP5MF;CYB5A;NDUFS6;TIMM10;IMMT;SDHD;HSD17B10;VDAC1;ETFB;ECH1;NDUFA7;NDUFB2;NDUFB6;NDUFC2;UQCRH;NDUFS2;COX7B;NDUFA8;UQCR10;NDUFA9;FH;COX6C;UQCRQ;MRPS22;TIMM9;ATP5ME;TOMM22;ACAA1;MRPS12;SLC25A3;ATP5F1E;UQCRC2;PDHA1;NDUFS8;IDH1;SDHC;ACAA2;NDUFB1;NDUFS4;MRPL35;ATP6V0B;POLR2F;ATP5F1B;ATP5PO;MRPS15;MRPL11;NDUFB8;SLC25A20;SDHB;LDHB;AIFM1;NDUFB4;NDUFAB1;NDUFA1;CYC1;ATP6V1F;MRPL34;COX6A1;NDUFS3;PRDX3;ATP5MG;ATP5PB;COX7A2L;SLC25A6;UQCRB;IDH3B;SUCLA2;ETFA;ECHS1;TIMM50;NDUFA6,age_changes_CD4_naive_SOX4-_02062026
Epithelial Mesenchymal Transition,0.0006131321764334287,0.47397433231509156,1.937800081581661,IGFBP3;TGFBR3;LGALS1;ITGB1;FAS;ENO2;TIMP1;IL15;SGCB;FLNA;GLIPR1;ACTA2;PFN2;DST;IGFBP4;PLOD3;LRP1;VIM;VCAN;LOXL1;WIPF1;SDC4;CADM1;QSOX1;TPM4;MGP;ANPEP;RHOB;TGFBI;GAS1;CXCL1;MAGEE1;CRLF1;THBS1;PLOD1;ECM1;PVR;NOTCH2;GPC1;PDGFRB;SPARC;MATN2;CXCL8;ITGB5,age_changes_CD4_naive_SOX4-_02062026
Coagulation,0.0006131321764334287,0.504787857468135,1.9756622645488817,CAPN2;CFH;CPQ;TIMP1;CTSH;PDGFB;CRIP2;CLU;PLEK;F8;CSRP1;APOA1;DPP4;LRP1;C1R;ANG;DUSP6;PRSS23;LTA4H;CTSO;SERPINA1;CTSB;PLAT;F12;KLKB1;CFD;THBS1;USP11;SERPING1;SPARC;MAFF;ANXA1;MMP15;ITGA2;MMP9;GSN;PROS1;C1QA;F2RL2;GNB2,age_changes_CD4_naive_SOX4-_02062026
Myc Targets V2,0.0007362813460955433,-0.5628444869863232,-2.0499793936193744,BYSL;PHB;NDUFAF4;TMEM97;NOP56;GNL3;TFB2M;SLC19A1;HSPE1;DCTPP1;PPAN;MRTO4;SORD;IPO4;NOP16;CBX3;TBRG4;MPHOSPH10;AIMP2;DDX18;SRM;EXOSC5;GRWD1;WDR43;RRP9;RABEPK,age_changes_CD4_naive_SOX4-_02062026
Allograft Rejection,0.0022072758351603435,0.4298883403178266,1.8220422475152755,IL2RA;STAT4;IL2RB;FAS;NCF4;CD40;CCL5;F2R;TIMP1;CSF1;IL15;ACVR2A;CTSS;FLNA;CXCR3;CDKN2A;IFNG;TPD52;MAP4K1;IL2;ICAM1;TAPBP;IL12RB1;IRF4;BCL3;NLRP3;CCR2;TLR3;PRF1;DEGS1;GZMB;FGR;KLRD1;SRGN;RIPK2;TNF;IL7;BCL10;GCNT1;TLR6;IL12A;IFNGR1;SPI1;TRAF2;FASLG;HCLS1;IL18RAP;JAK2;CD4;WAS;CCR1;CD80;GPR65;CCR5,age_changes_CD4_naive_SOX4-_02062026
TNF-alpha Signaling via NF-kB,0.0026058117498420717,0.4106551673856208,1.7697564966823311,IL15RA;TRAF1;CCL5;BHLHE40;BCL2A1;CSF1;CLCF1;DRAM1;SLC16A6;MSC;PLEK;SERPINB8;SMAD3;ICAM1;ZC3H12A;PHLDA2;PHLDA1;BCL3;DUSP4;SQSTM1;GPR183;MAP3K8;SDC4;TNIP1;RELB;RIPK2;F2RL1;TNF;KLF9;CDKN1A;TANK;DUSP5;RELA;ZFP36;RHOB;KYNU;ATF3;NFKBIE;CFLAR;CEBPD;CXCL1;BIRC3;KLF6;CD80;PANX1;SOD2;G0S2;MAFF;CD69;TAP1;TNFRSF9;CCL20;MCL1;TIPARP;SOCS3;EHD1;TNFAIP6;CCL4;DUSP1;TNIP2;AREG;NFKB2;PLAUR;KLF10;IFIT2,age_changes_CD4_naive_SOX4-_02062026
IL-6/JAK/STAT3 Signaling,0.002656906097878191,0.47366463582573476,1.7938365890986518,IL2RA;IL15RA;FAS;TNFRSF1B;IL18R1;CSF1;IL12RB1;PTPN1;PIM1;MAP3K8;TNF;IL7;CSF2RB;CSF3R;HMOX1;IFNGR1;MYD88;IL13RA1;CXCL1;IL1R2;LTBR;STAT3;CCR1;IL9R;CD14;HAX1;IL1R1;CD36;PDGFC;SOCS3,age_changes_CD4_naive_SOX4-_02062026
Interferon Gamma Response,0.0028028899494099598,0.41702375522919694,1.7725607467734108,ZBP1;STAT4;IL2RB;IL15RA;CASP1;FAS;CFH;CD40;CCL5;IL10RA;IL15;CASP8;PFKP;MTHFD2;BST2;ICAM1;TAPBP;IRF4;OASL;C1R;PTPN1;PIM1;IL18BP;MVP;TRIM26;IRF5;PELI1;RIPK2;CMTR1;ARID5B;CASP7;IL7;CSF2RB;ITGB7;CMKLR1;FGL2;FCGR1A;SLAMF7;CDKN1A;HLA-DRB1;GBP6;UPP1;MYD88;ZNFX1;CD274;FPR1;TRAFD1;TXNIP;JAK2;PSMB9;STAT3;OAS3;RIPK1;SRI;SOD2;NOD1;SECTM1;SERPING1;IFITM3;PTPN6;LY6E;CD86;CD69;TAP1,age_changes_CD4_naive_SOX4-_02062026
Inflammatory Response,0.0032700382743116197,0.4090951287609929,1.7258791848702866,PTGER2;IL2RB;IL15RA;TNFRSF1B;CD70;CD40;CCL5;IL18R1;IL10RA;TIMP1;CSF1;IL15;ACVR2A;NOD2;GNA15;CD82;BST2;ICAM1;TAPBP;AHR;BEST1;NLRP3;SLAMF1;TLR3;KCNA3;GPR183;LTA;RIPK2;AQP9;TPBG;OSM;PROK2;CMKLR1;CSF3R;CDKN1A;RELA;ICAM4;SLC7A1;FPR1;IL18RAP;C3AR1;KLF6;PVR;LAMP3;SRI;NMUR1;C5AR1;CD14;MEFV;SLC4A4;CXCL8;LY6E;CYBB;CD69;IL1R1;TNFRSF9;CCL20;RGS16;P2RY2;GABBR1;CXCR6;TLR1;TNFAIP6;STAB1;MSR1;PLAUR;EREG;EMP3;IFITM1,age_changes_CD4_naive_SOX4-_02062026
Myogenesis,0.004459143101334028,0.41084102839917486,1.6814451912380373,IGFBP3;FXYD1;ITGB1;BHLHE40;SORBS3;PRNP;MYO1C;GNAO1;CLU;FHL1;TNNC1;PSEN2;CHRNA1;MAPRE3;PFKM;TPM3;TNNC2;SYNGR2;CDKN1A;DAPK2;SORBS1;PDLIM7;DMPK;CFD;GAA;ATP6AP1;SH2B1;KIFC3;RB1;NCAM1;MRAS;CNN3;PTP4A3;AGL;MYH9;FLII;SPARC;SPTAN1;ITGB5;PGAM2;CD36;RYR1;NAV2;LARGE1;GSN;PDE4DIP;APP;LAMA2;KCNH2;FABP3;PLXNB2;FKBP1B;EPHB3;CRAT,age_changes_CD4_naive_SOX4-_02062026
Apoptosis,0.00490505741146743,0.40844777024342593,1.6859131619643013,TGFBR3;CASP1;FAS;ENO2;F2R;TIMP1;LGALS3;KRT18;CLU;CASP8;TSPO;LMNA;GNA15;PSEN2;PEA15;SQSTM1;PRF1;CASP6;BCL2L1;TNF;CASP7;CDKN1B;PLAT;BCL10;HMOX1;CDKN1A;FEZ1;IFNGR1;RELA;RHOB;ATF3;CFLAR;FASLG;TXNIP;BIRC3;HMGB2;RETSAT;BIK;CDC25B;SOD2;EMP1;MADD;PDGFRB;CD14;IFITM3;SPTAN1;ANXA1;CD69;PMAIP1;TAP1;MCL1;GPX4;GSN;APP;IGFBP6;TNFRSF12A;CTNNB1;RHOT2;EREG;ETF1;PLCB2;SLC20A1;PPT1,age_changes_CD4_naive_SOX4-_02062026
p53 Pathway,0.0054160008918286194,0.38426271164198594,1.6543177429225437,S100A4;STOM;CASP1;FAS;GLS2;F2R;ZBTB16;CGRRF1;DDB2;PERP;ZNF365;CDKN2A;DRAM1;EPS8L2;PHLDA3;AEN;CD82;TCN2;CCNG1;MAPKAPK3;DDIT4;S100A10;RHBDF2;CDKN2B;SEC61A1;ABHD4;VWA5A;PMM1;HMOX1;CDKN1A;NDRG1;UPP1;ATF3;CTSF;TRAFD1;TXNIP;RPS27L;RB1;SESN1;CDK5R1;MDM2;ANKRA2;RETSAT;XPC;KIF13B;PRKAB1;SLC3A2,age_changes_CD4_naive_SOX4-_02062026
UV Response Dn,0.00981011482293486,0.4007637927609638,1.604699920673167,SFMBT1;TGFBR3;KALRN;ANXA2;BMPR1A;INPP4B;BHLHE40;ANXA4;ACVR2A;ATXN1;SMAD3;MT1E;ATP2B4;PIAS3;CDKN1B;GCNT1;PTPRM;CITED2;SLC7A1;ABCC1;ICA1,age_changes_CD4_naive_SOX4-_02062026
Hypoxia,0.009897705133853919,0.37134122469140995,1.5973037881918162,IGFBP3;S100A4;ANXA2;ENO2;BHLHE40;PAM;PDGFB;TPD52;PFKP;AKAP12;MT1E;CAVIN1;DDIT4;UGP2;XPNPEP1;BCL2;P4HA1;PIM1;SDC4;CASP6;CDKN1B;TPBG;NEDD4L;HMOX1;CDKN1A;NDRG1;SLC25A1;IDS;ZFP36;CITED2;ATF3;TGFBI;RORA;ERRFI1;GAA;KIF5A;PFKL;TPI1;ERO1A;KLF6;FBP1;GPC1;ALDOA;GPI;MYH9;MIF;MAFF;TMEM45A;PGAM2;GAPDH;LARGE1;WSB1;TIPARP,age_changes_CD4_naive_SOX4-_02062026
TGF-beta Signaling,0.01417341591233921,-0.4517975925897677,-1.6165921899405407,NOG;PMEPA1;ID3;ID2;SKIL;BMPR2;HIPK2;SMAD7;TGFBR1;SMURF2;SMAD1;SPTBN1;FKBP1A;TRIM33;XIAP;SKI,age_changes_CD4_naive_SOX4-_02062026
KRAS Signaling Up,0.014561889190293931,0.37311740629684803,1.546850015796053,IGFBP3;PRDM1;NAP1L2;ADAM8;TNFRSF1B;CFH;PCSK1N;TRAF1;IL10RA;KIF5C;CTSS;ACE;FLT4;MAP4K1;AKAP12;AMMECR1;WNT7A;RABGAP1L;PDCD1LG2;DUSP6;F2RL1;VWA5A;LCP1;CMKLR1;CDADC1;PLAT;F13A1;FGF9;TLR8;ERO1A;BIRC3;C3AR1;TMEM176A;EVI5;EMP1;PPBP;TMEM176B;PRELID3B;G0S2;CAB39L;ENG;ITGA2;CCL20;MMP9;RGS16;CD37;FBXO4,age_changes_CD4_naive_SOX4-_02062026
Protein Secretion,0.015532681802980194,0.39937938740069984,1.5474035356647684,CD63;PAM;KRT18;TPD52;RAB9A;ANP32E;DST;GALC;VAMP3;M6PR;STAM;TMED10;STX12;ARFIP1;SEC24D;ICA1;TMED2;AP2B1;RAB14;ATP1A1;SEC31A;RAB5A;ARF1;VPS45;LMAN1,age_changes_CD4_naive_SOX4-_02062026
Angiogenesis,0.01572503699558676,0.5200577490285141,1.533491370095907,S100A4;TIMP1;FGFR1;VCAN,age_changes_CD4_naive_SOX4-_02062026
Bile Acid Metabolism,0.025002167639007592,0.38859244527054426,1.4737020474823441,OPTN;ATXN1;ACSL5;APOA1;NR3C2;ABCA2;PEX16;NPC1;SLC27A2;GSTK1;ABCD2;LIPE;GCLM;PFKM;AQP9;ABCA3;NR1I2;CYP27A1;ABCA6;HSD17B11;CH25H;PIPOX;RETSAT;PAOX,age_changes_CD4_naive_SOX4-_02062026
Wnt-beta Catenin Signaling,0.025033565767248474,-0.43206004809696985,-1.47529931301045,GNAI1;NKD1;SKP2;TP53;TCF7;LEF1;NOTCH1;HDAC2;AXIN1;FZD1;HEY2;FRAT1;MAML1;RBPJ;AXIN2;DLL1,age_changes_CD4_naive_SOX4-_02062026
DNA Repair,0.025892560671026604,-0.35425615101213503,-1.5030543422732818,ADA;PDE6G;GTF2H5;POLR2H;TP53;SAC3D1;PCNA;BOLA2;TAF12;POLR2G;RFC4;RALA;NUDT9;STX3;NME1;PDE4B;RPA2;ITPA;ZNRD1;RAE1;GTF3C5;CSTF3;MPC2;RBX1;ZWINT;UPF3B;UMPS;TSG101;CETN2;DGCR8;RPA3;ALYREF;POLR2K;IMPDH2;POLR2F;ERCC4;APRT;NELFB;SRSF6;DAD1;NELFCD;TAF10,age_changes_CD4_naive_SOX4-_02062026
Estrogen Response Late,0.02594517209749877,0.352141835234324,1.4646860604546703,LSR;TJP3;PERP;DYNLT3;BATF;MICB;TNNC1;IGFBP4;ELOVL5;FABP5;ATP2B4;ABHD2;SLC27A2;DNAJC1;XBP1;BCL2;PRSS23;SERPINA1;MAPT;CHPT1;ABCA3;MAPK13;TPBG;NBL1;PTGES;UNC13B;ZFP36;S100A9;PKP3;SLC1A4;ALDH3B1;FDFT1;SLC2A8;JAK2;TIAM1,age_changes_CD4_naive_SOX4-_02062026
G2-M Checkpoint,0.026211615921001342,-0.3441663652882454,-1.521367862938991,SMC4;STMN1;SMC2;CENPF;CDKN2C;NASP;MTF2;BARD1;DR1;SYNCRIP;TOP1;CKS2;GINS2;SQLE;MAPK14;FANCC;SMC1A;WRN;CBX1;RPA2;E2F3;HNRNPD;CTCF;EZH2;HIRA;CKS1B;ATF5;GSPT1;CUL3;CENPE;SMARCC1;DTYMK;PRPF4B;RBM14;TFDP1;MKI67;CCNB2;AURKA;UBE2S;NCL;CDKN3;RAD23B;SAP30;SLC12A2;TENT4A;MARCKS;LBR;CCND1;HMGN2;MYBL2;CDC45;FOXN3;SFPQ;PAFAH1B1;CHAF1A;ABL1;E2F4;TACC3;FBXO5;UPF1;STAG1,age_changes_CD4_naive_SOX4-_02062026
Notch Signaling,0.02808387420107287,-0.4659985094281036,-1.4779746281853068,TCF7L2;LFNG;NOTCH1;HES1;ARRB1;MAML2;DTX1;RBX1;ST3GAL6;FZD1;SAP30;CCND1;DTX4;PSENEN;DLL1,age_changes_CD4_naive_SOX4-_02062026
Estrogen Response Early,0.02875589907472781,0.34127401759844067,1.4475291075742747,SH3BP5;BHLHE40;TJP3;MYBL1;DYNLT3;KRT18;MICB;LRIG1;ASB13;MUC1;IGFBP4;ELOVL5;ENDOD1;ABHD2;SLC27A2;RHOD;XBP1;SNX24;NADSYN1;BCL2;PRSS23;GAB2;MAPT;SLC37A1;CHPT1;ABCA3;UGCG;TPBG;AQP3;NBL1;PTGES;SLC1A4;ISG20L2;ALDH3B1;ELF1;FDFT1;JAK2;TIAM1;SLC22A5;RAB31;ELF3;MYB;WFS1;ADCY1;PMAIP1;CANT1;NAV2;TOB1;TIPARP;CISH;P2RY2,age_changes_CD4_naive_SOX4-_02062026
Androgen Response,0.048583425789772636,0.36112825914828633,1.381371397630887,INPP4B;CDC14B;MAF;TPD52;HSD17B14;AKAP12;GPD1L;ELOVL5;ABHD2;PLPP1;STEAP4;ARID5B;NKX3-1;NDRG1;DNAJB9;IQGAP2;PIAS1;SEC24D;SMS;MERTK;ABCC4;LMAN1;XRCC6,age_changes_CD4_naive_SOX4-_02062026
E2F Targets,0.08761748018536965,-0.3012930221072487,-1.3255820248286938,SMC4;STMN1;MSH2;TP53;MCM7;CDKN2C;NASP;PCNA;UBE2T;BARD1;SYNCRIP;CKS2;NME1;NOP56;SMC1A;RPA2;GINS3;DCTPP1;SNRPB;HNRNPD;PAICS;CTCF;CTPS1;LUC7L3;EXOSC8;EZH2;CKS1B;POLD2;NAA38;RPA3;RAD51C;PPP1R8;GSPT1;TBRG4;CENPE;TIPIN;ING3;MKI67;CCNB2;AURKA;UBE2S;CDKN3;TUBG1;SMC6;POP7;LBR;PNN;RFC1;MYBL2;RFC3;ASF1B;RANBP1;EIF2S1;SMC3;TACC3;NUP107;STAG1;CCNE1,age_changes_CD4_naive_SOX4-_02062026
Xenobiotic Metabolism,0.09024190851324738,0.31090546531076346,1.3018416550906589,DHRS7;FAS;CES1;ACSM1;IGFBP4;ELOVL5;PTGES3;NPC1;PTGDS;ABCD2;SLC1A5;MPP2;SPINT2;CDO1;AQP9;CASP6;PMM1;CYP27A1;GSS;HMOX1;PTGES;UPP1;KYNU;ACO2;AP4B1;TPST1;TMBIM6;CDA;PEMT;HES6;SSR3;RETSAT;VNN1;CCL25;FBP1;TMEM176B;PGRMC1;IL1R1;CD36;SLC46A3;PROS1;ALDH2;ARG1;PGD;GNMT;ACOX1;ABCC3;NDRG2,age_changes_CD4_naive_SOX4-_02062026
Fatty Acid Metabolism,0.11329616303661182,0.31010410275418776,1.2689531477049918,PCBD1;LGALS1;LTC4S;BLVRA;ENO2;PRDX6;YWHAH;CBR3;ACSL5;GLUL;ELOVL5;S100A10;DLST;ACSM3;RAP1GDS1;SDHA;SERINC1;CPT1A;ACO2;HSD17B11;CPT2;SUCLG2;IL4I1;ACADVL;SMS;ODC1;SLC22A5;RETSAT;VNN1;ALDOA;MIF;G0S2;ME1;ALDH1A1;CD36,age_changes_CD4_naive_SOX4-_02062026
UV Response Up,0.2267010264628178,-0.28023445259867197,-1.1938202535026854,ABCB1;AP2S1;POLR2H;CDC5L;KLHDC3;RFC4;FKBP4;E2F5;CASP3;POLE3;RASGRP1;MARK2;IGFBP2;TUBA4A;PRKACA;DNAJA1;CHKA;POLG2;PSMC3;PLCL1;CDC34;WIZ;HYAL2;NAT1;IL6ST;BID;ACAA1;DGAT1;BCL2L11;BAK1;GGH;FURIN;DDX21;NR4A1;ARRB2;EPHX1;ATP6V1F;AGO2;CDKN1C;UROD;PPAT;PDAP1,age_changes_CD4_naive_SOX4-_02062026
Apical Surface,0.2368442007251416,0.3632884488729154,1.1414258355481026,IL2RB;CRYBG1;GATA3;FLOT2;CROCC;GAS1;GSTM3;MAL;APP;PLAUR;MDGA1;LYN;EPHB4;CD160;AFAP1L2,age_changes_CD4_naive_SOX4-_02062026
Pancreas Beta Cells,0.2388490456195112,0.4307898796850892,1.1461993420208276,STXBP1;PAK3;DPP4,age_changes_CD4_naive_SOX4-_02062026
Cholesterol Homeostasis,0.24402660622050465,0.3184761579628974,1.1484254605961144,ANXA5;LGALS3;ALCAM;CLU;ACSS2;ABCA2;FABP5;LSS;SREBF2;ANTXR2;S100A11;CXCL16;ATF3;ERRFI1;FDFT1,age_changes_CD4_naive_SOX4-_02062026
Adipogenesis,0.24986362454015085,0.2732072010870476,1.1505783870723587,DHRS7;STOM;LTC4S;APLP2;RAB34;REEP5;BAZ2A;CAVIN1;SOWAHC;BCL2L13;SLC1A5;GPAT4;NABP1;SULT1A1;LIPE;ELOVL6;CD151;YWHAG;CD302;GPHN;MGST3;TANK;DNAJB9;SORBS1;SLC25A1;IFNGR1;RMDN3;ACO2;CPT2;RNF11;PFKL;PHLDB1;UBQLN1;RIOK3;PEMT;MCCC1;GRPEL1;CMBL;RETSAT;CHCHD10;ALDOA;CAVIN2;ME1;PIM3;CD36;TOB1;GPX4,age_changes_CD4_naive_SOX4-_02062026
Reactive Oxygen Species Pathway,0.2507199658132362,0.3295242147990987,1.1560177803700251,PRNP;PRDX6;PFKP;PRDX2;GCLM;PRDX4;ABCC1;SRXN1;MBP;SOD2;G6PD;FES;GPX4;MPO;CDKN2D,age_changes_CD4_naive_SOX4-_02062026
heme Metabolism,0.2544696316771772,0.26230113666539273,1.1146749075635187,BLVRA;FN3K;CAST;DMTN;OPTN;TRAK2;TSPAN5;FBXO7;LRP10;ENDOD1;OSBP2;ACSL6;TENT5C;PRDX2;MKRN1;GCLM;KAT2B;HTATIP2;CTSB;NFE2L1;MGST3;ASNS;AQP3,age_changes_CD4_naive_SOX4-_02062026
Apical Junction,0.258826348410277,0.2690559453348291,1.122602785906819,ITGB1;TRAF1;SORBS3;ACTN4;VCL;CTNNA1;YWHAH;CRB3;ICAM1;PARVA;CD99;VCAN;LIMA1;GTF2F1;ADAM15;MAPK13;ZYX;DSC1;ICAM4;SIRPA;TGFBI;NECTIN2;CD274;MPP5,age_changes_CD4_naive_SOX4-_02062026
Glycolysis,0.26287020177622533,0.2590775077869188,1.11469319610632,IGFBP3;ENO2;PAM;PFKP;EGLN3;DDIT4;UGP2;ANG;VCAN;P4HA1;ECD;AK3;QSOX1;CASP6;GNE;GFPT1;TPBG;NOL3;PYGL;CITED2;GOT2;TGFBI;IL13RA1;DSC2;TPST1;CHPF2;TPI1;ERO1A;MERTK;PLOD1;BIK;GPC1;ALDOA;B3GAT1;AGL;ELF3;MIF;G6PD;ME1;PKM;PGAM2;HAX1,age_changes_CD4_naive_SOX4-_02062026
mTORC1 Signaling,0.26432500324830005,-0.2609371256542961,-1.1573622898459648,PHGDH;CD9;GLRX;ATP6V1D;PSMD13;PSMC6;COPS5;MTHFD2L;RDH11;PSMA4;MLLT11;EEF1E1;SQLE;ATP5MC1;TMEM97;SCD;ABCF2;LGMN;IMMT;PSMA3;HSPE1;PSMB5;TUBA4A;SORD;GOT1;SYTL2;PSPH;PSMC4;HMBS;CTSC;TM7SF2;PDK1;CORO1A,age_changes_CD4_naive_SOX4-_02062026
Interferon Alpha Response,0.3490638121957564,0.27022906384016776,1.0554660365656665,CASP1;CSF1;IL15;CASP8;LPAR6;BST2;UBA7;OASL;MOV10;TRIM26;RIPK2;CMTR1;IL7;TRAFD1;TXNIP;ELF1;PSMB9;LAMP3;IFITM3;LY6E;TMEM140;TAP1;ADAR;GBP2;CD74;IFIT2;IFITM1;HERC6;TRIM14;TRIM21,age_changes_CD4_naive_SOX4-_02062026
KRAS Signaling Dn,0.36863152727850196,-0.26746698640707156,-1.093533313657371,CHST2;TCL1A;LFNG;CAMK1D;SPHK2;RSAD2;BARD1;SKIL;CCDC106;EDAR;CD40LG;IGFBP2;IFI44L;GTF3C5;FGF22;STAG3,age_changes_CD4_naive_SOX4-_02062026
Mitotic Spindle,0.41424321271867726,-0.2448316304884445,-1.061342225415796,SMC4;FLNB;CENPF;EPB41L2;RALBP1;SAC3D1;EPB41;TRIO;KPTN;STK38L;PPP4R2;SMC1A;PCNT;TUBA4A;SPTBN1;CCDC88A;CD2AP;WASF1;ITSN1;RASA2;SASS6;SSH2;ARHGEF7;CENPE;BCL2L11;WASF2;RAPGEF6;CCNB2;CENPJ;AURKA;RABGAP1;UXT;CDK5RAP2;CAPZB;RANBP9;CYTH2;DLG1;MARCKS;PCM1;TUBGCP2;RFC1;NCK2;BCR;NET1;PAFAH1B1;ARFGEF1;MYO1E;ABL1;SMC3;FBXO5;RICTOR;ROCK1;CDC42;AKAP13,age_changes_CD4_naive_SOX4-_02062026
Pperoxisome,0.4513404651565681,-0.261849008317393,-1.0342871894952141,ABCB1;MSH2;SLC25A19;RDH11;ABCD3;CLN8;PEX2;PRDX5;FDPS;ECH1;SLC25A17;PEX6;FIS1;CTPS1;CLN6;ACAA1;ABCC5;IDH1;CTBP1;SMARCC1;HMGCL,age_changes_CD4_naive_SOX4-_02062026
PI3K/AKT/mTOR  Signaling,0.5388597744957917,-0.24566521379988016,-0.9905536219714556,LCK;PLCB1;CAMK4;MAP2K6;SMAD2;MAPK8;PTEN;VAV3;PRKAG1;MKNK2;FGF22;ITPR2;TNFRSF1A;IL2RG;PDK1;RIT1;ARPC3;TSC2;PIK3R3;CSNK2B;HRAS;GRK2;MAPK1;MAPK9,age_changes_CD4_naive_SOX4-_02062026
Spermatogenesis,0.5940321801493813,0.24809127949558799,0.9400976067727524,PCSK1N;MLF1;ACE;PHF7;PACRG;PRKAR2A;NCAPH;CCT6B;IDE;SPATA6;GSTM3;NPHP1;PARP2;PEBP1;IL12RB2,age_changes_CD4_naive_SOX4-_02062026
Unfolded Protein Response,0.6101471479925505,-0.23834499761291209,-0.9519576569589544,BANF1;PDIA5;DNAJA4;NOP56;LSM1;DDX10;CNOT4;NFYB;CNOT6;DCP2;ATP6V0D1;ARFGAP1;NHP2;YIF1A;CKS1B;TTC37;SRPRB;EXOSC2;LSM4;IMP3;ATF4;IFIT1;TATDN2;EIF4A3;EXOSC5;EXOSC4;RRP9;SEC11A,age_changes_CD4_naive_SOX4-_02062026
Hedgehog Signaling,0.8820650526224609,-0.2631106543219903,-0.8119986202820372,NRCAM;DPYSL2;NRP2,age_changes_CD4_naive_SOX4-_02062026
Pancreas Beta Cells,0.05105940257297773,0.5859764217903306,1.443870826996858,STXBP1;GCK;VDR;PAK3;LMO2;MAFB;PAX6,age_changes_CD4_naive_SOX4__02062026
Spermatogenesis,0.12346691742862288,0.4424118282122418,1.2851848315989411,PCSK1N;DMC1;ACRBP;ZC2HC1C;NPHP1;HSPA4L;DPEP3;MLF1;CCT6B;CCNB2;KIF2C;CNIH2;AURKA;BUB1;MAP7;MAST2;NEFH;SCG5;CDK1;IL12RB2;OAZ3;PACRG;PCSK4;HSPA2;TTK;SPATA6;CDKN3;NEK2;ALOX15;JAM3;SHE;LDHC;HSPA1L;NCAPH,age_changes_CD4_naive_SOX4__02062026
Myogenesis,0.1329305135951662,0.439679280444549,1.3009129534131227,TNNC2;BHLHE40;NCAM1;ERBB3;SMTN;MYO1C;TNNC1;ADAM12;CNN3;HBEGF;WWTR1;ITGB4;FXYD1;FKBP1B;TNNI2;PLXNB2;TCAP;CTF1;REEP1;AGRN;MYLPF;MAPRE3;MYLK;CKB;CACNA1H;TPD52L1;TAGLN;CLU;SPHK1;PC;ADCY9;PPFIA4;IGFBP7;MYOM1;KCNH2;GSN;SPEG;CD36;NQO1;DMPK;GNAO1;AK1;TNNT3;MYH3;PYGM;COL6A3;DAPK2;COL1A1;SCD;PDLIM7;SH3BGR;CDKN1A;KLF5;ENO3;ITGB1;SORBS3;ITGA7;MAPK12;MYH11;PSEN2;MEF2C;SPARC;COL6A2;SSPN;KIFC3;FHL1;FST;GAA;PRNP;SORBS1;CRAT;CFD;PFKM;PGAM2;TNNT1;CKMT2;FOXO4,age_changes_CD4_naive_SOX4__02062026
Coagulation,0.1831095816410236,0.44952645024373583,1.3102930102440535,C1R;APOA1;C2;PDGFB;GP1BA;FN1;KLKB1;CTSK;LRP1;PRSS23;BMP1;PLAT;F12;CAPN2;MST1;ADAM9;S100A13;F8;C8G;THBS1;CLU;MMP9;SH2B2;DCT;CTSH;GSN;ITGA2;GP9;A2M;LEFTY2;TF;CAPN5;DUSP6;MMP11;CPQ;P2RY1;F2RL2;C1QA;TIMP1;SERPING1;SPARC;SERPINA1;MASP2;MAFF;PF4;FBN1;CASP9;CFD;ANG;DPP4;CTSO;C1S;C3;OLR1;PLEK;CSRP1;ITGB3;CRIP2;CFB,age_changes_CD4_naive_SOX4__02062026
Epithelial Mesenchymal Transition,0.2883724386695516,0.4001197845772956,1.1933752971199874,TGFBR3;LOXL1;LOXL2;ADAM12;RHOB;CALD1;FN1;TNFRSF12A;PLOD1;IL15;LRP1;PVR;EFEMP2;BMP1;MATN2;ANPEP;CRLF1;MYLK;IGFBP4;THBS1;TAGLN;ENO2;MGP;LGALS1;CADM1;DAB2;ITGA2;ACTA2;FSTL3;VEGFA;CTHRC1;DST;OXTR;PCOLCE;PFN2;COL6A3;FBLN2;SGCB;COL1A1;FAS;CXCL8;BASP1;MYL9;TGFBI;ECM2;GPC1;COL5A1;ITGB1;CDH2;GEM;MFAP5;PLAUR;WNT5A;TIMP1;ITGAV;VCAN;SPARC;MAGEE1;COL6A2;IL6;FERMT2;FBN1;PTX3;COL5A2;AREG;COL16A1;IGFBP2;PRSS2;FUCA1;GAS1;NT5E;ITGB3;SERPINH1;TGM2;SDC4;ITGB5;COL1A2;QSOX1;TPM2;COLGALT1;APLP1;PLOD3,age_changes_CD4_naive_SOX4__02062026
KRAS Signaling Dn,0.29367959824733403,0.41435091697916154,1.2147026751046357,MYO15A;PDCD1;KCNQ2;EFHD1;P2RX6;EDN1;GPR19;ZC2HC1C;ITGB1BP2;ZBTB16;GP1BA;NUDT11;C5;TGM1;KCNMB1;TCF7L1;OXT;MAGIX;DLK2;CACNA1F;NRIP2;THNSL2;FGF22;MEFV;IFNG;KCND1;ARPP21;PRKN;TAS2R4;SLC5A5;TG;FGGY;KCNN1;CELSR2;ENTPD7;CPEB3;UPK3B;BMPR1B;TENT5C;CALCB;GPRC5C;SELENOP;NR6A1;ALOX12B;PRODH;KRT1;ZNF112;COPZ2;RIBC2;SYNPO;KRT15;MYOT;YPEL1;MSH5;RSAD2;THRB;CLSTN3;VPREB1;GPR3;IGFBP2;CCDC106;PNMT,age_changes_CD4_naive_SOX4__02062026
KRAS Signaling Up,0.2985801271149704,0.40008242428737945,1.201271208503564,PCSK1N;PRDM1;FGF9;KIF5C;TPH1;HBEGF;EREG;PTGS2;CSF2RA;F2RL1;EVI5;TSPAN13;PLAT;GALNT3;SPRY2;MAP7;C3AR1;SCN1B;SCG5;TRIB1;MMP9;NAP1L2;GPRC5B;MPZL2;TSPAN7;ITGA2;PLEK2;SEMA3B;CLEC4A;TLR8;HDAC9;TRAF1;RETN;G0S2;DUSP6;MMP11;GUCY1A1;ETV5;PRKG2;MAFB;CCL20;CMKLR1;LAT2;EPB41L3;VWA5A;F13A1;WNT7A;EMP1;TNFRSF1B;TFPI;DCBLD2;CAB39L;TMEM176B;GFPT2;KLF4;PLAUR;HSD11B1;GNG11;TMEM176A;ADGRA2;DNMBP;JUP;PTCD2;CXCL10;ARG1;RGS16;TMEM158;SPON1;IRF8;BTBD3;CA2;ACE;PRELID3B;MTMR10;IL1B;CBX8;PEG3;CTSS;PPBP;ERO1A;FUCA1;CFB;CDADC1;ENG;ANGPTL4,age_changes_CD4_naive_SOX4__02062026
IL-2/STAT5 Signaling,0.39538024449290726,0.38537728039074953,1.1629496340254009,PTGER2;IL2RA;BHLHE40;SYT11;COL6A1;CAPN3;MYO1C;TNFRSF18;RHOB;SPRED2;ALCAM;PHLDA1;CD86;COCH;SELP;CDC6;TNFRSF4;CDCP1;BATF3;IL18R1;EOMES;CSF1;ANXA4;TNFSF11;SERPINB6;TLR7;UCK2;IL3RA;HOPX;CYFIP1;CTLA4;ADAM19;CCNE1;MAP3K8;SH3BGRL2;ST3GAL4;PLAGL1;CCR4;GUCY1B1;TRAF1;NFIL3;CST7;MYO1E;ETFBKMT;AHNAK;SMPDL3A;SOCS2;MUC1;SCN9A;SLC1A5;IL10;CTSZ;RRAGD;TNFRSF8;EMP1;F2RL2;HK2;IKZF4;FAH;TNFRSF1B;ENO3;TNFRSF9;PTCH1;SHE;TWSG1;ITGAV;MAFF;SLC29A2;CXCL10;LRIG1;AMACR;RGS16;TNFRSF21;IRF8;NFKBIZ;GALM;PRNP;CA2;WLS;IRF6;SLC2A3;IRF4;SLC39A8,age_changes_CD4_naive_SOX4__02062026
Inflammatory Response,0.4122606590504392,0.382550896206191,1.145711863870195,PTGER2;ICAM4;NOD2;IL15RA;EDN1;CD40;ICAM1;HBEGF;GP1BA;EREG;IL15;PVR;TLR2;IL18R1;SLC28A2;ACVR2A;CSF1;C3AR1;PTAFR;LAMP3;SCN1B;AQP9;STAB1;MEFV;SPHK1;AXL;NLRP3;CXCR6;CCL5;GNA15;IL18;PROK2;MARCO;SCARF1;NMUR1;OSM;GABBR1;CCL20;BST2;CXCL8;ICOSLG;CMKLR1;CDKN1A;SGMS2;IL18RAP;C5AR1;CD70;TLR3;IL10;CSF3R;OSMR;GPC3;FPR1;TNFRSF1B;CCRL2;TNFRSF9;BEST1;DCBLD2;TNFSF9;SLC1A2;SLC4A4;PLAUR;P2RX7;TIMP1;ADM;CALCRL;LYN;IRAK2;KIF1B;CXCL10;IL6;GPR183;RGS16;CD14;TLR1;FFAR2;SLC11A2,age_changes_CD4_naive_SOX4__02062026
Apical Junction,0.4277447652330107,0.385020696678257,1.150216957631942,CRB3;ICAM4;SIRPA;ITGA10;LAYN;ICAM1;ITGB4;TRO;SRC;CD86;NECTIN1;BMP1;NLGN3;CD274;NLGN2;CLDN7;ADAM9;VAV2;FSCN1;MMP9;ITGA3;CLDN5;NEGR1;MPZL2;KCNH2;SPEG;ITGA2;CDH4;ATP1A3;DSC1;PARD6G;CTNNA1;TRAF1;CDH1;SGCE;TSPAN4;THBS3;CERCAM;NECTIN3;SYK;MAP3K20;NRTN;MYL9;TGFBI;MAPK11;NEXN;PIK3R3;CD34;JAM3;CTNND1;ITGB1;GRB7;MADCAM1;SORBS3;TAOK2;MDK;NRXN2;MYH10;LIMA1;VCAN;TMEM8B;ADAM15;CDH3;JUP;MPP5;ACTN4;FBN1;AMH;CLDN4;ACTG2;CD276;CRAT;IRS1,age_changes_CD4_naive_SOX4__02062026
Unfolded Protein Response,0.5789473684210527,-0.10266006166083665,-1.0,NOP56;TTC37;DCP2;EIF4A1;ATF4;CNOT4;BANF1;NHP2;EIF4A3;NOLC1;EIF4E;POP4;EIF2S1;YIF1A;EXOSC5;LSM4;SEC31A;EXOSC1;KIF5B;SLC30A5;KHSRP;CALR;IMP3;CXXC1;DCTN1;PARN;SRPRB;SPCS1;DDX10;CEBPB;EIF4A2;SDAD1;EXOSC9;EXOSC10;BAG3;DKC1;LSM1;CKS1B;PAIP1;PREB;YWHAZ;PDIA6;SERP1;TATDN2;FUS;EIF4G1;ATP6V0D1;ERN1;SEC11A;NOP14;SRPRA;SPCS3;NFYB;CEBPG;CNOT2;ARFGAP1;HSPA5;HSP90B1;DCP1A;EIF4EBP1;HSPA9;RPS14;EXOSC4;DNAJC3;SSR1;EDEM1;CNOT6;XPOT;EXOC2;RRP9;NFYA;GOSR2;GEMIN4;MTREX;PSAT1;EIF2AK3;EXOSC2;NPM1;DNAJA4;EEF2;HERPUD1;EDC4;HYOU1;TUBB2A;ATF6;SHC1;ZBTB17;KDELR3;XBP1;PDIA5;IFIT1;ALDH18A1;ERO1A;MTHFD2;ASNS;FKBP14;NABP1;DNAJB9;TSPYL2;SLC7A5;WFS1;ATF3;VEGFA;DDIT4;WIPI1;CHAC1,age_changes_CD4_naive_SOX4__02062026
DNA Repair,0.5789473684210527,-0.14879137324080188,-1.0,ADA;ADRM1;GTF2H5;MPC2;DUT;IMPDH2;POLR2G;TAF10;RBX1;CETN2;PNP;HPRT1;POLR2H;VPS28;UMPS;POLR2F;NT5C;GTF2B;SRSF6;RPA3;POLR2K;POLR2D;NME1;ZNRD1;RPA2;NME4;NELFCD;SAC3D1;UPF3B;TAF12;POM121;NT5C3A;REV3L;GMPR2;ERCC1;POLR1C;NUDT21;TAF9;POLD4;ERCC5;ALYREF;CSTF3;SNAPC5;POLB;DAD1;POLR1D;NME3;SUPT4H1;GTF2A2;POLR2I;AAAS;GTF3C5;HCLS1;COX17;NFX1;NELFB;SDCBP;RALA;RAE1;CANT1;RNMT;NUDT9;PDE4B;GUK1;DDB1;ELOA;ERCC4;GTF2F1;TP53;TAF6;SURF1;BCAP31;APRT;POLR2J;POLR3GL;SSRP1;GTF2H1;SF3A3;TSG101;ERCC3;POLR2A;EIF1B;SEC61A1;POLR2E;NELFE;DGCR8;AK3;PCNA;RFC4;DGUOK;GTF2H3;ITPA;VPS37B;NCBP2;POLR2C;MRPL40;DCTN4;PRIM1;EDF1;GPX4;CLP1;POLL;POLE4;ERCC8;POLD3;TARBP2;SUPT5H;POLR3C;ERCC2;TAF1C;XPC;POLH;ARL6IP1;MPG;FEN1;TMED2;POLD1;CMPK2;RFC2;BRF2;ELL;USP11;STX3;RRM2B;LIG1;RFC5;RFC3;PDE6G;SNAPC4;ZWINT;BOLA2;POLA2;TAF13;ZNF707;GSDME;RAD52;DDB2;RAD51;POLA1;TK2;AGO4,age_changes_CD4_naive_SOX4__02062026
Myc Targets V2,0.5789473684210527,-0.1614563028775937,-1.0,NOP56;PHB;NDUFAF4;HSPE1;NOLC1;CBX3;PA2G4;SRM;MPHOSPH10;EXOSC5;CDK4;DCTPP1;TBRG4;PPAN;GNL3;FARSA;GRWD1;RABEPK;NIP7;PES1;MRTO4;DDX18;MYC;NOP2;TCOF1;NOP16;AIMP2;TFB2M;WDR43;MCM5;IMP4;UTP20;UNG;WDR74;RCL1;RRP9;DUSP2;HSPD1;SLC19A1;PRMT3;NPM1;IPO4;LAS1L;NOC4L;MYBBP1A;PUS1;PPRC1;SUPV3L1;TMEM97;MCM4;SORD;RRP12;BYSL,age_changes_CD4_naive_SOX4__02062026
Oxidative Phosphorylation,0.5789473684210527,-0.30408210728399415,-1.0,ATP5F1C;ATP5PB;NDUFC2;SLC25A5;TIMM13;MRPL34;COX6C;ATP5PO;NDUFB6;MRPS15;DECR1;ATP5MC3;COX7B;TIMM17A;LDHB;ATP5MF;IDH2;NDUFB3;ATP5PF;ATP6V0B;IMMT;NDUFS6;NDUFV1;MRPS11;NDUFB8;NDUFA7;UQCRQ;NDUFA9;NDUFA1;HSD17B10;ATP6V1D;NDUFS2;NDUFS4;ACAA1;ETFB;ATP5F1E;ATP5ME;UQCRH;TOMM70;IDH3B;NDUFB2;SDHC;SDHB;MRPS12;BDH2;UQCR10;MDH2;FXN;SLC25A6;SLC25A3;ACAA2;HTRA2;MDH1;PDHB;MRPS30;MPC1;POLR2F;RHOT1;NDUFB5;TIMM8B;SDHD;FDX1;SUCLG1;NDUFS7;NNT;UQCRFS1;HADHB;COX6A1;AIFM1;ACO2;PRDX3;NDUFA8;TIMM10;ETFA;MRPS22;COX4I1;NDUFB4;HADHA;COX7C;COX6B1;ATP6V1G1;PHB2;NDUFS3;ECHS1;BAX;AFG3L2;ATP5F1B;TIMM50;ABCB7;VDAC1;UQCR11;NDUFB1;COX7A2;ATP6V0E1;ATP5MC2;NDUFA6;SLC25A11;UQCRC1;SUCLA2;ISCU;COX17;VDAC3;CYC1;COX5A;ATP6V1F;CYB5A;COX7A2L;VDAC2;NDUFS8;MRPL11;MRPL15;NDUFA2;RHOT2;ACADM;ISCA1;NDUFA3;PMPCA;ECH1;ATP5F1D;FH;SURF1;ATP5F1A;ATP5MG;CYB5R3;MRPL35;GPI;ATP6V0C;POR;OXA1L;TIMM9;NDUFAB1;COX8A;ALDH6A1;MTX2;ACADVL;PDHA1;NDUFA4;GRPEL1;SLC25A12;ACADSB;TOMM22;SDHA;CS;OPA1;ATP6AP1;ATP5PD;COX5B;UQCRC2;ATP6V1E1;LRPPRC;SLC25A20;CYCS;BCKDHA;ALAS1;MTRR;NDUFB7;NDUFC1;HSPA9;NDUFS1;ATP6V1H;ATP6V1C1;DLST;GPX4;ECI1;LDHA;ETFDH;OAT;DLD;HCCS;UQCRB;ATP5MC1;IDH3G;NQO2;COX10;SUPV3L1;NDUFV2;MGST3;PHYH;GOT2;ACAT1;PDHX;MAOB;COX15;NDUFA5;IDH3A;MTRF1;GLUD1;OGDH;DLAT;PDP1;TCIRG1,age_changes_CD4_naive_SOX4__02062026
Protein Secretion,0.5789473684210527,-0.12860469281748166,-1.0,AP2S1;GNAS;CLTA;RPS6KA3;ARFGEF1;MAPK1;BNIP3;BET1;ERGIC3;ARF1;CLTC;RER1;AP3B1;SCAMP3;COPE;NAPA;USO1;PPT1;AP2M1;SEC31A;IGF2R;ARFGAP3;GOLGA4;ADAM10;RAB22A;DNM1L;ARCN1;RAB5A;CTSC;ATP1A1;AP1G1;RAB2A;SNX2;VPS4B;SCAMP1;RAB14;LMAN1;LAMP2;SNAP23;TMX1;COPB1;NAPG;CLCN3;COPB2;GBF1;RAB9A;AP2B1;TSG101;SGMS1;ARFGEF2;AP3S1;MON2;VAMP7;STX12;TMED10;YKT6;STAM;ATP6V1H;M6PR;CLN5;STX7;GOSR2;SEC22B;VPS45;ATP7A;STX16;VAMP4;YIPF6;ANP32E;ARFIP1;SOD1;ABCA1;TMED2;VAMP3;SEC24D;ZW10;COG2;GLA;TPD52;CAV2;SSPN;KIF1B;GALC;SCRN1;OCRL;TOM1L1;PAM;DST;ICA1;KRT18;CD63,age_changes_CD4_naive_SOX4__02062026
Myc Targets V1,0.5789473684210527,-0.3118845026956691,-1.0,PSMA4;NOP56;SNRPG;PPM1G;APEX1;SSB;RPL6;EIF2S2;COPS5;EIF4A1;RAD23B;PHB;GSPT1;SMARCC1;HDDC2;POLD2;HDAC2;DEK;DUT;ERH;PSMA6;IMPDH2;CCT5;CCT2;PSMB2;PCBP1;PSMA1;NHP2;PSMA2;TXNL4A;POLE3;HSPE1;SERBP1;TOMM70;NOLC1;HDGF;CBX3;RACK1;RANBP1;PA2G4;HPRT1;PSMA7;HNRNPD;PSMD3;SET;SLC25A3;EIF3B;TRA2B;CCT3;PWP1;RPS5;C1QBP;EIF4E;PSMD1;PSMD8;TRIM28;HNRNPA2B1;EXOSC7;PSMC6;SNRPD3;TARDBP;EIF2S1;SRM;VBP1;PSMD7;LSM7;MCM7;NME1;RPL22;PRDX3;LSM2;PSMB3;RUVBL2;SF3B3;EEF1B2;CNBP;CDK4;RPLP0;MRPS18B;SYNCRIP;TCP1;USP1;PHB2;RPS3;TFDP1;GNL3;CCT4;YWHAE;RPS2;CCT7;PPIA;DHX15;PSMC4;VDAC1;XRCC6;STARD7;XPO1;SNRPD2;SRPK1;RPS6;EIF3J;KPNB1;BUB3;PSMD14;RPL34;VDAC3;EIF4G2;ACP1;UBA2;CYC1;HSP90AB1;COX5A;RPS10;YWHAQ;G3BP1;TUFM;SRSF2;ABCE1;KPNA2;DDX18;MYC;HNRNPR;PGK1;IFRD1;RPL18;FBL;SNRPA1;NOP16;HNRNPC;FAM120A;AIMP2;CUL1;NDUFAB1;PTGES3;HNRNPA3;SRSF1;ORC2;MRPL9;CLNS1A;PRPF31;MCM5;UBE2E1;PCNA;MRPL23;RNPS1;AP3S1;EIF3D;RFC4;RRM1;ILF2;CTPS1;SRSF3;HNRNPU;SF3A1;SNRPD1;NCBP1;NCBP2;SSBP1;DDX21;SNRPA;XPOT;RAN;CANX;RRP9;SRSF7;CSTF2;SNRPB2;LDHA;HNRNPA1;NAP1L1;HSPD1;U2AF1;UBE2L3;NPM1;EIF4H;EIF1AX;PABPC1;RSL1D1;RPL14;ETF1,age_changes_CD4_naive_SOX4__02062026
Estrogen Response Early,0.6975635356820207,0.36153900104815334,1.0876172468922585,TJP3;BHLHE40;MAPT;SLC1A4;KRT8;ELF3;SCNN1A;SYNGR1;PRSS23;RAPGEFL1;TMPRSS3;REEP1;CLDN7;CELSR1;IGFBP4;WWC1;ALDH3B1;GAB2;ZNF185;SCARB1;TPD52L1;FARP1;KRT18;MYBL1;SNX24;ADCY9;KAZN;ABCA3;EGR3;ESRP2;NBL1;SEMA3B;DEPTOR;PEX11A;PAPSS2;MYB;CELSR2;MYOF;CCND1;MICB;ASB13;RAB31;TTC39A;MUC1;CBFA2T3;AR;WFS1;TBC1D30;RBBP8;TSKU;SLC19A2;MSMB;KCNK5;ADCY1;SLC7A5;ENDOD1;KLF4;PODXL;PDZK1;TMEM164;FHL2;INPP5F;OLFML3;GREB1;LRIG1;KRT15;CHPT1;BLVRB;ABAT;SLC22A5;MPPED2;DLC1;AREG;DHCR7;SLC39A6;SULT2B1;TOB1;RPS6KA2;BCL2;SLC16A1;HES1;SLC37A1,age_changes_CD4_naive_SOX4__02062026
IL-6/JAK/STAT3 Signaling,0.711897187597954,0.38009157105397706,1.0924090223840737,IL2RA;IL15RA;TNFRSF12A;CSF2RB;CSF2RA;TLR2;IL18R1;CSF1;HMOX1;LTBR;CXCL3;IL3RA;MAP3K8;CD36;CCR1;LEPR;A2M;FAS;IL13RA1;CSF3R;OSMR;TNFRSF1B;TNF;IL9R;STAT3;DNTT;PF4;CXCL10;IL6;CD14;TNFRSF21,age_changes_CD4_naive_SOX4__02062026
Hedgehog Signaling,0.7462035573517937,0.41602215855021024,1.0954085252253378,GLI1;RTN1;CELSR1;L1CAM;ADGRG1;NRP2;AMOT;VEGFA;TLE1;VLDLR,age_changes_CD4_naive_SOX4__02062026
Estrogen Response Late,0.8111653857037102,0.3569947398632581,1.0692736388517443,LSR;TJP3;MAPT;SLC1A4;PLK4;TNNC1;PERP;TOP2A;HSPA4L;SLC29A1;SCNN1A;CDC6;PRSS23;TSPAN13;RAPGEFL1;CACNA2D2;STIL;TMPRSS3;IGFBP4;CKB;ALDH3B1;SCARB1;TPD52L1;FARP1;ST14;CDC20;DLG5;ABCA3;EGR3;NBL1;IMPA2;SEMA3B;DNAJC12;CDH1;PAPSS2;MYB;PLXNB1;CELSR2;MYOF;HOMER2;TST;CCND1;XRCC3;MICB;RAB31;WFS1;SLC2A8;RBBP8;PRKAR2B;LTF;KCNK5;MDK;GINS2;SLC7A5;KLF4;PDZK1;SERPINA1;ZFP36;FABP5;UNC13B;CHPT1;BLVRB;SLC22A5;CA2;NAB2;AREG;DHCR7;EMP2;SULT2B1;TOB1;RPS6KA2;BCL2;SLC16A1,age_changes_CD4_naive_SOX4__02062026
Bile Acid Metabolism,0.8848535776928567,0.3612652244240534,1.0548760352075317,APOA1;GNMT;CH25H;ABCA6;SLC29A1;CYP46A1;ALDH8A1;ABCG8;DHCR24;PEX11G;BCAR3;ALDH1A1;FADS2;AQP9;HSD17B6;CYP27A1;PEX12;FADS1;ABCA3;HSD3B7;PEX11A;PIPOX;KLF1;PAOX;NPC1;AR;ABCA2;SLC23A1;NR3C2;ATXN1;RETSAT;SOAT2;NUDT12;RXRA;LIPE;AMACR;ABCD2,age_changes_CD4_naive_SOX4__02062026
Angiogenesis,0.8962355695164161,0.40109092301365556,1.047333558134386,S100A4;PDGFA;VAV2;FGFR1;JAG2;VEGFA;TIMP1;ITGAV;VCAN;PF4;TNFRSF21;COL5A2,age_changes_CD4_naive_SOX4__02062026
Interferon Alpha Response,0.9999799923971109,0.12541534110960062,0.36791781303800625,PROCR;IL15;CSF1;LAMP3;OASL;BST2;GMPR;CCRL2;TDRD7;MOV10;CXCL10;IFI30;RSAD2;IFI27;IL7;IFIT3;RIPK2;TENT5A;C1S;CMTR1;IFIT2;CASP1;IFIH1;HELZ2;CASP8;DHX58;HERC6;UBA7;TMEM140;TXNIP;CMPK2;TRIM14;TRAFD1;IRF1;STAT2;ELF1;TRIM26;USP18;ADAR;LY6E;PARP14;SLC25A28;LPAR6;RNF31;CNP;RTP4;CD74;TAP1;PSMA3,age_changes_CD4_naive_SOX4__02062026
Complement,1.0,0.32374238839459946,0.9717123351066089,C1R;C2;PDGFB;C4BPB;NOTCH4;GP1BA;FN1;SRC;KLKB1;MT3;CPM;LRP1;GZMK;F5;PLAT;ITGAM;ADAM9;S100A13;F8;CDA;KYNU;CLU;CCL5;CTSH;HPCAL4;CD36;GP9;PRSS36;DUSP6;GNB4;KCNIP2;CPQ;DOCK4;KLK1;C1QA;GPD2;LTF;GNGT2;APOBEC3G;LGALS3;APOBEC3F;PLAUR;TIMP1;SERPING1;SERPINA1;ANXA5;LYN;S100A12;MAFF;DUSP5;CP;IL6;L3MBTL4;PRDM4;PLA2G7;CASP9;CA2;GZMB;CASP7;ANG;SH2B3;PRKCD;DOCK9;PHEX;CTSS;DPP4;BRPF3;CTSO;C1S;C3;OLR1;PLEK;CDK5R1;CSRP1;CFB;S100A9;PDP1;CR1;SERPINB2;PLA2G4A;DGKH;CASP1,age_changes_CD4_naive_SOX4__02062026
Mitotic Spindle,1.0,0.26781516983806636,0.8089576921500417,CTTN;TOP2A;CDC42EP2;PRC1;CCNB2;KIF2C;ARHGEF12;AURKA;TPX2;BUB1;PLK1;CLIP2;NUSAP1;ARAP3;FSCN1;KIF11;PALLD;PIF1;FARP1;CDK1;FGD4;CDC42EP4;RASAL2;CDC42BPA;FGD6;GSN;BIRC5;KIF3C;KIF15;ITSN1;DST;WASF1;BRCA2;ECT2;TTK;RAPGEF5;MYO1E;CEP72;ANLN;DOCK4;NDC80;CENPE;NEK2;TRIO;INCENP;TAOK2;LLGL1;MYH10;RACGAP1;KIF1B;SYNPO;KIF23;CENPJ;ACTN4;OPHN1;ARHGAP10;CNTROB;ALS2;TBCD;CEP131;SHROOM1;HDAC6;KNTC1,age_changes_CD4_naive_SOX4__02062026
Wnt-beta Catenin Signaling,1.0,0.23017876985608693,0.6287479573501469,NOTCH4;DLL1;HDAC11;FZD1;JAG2,age_changes_CD4_naive_SOX4__02062026
Xenobiotic Metabolism,1.0,0.3143899962341803,0.9379398026835408,GNMT;HES6;APOE;ABCC2;LCAT;IGFBP4;CYP2J2;CDA;HMOX1;UPB1;AQP9;KYNU;PC;PTGDS;TPST1;CYP27A1;ITIH4;CD36;NQO1;BCAT1;GCNT2;FBP1;PAPSS2;ARG2;ABCC3;FAS;CES1;NPC1;ABHD6;SLC1A5;ESR1;DHRS7;ACSM1;ASL;SLC12A4;FAH;ENTPD5;EPHX1;RETSAT;ENPEP;ALDH2;NDRG2;SMOX;TMEM176B;HSD11B1;PTGR1;MPP2;PDK4;JUP;ABCD2;ARG1;PYCR1;MAN1A1;BLVRB;IRF8;CYP2S1;CA2;SLC22A1,age_changes_CD4_naive_SOX4__02062026
Adipogenesis,1.0,0.20055929068109823,0.6000932308908489,LTC4S;PHLDB1;MGLL;APOE;ELOVL6;CMBL;SOWAHC;MYLK;SCARB1;STOM;SLC27A1;CD36;ITSN1;SLC25A10;ANGPT1;RETN;TST;SLC1A5;ENPP2;CAVIN1;DHRS7;REEP6;FAH;CD302;RETSAT;ITGA7;GPD2;RAB34;ALDH2;NKIRAS1;CAVIN2;GPAT4;DNAJB9;SSPN;NABP1;LIPE;BCL6;SLC5A6;RNF11;SNCG;SORBS1;CRAT;COQ3;DHCR7;TOB1;IDH1;C3;PFKFB3;SULT1A1;GPAM;ANGPTL4;DLAT;GPX3;CHUK;CD151;GPHN;NMT1;ACLY;IDH3A;NDUFA5;CPT2;UBC;CDKN2C;ESRRA;MAP4K3;GBE1;RMDN3;QDPR;PHYH;MGST3;UCK1;ABCA1;APLP2;SOD1;CMPK1;SLC25A1;IDH3G;MIGA2;LPCAT3;BCL2L13;PEMT;DHRS7B,age_changes_CD4_naive_SOX4__02062026
Hypoxia,1.0,0.2966797406784854,0.8902828018437685,S100A4;MT1E;BHLHE40;AK4;PDGFB;NDST1;GCK;ERRFI1;PGF;TGFB3;HS3ST1;DPYSL4;HMOX1;NEDD4L;EFNA3;SCARB1;CSRP2;PPFIA4;ENO2;ACKR3;DDIT4;VEGFA;PYGM;GCNT2;FBP1;NFIL3;SLC37A4;ATF3;ANXA2;NOCT;VLDLR;PAM;CDKN1A;CAVIN1;TGFBI;GPC3;RRAGD;HK2;GPC1;ENO3;COL5A1;KIF5A;PLAUR;LDHC;ADM;MAFF;ZFP36;CP;IL6;GAA;GYS1;PGAM2;SLC2A3;STBD1;PFKP;ALDOC;TPD52;EXT1;SULT2B1;BCL2;PHKG1;ERO1A;PFKFB3;IDS;CDKN1C;LARGE1;FOSL2;ANGPTL4;TGM2;SDC4;UGP2;SLC6A6,age_changes_CD4_naive_SOX4__02062026
heme Metabolism,1.0,0.1806446585494114,0.5409565614154227,ICAM4;FN3K;TRIM58;RHCE;ARHGEF12;OSBP2;ANK1;RHD;PC;GYPE;BLVRA;SNCA;SLC4A1;TMCC2;CLIC2;E2F2;LMO2;NFE2;DMTN;ABCG2;KLF1;TENT5C;MBOAT2;HTATIP2;ABCB6;FTCD;ADD2;ERMAP;SMOX;ENDOD1;ACSL6;CAST;BLVRB;ELL2;SLC30A1;SLC11A2;CA2;ASNS;CTNS;PDZK1IP1;SLC7A11;FECH;BTRC;AGPAT4;MOCOS;C3;GCLC;CPOX;KAT2B;HAGH;PIGQ;EPOR;GCLM;PPP2R5B;GDE1;ALAS2;SLC2A1;MINPP1;NFE2L1;SIDT2;SLC6A8;HBD;RNF123;KHNYN;ATG4A;SEC14L1;MGST3;BACH1;TFRC;MKRN1;MOSPD1;ATP6V0A1;MAP2K3;SLC25A37;MFHAS1;NEK7;SYNJ1;SLC10A3;XPO7;FOXJ2;PPOX;DCUN1D1;BTG2;LRP10;ALAD;FOXO3;YPEL5;RCL1;TRAK2;BMP2K;DAAM1;RIOK3;TSPAN5;HMBS,age_changes_CD4_naive_SOX4__02062026
Glycolysis,1.0,0.24485814164459083,0.7333952963740829,AK4;ELF3;SPAG4;EGLN3;PLOD1;NDST3;AURKA;AGRN;DPYSL4;EFNA3;CACNA1H;NOL3;CDK1;PC;PKP2;CTH;TPST1;TGFA;PPFIA4;PYGL;ENO2;NANP;DDIT4;VEGFA;SLC25A10;BIK;CAPN5;SLC37A4;MIOX;B3GNT3;VLDLR;PAM;IL13RA1;TGFBI;GPC3;RRAGD;HK2;GPC1;ABCB6;COL5A1;HMMR;LDHC;VCAN;B4GALT2;GNE;GYS1;PGAM2;XYLT2;CHPF;PFKP;ALDH7A1;ANG;EXT1;IDH1;SRD5A3;ERO1A;GCLC;NT5E;ANGPTL4;HOMER1;UGP2;QSOX1;KDELR3;CITED2;DSC2;B4GALT7;GYS2;COG2;P4HA1;NSDHL;CASP6;CHST6;CENPA;PGAM1;CXCR4;GALE;SAP30;SLC16A3;GALK2;GOT2;EXT2;GLCE;IDUA;PHKA2;SOD1;ECD;LHPP;PAXIP1,age_changes_CD4_naive_SOX4__02062026
TNF-alpha Signaling via NF-kB,1.0,0.3101677216575062,0.9367248301676906,BHLHE40;DUSP4;IL15RA;EDN1;ICAM1;HBEGF;RHOB;PTGS2;PHLDA1;SLC16A6;F2RL1;TLR2;CSF1;TRIP10;DRAM1;CXCL2;TNFAIP2;CXCL3;KYNU;CLCF1;TRIB1;SPHK1;PHLDA2;CCL5;ACKR3;EGR3;IL18;MAP3K8;VEGFA;CEBPD;TRAF1;EGR2;NFIL3;G0S2;BCL2A1;ATF3;B4GALT5;CCL20;CCND1;SLC2A6;ICOSLG;CDKN1A;FUT4;TNF;SERPINB8;NR4A3;CCRL2;TNFRSF9;TNFSF9;GEM;FOSL1;PANX1;GFPT2;KLF4;PLAUR;SIK1;MAFF;ZFP36;DUSP5;CXCL10;IL6;BCL6;GPR183;SPSB1;RNF19B;EGR1;PTX3;MSC;PLK2;SLC2A3;AREG;PER1;IL1B;RIPK2;CD69;HES1;LDLR;OLR1;RCAN1;PLEK;PFKFB3;KLF9;CCL4;SOCS3;FOSL2;BCL3;SDC4;IFIT2;SERPINB2;LAMB3;NR4A2;DUSP1;IFIH1;NFKBIE;KLF6;EIF1,age_changes_CD4_naive_SOX4__02062026
Notch Signaling,1.0,0.34070673917657146,0.8956785419693923,DTX4;DLL1;ST3GAL6;FZD1;CCND1;FZD7;WNT5A;PSEN2;FZD5;DTX1;TCF7L2;HES1,age_changes_CD4_naive_SOX4__02062026
Androgen Response,1.0,0.25406349019704677,0.741158367846276,CDC14B;MAF;KRT8;STEAP4;DHCR24;MAP7;HSD17B14;GPD1L;FADS1;CENPN;MAK;GUCY1A1;SCD;ADAMTS1;HOMER2;CCND1;BMPR1B;SELENOP;NKX3-1,age_changes_CD4_naive_SOX4__02062026
Pperoxisome,1.0,0.23260803414391126,0.6789052220724768,SLC25A4;STS;TOP2A;EHHADH;DHCR24;ALDH1A1;CEL;ABCB4;CRABP2;FADS1;CADM1;HSD3B7;PEX11A;ESR2,age_changes_CD4_naive_SOX4__02062026
Fatty Acid Metabolism,1.0,0.19222125318312253,0.5732693703899328,LTC4S;MGLL;RDH16;CD1D;EHHADH;AQP7;DHCR24;PCBD1;ALDH1A1;CEL;CA6;BLVRA;ENO2;LGALS1;CD36;IL4I1;G0S2;BMPR1B;REEP6;ENO3;EPHX1;RETSAT;GPD2;ACSM3;TP53INP2;CBR3;INMT;SLC22A5;PPARA;CA2;CRAT;CPT1A;IDH1;CPOX;UGDH;SUCLG2;FASN;ACSL1;GABARAPL1;ODC1;BPHL;NSDHL;PRDX6;ACSL5;ALDH3A2;D2HGDH;PTS;VNN1;CPT2;YWHAH;GSTZ1;CRYZ;S100A10;IDH3G;RAP1GDS1;ACOT2;NCAPH2;AUH;IDI1;KMT5A;ACSS1;ELOVL5;HCCS;NBN;ACOX1;ECI2;DLD;GLUL;NTHL1;HMGCS1;HSD17B7;ETFDH;LDHA;ALAD;HSDL2;ECI1;MCEE;DLST;MLYCD,age_changes_CD4_naive_SOX4__02062026
Reactive Oxygen Species Pathway,1.0,0.20366141226451598,0.5645106959513633,MGST1;FES;NQO1;HHEX;PRNP;PFKP;GSR;GCLC;PDLIM1;GCLM;GPX3;TXNRD2;PRDX6;GLRX2;ABCC1;PRDX4;MPO;JUNB;SOD1;ERCC2;FTL;SBNO2,age_changes_CD4_naive_SOX4__02062026
Apical Surface,1.0,0.3591078236561496,0.9620084429066564,EPHB4;BRCA1;CD160;AFAP1L2;MDGA1;ATP8B1;DCBLD2;GHRL;PLAUR;TMEM8B;LYN;RTN4RL1;IL2RB;GSTM3;GAS1;AKAP7;CROCC,age_changes_CD4_naive_SOX4__02062026
Cholesterol Homeostasis,1.0,0.30364475145625486,0.8658475345585183,TNFRSF12A;ALCAM;ERRFI1;CXCL16;FADS2;CLU;SEMA3B;NFIL3;ATF3;SCD;FBXO6;ABCA2;STARD4;LGALS3;PLAUR;ANXA5;FABP5;GLDC;LSS;CPEB2;CHKA;ALDOC;DHCR7;LDLR;GNAI1;HMGCR;FASN;MVK;SREBF2;ACSS2;TMEM97;CYP51A1;NSDHL;SQLE;CD9,age_changes_CD4_naive_SOX4__02062026
UV Response Up,1.0,0.20427327732430944,0.6073464122281782,SLC25A4;C4BPB;ICAM1;RHOB;CLCN2;NPTXR;FGF18;CXCL2;HMOX1;NAT1;ENO2;CCNE1;KCNH2;NTRK3;TYRO3;HSPA2;CHRNA5;ATF3;GGH;TST;HYAL2;EPHX1;APOM;CREG1;DLG4;RRAD;LYN;IL6;CDKN2B;CHKA;CA2;ASNS;CDK2;PRKCD;E2F5;IGFBP2;SULT1A1;CDKN1C;RAB27A,age_changes_CD4_naive_SOX4__02062026
PI3K/AKT/mTOR  Signaling,1.0,0.12889262753344694,0.37744104143287804,TBK1;E2F1;FGF22;CDK1;CDKN1A;DUSP3;PIK3R3;FASLG;CAB39L;RALB;MAPK10;FGF17;PAK4;CDK2;MKNK1;RIPK1;TRAF2;NOD1;SFN;ACACA;PPP2R1B;AKT1S1;IRAK4;SLC2A1;CXCR4;TSC2;DAPP1;TRIB3;STAT2;VAV3;MAP2K3;HRAS;SQSTM1;DDIT3;MAP3K7;PLA2G12A;MAPK8;MAPK9,age_changes_CD4_naive_SOX4__02062026
Interferon Gamma Response,1.0,0.19389406513686158,0.5855633594920993,C1R;IL15RA;CD40;ICAM1;PTGS2;CSF2RB;CD86;IL15;SELP;CD274;SECTM1;STAT4;TNFAIP2;SLAMF7;XCL1;CCL5;ZBP1;IRF5;LATS2;CIITA;FCGR1A;HLA-G;P2RY14;FAS;OASL;BST2;CMKLR1;CDKN1A;FPR1;STAT3;TDRD7;SERPING1;CXCL10;SSPN;IL6;IFI30;IRF8;IL18BP;RSAD2;IRF4;IFI27;IL7;CASP7;MTHFD2;IL2RB;PFKP;IFIT3;OAS3;SOCS1;RIPK2;BANK1;CD69;C1S;IFIT1;RIPK1;CFB;SOCS3;CMTR1;HLA-DRB1;IFIT2;PLA2G4A;CASP1;IFIH1;HELZ2;CASP8;DHX58;HERC6;FGL2;NOD1;HLA-DQA1;TNFAIP6;JAK2;TXNIP;MT2A;IL10RA;KLRK1;IDO1;PTPN1;CMPK2;SRI;TRIM14;TRAFD1,age_changes_CD4_naive_SOX4__02062026
mTORC1 Signaling,1.0,0.1661685992200867,0.5029037737028259,TBK1;BHLHE40;POLR3G;AK4;SLC1A4;ELOVL6;EGLN3;IGFBP5;AURKA;DHCR24;BUB1;PLK1;FADS2;CCNF;CTH;RRM2;FADS1;DDIT4;BCAT1;NFIL3;SLC37A4;SCD;VLDLR;CDKN1A;SLC1A5;PIK3R3;HK2;STARD4;SLC7A5;MCM2;SRD5A1;IFI30;DHFR;ASNS;NUPR1;SLC2A3;MTHFD2;SLC7A11;DHCR7;GSR;IDH1;FDXR;ERO1A;LDLR;GCLC;HMGCR;SERPINH1;GGA2;XBP1;SLC6A6;SORD;SKAP2;RAB1A;MCM4;FGL2;ACACA;GLA;TMEM97;CYP51A1;CCNG1;P4HA1;NMT1;SQLE;ACLY;CD9;SLC2A1;CXCR4;GBE1;QDPR;DAPP1;TRIB3;TFRC;ETF1;LGMN;ABCF2;MAP2K3;IDI1;ATP5MC1;ELOVL5;TM7SF2;SQSTM1;PSPH;LTA4H;PSAT1;DDIT3;NAMPT;GAPDH;HSPD1;UFM1;HMGCS1;LDHA;TUBG1;BTG2;RRP9;CANX;SC5D;PGM1;TES;M6PR;EDEM1;G6PD;SSR1;PSME3;UNG;HMBS;PSMG1;HSPA9;FKBP2;PSMA3;TPI1;YKT6;MLLT11;HSP90B1;PPP1R15A;HSPA5;PITPNB;ADIPOR2;ATP2A2,age_changes_CD4_naive_SOX4__02062026
Allograft Rejection,1.0,0.32260910045193436,0.9689644235524374,IL2RA;C2;CD40;ICAM1;EREG;CD86;IL15;F2R;CD1D;TLR2;BRCA1;CDKN2A;ACVR2A;CSF1;STAT4;GCNT1;FCGR2B;STAB1;DYRK3;MMP9;NLRP3;IFNG;CCL5;TLR6;NCF4;IL18;CCR2;CCR1;BCAT1;HDAC9;HLA-G;HLA-DOB;CXCR3;KLRD1;HLA-DOA;IL12A;FAS;PRKCG;ICOSLG;IL18RAP;IGSF6;TLR3;FGR;IL10;TNF;SRGN;FASLG;NCR1;KRT1;TIMP1;LYN;PF4;IL6;TLR1;IRF8;SPI1;GZMB;IRF4;IL7;IL2RB;IL1B;TPD52;SOCS1;RIPK2;CTSS,age_changes_CD4_naive_SOX4__02062026
p53 Pathway,1.0,0.24919332064605423,0.7504536325535416,S100A4;GLS2;PROCR;EPS8L2;PERP;HBEGF;ZBTB16;ITGB4;HSPA4L;VDR;PTPN14;F2R;PLXNB2;ABHD4;CDKN2A;PDGFA;DRAM1;HMOX1;OSGIN1;TPD52L1;SPHK1;ST14;TGFA;STOM;GPX2;AK1;JAG2;DDIT4;ATF3;TCN2;FAS;CDKN1A;VWA5A;CEBPA;SLC19A2;EPHX1;RETSAT;TNFSF9;CTSF;KLF4;RHBDF2;RRAD;PHLDA3;RXRA;TSPYL2;CSRNP2;DDB2;CDKN2B;RGS16;RNF19B;IFI30;ABAT;GM2A;NUPR1;PLK2;BAIAP2;SLC7A11;SOCS1;TOB1;ANKRA2;FDXR;FUCA1;CDK5R1,age_changes_CD4_naive_SOX4__02062026
TGF-beta Signaling,1.0,0.21619252785925527,0.6053453561289194,WWTR1;BMPR1A;BCAR3;THBS1;SMAD6;LEFTY2;CDH1;RAB31,age_changes_CD4_naive_SOX4__02062026
UV Response Dn,1.0,0.31325348604472913,0.9222822985294196,MT1E;BHLHE40;TGFBR3;MGLL;PLCB4;BMPR1A;ERBB2;SCN8A;IGFBP5;ACVR2A;CDON;GCNT1;ANXA4;VAV2;RBPMS;CDC42BPA;DAB2;CACNA1A;ICA1;KALRN;AMPH;COL1A1;ANXA2;VLDLR;PIK3R3;SFMBT1;PRKCE;ATXN1;TFPI;APBB2;PRKAR2B;FHL2;RXRA;PIAS3;PTPRM;MAP1B;ID1;COL5A2;DLC1;IRS1,age_changes_CD4_naive_SOX4__02062026
E2F Targets,1.0,0.2562557525710018,0.7752358937494704,CDCA8;SPC24;TRIP13;PLK4;RAD51AP1;TOP2A;ASF1B;CDCA3;CCNB2;KIF2C;BRCA1;CDKN2A;SPAG5;AURKA;PLK1;WDR90;GINS1;PSMC3IP;CDK1;CIT;MKI67;CDC20;TK1;RRM2;CCNE1;AURKB;CENPM;BIRC5;PTTG1;MXD3;BRCA2;DSCC1;BUB1B;CDKN1A;GINS3;MYBL2;CDKN3;TCF19;CENPE;TIMELESS;CHEK1;HMMR;DONSON;DCLRE1B;HMGB3,age_changes_CD4_naive_SOX4__02062026
Apoptosis,1.0,0.27624321130902224,0.8229150240315628,TGFBR3;ERBB3;RHOB;EREG;TNFRSF12A;TOP2A;AIFM3;LMNA;F2R;ERBB2;PLAT;IGFBP6;BRCA1;HMOX1;NEFH;BMF;CLU;KRT18;CTH;BCL2L2;ENO2;EGR3;GNA15;IL18;GSN,age_changes_CD4_naive_SOX4__02062026
G2-M Checkpoint,1.0,0.27874097107029744,0.8431318864827093,PLK4;TOP2A;CDC45;PRC1;CDC6;CCNB2;KIF2C;STIL;TRAIP;AURKA;KNL1;TPX2;BUB1;PLK1;NUSAP1;E2F1;KIF11;CCNF;CDK1;UCK2;CCNA2;RASAL2;MKI67;CDC20;TROAP;AURKB;BIRC5;E2F2;PTTG1;KIF15;BRCA2;TTK;UBE2C;CCND1;MAP3K20;MYBL2;NDC80;CDKN3;POLQ;CENPE;NEK2;CHEK1;INCENP;HMMR;HMGB3;EXO1;GINS2;SLC7A5;RACGAP1;CDC7;TNPO2;MCM2;ORC6;KIF23,age_changes_CD4_naive_SOX4__02062026
Oxidative Phosphorylation,0.0,-0.45129169395344204,-2.1360009206375987,ECH1;NDUFA2;NDUFB3;HSD17B10;POLR2F;NDUFA7;COX17;UQCRQ;ECHS1;NDUFB8;SLC25A11;NDUFC2;FXN;ATP5PO;ETFA;TIMM8B;NDUFS8;PDHA1;ACAT1;MRPS11;ATP5F1C;MRPL15;SUCLG1;MTX2;NDUFB1;NDUFB2;BDH2;ETFB;ATP6V0E1;ATP5PD;COX15;ATP5PF;LDHB;NDUFS6;IDH2;CYB5A;ATP5MF;SLC25A5;NDUFS7;ECI1;COX6C;NDUFA8;ATP6V1E1;TIMM13;ATP6V1D;COX8A;COX7B;CYCS;COX7A2L;SDHC;NDUFS4;SDHD;ACAA1;MRPL34;ATP5MC3;VDAC1;NDUFB4;MGST3;POR;ATP5F1E;HADHB;ATP6V1C1;PDHB;COX6B1;NDUFA6;ATP6V0B;NDUFA9;ATP5MC1;SLC25A20;MDH1;NDUFB6;HTRA2;BAX;NDUFB5;MRPL35;FDX1;SURF1;VDAC2;UQCRH;UQCR10;UQCRC2,age_changes_CD56bright_NK_02062026
Complement,0.0,0.45054643679460005,2.0343514575519124,CCL5;GZMA;GNG2;SPOCK2;GZMB;LGALS3;S100A9;FCN1;L3MBTL4;SERPINA1;S100A12;S100A13;DPP4;CBLB;RBSN;PLAUR;CLU;FYN;RAF1;PIK3R5;CTSS;CFH;VCPIP1;XPNPEP1;CASP1;DUSP6;KIF2A;PIM1;LIPA;GMFB;KYNU;CASP7;PIK3CG;SIRT6;CEBPB;CSRP1;LCP2;F8;CDK5R1;CTSH;PRDM4,age_changes_CD56bright_NK_02062026
Apoptosis,0.0012598191788943233,0.4256837968570211,1.8971868903010136,F2R;LGALS3;IFNGR1;TXNIP;TGFBR3;ANXA1;FEZ1;SAT1;CDKN1B;SOD2;BCL2L1;HMGB2;ENO2;TNF;CD69;NEDD9;ANKH;CLU;PPT1;SPTAN1;PMAIP1;BCL2L11;MCL1;CASP1;IL18;PLCB2;BNIP3L;ERBB2;PRF1;DPYD;CCND2;CASP7;HMOX1;CTNNB1;FAS;RHOT2;DNAJC3;DAP;SC5D;BIK;APP;BTG2;CCND1;SQSTM1;BCL10;IGF2R;ETF1;RETSAT;PDCD4;CD44;GCH1,age_changes_CD56bright_NK_02062026
TNF-alpha Signaling via NF-kB,0.0015747739736179042,0.4161850398457778,1.905121498478026,CCL5;CCL4;LITAF;SAT1;SOD2;MAP3K8;PTGER4;AREG;SERPINB8;CLCF1;TNF;TNFRSF9;KLF9;CD69;PLAUR;MSC;BCL2A1;MAP2K3;IFIT2;ICAM1;G0S2;ZFP36;FOSL2;MCL1;CEBPD;IL18;BIRC2;TNIP1;MXD1;KYNU;DUSP2;PER1;ZC3H12A;IL6ST;SMAD3;CEBPB;TGIF1;PTPRE;PHLDA1;RIPK2;DUSP1;PNRC1;PDLIM5;BTG2;SLC16A6;CCND1;IL15RA;SQSTM1;TNFAIP2;EGR1;CD44;GCH1,age_changes_CD56bright_NK_02062026
Angiogenesis,0.001889728768341485,0.6970047838683945,1.9624059183242504,S100A4;VCAN;CCND2;APP;FGFR1,age_changes_CD56bright_NK_02062026
Allograft Rejection,0.0020996986314905388,0.4188436422445083,1.9086173454676159,CCL5;CCL4;GZMA;GZMB;F2R;IFNGR1;CD8A;HLA-DQA1;GBP2;FLNA;HLA-DRA;STAT4;SPI1;MAP4K1;CDKN2A;TNF;HLA-E;CD8B;IRF4;CD74;CD40;TPD52;CD4;IL12RB1;CTSS;ICAM1;EIF3D;HCLS1;CCR5;TAPBP;HLA-DMA;IL18;IL2RB;HLA-DOA;PRF1;CCND2;STAT1;FCGR2B;FAS;ZAP70;LCP2;HDAC9;GCNT1;RIPK2;TLR6;GPR65;TLR1;ITGAL;IGSF6;SIT1;GLMN;BCL10;APBB1;CCND3;CD28;SOCS1;WAS;IL16;CCR2;NCK1;MAP3K7,age_changes_CD56bright_NK_02062026
Coagulation,0.006771528086556988,0.44391419147853123,1.7360937080928844,CAPN2;PRSS23;ANXA1;SERPINA1;S100A13;DPP4;CFD;CLU;FYN;CFH;SIRT2;DUSP6;PECAM1;USP11;CSRP1;WDR1;F8;CTSH;GNB2;CPQ;LRP1;PREP;CTSB;BMP1;C1R;TIMP1;C8G;SH2B2;SPARC;APOA1;ADAM9;P2RY1;ISCU;MMP9;GP1BA;PDGFB;F2RL2,age_changes_CD56bright_NK_02062026
Hypoxia,0.007198966736538991,0.3866596798696047,1.7425697638419613,S100A4;BCL2;ANXA2;CDKN1B;MT1E;CITED2;MYH9;MT2A;PLIN2;RORA;ENO2;PLAUR;TKTL1;DDIT4;ALDOA;TPD52;GPI;CXCR4;TGFBI;ZFP36;FOSL2;XPNPEP1;NDRG1;PIM1;FBP1;BNIP3L;SLC6A6;MIF;PAM;SLC2A1;HMOX1;LDHA;GYS1;PGM1;IDS;DUSP1;PNRC1;PFKP;KDM3A;PDK1;SIAH2;HSPA5,age_changes_CD56bright_NK_02062026
Estrogen Response Early,0.0073489452102168855,0.40162703888070533,1.7572661540111993,BCL2;PRSS23;CLIC3;AREG;RHOBTB3;SYNGR1;ITPK1;MICB;ELOVL5;SLC22A5;DHRS3;RAB31;MYBL1;AQP3;FCMR;PMAIP1;TOB1;CLDN7;FKBP5;ABHD2;WFS1;AFF1;ISG20L2;ABLIM1;ALDH3B1;SLC16A1;IL6ST;BCL11B;SLC2A1;TGIF2;FKBP4;ABAT;SIAH2;NADSYN1;CCND1;DHCR7;XBP1;ASB13;CD44,age_changes_CD56bright_NK_02062026
Notch Signaling,0.007648183556405354,-0.5495631702730385,-1.7304980279740012,RBX1;DTX1;DLL1;LFNG;NOTCH1;MAML2;PPARD;PSENEN,age_changes_CD56bright_NK_02062026
Myc Targets V1,0.008343472970624021,-0.3679465590692731,-1.749728482952547,TXNL4A;PSMA1;PSMA4;TRIM28;PSMA2;HSPE1;NOP56;PCNA;POLD2;EIF3J;YWHAE;NME1;USP1;PSMA7;PSMB3;NHP2;RANBP1;SRSF3;KPNA2;VBP1;PSMD8;SNRPG;HNRNPD;SNRPB2;SET;PSMC4;SRM;RFC4;SMARCC1;SSB;CBX3;DDX18;SSBP1;DDX21;GNL3;NOLC1;TYMS;NAP1L1;VDAC1;HDDC2;CCT5;PCBP1;ERH;HNRNPA2B1;GSPT1;MRPL23;RPS10;MCM7;EIF2S2;SNRPD3;EIF4A1;PRPF31;IFRD1;HPRT1;EIF3B;PSMC6;AIMP2;SRSF7;COPS5;APEX1;PHB;SRSF2;FAM120A;HSPD1;CCT4;RUVBL2;CCT2;PSMB2;PGK1;SERBP1;PHB2;DUT;EIF4E;COX5A;ABCE1;ILF2;C1QBP,age_changes_CD56bright_NK_02062026
Wnt-beta Catenin Signaling,0.01095080827394403,-0.47352712451501144,-1.6673888458622517,TCF7;RBPJ;DLL1;NOTCH1;TP53;ADAM17;LEF1;PPARD,age_changes_CD56bright_NK_02062026
Interferon Alpha Response,0.011958977924561099,-0.3908721042640631,-1.6374147641799996,ISG15;IRF9;NMI;SELL;EPSTI1;IFI44L;IL4R;IRF7;LGALS3BP;USP18;SLC25A28;PARP14;PSMB8;IFI35;PSME2;RTP4;SAMD9;IFI44;PSMA3;MOV10;RSAD2;DHX58;MVB12A;LY6E;BST2;OAS1;NCOA7,age_changes_CD56bright_NK_02062026
DNA Repair,0.029086273828147633,-0.32957191800448077,-1.5221409963439745,PDE6G;GTF2H5;RBX1;ADA;POLR2F;COX17;CSTF3;PCNA;TAF10;RPA3;NME1;POLR2H;ZNRD1;DGUOK;NUDT9;UMPS;TP53;TARBP2;NELFB;GTF2A2;RFC4;POLR2G;TAF12;NELFCD;TYMS;GTF2H3;ALYREF;SMAD5;RALA;RFC5;NME3;NT5C;NUDT21,age_changes_CD56bright_NK_02062026
UV Response Dn,0.033724390327324966,0.35968586748688186,1.505381201062887,ANXA2;TGFBR3;ATXN1;INSIG1;CDKN1B;MT1E;SYNE1;TGFBR2;ANXA4;CITED2;NR1D2;FYN;PTPRM;RUNX1;BMPR1A;RASA2;ERBB2;SLC7A1;SLC22A18;PIAS3;SMAD3;SCAF8;GCNT1;DUSP1;ATP2B4;MIOS;PDLIM5,age_changes_CD56bright_NK_02062026
Epithelial Mesenchymal Transition,0.03447323389519921,0.36492201836332516,1.520647432602091,GLIPR1;COL6A2;TGFBR3;VCAN;SAT1;VIM;FLNA;AREG;WIPF1;ACTA2;ENO2;PLAUR;LGALS1;TGFBI;PPIB,age_changes_CD56bright_NK_02062026
p53 Pathway,0.03608482076690169,0.3258200416751325,1.4887325139324321,S100A4;F2R;TXNIP;SAT1;CCNG1;PERP;CDKN2A;ZBTB16;KIF13B;CTSF;DDIT4;CYFIP2;CGRRF1;TGFA;TOB1;CASP1;TSPYL2;AEN;NDRG1;MXD1;UPP1;ABHD4;GLS2;GM2A;CCND2;RPS27L;RB1;WWP1;DDB2;HMOX1;FAS;S100A10;PTPRE;CDK5R1;TAX1BP3;CEBPA;APP;IFI30;SERTAD3;ABAT;BTG2;PMM1;ERCC5;PLXNB2;CCND3;SOCS1;SEC61A1;RETSAT,age_changes_CD56bright_NK_02062026
IL-2/STAT5 Signaling,0.03632478632478632,0.3304737552363694,1.5066515749324891,PRNP;IFNGR1;BCL2;TNFRSF1B;FGL2;PTGER2;ITGA6;PRKCH;MAP3K8;ANXA4;HIPK2;CST7;PLEC;PLIN2;BCL2L1;RORA;ABCB1;TNFRSF9;IRF4;FLT3LG;DHRS3;ITGAE;GLIPR2;CKAP4;AHNAK;PHTF2;NDRG1;PIM1;IL2RB;MXD1;NFKBIZ;CCND2;CDC42SE2;AMACR;PHLDA1;GPR65;BATF;SLC1A5;SYT11;AHCY;ADAM19;GABARAPL1;IGF2R;CCND3;SOCS1;XBP1;ICOS;CD44;ST3GAL4;RGS16,age_changes_CD56bright_NK_02062026
E2F Targets,0.036751011894415334,-0.3157717658458408,-1.4706555511564536,DCTPP1;NOP56;PCNA;POLD2;RPA3;CKS2;CDKN2C;NME1;USP1;SNRPB;UBE2S;RANBP1;NASP;RPA1;KPNA2;TP53;HNRNPD;CKS1B;EZH2;WEE1;CENPM;PMS2;PAN2;NOLC1;JPT1;PAICS;NAP1L1;SMC4;GSPT1;NUDT21;HELLS;MMS22L;MCM7;TBRG4;RAD51C;DNMT1;BRCA2;POLE;PNN;MCM3;UBE2T;TIPIN;LUC7L3;MLH1;CBX5;TOP2A;RPA2;DDX39A;PDS5B;SRSF2;AK2;PRKDC;DCK;NAA38,age_changes_CD56bright_NK_02062026
Interferon Gamma Response,0.03792055728471913,0.32930844589788705,1.5209622796606312,CCL5;GZMA;HLA-DQA1;TXNIP;FGL2;HLA-DRB1;SOD2;STAT4;SLAMF7;MT2A;IFIT3;IL18BP;ZBP1;FPR1;CD69;IRF4;IRF5;CD74;CD40;CFH;MVP;IFIT2;ICAM1;PTPN1;TAPBP;CASP1;HLA-DMA;PIM1;NUP93;ADAR;IL2RB;PELI1;ZNFX1;NLRC5;UPP1;CASP7;STAT1;TRIM21;FAS;LCP2;TRIM26;CMKLR1;RIPK2;IFI30;PFKP,age_changes_CD56bright_NK_02062026
Estrogen Response Late,0.0412940730859806,0.3464862899905158,1.5235209036388944,BCL2;PRSS23;S100A9;MAPK13;PERP;CLIC3;SERPINA1;AREG;ITPK1;MICB;ELOVL5;SLC22A5;RAB31;DLG5;SLC2A8;ZFP36;TOB1;FKBP5;ABHD2;WFS1;DUSP2;AFF1;ALDH3B1;SLC16A1;IL6ST;SORD;BATF;FKBP4;ATP2B4;SIAH2;PLK4;CCND1;DHCR7;XBP1;PDCD4;CD44,age_changes_CD56bright_NK_02062026
Apical Junction,0.07315350032113038,0.3168645477629683,1.4002173331279806,VCAN;INSIG1;VCL;MAPK13;MYH9;CD99;PIK3CB;ZYX;PLCG1;ICAM1;ADAM15;TGFBI;CNN2;PECAM1;CLDN7;WASL;SORBS3;MVD;CTNNA1;ARHGEF6;MSN;NECTIN3;NRTN;CRAT;NF1;CAP1;MYL9;VASP;CERCAM;TAOK2;EXOC4;MYH10;CTNND1;RRAS;LAYN;ACTN4;MADCAM1;EPB41L2;NEXN;BMP1;SKAP2;PIK3R3;ADAM9;ITGA3;TSC1;GTF2F1;CD86;AKT2;LIMA1;MMP9;NEGR1;SPEG,age_changes_CD56bright_NK_02062026
heme Metabolism,0.07768884936514994,0.3029827796365102,1.3679500897845187,CAST;HBB;TFDP2;PRDX2;TSPAN5;MKRN1;ISCA1;FOXJ2;MAP2K3;AQP3;ARL2BP;TENT5C;GYPC;DMTN;DCAF11;ADIPOR1;EZH1;PIGQ;BSG;LRP10;BNIP3L;NFE2;SDCBP;FBXO7;KHNYN;SLC2A1;GCLM;EPOR;NUDT4;BTG2;BLVRA;EIF2AK1;NFE2L1;BACH1;CCND3;ALDH6A1;CTNS;RIOK3;SNCA;OPTN;CTSB;ATP6V0A1;SEC14L1;TMEM9B;KDM7A;ENDOD1;CLCN3;SLC25A37;PSMD9;MOSPD1;SPTB;CDC27;TMCC2;LPIN2;TCEA1,age_changes_CD56bright_NK_02062026
IL-6/JAK/STAT3 Signaling,0.07818752779012894,0.3523536311550967,1.3837933170476444,IFNGR1;TNFRSF1B;MAP3K8;TNFRSF1A;ITGA4;TNF;CSF3R;IL12RB1;PIK3R5;PTPN1;PIM1;STAT1;IL6ST;HMOX1;FAS;LTBR;CD36;STAT3;IL15RA;SOCS1;IL13RA1;CD44,age_changes_CD56bright_NK_02062026
Reactive Oxygen Species Pathway,0.08174003260708464,0.3732091588012981,1.3686027738981812,PRNP;PRDX6;SOD2;HHEX;FTL;PRDX2;PDLIM1;LSP1,age_changes_CD56bright_NK_02062026
Inflammatory Response,0.08384096635541723,0.3022350724087241,1.3454626880905722,CCL5;TNFRSF1B;PTGER2;PTGER4;BEST1;TNFRSF9;KCNA3;FPR1;CD69;PLAUR;CYBB;CSF3R;CD40;RAF1;PIK3R5;CXCR6;ICAM1;NMUR1;SLC4A4;TAPBP;IL18;IL2RB;LTA;IFITM1;MXD1;SLC7A1;PTAFR;LCP2;PTPRE;CMKLR1;RIPK2;TLR1;SLC31A2,age_changes_CD56bright_NK_02062026
Androgen Response,0.08593292925510752,0.3252797387238789,1.3486917479912917,SAT1;INSIG1;DNAJB9;ANKH;ELOVL5;CDK6;IDI1;TPD52;ADAMTS1;UBE2J1;NDRG1;FKBP5;ABHD2;FADS1;XRCC5;SORD;CDC14B;PIAS1;PDLIM5;CCND1;CCND3;HMGCS1;RAB4A;MAF;UBE2I;XRCC6;ACSL3;ADRM1;SEC24D;SRP19,age_changes_CD56bright_NK_02062026
UV Response Up,0.09700607677486289,0.305087278250772,1.3198184485283402,RAB27A;SOD2;TUBA4A;ABCB1;ENO2;CYB5R1;GRINA;ALDOA;PPT1;EIF2S3;AQP3;SLC25A4;ICAM1;RPN1;CREG1;BCL2L11;POLE3;BSG;ARRB2;TGFBRAP1;STARD3;APOM;IL6ST;SELENOW;HMOX1;YKT6;DNAJB1;FKBP4;NUP58;BTG2,age_changes_CD56bright_NK_02062026
Myc Targets V2,0.10542325743090561,-0.33977081790099506,-1.3313112097157038,DCTPP1;HSPE1;NOP56;SRM;PPAN;CBX3;DDX18;GNL3;NOLC1;IPO4;BYSL;RCL1;TBRG4;WDR43;AIMP2;PUS1;PHB;HSPD1,age_changes_CD56bright_NK_02062026
KRAS Signaling Up,0.11541039173610171,0.29862389283475715,1.2879033970259854,PRDM1;LAPTM5;TNFRSF1B;MAP4K1;LCP1;LAT2;ABCB1;CD37;GALNT3;PLAUR;ANKH;CTSS;CFH;CXCR4;G0S2;GYPC;DUSP6;PECAM1;PPBP;CCND2;NAP1L2;CDADC1;HDAC9;CMKLR1,age_changes_CD56bright_NK_02062026
mTORC1 Signaling,0.11659053855585647,0.28143973762600544,1.292251769451309,SYTL2;FGL2;CCNG1;INSIG1;TUBA4A;CYP51A1;ELOVL5;DDIT4;CANX;ALDOA;IDI1;MAP2K3;GPI;CXCR4;RPN1;SERP1;HSPA9;HSP90B1;STARD4;SLC6A6;CALR;SLC2A1;YKT6;FADS1;M6PR;LDHA;GOT1;PGM1;SC5D;PSME3;ADIPOR2;SORD;GGA2;IFI30;PRDX1;TBK1;UBE2D3;PDK1;BTG2;SLC1A5;HSPA5;NFKBIB;SQSTM1;DHCR7;ETF1;SLC37A4;PSMD12;RRM2;XBP1;FADS2;UNG,age_changes_CD56bright_NK_02062026
Unfolded Protein Response,0.12572995405365348,0.2989224245574522,1.265163970843879,EEF2;XPOT;DNAJB9;ERN1;YWHAZ;DCTN1;DDIT4;NFYA;EXOSC10;SERP1;HSPA9;TSPYL2;HYOU1;HSP90B1;WFS1;MTREX;PARN;SDAD1;CEBPB;SRPRA;CALR;NOP14;BAG3;DNAJC3,age_changes_CD56bright_NK_02062026
Cholesterol Homeostasis,0.12923645076824267,0.3313672128997279,1.2675158499088117,LGALS3;CYP51A1;PLAUR;CLU;IDI1;GUSB;MVD;STARD4;FBXO6;ABCA2;SREBF2;CTNNB1;CXCL16;SC5D;GSTM2;ETHE1;PNRC1;LSS;ATF5;DHCR7;FADS2;HMGCS1;ACAT2;ANXA5,age_changes_CD56bright_NK_02062026
Mitotic Spindle,0.13610892590439055,0.2696266023226186,1.2485769683659826,PCGF5;VCL;FLNA;TUBA4A;MYH9;PXN;CAPZB;ARHGEF3;NEDD9;ARAP3;CEP72;ARHGAP10;NET1;SPTAN1;LATS1;BCL2L11;RASA2;WASL;EZR;LLGL1;PIF1;CNTROB;CEP250;TUBGCP6;SUN2;RHOT2;ARHGDIA;PRC1;NF1;MAPRE1;CLIP2;PDLIM5;CENPJ;LRPPRC;CDC42;TAOK2;STAU1;NCK1;MYH10;CDC42BPA;ACTN4;NUMA1;NIN;RICTOR;FGD4;DOCK2;ABI1;INCENP;TUBGCP2;EPB41L2;CDC42EP1;ALS2;KIF3B,age_changes_CD56bright_NK_02062026
Protein Secretion,0.14063314834027746,0.3028818589655929,1.2389281867576174,TMED10;AP2B1;VAMP4;PPT1;TMED2;TPD52;ANP32E;RAB9A;STAM;VAMP7;SGMS1;PAM;YKT6;STX12;ARF1;M6PR;NAPA;CLTC;SCRN1;VAMP3;AP3S1;IGF2R;GOLGA4;MON2;AP3B1;ADAM10;RAB5A,age_changes_CD56bright_NK_02062026
Pperoxisome,0.14582406995701794,0.30038851742498335,1.2280430146786256,PABPC1;ATXN1;SOD2;HSD17B11;ABCB1;ELOVL5;DHRS3;IDI1;CNBP;MVP;SLC25A4;ACSL1;FADS1;ABCD2;LONP2;CRAT;ACSL4;PRDX1;PEX5;ESR2,age_changes_CD56bright_NK_02062026
Myogenesis,0.24505655131527168,0.26666578306523303,1.1438953454977563,PRNP;COL6A2;MYH9;CFD;ATP6AP1;CLU;LSP1;PDLIM7;TPM3;SPTAN1;SIRT2;ACSL1;SORBS3;MAPRE3;ABLIM1;RB1;DAPK2;LPIN1;PDE4DIP;KIFC3;CRAT;APP;CD36,age_changes_CD56bright_NK_02062026
Bile Acid Metabolism,0.24727888320735142,0.27689414563924436,1.125295985835178,ATXN1;HSD17B11;NPC1;IDI1;ACSL1;ABCA2;SLC22A18;GCLM;AMACR;FADS1;ABCD2;LONP2;PEX19;RETSAT;FADS2;ABCD1;NEDD4;OPTN;ALDH1A1;ABCD3;PAOX;APOA1;ACSL5;PHYH;NR1I2,age_changes_CD56bright_NK_02062026
Hedgehog Signaling,0.2532642942861104,0.37747789860502623,1.127068196074898,ADGRG1;MYH9;CDK6;CDK5R1;NF1,age_changes_CD56bright_NK_02062026
Apical Surface,0.2551553776987303,0.3448933184788583,1.1313063459802717,FLOT2;PLAUR;CD160;CRYBG1;IL2RB;NCOA6;ADIPOR2;APP;GAS1;ADAM10;AFAP1L2;MDGA1;GSTM3,age_changes_CD56bright_NK_02062026
Glycolysis,0.29242626352452944,0.24108426617668674,1.0847416438158388,VCAN;GNPDA1;CITED2;PKM;ENO2;TKTL1;DDIT4;ALDOA;AK3;CXCR4;TGFA;GUSB;TGFBI;GFPT1;KIF2A;MIF;PAM;PLOD1;PRPS1;LDHA;GYS1;GOT1;CHPF2;BIK;ECD;EXT2;PFKP;FKBP4;GMPPB;HSPA5;HDLBP;SLC37A4;IL13RA1;PHKA2;CD44,age_changes_CD56bright_NK_02062026
Xenobiotic Metabolism,0.2991116141405159,0.24879666781006612,1.0861077610651484,AKR1C3;TNFRSF1A;MT2A;NPC1;ELOVL5;DHRS7;CYFIP2;MAN1A1;ALDH2;NDRG2;FBP1;SSR3;UPP1;KYNU;SLC6A6;HMOX1;FAS;CES1;ABCD2;ACO2;SLC46A3;PTGDS;CD36;PDLIM5;SLC1A5;AHCY;PMM1;TMEM176B;GABARAPL1;GSS;ALAS1;RETSAT,age_changes_CD56bright_NK_02062026
Adipogenesis,0.3508893910423547,-0.24623456214593012,-1.1484987708642322,ECH1;DGAT1;UQCRQ;ECHS1;UCP2;ATP5PO;MRPL15;SUCLG1;CDKN2C;NMT1;GBE1;ESRRA;ETFB;VEGFB;DDT;COX8A;COX7B;SOD1;SDHC;MGST3;COQ5;POR;GPD2;DNAJC15;TST;RMDN3;ACADS;ELOVL6;REEP6;NABP1;HIBCH;PTCD3;DHRS7B;COQ9;PPP1R15B;ELMOD3;AK2;ESYT1;UQCR10;HADH;ARL4A;GHITM;IDH3G;ACAA2;JAGN1,age_changes_CD56bright_NK_02062026
PI3K/AKT/mTOR  Signaling,0.3565444116113332,-0.2657677976158757,-1.127863041751484,IL2RG;SLA;PTEN;MAPK9;CSNK2B;THEM4;VAV3;ARPC3;HRAS;GRK2;RPS6KA3;MKNK1;CAMK4;TSC2;MAPK8;PRKAG1;DDIT3;DAPP1;RIT1;AKT1,age_changes_CD56bright_NK_02062026
TGF-beta Signaling,0.38356799351063214,-0.2919083016062749,-1.0840810756749744,SMURF2;SERPINE1;CDK9;FURIN;ARID4B;TRIM33;SMAD7;FNTA;ID3;BMPR2;ENG;PPP1R15A;HDAC1;TGFB1,age_changes_CD56bright_NK_02062026
Fatty Acid Metabolism,0.4005936701921406,-0.23590028394940293,-1.0625603863256856,ECH1;YWHAH;HSD17B10;ECHS1;RDH11;NTHL1;PDHA1;SUCLG1;ECI1;MCEE;SDHC;SDHD;ACAA1;EPHX1;GPD2;OSTC;HSP90AA1;ACADS;HADHB;GCDH;PDHB;REEP6;HIBCH;ACSS1;NSDHL;GSTZ1;MDH1,age_changes_CD56bright_NK_02062026
G2-M Checkpoint,0.41508778028854515,-0.23018693406672647,-1.085415559882285,MTF2;CKS2;UPF1;CDKN2C;UBE2S;NASP;KPNA2;E2F4;HNRNPD;PURA;CKS1B;EZH2;SMARCC1;SFPQ;NOLC1;JPT1;CASP8AP2;KIF5B;SMC4;SLC12A2;GSPT1;CHAF1A;CBX1;RBM14;BRCA2;SMC2;EFNA5;POLE;MCM3;PRMT5;KIF20B;CHMP1A;FOXN3;FBXO5;TOP2A;RPA2;MAPK14;SQLE;DDX39A;PDS5B;SRSF2;TNPO2;TGFB1;CUL3;RBL1;ABL1;CENPF;ARID4A;CCNF;STAG1;KMT5A;MCM2;NDC80;PAFAH1B1,age_changes_CD56bright_NK_02062026
KRAS Signaling Dn,0.9340778724143924,-0.18261937119575047,-0.7516681726514299,IFI44L;LFNG;CHST2;STAG3;YPEL1,age_changes_CD56bright_NK_02062026
Spermatogenesis,0.9703260410717389,-0.19833056733676635,-0.8197841249007012,CSNK2A2;SIRT1;RPL39L;PGS1;EZH2;RFC4;CAMK4;SLC12A2;TLE4;IFT88;STAM2,age_changes_CD56bright_NK_02062026
Pancreas Beta Cells,0.9842980473955617,-0.2744037710508218,-0.7638528995438469,SEC11A;AKT3;SRPRB;SRP9;SRP14;ELP4,age_changes_CD56bright_NK_02062026
Myogenesis,0.0015403323875152006,0.4294684520727902,1.7905461302311385,IGFBP3;PRNP;CLU;SORBS3;FKBP1B;ITGB1;MYO1C;FXYD1;PFKM;MYH9;GNAO1;COL6A2;SGCD;SH2B1;CRAT;MAPRE3;KIFC3;HDAC5;ITGB4;ACSL1;TPM3;LARGE1;SYNGR2;PDLIM7;CD36;WWTR1;ATP6AP1;RB1;SPTAN1;PDE4DIP;CFD;BHLHE40;FLII;NCAM1;DAPK2;ADCY9,age_changes_CD56dim_NK_02062026
Coagulation,0.0015403323875152009,0.46436109578264967,1.8049360572363948,CTSH;F8;CLU;CAPN2;SERPINA1;CFH;CSRP1;PRSS23;ADAM9;C1R;CTSB;USP11;LTA4H;LRP1;CPQ;TIMP1;WDR1;CRIP2;F12;CFD;APOA1;ANXA1;C1QA;F2RL2;C8G;BMP1;PDGFB;LAMP2;FYN;MMP9;S100A13;SERPING1;CTSK;PREP;A2M,age_changes_CD56dim_NK_02062026
Apoptosis,0.0015403323875152009,0.4413264869440884,1.85109540478348,F2R;ENO2;CDC25B;TSPO;CLU;LGALS3;IFNGR1;FAS;CD2;PPT1;MADD;SOD2;TGFBR3;CD44;CASP1;BNIP3L;BCL2L11;LMNA;CD14;ETF1;RHOB;RETSAT;PEA15;CTH;BCL10;TIMP1;DNAJC3;PDGFRB;SPTAN1;HSPB1;GNA15;ISG20;PLCB2;DPYD;RELA;CDKN1B;SAT1;ANXA1;HMGB2;CTNNB1,age_changes_CD56dim_NK_02062026
Interferon Alpha Response,0.0018949861823924202,-0.49151267121361564,-1.9254143441630607,USP18;NMI;IFI35;SAMD9L;PLSCR1;EPSTI1;IRF7;IRF9;MX1;SAMD9;IFI44L;ISG15;IFI44;SP110;OAS1;PARP14;PSMA3;PSMB8;SELL;PSME2;IFI27;LY6E;LGALS3BP;RSAD2;BST2;HERC6;UBE2L6;RTP4;IRF2,age_changes_CD56dim_NK_02062026
heme Metabolism,0.0023104985812728014,0.43518855526617584,1.882200614500795,PRDX2;DMTN;MKRN1;EIF2AK1;OPTN;BNIP3L;SIDT2;GDE1;ISCA1;SEC14L1;CTSB;RIOK3;FN3K;FOXJ2;ASNS;RNF19A;TCEA1;FBXO7;VEZF1;ADIPOR1;MXI1;ALAD;NCOA4;NFE2L1;LRP10;FECH;ARL2BP;TRAK2;NFE2;NUDT4;GMPS;ENDOD1;BPGM;CIR1;DCAF11;CAST;RCL1;EPOR;BLVRA;BLVRB;AGPAT4;KDM7A;SDCBP;SYNJ1;TMCC2;MGST3;CDR2;AQP3;HTATIP2;EPB41;NARF;BSG;ALDH6A1;ACSL6;TENT5C;LAMP2;GAPVD1;CTNS;CA2;USP15,age_changes_CD56dim_NK_02062026
Epithelial Mesenchymal Transition,0.0030806647750304017,0.4613864726286054,1.933743812177155,IGFBP3;VIM;ENO2;PLOD3;CADM1;SGCB;VCAN;FLNA;FAS;PLOD1;ITGB1;TGFBR3;CD44;LGALS1;MYL9;COL6A2;ACTA2;SGCD;GLIPR1;WIPF1;RHOB;AREG;LRP1;TIMP1;COPA;PDGFRB;TGFBI;PLAUR;MAGEE1;CD59;SAT1;VCAM1;PCOLCE;PFN2;NOTCH2;QSOX1;CXCL8,age_changes_CD56dim_NK_02062026
Hypoxia,0.005647885420889069,0.3954351948313264,1.7016430592624827,IGFBP3;ENO2;PFKP;ERRFI1;MT1E;BCL2;BNIP3L;NDRG1;PLIN2;HK1;MYH9;ANXA2;VLDLR;FAM162A;GPI;VHL;SLC37A4;LARGE1;CXCR4;S100A4;PFKL;TPD52;MXI1;TGFBI;ALDOA;SLC25A1;PGM1;AMPD3;ISG20;MIF;PLAUR;BHLHE40;DDIT4;KLHL24;HSPA5;CDKN1B;PNRC1;MT2A;PDK1;GYS1;P4HA1;TKTL1;PFKFB3;ALDOC;CITED2;CDKN1A,age_changes_CD56dim_NK_02062026
Androgen Response,0.015788406972030808,0.41243274556573106,1.5953785258179318,CDC14B;UBE2J1;INPP4B;INSIG1;XRCC6;FADS1;ELOVL5;NDRG1;UAP1;ADAMTS1;ABCC4;PDLIM5;PIAS1;ABHD2;SEC24D;ARID5B;TPD52;B4GALT1;LMAN1;NCOA4;HPGD;MAF;HSD17B14;SAT1;STEAP4;DHCR24;FKBP5;RAB4A;APPBP2;CDK6;ANKH;ACTN1;ITGAV;CAMKK2,age_changes_CD56dim_NK_02062026
Apical Junction,0.016063466326944234,0.3825143370517654,1.6083496881662993,CTNNA1;ADAM15;VCAN;EXOC4;SORBS3;INSIG1;ITGB1;ZYX;MYH9;MYL9;MVD;CERCAM;ADAM9;CRAT;MPP5;SIRPA;ITGB4;CNN2;PIK3CB;BAIAP2;ARHGEF6;PLCG1;VCL;TRAF1;B4GALT1;SGCE;TGFBI;NRTN;MPZL1;LAYN;VCAM1;CDK8;SHC1;MSN;GTF2F1;CD274;WASL;FSCN1;SYMPK;MAP4K2,age_changes_CD56dim_NK_02062026
Cholesterol Homeostasis,0.019510876908525876,0.4284979652210279,1.570195588802991,ANXA5;ERRFI1;CLU;LGALS3;DHCR7;MVD;SREBF2;ACSS2;ANTXR2;LSS;GUSB;ABCA2;ETHE1;CYP51A1;PLAUR;FDFT1;CXCL16;CTNNB1;FADS2;FASN;ALCAM;PNRC1;LDLR,age_changes_CD56dim_NK_02062026
Allograft Rejection,0.02048642075395217,0.36033177744641437,1.558742873082992,F2R;CDKN2A;HLA-DMA;HLA-DQA1;IRF4;SIT1;FLNA;IFNGR1;FAS;RIPK2;IL7;CD2;CD8A;IL4R;HLA-DRA;CD8B;CD40;CCR5;MAP4K1;NCF4;TAPBP;CD96;SPI1;CTSS;CD4;BCL10;TIMP1;HIF1A;HCLS1;NLRP3;CCL5;TPD52;IL12A;CD74,age_changes_CD56dim_NK_02062026
Glycolysis,0.021984744076353317,0.36112080792528023,1.5447853676791103,IGFBP3;ENO2;PFKP;PKM;VCAN;PLOD1;B3GAT1;ECD;CD44;AK3;VLDLR;GNPDA1;PYGL;GOT2;FAM162A;DLD;CTH;SLC37A4;CHPF2;CXCR4;GNE;MXI1;B4GALT1;NANP;GFPT1;TGFBI;ALDOA;GUSB;ARPP19;IL13RA1;PGAM1;EXT2;ISG20;MIF;DDIT4;HSPA5;PYGB;DSC2;SLC25A13;QSOX1;GYS1;P4HA1;TKTL1;HS2ST1;AGL;CITED2,age_changes_CD56dim_NK_02062026
TNF-alpha Signaling via NF-kB,0.024289856880047395,0.3511551073568104,1.5174700178075282,MSC;SERPINB8;RIPK2;SOD2;CD44;TNIP1;LITAF;CLCF1;BCL6;RHOB;AREG;PDLIM5;PER1;BCL2A1;KYNU;CCL5;TRAF1;B4GALT1;PHLDA1;G0S2;PLAUR;BHLHE40;RELA;TRIB1;SAT1;MXD1;DUSP4;PANX1;SLC2A6;TANK;ETS2;PNRC1;LDLR;TRIP10;TNFAIP2;IL7R;CXCL2;TNF;PFKFB3;MAP3K8;IFNGR2;IL6ST;CDKN1A;RELB;TUBB2A;NINJ1;ZC3H12A;CSF1;PTGER4;MCL1;CEBPB;TNFAIP3;IL15RA;DRAM1;DUSP2;EGR2;MAP2K3;SPHK1;EGR3;BTG1;TNFRSF9;SOCS3;IL18;IFIT2;STAT5A;SQSTM1;TAP1;TGIF1;NFKBIE,age_changes_CD56dim_NK_02062026
Adipogenesis,0.025415484394000813,0.3534063015254621,1.5198992569126897,TOB1;RAB34;GPAT4;BAZ2A;SLC5A6;IFNGR1;RNF11;DHCR7;PLIN2;RIOK3;BCL6;NDUFA5;SLC1A5;G3BP2;BCL2L13;CRAT;RETSAT;GPHN;FAH;CD302;ADIPOR2;DLD;CHCHD10;EPHX2;LTC4S;TKT;PFKL;PPM1B;CD36;SULT1A1;ALDOA;ACOX1;SLC25A1;CS;DLAT;CMPK1;PGM1;MIGA2;CD151;QDPR,age_changes_CD56dim_NK_02062026
Complement,0.030190514795297933,0.34546950979424135,1.4799961151020296,CTSH;SPOCK2;F8;ANXA5;CLU;LGALS3;LIPA;RBSN;SERPINA1;CFH;CASP1;S100A9;S100A12;VCPIP1;CSRP1;ADAM9;C1R;CTSB;LTA4H;LRP1;L3MBTL4;CTSS;CPQ;TIMP1;KYNU;GCA;PIK3R5;CCL5;FCN1;DGKH;CBLB;CD36;GMFB;PLAUR;PRDM4;CD59;HSPA5;PDP1;PRKCD;GZMK;C1QA;DOCK9;WAS;CD46;RNF4;CEBPB;PDGFB;LAMP2;CDA;TNFAIP3;FYN;F5;CD40LG;GATA3;CA2;USP15;USP14;S100A13;RAF1;SERPING1;CD55;CR1;PREP;TIMP2,age_changes_CD56dim_NK_02062026
Fatty Acid Metabolism,0.03135676646013087,0.3544762953818492,1.4830892398304147,ENO2;GLUL;SUCLG2;SLC22A5;ELOVL5;GABARAPL1;LGALS1;CRAT;PTPRG;RETSAT;ADIPOR2;DLD;ACSL1;LTC4S;SERINC1;ACADVL;HSD17B11;ALAD;CD36;ALDOA;ACOX1;HPGD;ALDH1A1;G0S2;SDHA;PCBD1;BCKDHB;D2HGDH;MIF;CBR3;PRDX6;ERP29;DHCR24;ACOT2;FASN;BPHL;HSDL2;S100A10;BLVRA;DLST;AUH;ACSL4;ODC1,age_changes_CD56dim_NK_02062026
IL-6/JAK/STAT3 Signaling,0.03298123465032547,0.38401222417740144,1.4580682573559849,TNFRSF1B;IFNGR1;FAS;IL7;IL4R;CD44;STAT3;CSF3R;CD14;PIK3R5;CD36;IL17RA;LEPR;ITGA4;IL13RA1;PTPN1;PTPN11;TNF;CSF2RA;MAP3K8;MYD88;IFNGR2;STAT1;IL6ST;TYK2;CSF1;IL12RB1;IL15RA,age_changes_CD56dim_NK_02062026
Estrogen Response Late,0.03331982164572355,0.34217783009160396,1.445076265286491,TOB1;SERPINA1;TJP3;BCL2;SLC22A5;CD44;DHCR7;S100A9;ELOVL5;LSR;PERP;SLC7A5;RAB31;SLC1A4;DYNLT3;PRSS23;CACNA2D2;AREG;ABCA3;LARGE1;ABHD2;SLC29A1;SLC2A8;MYOF;PLK4;MAPT;ISG20;FDFT1;ALDH3B1;FKBP5;BLVRB;AFF1;IL6ST;SLC16A1;ITPK1;CKB;SCNN1A;DUSP2;CA2;TOP2A;CISH;EGR3;METTL3;AMFR;ATP2B4;MDK;SCARB1;RNASEH2A;ALDH3A2;FABP5;MICB;ADD3,age_changes_CD56dim_NK_02062026
Estrogen Response Early,0.03359850020267532,0.34586765710138445,1.4624047900495036,TOB1;SLC39A6;NADSYN1;GAB2;TJP3;BCL2;SLC22A5;CD44;DHCR7;CANT1;ELOVL5;SLC7A5;RAB31;SLC1A4;DYNLT3;PRSS23;AREG;MYBBP1A;ABCA3;LRIG1;ABHD2;ISG20L2;MYOF;B4GALT1;MAPT;BHLHE40;ENDOD1;FDFT1;ALDH3B1;ADCY9;FASN;FKBP5;AKAP1;BLVRB;AFF1;AQP3;IL6ST;MREG;SLC16A1;ABLIM1;ZNF185;ITPK1;UGCG;SVIL;MED24;SCNN1A,age_changes_CD56dim_NK_02062026
Oxidative Phosphorylation,0.03434662455586262,-0.35783232561715883,-1.552941756648577,TIMM8B;ECH1;SLC25A11;ATP6V1D;FXN;ATP5F1C;PDHA1;TIMM13;NDUFB3;NDUFA7;HSD17B10;MRPS11;NDUFB5;SUCLG1;PDHB;MRPS12;ETFA;SLC25A20;MTX2;NDUFS2;SDHD;ACADM;ACAA2;MDH1;ATP5PF;NDUFA2;COX7B;BDH2;NDUFB8;ATP5PO;NDUFA8;NDUFA9;NDUFB1;NDUFC2;COX17;MRPL15;ATP6V1E1;ATP5MC1;TIMM10;NDUFS8;CYCS;POLR2F;NDUFS4;ATP1B1;ATP6V0E1;NDUFB4;ETFB;UQCR10;MRPL34;ATP5MF;NDUFB2;ECI1;HCCS;COX7A2L;ATP5MC3;FH,age_changes_CD56dim_NK_02062026
Bile Acid Metabolism,0.034620804138436885,0.3714554529760669,1.4295591508500907,FADS1;OPTN;PFKM;NR3C2;PEX16;ABCD2;RETSAT;ABCA3;ACSL1;EPHX2;ATXN1;SLC29A1;HSD17B11;ALDH1A1;ABCA2;PEX26;APOA1;DHCR24;FADS2;AQP9;HACL1;PHYH;PEX1;ACSL5;LONP2;CYP46A1;ALDH9A1;GSTK1;ABCA5;IDI1;CYP27A1;PIPOX,age_changes_CD56dim_NK_02062026
Pperoxisome,0.034914200783677886,0.37360256927309343,1.4467316901644873,CADM1;TSPO;PRDX1;SOD2;FADS1;ELOVL5;PABPC1;ABCD2;MVP;CRAT;RETSAT;BCL10;ACSL1;EPHX2;ATXN1;HSD17B11;PEX5;ACOX1;ALDH1A1;CNBP;ABCC5;DHCR24;SIAH1;NUDT19;ERCC3;ACSL4;IDE;PEX14;DLG4,age_changes_CD56dim_NK_02062026
Mitotic Spindle,0.036351844345358736,0.33157535094125656,1.4295867872483052,PCGF5;FLNA;PALLD;KIF22;DYNC1H1;TUBGCP6;LLGL1;MYH9;BCL2L11;KIF1B;PDLIM5;KIF3C;EZR;ARHGAP10;LATS1;VCL;OPHN1;PXN;SUN2;SPTAN1;SSH2;PRC1;ARHGAP5;NET1;STAU1;MAPRE1;TUBA4A;KIF20B;TBCD;WASL;FSCN1;CNTROB;NOTCH2;KIF3B;ABI1;MAP1S;LRPPRC;CCDC88A;INCENP;LMNB1;NUMA1;TUBGCP3;EPB41;TUBGCP2;BRCA2;BCR;ARHGEF7;ARHGAP4;MYH10;ITSN1;RHOT2;CLIP1;HOOK3;UXT;TOP2A;PCNT;SPTBN1;HDAC6;MAP3K11;CSNK1D;RACGAP1;ARHGEF11;CLASP1;KATNA1;ATG4B;CDC42EP1;ARAP3;KATNB1,age_changes_CD56dim_NK_02062026
mTORC1 Signaling,0.04284924641633194,0.3213423067825952,1.4027485735415448,PRDX1;FGL2;CCNG1;INSIG1;DHCR7;FADS1;ELOVL5;SLC7A5;SLC1A4;PSME3;HSP90B1;VLDLR;RPN1;CANX;SYTL2;ETF1;SLC1A5;HSPA9;GPI;LTA4H;YKT6;ASNS;ADIPOR2;CTH;SLC37A4;TCEA1;PSAT1;CXCR4;PFKL;SHMT2;ALDOA;GSK3B;NUP205;PGM1;SSR1;MCM4;CALR;CYP51A1;BHLHE40;DDIT4;QDPR;GGA2;GMPS;HSPA5;SRD5A1;TUBA4A;DHCR24;FADS2;LDLR;M6PR;PDK1;CFP;ACLY;P4HA1,age_changes_CD56dim_NK_02062026
Protein Secretion,0.04868789764015439,0.35138564287873053,1.3834170905381462,ATP1A1;PPT1;KIF1B;MON2;TMED2;YKT6;SEC24D;TPD52;LMAN1;ATP6V1H;RAB5A;VAMP7;ERGIC3;RAB14;TMED10;ANP32E;ARFIP1;AP3B1;M6PR;SGMS1;AP2B1;ARF1;STAM;CLTC;SEC31A;NAPA;ADAM10;SCAMP3;STX12;GALC;GBF1;LAMP2;TMX1;SNX2;SNAP23,age_changes_CD56dim_NK_02062026
p53 Pathway,0.05006080259424403,0.31606179693851455,1.3743424544782405,F2R;TOB1;CDKN2A;EPS8L2;CCNG1;FAS;CYFIP2;CASP1;AEN;SEC61A1;NDRG1;PERP;DDB2;CGRRF1;FAM162A;RETSAT;PPM1D;ITGB4;BAIAP2;KIF13B;S100A4;CTSF;GLS2;PMM1;CDKN2B;CD82;RB1;GM2A;ZNF365;DDIT4;CDKN2AIP;SAT1;MXD1;ABCC5;CCNK;RAD51C;S100A10;UPP1;CDKN1A;PRKAB1;NINJ1;NUDT15;ERCC5;ELP1;RPS27L;DRAM1;CEBPA;TSPYL2;PROCR;MDM2;ZFP36L1;ACVR1B;SPHK1;COQ8A;RALGDS;BTG1;SP1;ABHD4;RPL18;RRP8;TAP1;PITPNC1;ANKRA2;HMOX1;ISCU;ATF3;PVT1;PLXNB2;WWP1;XPC;RPL36;TXNIP;DGKA;HBEGF;STEAP3,age_changes_CD56dim_NK_02062026
Notch Signaling,0.052941176470588235,-0.45717609748678834,-1.42574234867812,DLL1;ARRB1;LFNG;NOTCH1;RBX1;HES1;DTX1,age_changes_CD56dim_NK_02062026
Xenobiotic Metabolism,0.06524407898546529,0.31005363461793983,1.3209308955104722,CES1;PTGDS;FAS;CYFIP2;ELOVL5;GABARAPL1;ABCD2;SLC1A5;AHCY;PDLIM5;RETSAT;PGD;FAH;KYNU;PMM1;SHMT2;CD36;ACOX1;ARPP19;SLC46A3;AQP9;ETS2;BPHL;MT2A;PTGES3;BLVRB;HACL1;PEMT;UPP1;AKR1C3;NINJ1;DHRS1;CDA;NDRG2;ALDH9A1;MCCC2;CA2;ALDH2;TMEM176B;PGRMC1;CYP27A1;PPARD;PDK4,age_changes_CD56dim_NK_02062026
Inflammatory Response,0.06581958778959185,0.3106279286283902,1.3290370553978086,CD70;TNFRSF1B;RIPK2;KCNA3;SLAMF1;IL4R;IL10RA;PROK2;CD40;CSF3R;KIF1B;CD14;TAPBP;BEST1;CYBB;C5AR1;FPR1;TIMP1;HIF1A;PIK3R5;NLRP3;CCL5;SLC7A1;CD82;GNA15;PTAFR;PLAUR;RELA;MXD1;AQP9;LDLR;ABI1;CXCL8;IL7R,age_changes_CD56dim_NK_02062026
Reactive Oxygen Species Pathway,0.06604945277665179,0.3869592767556623,1.3324598889638062,PRNP;PRDX2;PFKP;PRDX1;SOD2;SCAF4;PDLIM1;PTPA;MGST1;PRDX6,age_changes_CD56dim_NK_02062026
IL-2/STAT5 Signaling,0.06743232896455434,0.3044758200613212,1.3212728313670972,PRNP;TNFRSF1B;AHNAK;IRF4;FGL2;IFNGR1;BCL2;IL4R;IL10RA;CD44;SYT11;MYO1C;GABARAPL1;NDRG1;PLIN2;TWSG1;ANXA4;PLEC;PTCH1;SLC1A5;AHCY;RHOB;TNFRSF18;FAH;LRIG1;CDC42SE2;TRAF1;PRKCH;SYNGR2;PHTF2;PHLDA1;SNX9;CKAP4;BHLHE40;MXD1;NOP2;RABGAP1L;CYFIP1;ALCAM;CTLA4;F2RL2;P4HA1;MAP3K8;ODC1;TNFRSF4;POU2F1;FLT3LG;CSF1;NFKBIZ,age_changes_CD56dim_NK_02062026
Wnt-beta Catenin Signaling,0.0697986577181208,-0.4225358005480877,-1.4270373781623258,TP53;DLL1;NOTCH1;AXIN1;MYC;NOTCH4;CCND2;AXIN2;HEY2;TCF7;LEF1,age_changes_CD56dim_NK_02062026
Unfolded Protein Response,0.07106774946535649,0.32369797714657067,1.3057778776127358,BAG3;SRPRA;EEF2;SLC7A5;SLC1A4;HSP90B1;DCTN1;DCP1A;HSPA9;HYOU1;YWHAZ;ASNS;DNAJC3;PSAT1;XPOT;EXOSC10;SSR1;CALR;DDIT4;HSPA5;EIF4EBP1;SHC1;SLC30A5;SDAD1;ALDH18A1;PARN;NOP14;NPM1;SEC31A;MTHFD2;ZBTB17;HERPUD1;TUBB2A;CEBPB;POP4;ATF6;MTREX;EIF4G1;TSPYL2;NOLC1;EDC4;KDELR3;DNAJB9;PAIP1;ERO1A;EXOSC9;ERN1,age_changes_CD56dim_NK_02062026
Interferon Gamma Response,0.07921042242400315,-0.31234364250876506,-1.360062607788999,CD38;USP18;NMI;IFI35;SAMD9L;PLSCR1;EPSTI1;IRF7;GPR18;IRF9;IFNAR2;BANK1;MX1;TNFSF10;IFI44L;ISG15;IFI44;SP110;PARP14;PSMA3;PSMB8;PSME2;IFI27;PSMB2;LY6E;LGALS3BP;RBCK1;KLRK1;NFKB1;IFIT1;IRF8;RSAD2;OAS3;BST2;HERC6;XAF1;PIM1;SLAMF7;XCL1;UBE2L6;ST3GAL5;PSMA2;RTP4;IRF2;IFITM2;IL2RB;ARL4A;GZMA;SLC25A28;SRI;VAMP8;MX2;PSMB9;LYSMD2,age_changes_CD56dim_NK_02062026
DNA Repair,0.10904066324516384,-0.30855874093198904,-1.3050482663440872,GTF2H5;TP53;ADA;BOLA2;PDE6G;PCNA;POLR2H;TAF12;POLR2G;UMPS;RBX1;RPA2;DAD1;RPA3;ITPA;ZNRD1;NELFB;TSG101;RFC4;TAF10;RFC2;CSTF3;UPF3B;NME1;COX17;ALYREF;RAD51;SNAPC5;NUDT9;POLR2F;CETN2;ERCC1,age_changes_CD56dim_NK_02062026
TGF-beta Signaling,0.14049968980880942,-0.36081674788638846,-1.256217620656556,ID3;SMURF2;SMAD7;NOG;PMEPA1;SMAD1;SKIL;CDK9;TRIM33;FNTA;FURIN;TGFB1;FKBP1A;XIAP;TGFBR1;ID2;ENG;ID1;HDAC1;BMPR2;SERPINE1;SMURF1,age_changes_CD56dim_NK_02062026
UV Response Dn,0.18134846642345628,0.2912258663093778,1.181201312015237,PTPRM;INPP4B;INSIG1;MT1E;TGFBR3;BMPR1A;ANXA2;VLDLR;ANXA4;NR1D2;PDLIM5;ATXN1;SLC7A1;PDGFRB;SYNE1;BCKDHB;RUNX1;PRKCE;BHLHE40;CDKN1B;SCAF8;PIAS3;MIOS;LDLR;MAP2K5;NOTCH2;PHF3;PEX14;CITED2;AGGF1;FZD2;SCN8A;SIPA1L1,age_changes_CD56dim_NK_02062026
Myc Targets V1,0.22325305961310699,-0.27076108996859116,-1.177781944385476,PCNA;VBP1;PSMA4;PSMA7;HNRNPD;PSMA1;PSMC4;PSMC6;YWHAE;COPS5;PSMB2;EXOSC7;EIF2S1;NOP56;EIF2S2;RFC4;MYC;CCT5;LSM2;PSMD8;PCBP1;CCT2;NME1;TRIM28;SERBP1;DDX18;SNRPG;EIF3J;GSPT1;GNL3;PSMA2;SSBP1;RANBP1;UBE2E1;TXNL4A;HNRNPA2B1;ACP1;EIF3B;NOP16;CCT3;TCP1;DDX21;AIMP2;PSMB3;VDAC3;C1QBP;DEK;SSB;HDGF;SRSF3;CDK4;HSPD1;TARDBP,age_changes_CD56dim_NK_02062026
G2-M Checkpoint,0.27312018646128905,0.2544281755179748,1.1122400354080328,CDC25B;PTTG1;KPNB1;KIF22;HUS1;SLC7A5;EFNA5;ILF3;DBF4;HIF1A;NUP98;NSD2;CUL5;FANCC;FOXN3;CUL4A;PLK4;SLC7A1;EWSR1;ODF2;PRC1;BUB3;TFDP1;G3BP1;CDKN1B;SUV39H1;RBL1;RAD23B;TLE3;KIF20B;RAD21;MEIS2;MCM6;MT2A;NOTCH2;TRAIP;CCNT1;INCENP;LMNB1;SLC38A1;PML;NUMA1;ODC1,age_changes_CD56dim_NK_02062026
Angiogenesis,0.27820390444185833,0.3881876974230965,1.1138605566635664,VCAN;FGFR1;TIMP1;S100A4,age_changes_CD56dim_NK_02062026
Hedgehog Signaling,0.2952770510127624,0.35824895817664476,1.0955828407263084,MYH9;VLDLR;PTCH1;OPHN1;TLE3;ETS2;PML;CDK6,age_changes_CD56dim_NK_02062026
KRAS Signaling Up,0.29597033787167076,0.26130024912059335,1.090741633846466,IGFBP3;NAP1L2;TNFRSF1B;PRDM1;PRELID3B;CFH;IL10RA;MAP4K1;CDADC1;KIF5C;KCNN4;PCSK1N;CTSS;CXCR4;TRAF1;CD37;LAPTM5;LCP1;MAFB;ZNF639;G0S2;PDCD1LG2;PLAUR;PPBP;TRIB1;BPGM;RABGAP1L;F13A1;IL7R;CSF2RA;CLEC4A;EPB41L3;AMMECR1;EVI5;ANKH,age_changes_CD56dim_NK_02062026
KRAS Signaling Dn,0.388577444400579,-0.2676340982594307,-1.0771789802505436,TCL1A;NUDT11;MX1;IFI44L;LFNG;ZBTB16;CHST2;PLAG1;RSAD2;SKIL;YPEL1;SPHK2,age_changes_CD56dim_NK_02062026
Apical Surface,0.4144814407319474,0.31131383813637614,1.0296398309461763,GSTM3;EFNA5;FLOT2;CRYBG1;ADIPOR2;CROCC;B4GALT1;HSPB1;PLAUR,age_changes_CD56dim_NK_02062026
Spermatogenesis,0.45311444399405487,0.2664571652741333,1.0089356494830783,GSTM3;TSN;MLF1;PEBP1;NCAPH;PARP2;DBF4;PCSK1N;PRKAR2A;MTOR;COIL;PHF7,age_changes_CD56dim_NK_02062026
UV Response Up,0.5714216851630713,0.2284718283116487,0.9575776491963262,ENO2;PPT1;SOD2;EIF2S3;BCL2L11;RPN1;GGH;CREG1;RHOB;PARP2;YKT6;ASNS;CDKN2B;CYB5R1;SULT1A1;ALDOA;NXF1;TUBA4A;PRKCD;CXCL2;GRINA;AQP3;DNAJB1;IL6ST;DLG4;NUP58;BSG;SELENOW;IGFBP2;RAB27A;CA2;CLCN2,age_changes_CD56dim_NK_02062026
Myc Targets V2,0.6943229372285827,-0.2660648533896163,-0.9473211512285712,PPAN;DCTPP1;BYSL;NOP56;MYC;DDX18;GNL3;NDUFAF4;UNG;NOP16;AIMP2;MRTO4;CDK4;HSPD1;GRWD1;PHB;FARSA;IPO4;HSPE1;TBRG4;SRM,age_changes_CD56dim_NK_02062026
E2F Targets,0.696450489896996,-0.211879935186424,-0.9235099959339217,TP53;PCNA;DCTPP1;HNRNPD;CKS1B;RPA2;RPA3;CBX5;CKS2;DNMT1;JPT1;EIF2S1;CTCF;EZH2;SNRPB;NOP56;MYC;RFC2;PSMC3IP;NASP;NME1;GSPT1;UBE2S;SMC4;RANBP1;BARD1;TUBG1;TIPIN;EXOSC8;AURKA;DONSON;UNG;PNN;LUC7L3;SMC3;TACC3,age_changes_CD56dim_NK_02062026
PI3K/AKT/mTOR  Signaling,0.7708147547628699,0.2235360480540808,0.8722510340578082,RPTOR;HSP90B1;RPS6KA1;PLCG1;CXCR4;PRKAR2A;GSK3B;MKNK1;CALR;MAP3K7;CDKN1B;PTPN11;PDK1;ARF1;PRKCB;CLTC;MYD88;CDKN1A;PAK4;PIKFYVE;IRAK4;PIK3R3;ECSIT;DUSP3;DAPP1;MAP2K3;THEM4;PPP2R1B;RAF1;RIPK1;CAB39L;YWHAB;NOD1;MAPKAP1;ACACA,age_changes_CD56dim_NK_02062026
Pancreas Beta Cells,0.969759178839321,-0.27234401181986023,-0.7243334132358054,SEC11A;SRP9;ELP4,age_changes_CD56dim_NK_02062026
Myc Targets V1,0.0,-0.5237613336605185,-2.0779674439610005,CCT2;IMPDH2;CCT3;CCT5;C1QBP;TXNL4A;LSM2;EIF3J;NOP56;FBL;PSMA7;SET;PCNA;HDGF;PSMA4;EIF3B;HNRNPD;VDAC1;SERBP1;APEX1;NME1;NHP2;TRIM28;PHB;EIF2S2;DDX21;SRM;SLC25A3;CTPS1;NPM1;PSMA2;PA2G4;RSL1D1;HSP90AB1;EIF3D;SMARCC1;PSMD8;PCBP1;HDDC2;VBP1;CCT4;EEF1B2;GNL3;POLD2;MYC;SRSF3;DDX18;CYC1;NCBP2;COPS5;FAM120A;GSPT1;HDAC2;PSMC6;NAP1L1;HSPE1;MRPL23;PRPF31;SSBP1;PSMB3;RACK1;NOP16;LDHA;RPL22;PSMD14;COX5A;PSMC4;ILF2;RPS5;RPS10;HNRNPA2B1;CBX3;EIF1AX;RAD23B;RANBP1;HPRT1;KPNA2;PPIA;HNRNPR;TOMM70;SNRPD3;UBE2E1;SSB;HSPD1;CLNS1A;EIF2S1;ABCE1;PGK1;MCM7;PHB2,age_changes_CD8_CM_02062026
Epithelial Mesenchymal Transition,0.0,0.5460458269829818,2.0604292673068056,IGFBP3;LGALS1;GLIPR1;FAS;ITGB1;TGFBR3;IL32;ENO2;VIM;TIMP1;FLNA;WIPF1;EMP3;VCAN;IGFBP4;CD44;CAPG;IL15;COPA;CALU;SGCB;TGFBI;TPM1;PFN2;ACTA2;SAT1;CXCL8;PPIB;LRP1,age_changes_CD8_CM_02062026
IL-2/STAT5 Signaling,0.0,0.5165422804575824,2.1255995095934073,CST7;BHLHE40;IL10RA;PTGER2;AHNAK;MAP3K8;TNFRSF1B;PRNP;GALM;RORA;HOPX;PHLDA1;ANXA4;SYT11;GABARAPL1;CDC42SE2;KLF6;BATF;AHR;FGL2;NDRG1;EOMES;ALCAM;GPR65;LRRC8C;XBP1;TRAF1;ADAM19;RGS16;LRIG1;CD44;IFNGR1;CAPG;GLIPR2;PHTF2;IL18R1;SLC39A8;CCR4;RABGAP1L;SERPINB6;P4HA1;TNFRSF4;CCND3;PTCH1;PIM1;BCL2;CSF1;SOCS2;GPX4;CISH;SYNGR2;IL2RB;ODC1;BCL2L1;PLIN2;IL2RA;FLT3LG;COL6A1;PLEC,age_changes_CD8_CM_02062026
Coagulation,0.0,0.5934554894493101,2.0546685775528406,ANXA1;CFH;CLU;CAPN2;FYN;CPQ;PLEK;TIMP1;DPP4;ISCU;CTSH;CRIP2;F8;SERPINA1;CTSB;DUSP6;CSRP1;SIRT2;PDGFB,age_changes_CD8_CM_02062026
Apoptosis,0.0,0.5081213782755116,2.063772217638253,ANXA1;HMGB2;CLU;FAS;F2R;CD2;LGALS3;TGFBR3;TSPO;TNF;CASP1;ENO2;TIMP1;PRF1;CFLAR;TXNIP;CASP8;LMNA;CD44;IFNGR1;KRT18;CDKN1A;SLC20A1;FASLG;BTG3;ATF3;BIRC3;SQSTM1;RELA;PEA15;MADD;GPX4;CD69;DPYD;BCL2L1;SAT1;IGFBP6;WEE1;FEZ1;MCL1;RHOT2;PLCB2;RNASEL;SOD1;ETF1;PMAIP1,age_changes_CD8_CM_02062026
Oxidative Phosphorylation,0.0004764379764379765,-0.4639994007017035,-1.8436024615238016,SLC25A5;TIMM13;ATP5F1C;NDUFB2;LDHB;TIMM8B;UQCRC2;UQCRH;FXN;NDUFB3;NDUFB6;COX7B;CYB5A;VDAC1;NDUFS8;ATP5PO;NDUFS6;ATP5MC3;ECH1;NDUFB5;NDUFA7;SLC25A6;ATP5MF;SLC25A3;ATP5F1B;COX6C;COX7A2L;ACAA1;TOMM22;NDUFS2;MRPL34;PDHB;NDUFB1;DLD;ETFB;NDUFC2;NDUFB8;CYC1;ATP5PF;TIMM9;VDAC2;ACADM;SDHD;NDUFA2;ECI1;ATP6V1D;NDUFA9;ATP5MC1;NDUFS7;ATP5F1A;SUCLG1;MDH1;LDHA;MRPL15;SLC25A11;TIMM10;COX5A;FH;MRPS15;TIMM17A;CYCS;HSD17B10;ATP5PB;COX10;MTX2;COX6B1;COX11;NDUFS3;ATP6V0B;MRPS11;ATP5F1E;IDH2;TOMM70;DECR1;TIMM50;IDH3B;BDH2;RHOT1;PHB2;ATP5ME,age_changes_CD8_CM_02062026
Myc Targets V2,0.0007146569646569647,-0.5702001213595117,-1.8844647831598962,NOP56;MRTO4;NDUFAF4;PPAN;PHB;DCTPP1;SRM;NPM1;PA2G4;GNL3;IPO4;EXOSC5;MYC;DDX18;GRWD1;TBRG4;TFB2M;HSPE1;TMEM97;NOP16;BYSL;CBX3,age_changes_CD8_CM_02062026
TNF-alpha Signaling via NF-kB,0.0011656952539550376,0.46215691878674425,1.9262432183478115,CCL4;BHLHE40;CCL5;MAP3K8;TNF;PHLDA1;PLEK;KLF6;SMAD3;CFLAR;GPR183;BCL2A1;MSC;TRAF1;RIPK2;CLCF1;DUSP2;CEBPB;ZFP36;CD44;EGR1;SERPINB8;CDKN1A;B4GALT1;DUSP4;TGIF1;TNIP1;ZC3H12A;BTG3;ATF3;BIRC3;EHD1;SQSTM1;KLF10;DUSP5;RELA;BCL3;FOSL2;TANK;CSF1;PANX1;BTG1;IL15RA;LITAF;B4GALT5;CD69;SLC16A6;TNFSF9;SAT1;PHLDA2;TNFAIP2;IL7R;MCL1,age_changes_CD8_CM_02062026
Complement,0.0012142658895364974,0.46220217408700504,1.8686592750857085,GZMA;GZMK;CFH;CLU;CCL5;LGALS3;CASP1;ANXA5;FYN;CPQ;PLEK;TIMP1;DPP4;GATA3;CTSH;F8;CD40LG;S100A9;SERPINA1;S100A12;CEBPB;HSPA1A;CTSB;DUSP6;HSPA5;CSRP1;CALM3;EHD1;VCPIP1;DUSP5;CBLB;CALM1;PIM1;GNG2;SH2B3;PDGFB;APOBEC3F;GNAI3;RBSN;RAF1;PIK3R5;WAS;FCN1;LTA4H;PSMB9;CTSS;RCE1;LRP1;APOBEC3G;GZMB;RNF4;MT3;PLAUR;PLSCR1;XPNPEP1;CTSC,age_changes_CD8_CM_02062026
Allograft Rejection,0.0012489592006661116,0.44757419083658717,1.8373979781230385,GZMA;STAT4;CCL4;CCL5;FAS;F2R;CD2;IFNG;TNF;CD4;TIMP1;HLA-DMA;PRF1;SRGN;HLA-DQA1;CD74;FLNA;CD3E;CDKN2A;MAP4K1;GPR65;TPD52;IL12RB1;TAPBP;NCF4;CD40LG;RIPK2;IFNGR1;CAPG;CD28;ITGAL;FASLG;IL15;CCR5;ACVR2A;IL18RAP;ITK;BCL3;CCND3;ITGB2;HLA-DMB;NCK1;CSF1;IL2RB;CD8A;HLA-A;DEGS1;APBB1;HLA-E;IL2RA;WAS;CD47;CTSS;FGR;CD40;HCLS1;SPI1;ELF4;GZMB;PTPRC;ZAP70,age_changes_CD8_CM_02062026
Angiogenesis,0.001821398834304746,0.7217363420533656,1.7975199838668856,S100A4;TIMP1;VCAN;FGFR1;LRPAP1,age_changes_CD8_CM_02062026
Myogenesis,0.003238042372097326,0.44657610005678006,1.7265918187194684,IGFBP3;BHLHE40;CLU;SORBS3;ITGB1;PRNP;FHL1;GNAO1;CDKN1A;GABARAPL2;CHRNA1;TPM3;ATP6AP1;SIRT2;PTP4A3;GAA;FXYD1;SYNGR2;LSP1;ACSL1;PDLIM7;SH2B1;CRAT;DAPK2;SVIL;PYGM;MYO1C;MYH9;RB1;BAG1;SPTAN1;FKBP1B;LPIN1,age_changes_CD8_CM_02062026
Interferon Gamma Response,0.009669971993036106,0.38355060312008166,1.6148555475167508,GZMA;STAT4;IL10RA;ZBP1;CFH;CCL5;FAS;SLAMF7;HLA-DRB1;CASP1;HLA-DMA;UPP1;HLA-DQA1;FGL2;SRI;CD74;TXNIP;CASP8;TAPBP;RIPK2;PFKP;ARID5B;CDKN1A;IL18BP;IL15;PIM1;PML;OASL;BTG1;OAS3;IL15RA;FPR1;CD69;AUTS2;IL2RB;TRIM14;HLA-A;APOL6;PTPN1;PSMB9;TNFAIP2;HLA-B;BST2,age_changes_CD8_CM_02062026
Inflammatory Response,0.010199833472106578,0.4064606893576008,1.61858757785126,IL10RA;PTGER2;CCL5;TNFRSF1B;CD82;TIMP1;KLF6;AHR;SRI;CD70;SLC4A4;KCNA3;GPR183;TAPBP;EMP3;RGS16;RIPK2;CDKN1A;IL15;IL18R1;BEST1;SELENOS;ACVR2A;IL18RAP;RELA;CSF3R;CSF1;IL15RA;GNAI3;FPR1;CD69;IL2RB;RAF1;TNFSF9;PIK3R5;CXCL8;BST2;IL7R;CD40;CXCR6;SLAMF1;CYBB;PLAUR;GNA15;IRAK2;CD48;IL1B;LY6E;LCP2,age_changes_CD8_CM_02062026
KRAS Signaling Up,0.013478351373855122,0.3952518449993078,1.5827855007862979,PRDM1;IGFBP3;IL10RA;CFH;NAP1L2;TNFRSF1B;ADAM8;PCSK1N;MAP4K1;WNT7A;TRAF1;RGS16;CD37;LCP1;DUSP6;ACE;BIRC3;WDR33;RABGAP1L;CAB39L;ITGB2;AMMECR1;GALNT3;KIF5C;PPBP;IL7R;CTSS;ERO1A;PLAUR;FLT4;CDADC1;CCSER2;PRELID3B;LAPTM5;IL1B;G0S2;ADAM17;GNG11,age_changes_CD8_CM_02062026
Hypoxia,0.014795362838660089,0.3947917814778222,1.5697998486573392,S100A4;IGFBP3;ANXA2;BHLHE40;GAPDH;RORA;ENO2;KLF6;NDRG1;PAM;IDS;TPD52;MT1E;PFKP;MXI1;ZFP36;CDKN1A;DDIT4;HSPA5;SLC6A6;CITED2;ATF3;PFKL;JMJD6;P4HA1;FOSL2;TGFBI;ERRFI1;PIM1;BCL2;PDGFB;BTG1;GAA;FAM162A;PLIN2;ALDOA;SLC25A1,age_changes_CD8_CM_02062026
p53 Pathway,0.01498751040799334,0.3739686668320053,1.559935370983458,S100A4;FAS;S100A10;F2R;PERP;CGRRF1;CD82;CASP1;KIF13B;UPP1;SESN1;STOM;DDB2;NDRG1;CDKN2A;ISCU;TXNIP;SEC61A1;RGS16;RPS27L;CCNG1;CDKN1A;DDIT4;ATF3;HINT1;RHBDF2;CCND3;ZBTB16;BTG1;TNFSF9;FAM162A;PLK3;SAT1;ZNF365,age_changes_CD8_CM_02062026
UV Response Dn,0.029725228975853456,0.38698977803604157,1.4780263251721593,ANXA2;BHLHE40;INPP4B;TGFBR3;FYN;ANXA4;ATXN1;SFMBT1;SMAD3;SRI;SYNE1;MT1E;ATP2B4;CITED2;SCAF8;ACVR2A;ATRX,age_changes_CD8_CM_02062026
IL-6/JAK/STAT3 Signaling,0.052627712200617134,0.3921960020433732,1.3882875191089046,FAS;MAP3K8;TNF;TNFRSF1B;IL12RB1;CD44;IFNGR1;IL18R1;PIM1;CSF3R;CSF1;IL15RA;PIK3R5;IL2RA;PTPN1,age_changes_CD8_CM_02062026
Protein Secretion,0.05391340549542049,0.3669250597146769,1.3934064169869287,TMED10;CD63;PAM;TMED2;TPD52;STX12;AP3S1;ANP32E;ARF1;KRT18;ATP1A1;YIPF6;RAB9A;RAB2A;VAMP4;GBF1;SEC24D;RAB14;MON2;SNX2;AP2B1;GALC;SOD1,age_changes_CD8_CM_02062026
Wnt-beta Catenin Signaling,0.06378313409563409,-0.5084809461630608,-1.492254438624495,LEF1;TCF7;TP53;MYC;HDAC2;KAT2A;FRAT1;AXIN1;PPARD;MAML1;DLL1,age_changes_CD8_CM_02062026
TGF-beta Signaling,0.09490644490644491,-0.43920294594613535,-1.428331816345221,ID3;NOG;FURIN;FKBP1A;SKIL;SPTBN1;PMEPA1;CDK9;BMPR2;HIPK2;IFNGR2;SMURF2;HDAC1;PPM1A;FNTA;TRIM33;SKI;TGFBR1,age_changes_CD8_CM_02062026
G2-M Checkpoint,0.10398258835758836,-0.3581779646934075,-1.400129228648075,SMC4;NASP;RBM14;CKS2;HNRNPD;MAPK14;SMARCC1;MCM3;STMN1;SMC1A;MYC;MTF2;UBE2S;SQLE;CUL3;SLC12A2;GSPT1;UPF1;E2F4;CTCF;DDX39A;PAFAH1B1;PRMT5;LBR;TNPO2;ORC5;TACC3;HMGN2;CASP8AP2;SFPQ;PRPF4B;LIG3;TOP1;HMGA1;SS18;RAD23B;CHMP1A;KPNA2;CKS1B;CBX1;RPA2;TMPO;LMNB1;SMC2;WRN,age_changes_CD8_CM_02062026
Reactive Oxygen Species Pathway,0.10798871310944583,0.3879119397216703,1.2875226842222376,PRNP;TXN;PRDX4;PFKP;PRDX2;SELENOS;FTL;GPX4;LSP1;PRDX6;PTPA;SOD1,age_changes_CD8_CM_02062026
Hedgehog Signaling,0.11948376353039133,0.4541609743553767,1.2590214390795162,ADGRG1;DPYSL2;PTCH1;PML;NF1;MYH9,age_changes_CD8_CM_02062026
Unfolded Protein Response,0.12186116832464174,0.3248614915321324,1.263118415260535,HERPUD1;ERN1;NABP1;XBP1;HSP90B1;DNAJB9;PDIA6;CEBPB;DDIT4;HSPA5;DCTN1;ATF3;SLC7A5;DCP1A;POP4;EEF2;EXOC2;EXOSC10;SSR1;SPCS1;HYOU1;ERO1A;EXOSC9;CXXC1;SERP1;SDAD1;YWHAZ,age_changes_CD8_CM_02062026
Estrogen Response Late,0.12288370802109354,0.31422982142711153,1.248326017833448,PERP;DYNLT3;BATF;CHPT1;XBP1;ATP2B4;TJP3;DNAJC1;IGFBP4;S100A9;SERPINA1;DUSP2;ZFP36;CD44;LSR;AFF1;FKBP5;BTG3;SLC7A5;BCL2;ELOVL5;CISH,age_changes_CD8_CM_02062026
E2F Targets,0.15385543510543512,-0.3401499526454393,-1.3347267639415035,SMC4;NOP56;NASP;PCNA;CKS2;MSH2;HNRNPD;PNN;NME1;SNRPB;PAICS;DCTPP1;CTPS1;DCK;PA2G4;MCM3;TP53;STMN1;SMC1A;POLD2;MYC;UBE2S;TBRG4;GSPT1;ING3;NAP1L1;CTCF;DDX39A;LBR;PMS2;AK2;TACC3;PRKDC;HMGA1;RFC3;IPO7;TUBB;SMC3;RANBP1;TFRC;KPNA2;CKS1B;RPA2;TMPO;LMNB1;EXOSC8;EIF2S1;MCM7;CBX5,age_changes_CD8_CM_02062026
Cholesterol Homeostasis,0.24737907804102643,0.3205731872651477,1.139238917808967,CLU;LGALS3;ANTXR2;ANXA5;S100A11;ALCAM;ABCA2;ATF3;CPEB2;ERRFI1;CXCL16;GUSB;LSS;ACSS2,age_changes_CD8_CM_02062026
UV Response Up,0.3483059381496882,-0.3286491193390337,-1.214858798687648,FURIN;RASGRP1;KLHDC3;FKBP4;DDX21;RXRB;MARK2;POLR2H;CDC5L;ACAA1;PRKACA;IL6ST;AGO2;BID;AP2S1;CDC34;PPAT;WIZ;CNP;SULT1A1;CHKA;IRF1;MRPL23;EPHX1;STIP1;CASP3;NUP58;GLS;TFRC;DNAJA1;PLCL1;NR4A1;PARP2;RHOB,age_changes_CD8_CM_02062026
Notch Signaling,0.4082120582120582,-0.4267387313801992,-1.1598295884094099,LFNG;MAML2;PRKCA;RBX1;KAT2A;ARRB1;PPARD;HES1;DLL1,age_changes_CD8_CM_02062026
heme Metabolism,0.40880932556203164,0.26125871689302016,1.035648392741236,TENT5C;RNF19A;OPTN;ARL2BP;MGST3;LRP10;CIR1;MXI1;FBXO9;CAST;GDE1;CTSB;PRDX2;HTATIP2;ADIPOR1;SYNJ1;DMTN;TSPAN5;HAGH;CCND3;BLVRA;BSG;KAT2B;KHNYN;TRAK2;FBXO7;FN3K;ENDOD1;ERMAP;SIDT2;DCAF10,age_changes_CD8_CM_02062026
Interferon Alpha Response,0.4148186648186648,-0.3268398917911619,-1.1737457696534048,SELL;ISG15;LGALS3BP;IRF7;PSME2;IRF9;SP110;IFI44L;EPSTI1;SLC25A28;UBE2L6;CNP;IRF1;USP18;SAMD9;MX1;IRF2;GBP2;PARP9;ISG20;NMI;PSMB8;SAMD9L;PNPT1;RTP4,age_changes_CD8_CM_02062026
PI3K/AKT/mTOR  Signaling,0.4154836928274428,-0.298742892087595,-1.07892363392907,ARPC3;LCK;PTEN;IL2RG;HRAS;TIAM1;MKNK2;SMAD2;CAMK4;PDK1;AKT1;MAP2K6;RPS6KA3;TSC2;PRKAG1;GRK2;DDIT3;PIK3R3;CAB39;RALB;ACTR3;PLA2G12A;RIT1;AP2M1;ACTR2;CSNK2B;TNFRSF1A,age_changes_CD8_CM_02062026
Fatty Acid Metabolism,0.4252359145156814,0.26281818113605043,1.0358172610856153,LGALS1;S100A10;PCBD1;GLUL;ENO2;GABARAPL1;LTC4S;ACSL5;HSD17B11;SMS;CBR3;RAP1GDS1;ERP29;BLVRA;ELOVL5;ACADVL;SERINC1;ODC1;ACSL1;PRDX6;ALDOA;CRAT,age_changes_CD8_CM_02062026
KRAS Signaling Dn,0.43784650034650036,-0.3052288287979901,-1.0814471496664695,CHST2;LYPD3;LFNG;IFI44L;CCDC106;SKIL;SGK1;PLAG1;STAG3;SNN;SPHK2;MX1;GAMT;PDE6B;MAST3;TCL1A;SLC16A7;SLC25A23,age_changes_CD8_CM_02062026
Glycolysis,0.4391630163269739,0.2592927731867682,1.0376118097217606,IGFBP3;ENO2;TXN;PAM;PFKP;VCAN;MXI1;CD44;B4GALT1;DDIT4;PKM;HSPA5;CITED2;P4HA1;CHST12;GFPT1;TGFBI;PGAM1;CHPF2;FAM162A;GUSB;ALDOA;GMPPB;AK3;ERO1A;GOT2;SOD1;HDLBP;GNE,age_changes_CD8_CM_02062026
Apical Junction,0.44150486337986333,-0.29022854490305355,-1.0922817437625871,ACTN1;LDLRAP1;ACTG1;FYB1;EVL;ARPC2;MAPK14;PTEN;PBX2;HRAS;RAC2;CLDN7;AMIGO1;PKD1;TSPAN4;GNAI2;INPPL1;EXOC4;AKT2;PIK3R3;GAMT,age_changes_CD8_CM_02062026
Pperoxisome,0.4436070686070686,-0.3201263057914458,-1.1322215880931648,CLN8;RDH11;MSH2;ECH1;HRAS;CTPS1;SMARCC1;ACAA1;PRDX5;CAT;EPHX2;CTBP1;SIAH1;SLC25A19;MLYCD;PEX6,age_changes_CD8_CM_02062026
mTORC1 Signaling,0.44993611399861405,-0.28235226235650857,-1.1156864986950974,PHGDH;ENO1;RDH11;PPA1;CORO1A;PSMA4;PSMD13;CD9;EIF2S2;MTHFD2L;PNO1;TM7SF2;SLC2A3;HMBS;EEF1E1;GLRX;SQLE;ABCF2;PSMG1;PDK1;COPS5;PSMC6;HSPE1;NMT1;DDX39A;ATP6V1D;SDF2L1;STIP1;TMEM97;ATP5MC1;DDIT3;PIK3R3;LDHA;PSMD14;PITPNB;SC5D;TOMM40;SEC11A;PSMC4;HMGCS1;PGM1;ACTR3;MLLT11;TFRC;LGMN;HPRT1;RIT1;PPIA;SHMT2;CCT6A;ADD3;ACTR2;NFYC;HSPD1;PGK1;TES;HSPA4;CYB5B,age_changes_CD8_CM_02062026
DNA Repair,0.4628228450343835,-0.2860603332956324,-1.0967692485212133,GTF2H5;IMPDH2;PCNA;POLR2G;NME1;POLR2H;ITPA;SRSF6;TP53;REV3L;RALA;ALYREF;POLR1C;APRT;RBX1;NELFCD;NCBP2;VPS37B;TAF10;PDE6G;MPC2;RAE1;NT5C;NELFB;POLR1D;ERCC1;DGCR8;RFC3;PRIM1;ELOA;HPRT1;ADA;ERCC2;TAF12,age_changes_CD8_CM_02062026
Apical Surface,0.4837635303913405,0.33314601021060125,0.9982075422388774,GATA3;CRYBG1;GSTM3;B4GALT1;IL2RB;FLOT2;MDGA1;CROCC,age_changes_CD8_CM_02062026
Xenobiotic Metabolism,0.5078954207243681,-0.27319791808478794,-1.0074811555682932,SPINT2;CYB5A;ECH1;CSAD;AHCY;DDT;CAT;DDAH2;GSTO1;CNDP2;SLC35D1;PGD;NMT1;EPHX1;TMEM97;UGDH;GART;MCCC2;DHPS;TKFC;AP4B1;TPST1;GCNT2;HPRT1;DCXR;PPARD;SHMT2;COMT;LONP1;SERTAD1;PYCR1,age_changes_CD8_CM_02062026
Androgen Response,0.5232970527088174,-0.2889632378560614,-1.0240653195930904,ACTN1;HPGD;TNFAIP8;ELK4;DBI;PA2G4;NGLY1;ZMIZ1;SGK1;ZBTB10;SRF;AKT1;PMEPA1;RPS6KA3;VAPA,age_changes_CD8_CM_02062026
Estrogen Response Early,0.5309504215754215,-0.265129318506936,-1.0094534182189403,RETREG1;ABLIM1;FAM102A;IGF1R;FLNB;RASGRP1;UNC119;KDM4B;FKBP4;MYB;TIAM1;NRIP1;IL6ST;RARA;MYC;CLDN7;SEC14L2;BCL11B,age_changes_CD8_CM_02062026
Adipogenesis,0.623216606029106,-0.2433871876340175,-0.949439254206194,CCNG2;TKT;COX7B;ATP5PO;DNAJC15;ECH1;HIBCH;ESYT1;STAT5A;DDT;CAT;GADD45A;DLD;EPHX2;ETFB;CYC1;G3BP2;ACADS;ACADM;VEGFB;SLC27A1;SULT1A1;UCP2;NMT1;AK2;MTCH2;SUCLG1;MRPL15;PPP1R15B;MIGA2;DRAM2;PGM1;ABCB8;SLC5A6;NDUFS3;DHRS7B;ARL4A;COQ3,age_changes_CD8_CM_02062026
Bile Acid Metabolism,0.6885697104264965,0.24760753564057153,0.9143282444557264,ATXN1;OPTN;GSTK1;ACSL5;ABCA2;PAOX;NPC1;HSD17B11;NR3C2,age_changes_CD8_CM_02062026
Mitotic Spindle,0.7162904662904662,-0.2293718015482365,-0.8994469584569668,SMC4;UXT;FLNB;CAPZB;PCNT;EPB41;RALBP1;CDC42;TIAM1;MYO9B;RASA2;RAPGEF6;SMC1A;SPTBN1;RICTOR;ARHGAP10;TLK1;PAFAH1B1;CEP57;SSH2;RAB3GAP1;BIN1;CD2AP;NCK2;MARK4;PCM1;ARL8A;SMC3;MAPRE1;PPP4R2;NET1;LMNB1;NIN;CYTH2;RABGAP1;WASF2;DLG1;ARHGEF2;HDAC6;BCR;BCL2L11;RANBP9;YWHAE;STK38L;ARFGEF1;CEP250;KIFAP3;ABL1;MYO1E;EPB41L2;GEMIN4;CNTRL;ROCK1,age_changes_CD8_CM_02062026
Spermatogenesis,0.7617089925062448,0.23844038686150806,0.8742973766049869,PCSK1N;GSTM3;PHKG2;TSN;GFI1;ACE;MLF1;DBF4;IL12RB2,age_changes_CD8_CM_02062026
Pancreas Beta Cells,0.9343814968814969,-0.30711268429785116,-0.7564952665207928,FOXO1;ELP4;SRPRB;SEC11A;SRP9,age_changes_CD8_CM_02062026
Epithelial Mesenchymal Transition,0.0009944920440636473,0.3743321719146899,2.004785575195238,IGFBP3;LGALS1;IL15;TIMP1;VIM;VCAM1;ENO2;FAS;SGCB;WIPF1;COL6A2;FLNA;VCAN;TGFBR3;PLOD3;QSOX1;EMP3;GLIPR1;CADM1;LRP1;IL32;PPIB;CXCL8;CD44;NOTCH2;SAT1;ACTA2;BMP1,age_changes_CD8_GZMK_02062026
Coagulation,0.0013259893920848631,0.41217975067992674,2.0346889614522508,CFH;CLU;TIMP1;CAPN2;CTSH;ANXA1;FYN;F8;ISCU;CPQ;CSRP1;LRP1;SERPINA1;CFD;PLEK;SIRT2;BMP1;USP11;PDGFB,age_changes_CD8_GZMK_02062026
Apoptosis,0.0019889840881272946,0.3783790704841394,2.082865034645347,CLU;F2R;TIMP1;HMGB2;TSPO;ENO2;TXNIP;ANXA1;FAS;CASP1;IFNGR1;CD2;TGFBR3;ATF3;TNF;PDCD4;PEA15;FEZ1;SQSTM1;CD44;BCAP31;SAT1;LMNA;BTG3;LGALS3;ETF1;MADD;RELA;PRF1;PLCB2;BCL2L1;RETSAT;RHOB;DPYD;CFLAR;DNAJC3;IGFBP6;SOD2;BIRC3;CDC25B,age_changes_CD8_GZMK_02062026
Complement,0.002386780905752754,0.35912093465691725,1.9612643173814748,CFH;CLU;TIMP1;GZMA;CTSH;GZMK;FYN;CASP1;SPOCK2;HSPA5;CBLB;CTSS;S100A9;LIPA;F8;RBSN;FCN1;CCL5;VCPIP1;GNG2;CPQ;CSRP1;S100A12;LRP1;SERPINA1;CALM3;GCA;CALM1;GMFB;PLEK;CEBPB;GATA3;LGALS3;PDGFB;XPNPEP1;ANXA5;ZEB1;RCE1;USP14;DPP4;PRKCD;EHD1,age_changes_CD8_GZMK_02062026
Allograft Rejection,0.003977968176254589,0.38131544410379875,2.111072037714981,F2R;STAT4;CDKN2A;CCL4;IL15;TIMP1;GZMA;HLA-DMA;FAS;GPR65;HLA-DQA1;IFNGR1;TAPBP;CD8A;TPD52;CD3E;CD74;CTSS;CD2;FLNA;RIPK2;CSF1;CD8B;SRGN;HLA-DRA;CCL5;MAP4K1;TNF;HLA-DMB;TLR3;HLA-E;HCLS1;NCF4;ITGB2;IL12RB1;HDAC9;PRF1;IL12A;SOCS5;CD40;ITGAL;IFNG;CCND3;CCR1;WAS,age_changes_CD8_GZMK_02062026
TGF-beta Signaling,0.005245720596355604,-0.4969873014155789,-1.7794097212539437,ID3;NOG;PMEPA1;FURIN;SMURF2;TRIM33;HIPK2;LTBP2;SMAD1;SMURF1;XIAP;FKBP1A;CDK9;CDH1;ACVR1;SPTBN1,age_changes_CD8_GZMK_02062026
Wnt-beta Catenin Signaling,0.009387078961899503,-0.5218840070202616,-1.7953617479103572,LEF1;TCF7;TP53;MYC;DLL1;NOTCH1;KAT2A;RBPJ;GNAI1;AXIN2;AXIN1;FRAT1;MAML1;NKD1;HDAC2;HEY1;JAG2,age_changes_CD8_GZMK_02062026
p53 Pathway,0.011270909832721337,0.32138145148183983,1.7808349380447765,F2R;CDKN2A;RPS27L;CGRRF1;TXNIP;FAS;PERP;CASP1;DDB2;STOM;S100A4;RB1;SEC61A1;S100A10;ISCU;AEN;ATF3;ZNF365;DRAM1;NDRG1;CCNG1;DDIT4;RAP2B;SAT1;BTG1;UPP1;CCNK;KIF13B;PMM1;SESN1;MDM2;RETSAT;DNTTIP2;WRAP73;ANKRA2;RPL36;CYFIP2;CCND3;FAM162A;XPC;MXD1;CD82;RPL18;PVT1;TSPYL2;BAX;PPM1D;RAD51C;PRKAB1;SERTAD3;SLC3A2;TNFSF9;PLK3,age_changes_CD8_GZMK_02062026
Interferon Gamma Response,0.013701890384876922,0.2993912835182898,1.705720149862386,CFH;ZBP1;STAT4;IL15;VCAM1;GZMA;HLA-DRB1;TXNIP;IL18BP;HLA-DMA;FAS;CASP1;HLA-DQA1;TAPBP;SRI;CD74;IL10RA;RIPK2;ADAR;CCL5;FGL2;PDE4B;STAT3;BPGM;SLAMF7;PFKP;CIITA;BTG1;UPP1,age_changes_CD8_GZMK_02062026
Protein Secretion,0.013922888616891062,0.34771973681122537,1.733420568068415,TMED10;ARF1;AP2B1;TPD52;TMED2;ATP1A1;CD63;ANP32E;RAB9A;GALC;NAPA;AP3B1;YKT6;PAM;AP3S1;RAB14;MON2;RAB5A;SEC31A;SEC24D;CTSC;RAB2A,age_changes_CD8_GZMK_02062026
TNF-alpha Signaling via NF-kB,0.013922888616891064,0.29261889335928787,1.6606963835248487,CCL4;MAP3K8;RIPK2;BHLHE40;CSF1;CCL5;LITAF;SERPINB8;ATF3;MSC;TNF;PNRC1;DRAM1;PDE4B;B4GALT1;PDLIM5;SQSTM1;PANX1;TNIP1;PLEK;IL7R;CD44;CEBPB;SAT1;TUBB2A;BTG1;BTG3;PHLDA1;CLCF1;PER1;SMAD3;DUSP2;ZC3H12A;RELA;KLF6;G0S2;RHOB;BCL2A1;EHD1;ZFP36;CFLAR;FOSL2;TANK;MXD1;SOD2;BIRC3;TNIP2;EIF1;BCL6;TRAF1;DUSP1,age_changes_CD8_GZMK_02062026
IL-2/STAT5 Signaling,0.014103705352175365,0.30096667081604384,1.6499620051328645,PRNP;CST7;IL18R1;AHNAK;GABARAPL1;MAP3K8;SERPINB6;GPR65;IFNGR1;CDC42SE2;PTGER2;IL10RA;BHLHE40;CSF1;SYT11;EOMES;FAH;FGL2;BCL2;TNFRSF1B;ANXA4;NDRG1;CCR4;SLC39A8;PHTF2;PTCH1;CD44;NFKBIZ;PHLDA1;PRKCH;PLIN2;CD48;BCL2L1;KLF6;RABGAP1L;SYNGR2;DHRS3;GALM;ODC1;PLEC;RHOB;RNH1;AHR;CCND3;TWSG1;ABCB1;RORA;HOPX;MXD1;P4HA1;MYO1C;LRIG1;GLIPR2;GPX4;TRAF1;CAPG,age_changes_CD8_GZMK_02062026
Unfolded Protein Response,0.01420702920090925,0.3348442662575824,1.7430174546513213,HERPUD1;YWHAZ;HSPA5;HSP90B1;SPCS1;ERN1;SRPRA;ATF3;CALR;DCP1A;EEF2;DDIT4;PDIA6;DCTN1;HYOU1;CEBPB;TUBB2A;XPOT;MTREX;POP4;EXOSC10;DNAJB9;EXOC2;HSPA9;EIF4G1;SEC31A;DKC1;DNAJC3;WIPI1,age_changes_CD8_GZMK_02062026
Fatty Acid Metabolism,0.01988984088127295,0.2941722729713579,1.6056428896342958,LGALS1;GLUL;ENO2;GABARAPL1;S100A10;RAP1GDS1;SERINC1;ADIPOR2;ACSM3;LTC4S;ACO2;SLC22A5;PTS;MIF;ERP29;DLST;ALDOA;ELOVL5;ACADVL;ACSL1;ACSL5;PRDX6;G0S2;RETSAT;SDHA;NCAPH2;BLVRA;SUCLG2;ODC1,age_changes_CD8_GZMK_02062026
KRAS Signaling Dn,0.03883673845021167,-0.39389306410448593,-1.5945606928825469,CHST2;LYPD3;PLAG1;CCDC106;LFNG;TCL1A;SNN;ZBTB16;IFI44L;BARD1;PDCD1;EDAR;NUDT11;SLC5A5;OXT;COPZ2;RSAD2;EFHD1;CACNA1F;IGFBP2;SGK1;SPHK2;RYR1;TGM1;PDE6B;ITGB1BP2;MYO15A;CD40LG;ENTPD7;FGF22;GPRC5C;MYOT;PNMT;SKIL,age_changes_CD8_GZMK_02062026
Reactive Oxygen Species Pathway,0.04190126478988168,0.32211348654281013,1.4475895980138351,PRNP;TXN;LSP1;MSRA;FTL;PRDX4;PFKP;PDLIM1;PRDX6;SOD2;SELENOS;GPX4;G6PD;GCLM;PTPA;SCAF4,age_changes_CD8_GZMK_02062026
Inflammatory Response,0.04262108760272775,0.26767900701944297,1.4583209978021066,SLC4A4;IL15;TIMP1;IL18R1;CD70;TAPBP;SRI;PTGER2;IL10RA;RIPK2;CSF1;CCL5;C5AR1;EMP3;TNFRSF1B;PDE4B;TLR3;KCNA3;NOD2;CXCL8;IL7R;BEST1;CSF3R;FPR1;RELA;CD48;KLF6;IFITM1;CD40;CXCR6;AHR,age_changes_CD8_GZMK_02062026
Hypoxia,0.04589963280293757,0.26478888758770996,1.459389676189105,IGFBP3;ENO2;ANXA2;TPD52;HSPA5;IDS;S100A4;BHLHE40;ATF3;BCL2;PNRC1;GPI;NDRG1;MYH9;DDIT4;MXI1;GAPDH;VHL;PFKP;MIF;BTG1;ALDOA;WSB1;PLIN2;PDGFB;XPNPEP1;KLF6;PAM;TGFBI;CXCR4;ZFP36;ERRFI1;FOSL2;RORA;FAM162A;NR3C1,age_changes_CD8_GZMK_02062026
Interferon Alpha Response,0.060739922694643844,-0.3738897546504141,-1.5169147555053355,SELL;ISG15;LGALS3BP;IRF7;IRF9;USP18;NMI;GBP2;EPSTI1;IFI44L;CNP;PLSCR1;PROCR;SAMD9L;OAS1;SP110;PARP14;RSAD2;RTP4;IFI27;SLC25A28;MVB12A;IFI35;IL4R,age_changes_CD8_GZMK_02062026
Adipogenesis,0.06464198286413708,0.24801968021583254,1.3751673534112938,MGST3;NDUFA5;IFNGR1;DHRS7;STOM;DHCR7;G3BP2;BCL2L13;CD151;BAZ2A;RAB34;COX8A;GPAT4;RNF11;FAH;SLC5A6;PDCD4;UBC;ADIPOR2;CMPK1;LTC4S;ACO2;RIOK3;ALDOA;NDUFB7;PLIN2;RETSAT;DNAJB9;GPHN;CDKN2C;TANK;SCP2;MDH2;GRPEL1;RMDN3;UQCRC1;CD36;GPX4;BCL6;CD302;BCKDHA;UQCR11,age_changes_CD8_GZMK_02062026
Myogenesis,0.0728596276492946,0.24702718809370786,1.3304551986873445,IGFBP3;CLU;PRNP;SORBS3;GNAO1;TPM3;COL6A2;BHLHE40;RB1;LSP1;FHL1;MYH9;AGL;SH2B1;CFD;SIRT2;DMPK,age_changes_CD8_GZMK_02062026
IL-6/JAK/STAT3 Signaling,0.07690738474092207,0.28034996538291623,1.3307355863991317,IL18R1;MAP3K8;FAS;IFNGR1;CSF1;TNF;TNFRSF1B;STAT3;CD44;CSF3R;IL12RB1;PTPN1;CCR1;MYD88;LEPR;CD36;ITGA4,age_changes_CD8_GZMK_02062026
KRAS Signaling Up,0.07862337101303189,0.24688933870049312,1.3353083721120251,IGFBP3;CFH;PRDM1;NAP1L2;PCSK1N;CTSS;IL10RA;CDADC1;CD37;MAP4K1;LCP1;TNFRSF1B;BPGM;IL7R;GALNT3;ITGB2;HDAC9;PRELID3B;LAPTM5;G0S2;RABGAP1L;CXCR4;ADAM8;CAB39L;ABCB1;PECAM1;PPBP,age_changes_CD8_GZMK_02062026
heme Metabolism,0.12848837209302325,0.23195012667311773,1.245921887778053,MGST3;FBXO7;ARL2BP;GDE1;TENT5C;CAST;MKRN1;OPTN;ISCA1;BPGM;MXI1;BSG;CIR1;DMTN;RIOK3;NFE2L1;HTATIP2;RAD23A;SLC10A3;ADIPOR1;ELL2;VEZF1;CDC27;BLVRA;ENDOD1;RNF19A;CCND3;SLC25A37;NUDT4;TMEM9B;TCEA1;NR3C1;NEK7;KHNYN,age_changes_CD8_GZMK_02062026
Androgen Response,0.14718482252141982,0.2485735020579814,1.2213366291817025,MAF;INPP4B;TPD52;UBE2J1;CDC14B;FKBP5;NDRG1;B4GALT1;PDLIM5;XRCC6;SAT1;ELOVL5;ELL2;GPD1L;DNAJB9;ABHD2;CCND3;SEC24D;UAP1;INSIG1;ABCC4;CDK6,age_changes_CD8_GZMK_02062026
Myc Targets V2,0.16134732192159026,-0.3758409743846207,-1.3988723068239224,MYC;PPAN;IPO4;HK2;BYSL;NOP56;DCTPP1;HSPD1;SLC19A1;SRM;SORD;EXOSC5;TBRG4;MRTO4;NDUFAF4;AIMP2,age_changes_CD8_GZMK_02062026
Estrogen Response Early,0.17375299098104177,-0.3215479081987642,-1.368612433481608,TIAM1;FAM102A;NBL1;CLIC3;RETREG1;MYC;IGF1R;MYB;CLDN7;BCL11B;RBBP8;FLNB;HES1;IL6ST;DEPTOR;ABAT;ABLIM1;NRIP1;MED13L;AQP3;FHL2;OPN3;WWC1;KLF4;KCNK5;ZNF185;RASGRP1;MINDY1;PDZK1;AKAP1;KDM4B;MAST4;FARP1;TGIF2;FKBP4;MPPED2;CELSR1;EGR3;FCMR,age_changes_CD8_GZMK_02062026
Angiogenesis,0.20450372760654278,0.32599756296065546,1.1625744440886512,TIMP1;S100A4;VCAN;LRPAP1,age_changes_CD8_GZMK_02062026
G2-M Checkpoint,0.2449475427940364,-0.28791697911991865,-1.2645467445902976,CKS2;SMC4;MTF2;MYC;STMN1;EZH2;CENPF;CKS1B;MKI67;RBM14;CUL3;BARD1;MAPK14;NASP;BIRC5;CDC20;CTCF;AURKB;TACC3;SQLE;TROAP;UBE2C;NUSAP1;HNRNPD;TFDP1;STIL;HMMR;CASP8AP2;CCNB2;KMT5A;HMGB3;KIF23;BUB1;SLC12A2;NEK2;CDK1;HMGA1;TPX2;E2F1;RPA2,age_changes_CD8_GZMK_02062026
Oxidative Phosphorylation,0.2665807718264924,-0.2864715827022053,-1.2672018706955333,TIMM13;TIMM8B;ETFB;ATP5F1C;NDUFB5;SLC25A5;LDHB;FXN;NDUFA7;PDHB;UQCRC2;NDUFS2;ECH1;NDUFB3;CYB5A;ATP6V1D;TIMM10;FH;MDH1;SDHD;PDP1;VDAC1;NDUFA8;ATP5PO;IDH3A;MTX2;NDUFB8;ATP5MC3;SLC25A11;MRPS11;NDUFA2;DECR1;SLC25A3;MRPL15;MRPS12;ATP5PF;MRPL35;BDH2;NDUFA9;COX15;NDUFC2;NDUFS6;NDUFB2,age_changes_CD8_GZMK_02062026
Notch Signaling,0.27781612368856984,-0.4016980422475842,-1.2770069457034785,LFNG;PRKCA;DLL1;HES1;NOTCH1;MAML2;KAT2A;DTX1;RBX1,age_changes_CD8_GZMK_02062026
Glycolysis,0.3007689851524666,0.20225003535529745,1.0952958675991418,IGFBP3;ENO2;TXN;HSPA5;VCAN;QSOX1;B4GALT1;DDIT4;AGL;MXI1;PRPS1;PFKP;CD44;MIF;ECD;ALDOA;MPI;PKM;PAM;GNE;ARPP19;TGFBI;CXCR4;GUSB;PPIA;PGAM1;CHPF2;FAM162A;MDH2;P4HA1;G6PD;KIF2A;PHKA2,age_changes_CD8_GZMK_02062026
Apical Surface,0.30488285872051746,-0.39216606951844035,-1.2822946936360704,LYPD3;MAL;SULF2;APP;IL2RG;ATP8B1,age_changes_CD8_GZMK_02062026
E2F Targets,0.43531951207268715,-0.2661062929269527,-1.1709667539760227,CKS2;SMC4;TP53;PAICS;MYC;STMN1;EZH2;CKS1B;MKI67;NME1;NOP56;BARD1;NASP;BIRC5;CDC20;PCNA;CTCF;AURKB;UBE2T;TACC3;DCTPP1;RRM2;HNRNPD;HMMR;CCNB2;CBX5;RPA3;DONSON;LUC7L3;HMGB3;BUB1B;TBRG4;CDK1;HMGA1;HELLS;DCK;RPA2;CHEK2;CENPM,age_changes_CD8_GZMK_02062026
UV Response Dn,0.4986195472114854,-0.27000749364372534,-1.1197720718527284,DAB2;DBP;PRKCA;MRPS31;MYC;IGF1R;PTEN;NFKB1;FBLN5;SPOP;MAPK14;MGLL;GRK5;CACNA1A;IRS1,age_changes_CD8_GZMK_02062026
Estrogen Response Late,0.5061660224553653,-0.26613085802054526,-1.1306254142966574,TIAM1;FAM102A;ETFB;NBL1;CLIC3;CD9;MYB;RBBP8;FLNB;CDC20;IL6ST;RABEP1;NRIP1;MEST;OPN3;STIL;KLF4;KCNK5;HOMER2;NAB2;PDZK1;HSPA4L;SORD;CDH1;FARP1;SGK1;FKBP4;MAPK13;TST;PRKAR2B;EGR3,age_changes_CD8_GZMK_02062026
Spermatogenesis,0.5975782913938629,-0.27181357499193537,-1.0704262551537687,POMC;EZH2;CAMK4;AGFG1;IP6K1;MAP7;CSNK2A2;CHFR;CCNB2;TLE4;PCSK4;PIAS2;HSPA4L;NEFH;BUB1;SLC12A2;NEK2;CDK1;ACRBP,age_changes_CD8_GZMK_02062026
Myc Targets V1,0.6224185532854777,-0.23566848481294678,-1.0480278788669048,PSMA4;MYC;PSMA1;YWHAE;TYMS;PSMA7;NME1;NOP56;EIF3J;LSM2;TRIM28;FAM120A;CDC20;PCNA;PSMA2;IMPDH2;HSPD1;PSMC6;EIF3B;CCT5;EIF2S2;VDAC1;HNRNPD;TFDP1;VBP1;CCT3;SRSF3;HDGF;DDX21;SLC25A3;SRM;CCT2;PCBP1;ABCE1;TARDBP;TXNL4A,age_changes_CD8_GZMK_02062026
Mitotic Spindle,0.6746353980576217,-0.22754364478691894,-1.0004756966579413,TIAM1;SMC4;YWHAE;RALBP1;CENPF;NET1;FLNB;BIN1;RAB3GAP1;BIRC5;DST;ARL8A;NUSAP1;PREX1;FGD4;SAC3D1;ARHGEF2;MYO9B;CCNB2;ARHGEF11;PCNT;KIF23;BUB1;MYO1E;NEK2;WASF1;FARP1;MYH10;SPTBN1;CDK1;DLG1;BCL2L11;PKD2;TPX2;PALLD;KNTC1;CLIP2;EPB41;RAPGEF5;STK38L;DLGAP5;RAPGEF6;RANBP9;FBXO5;NDC80;KIF3C;EPB41L2;FGD6;GEMIN4;TLK1,age_changes_CD8_GZMK_02062026
DNA Repair,0.6767111040992875,-0.21860325293739485,-0.9403337180784513,ADA;GTF2H5;TP53;PDE6G;CSTF3;TYMS;NME1;BOLA2;PCNA;TAF12;POLR2H;ZWINT;VPS37D;IMPDH2;PRIM1;POLR1D;SAC3D1;RPA3;RBX1;POLR2G;ALYREF;POLR1C;RAD51;RALA;RAE1;TAF10;ERCC2;RPA2;REV3L,age_changes_CD8_GZMK_02062026
Cholesterol Homeostasis,0.6836002208724462,-0.25945958345403325,-0.9819222468147157,CD9;CHKA;ATXN2;ECH1;LGMN;TP53INP1;PLSCR1;TM7SF2;ACTG1;SQLE;GNAI1;GSTM2;TRIB3,age_changes_CD8_GZMK_02062026
UV Response Up,0.6893254671742859,-0.22707472346005414,-0.9647201786729732,E2F5;CHKA;CDC34;MARK2;CYB5B;FURIN;POLR2H;IL6ST;CNP;BAK1;KCNH2;AQP3;PRKACA;EPHX1;AP2S1;CASP3;AGO2;DDX21;RASGRP1;RRAD;SPR;CHRNA5;IGFBP2;FKBP4;BCL2L11;DGAT1;NPTXR;NAT1;GCH1;TST,age_changes_CD8_GZMK_02062026
PI3K/AKT/mTOR  Signaling,0.6903092214246273,-0.23500344299688555,-0.9493018902220051,TIAM1;PTEN;CAMK4;IL2RG;PRKAG1;CSNK2B;MKNK2;TSC2;MAP2K6;GRK2;TRIB3;SMAD2;RPTOR;LCK;RPS6KA3;CDK1;E2F1;HRAS;MAPK9;FASLG;DAPP1;FGF22,age_changes_CD8_GZMK_02062026
Apical Junction,0.6986471562672557,-0.2349007003147115,-1.0067196814335149,ACTN1;PTEN;CLDN7;LDLRAP1;PTK2;EVL;MAPK14;IRS1;PBX2;ACTG1;JUP;ITGA2;KCNH2;BAIAP2;GNAI1;PCDH1;GNAI2;ITGA10;NRXN2;TRO;CERCAM;CDH1;MYH10;DLG1;MAPK13;SRC;MPZL2;LAYN;TMEM8B;ITGB1;MADCAM1;TUBG1;CRB3;RAC2;MAPK11;HRAS,age_changes_CD8_GZMK_02062026
Xenobiotic Metabolism,0.7060475836074231,-0.20961579822180923,-0.8957899067050957,SPINT2;GSTO1;DDAH2;ECH1;CYB5A;ESR1;GSTM4;NMT1;JUP;CSAD;PYCR1;IRF8;TPST1;EPHX1;GCNT2;SLC35D1;ITIH4;CNDP2;CYP2J2;ENTPD5;GCH1;ATP2A2;LCAT;ABCC2;NFS1;CBR1;IDH1;LPIN2;ARG2;SAR1B;AHCY;ACP2;CCL25;LONP1;MPP2;SERTAD1;CASP6;CAT;AKR1C3;PDK4;ABCC3;TMEM97;PC;PAPSS2;SMOX;NINJ1;PROS1;CA2;SERPINE1;UPB1;ACSM1;NQO1;PPARD;SHMT2;DCXR;CROT;UGDH;GART;MCCC2;TNFRSF1A;ASL;ABCD2;SLC6A6,age_changes_CD8_GZMK_02062026
mTORC1 Signaling,0.7179107474524372,-0.20609360861587864,-0.9055767698304231,PSMA4;PHGDH;CD9;MLLT11;GLRX;ABCF2;HK2;ATP6V1D;EEF1E1;LGMN;CYB5B;PSMD13;SEC11A;POLR3G;TM7SF2;NMT1;DHFR;HSPD1;RRM2;SQLE;PSMC6;EIF2S2,age_changes_CD8_GZMK_02062026
Pancreas Beta Cells,0.7238310893512852,0.2771614634537023,0.8986721853150961,SPCS1;SRP14;DPP4;AKT3,age_changes_CD8_GZMK_02062026
Hedgehog Signaling,0.7242315479477268,-0.2782764768411673,-0.869161610642507,TLE1;NRCAM;VEGFA;CELSR1;HEY1;RTN1;LDB1;ACHE;VLDLR;HEY2;GLI1,age_changes_CD8_GZMK_02062026
Pperoxisome,0.7291284169726642,0.18176270435929573,0.9089707847110161,TSPO;CNBP;GSTK1;CADM1;PABPC1;ELOVL5;ACSL1;ACSL5;RETSAT;DHRS3;ATXN1;HSD17B11;ABCB1;SCP2;SOD2,age_changes_CD8_GZMK_02062026
Bile Acid Metabolism,0.8592411260709915,0.16636443186744576,0.8088589787898709,NR3C2;GSTK1;OPTN;NPC1;ABCA2;ACSL1;ACSL5;RETSAT;PEX1;ABCA5;ATXN1;HSD17B11;PFKM;SCP2;SLC29A1;APOA1,age_changes_CD8_GZMK_02062026
Myc Targets V2,0.0011938872970391596,-0.5616841861464762,-1.8242997510229535,NOP56;MYC;PPAN;IPO4;BYSL;EXOSC5;DCTPP1;PHB;GNL3;NOP16;RRP9;HK2;SRM;CDK4;HSPD1;TBRG4;HSPE1;WDR43;AIMP2;SORD;TCOF1;GRWD1;TMEM97;SLC19A1;WDR74;LAS1L;PES1;NDUFAF4;PA2G4;IMP4,age_changes_CD8_MAIT_02062026
Coagulation,0.0015394088669950737,0.48055235901384247,1.9563154545373749,CFH;CTSH;CRIP2;CPQ;ISCU;CAPN2;TIMP1;PECAM1;FYN;CLU;F12;RABIF;CD9;SERPINA1;USP11;CSRP1;F8;CTSO,age_changes_CD8_MAIT_02062026
Myc Targets V1,0.002387774594078319,-0.48130931695766077,-1.827675110906903,NOP56;MYC;PSMA4;PSMA1;EIF3J;FAM120A;CCT5;IMPDH2;NME1;POLD2;SRSF3;CCT2;TRIM28;EIF4A1;PSMA7;PHB;SERBP1;GNL3;DDX21;PSMB3;HNRNPD;PSMA2;ILF2;SET;EIF3B;UBE2E1;VDAC1;LSM2;CCT3;C1QBP;NOP16;EIF2S1;RRP9;CYC1;PRPF31;KPNA2;PRDX4;SRM;CDK4;HSPD1;COX5A;TXNL4A;PCBP1;APEX1;RUVBL2;PSMD8;HDAC2;PSMB2;RFC4;EXOSC7;PSMC6;NHP2;MRPL23;RAD23B;HSPE1;FBL;AIMP2;ABCE1;PSMC4;HSP90AB1;HNRNPA2B1;SSBP1;TARDBP;MCM7;RANBP1;VBP1;PHB2;SNRPG;PWP1;EIF3D;SSB;NCBP2;PSMD3;SYNCRIP;HDGF;CCT4;PPIA;IFRD1;RPS10;PA2G4;COPS5;TFDP1;SRSF2;RRM1;EIF2S2;TRA2B;EIF4E;CBX3;SLC25A3,age_changes_CD8_MAIT_02062026
Apoptosis,0.0030788177339901475,0.44518491806872795,1.9907200965072995,TSPO;HMGB2;F2R;LGALS3;ENO2;CD2;BAX;BIRC3;FEZ1;CASP6;TXNIP;SOD2;SAT1;TIMP1;FAS;LMNA;CLU;ATF3;FDXR;ISG20;GNA15;DPYD;PEA15;SOD1;CYLD;GPX4;BNIP3L;BTG3;SQSTM1;RELA;HSPB1;RHOB;CDKN1B;PDCD4;IFITM3;KRT18,age_changes_CD8_MAIT_02062026
Epithelial Mesenchymal Transition,0.004105090311986864,0.42804690748921675,1.8360361134311554,LGALS1;IGFBP3;AREG;VIM;ENO2;SGCB;VCAN;SAT1;TIMP1;CAPG;FAS;TGFBI;GLIPR1;ID2;WIPF1;IL15;CXCL8;FLNA;MAGEE1;IL32;RHOB;SDC4;ITGAV;TNFAIP3;CD44;PLAUR,age_changes_CD8_MAIT_02062026
Angiogenesis,0.006157635467980295,0.6135565450300183,1.7871624579954963,VCAN;TIMP1;ITGAV;LRPAP1;S100A4;APP,age_changes_CD8_MAIT_02062026
TNF-alpha Signaling via NF-kB,0.008620689655172414,0.37975611036220214,1.7158379284580583,AREG;BCL2A1;CCL5;BIRC3;NINJ1;PHLDA1;SOD2;PER1;SAT1;RIPK2;TUBB2A;TIPARP;MAP3K8;MSC;BHLHE40;BTG1;TRAF1;ID2;RELB;LITAF;PNRC1;ATF3;SERPINB8;PFKFB3;TANK;ZC3H12A;CEBPB;BCL3;KLF6;KLF9;BTG3;ICAM1;SQSTM1;RELA;RHOB;DUSP5;GFPT2;MXD1;KLF10;SDC4;DUSP2;TNIP1;DNAJB4;TNFAIP3;SLC16A6;CDKN1A;CD44;PLAUR,age_changes_CD8_MAIT_02062026
p53 Pathway,0.013341543513957308,0.3601889114791971,1.6709316018064084,F2R;RPS27L;S100A10;CDKN2A;DDB2;CD82;PVT1;CCNG1;AEN;BAX;NINJ1;ISCU;TXNIP;SAT1;PERP;RAD51C;FAS;XPC;RB1;BTG1;CGRRF1;ABCC5;DDIT4;PMM1;ATF3;PHLDA3;FDXR;HINT1;PITPNC1;KIF13B;TOB1;GM2A;MXD1;TSPYL2;ELP1;DNTTIP2;TAX1BP3;SLC3A2;ANKRA2;PLK3;CDKN1A;ZNF365;ABHD4;STOM;TNFSF9;RPL36;RETSAT;ACVR1B;RPL18;MDM2;CCNK;CCND3;TRAFD1;S100A4;APP;RAB40C;NOTCH1;ERCC5,age_changes_CD8_MAIT_02062026
KRAS Signaling Up,0.013634764250527797,0.37377761790848285,1.6430971177755,IGFBP3;CFH;NAP1L2;PRDM1;PCSK1N;IL10RA;BIRC3;TNFRSF1B;CTSS;PECAM1;ENG;TRAF1;FLT4;ID2;KCNN4;LY96;CD37;PRELID3B;LCP1;RABGAP1L;GFPT2;ACE;MAP4K1;MAFB;SCN1B;TNFAIP3;CDADC1;CCSER2;PLAUR;ZNF639;HDAC9,age_changes_CD8_MAIT_02062026
Allograft Rejection,0.016548645320197043,0.3507769245861859,1.6015536806354427,CD8B;F2R;HLA-DMA;HLA-DQA1;CDKN2A;CD2;CD8A;CD4;CCL5;CTSS;NCF4;IL4R;RIPK2;TIMP1;ITK;CAPG;IFNG;FAS;HLA-DRA;APBB1;FYB1;SPI1;CD3E;IL15;CXCR3;STAT1;BCL3;FLNA;GZMB;ICAM1;SRGN;TAPBP;PRKCB;HIF1A;HLA-E;HCLS1;MAP4K1;NLRP3;SOCS5;WAS;BCL10;HDAC9;ACVR2A;TPD52;NPM1;TRAT1;CD74,age_changes_CD8_MAIT_02062026
Interferon Alpha Response,0.02367876472461,-0.4548480134972308,-1.5949778445027751,SELL;ISG15;PSME2;CMPK2;IRF9;LGALS3BP;NCOA7;IFI44;PARP14;UBE2L6;NMI;USP18;SAMD9L;IFI35;SAMD9;RSAD2;IRF7;GBP2;PARP12;RTP4;PSMA3;EPSTI1;PROCR;IRF1;MX1;PSMB8;IFI44L;PLSCR1;DDX60;OAS1;IFIT3;PSME1;HERC6;SP110;LAP3;BST2,age_changes_CD8_MAIT_02062026
Oxidative Phosphorylation,0.04297994269340974,-0.4011264102883988,-1.5227085903892674,TIMM13;FXN;ATP5F1C;UQCRC2;TIMM8B;ECH1;SLC25A11;NDUFB3;NDUFA9;NDUFB8;ATP5PO;ACAA2;SLC25A5;VDAC1;ACADM;CYCS;ATP5MC3;NDUFA8;MTRF1;DECR1;MDH1;NDUFC2;NDUFA2;MRPS11;CYC1;CYB5A;SUCLG1;HSD17B10;HTRA2;COX5A;MRPS12;NDUFB5;BDH2;NDUFB6;PDHB;UQCRH;ECI1;MRPL15;NDUFA7;NDUFS6;SLC25A20;COX7A2L;ATP5PB;HADHB;LDHB;TIMM9;SDHD;IDH3A;NDUFS8;SLC25A4;NDUFB1;OAT;COX7B;SLC25A6;MRPL34;ATP5F1A;UQCRQ;ECHS1;ATP6V0B;VDAC2;AIFM1;PHB2;NDUFV2,age_changes_CD8_MAIT_02062026
Wnt-beta Catenin Signaling,0.060530085959885384,-0.5039690741314385,-1.4768651382636722,MYC;TP53;KAT2A;AXIN1;SKP2;RBPJ;HDAC2;ADAM17;PTCH1;LEF1;FRAT1;CSNK1E,age_changes_CD8_MAIT_02062026
Myogenesis,0.06670771756978654,0.3239279393548597,1.4186889173267616,IGFBP3;PDLIM7;FHL1;DAPK2;ACSL1;PTP4A3;SORBS3;MYO1C;BHLHE40;RB1;CLU;AGL;TPM3;PFKM;HDAC5;FXYD1;LSP1;MYH9;SYNGR2;SH2B1;GNAO1,age_changes_CD8_MAIT_02062026
Complement,0.0855911330049261,0.3068228010925652,1.3786837272487262,LGALS3;CFH;GCA;CTSH;CCL5;CPQ;ANXA5;CTSS;S100A9;TIMP1;CBLB;FYN;CLU;RABIF;CALM3;LIPA;SERPINA1;S100A12;CEBPB;CD55;GZMB;FCN1;CSRP1;PDP1;DUSP5;GATA3;RBSN;F8;CTSO;ME1;TNFAIP3;WAS;XPNPEP1;SIRT6;L3MBTL4;DOCK10;PLAUR;DGKH;GPD2;CASP7;PRKCD;VCPIP1;LCP2;LAMP2,age_changes_CD8_MAIT_02062026
Hypoxia,0.08928571428571429,0.30298040332244264,1.3557390975802759,IGFBP3;ENO2;TPBG;CASP6;IDS;ANXA2;TIPARP;BHLHE40;TGFBI;BCL2;BTG1;DDIT4;PNRC1;ATF3;PAM;PFKFB3;NR3C1;ISG20;ATP7A;ALDOA;FBP1;NAGK;GAPDH;KLF6;BNIP3L;MYH9;CDKN1B;SDC4;PFKL;KDM3A;JMJD6;TNFAIP3;XPNPEP1;CDKN1A;MIF;UGP2;PLAUR,age_changes_CD8_MAIT_02062026
Estrogen Response Late,0.09441707717569786,0.2993824045191022,1.3322462047792858,LSR;AREG;TPBG;S100A9;DYNLT3;SLC7A5;FKBP5;PERP;BCL2;ID2;TJP3;ISG20;CD9;ELOVL5;SERPINA1;IDH2;BTG3;TOB1;AFF1;ABHD2;PDCD4;FABP5;DUSP2;NMU,age_changes_CD8_MAIT_02062026
IL-2/STAT5 Signaling,0.12528419856006062,0.27664814526219733,1.2807496200836752,SERPINB6;IL10RA;FGL2;TNFRSF1B;TNFRSF4;PHLDA1;IL4R;SYT11;CDC42SE2;AHNAK;MYO1C;MAP3K8;CAPG;BHLHE40;NFKBIZ;BCL2;TRAF1;LRRC8C;TNFRSF18;ALCAM;ODC1;GABARAPL1;AHR;CYFIP1;KLF6;GPX4;SYNGR2;RABGAP1L;RHOB;PRKCH;MXD1;RHOH;IFITM3,age_changes_CD8_MAIT_02062026
Fatty Acid Metabolism,0.1401888341543514,0.28463503776907384,1.2515509309743,LGALS1;GLUL;ENO2;S100A10;ACSL1;PCBD1;LTC4S;ERP29;PRDX6;SUCLG2;ACSM3;BPHL;HSD17B11;ODC1;GABARAPL1;ALDOA;ELOVL5;ACO2;SDHA;ACSL5;CBR3;RAP1GDS1;ALAD;ME1;BLVRA;CCDC58;MIF;SERINC1;ACADVL;GPD2;RETSAT;ACOX1,age_changes_CD8_MAIT_02062026
Inflammatory Response,0.1409658691062632,0.27933643631896327,1.25959843006181,CD70;CD82;TPBG;IL10RA;CCL5;TNFRSF1B;IL4R;RIPK2;TIMP1;CYBB;IL15;CXCL8;KCNA3;AHR;GNA15;CD55;KLF6;ICAM1;RELA;IFITM1;TAPBP;MXD1;HIF1A;GPR132;CSF3R;NOD2;NLRP3;SCN1B;CDKN1A;C5AR1;PLAUR;ACVR2A;PTGER2;BEST1;TNFSF9;ACVR1B;LCP2;CD40;PROK2;SLC31A2;SLC4A4;PIK3R5,age_changes_CD8_MAIT_02062026
Apical Junction,0.181992337164751,0.27379595946409857,1.1900235144434599,CTNNA1;AKT3;SKAP2;VCAN;SORBS3;PECAM1;TGFBI;TRAF1;ZYX;AMIGO2;FYB1;CD274;CD99;MYH9;ICAM1;NF1;EXOC4;CNN2;GTF2F1;LDLRAP1;MAP4K2,age_changes_CD8_MAIT_02062026
Pancreas Beta Cells,0.1876267748478702,0.4185315111594725,1.1930674941225965,AKT3;SPCS1;SRP14;MAFB;FOXO1,age_changes_CD8_MAIT_02062026
Pperoxisome,0.18973214285714285,0.2936645958519789,1.2011532103956983,TSPO;GSTK1;ACSL1;SOD2;EPHX2;ABCD2;ATXN1;ABCC5;PABPC1;MVP;HSD17B11;LONP2;ELOVL5;IDH2;SOD1,age_changes_CD8_MAIT_02062026
PI3K/AKT/mTOR  Signaling,0.2351957975167144,-0.37311024225154316,-1.320033038162084,IL2RG;TIAM1;PRKAG1;AKT1;PTEN;DDIT3;MKNK2;LCK;CDK4;SMAD2;FASLG;HRAS;AKT1S1;PIK3R3;MKNK1;RIT1;TNFRSF1A;SLA;CSNK2B;PLCB1;CAB39;UBE2N;MAPK9;AP2M1;GRK2;TRAF2;MAP2K6;RPS6KA3;ACTR3;FGF22;MAPK1;MAPKAP1,age_changes_CD8_MAIT_02062026
TGF-beta Signaling,0.3034179287760949,-0.40121378273925634,-1.2734127335115406,SMURF2;TGIF1;NOG;TRIM33;TGFB1;IFNGR2;FNTA;SLC20A1;XIAP;BMPR2;FKBP1A;SMAD7;CDK9;ID1,age_changes_CD8_MAIT_02062026
mTORC1 Signaling,0.31152996657115567,-0.33293773766173035,-1.2541542465635631,GLRX;PSMA4;ENO1;ABCF2;PSMD13;CCT6A;CYB5B;CORO1A;EEF1E1;CTSC;STIP1;SDF2L1;RDH11;RRP9;DDIT3;ATP2A2;PPA1;PNP;HMBS;HK2;G6PD;PSMB5;HSPD1;TUBG1;PITPNB;TM7SF2;PIK3R3;SLC2A3;RIT1;PSMA3;SLC6A6;PSMC6;SLA;HSPE1;TES;SLC37A4;PRDX1;GOT1;HMGCS1;SCD;ERO1A;PSMC4;DDX39A;GLA;SORD;IDI1;PHGDH;EBP;TMEM97;ARPC5L;SERPINH1;NMT1;SYTL2;ACTR3;XBP1;ATP6V1D;SLC1A5;PPIA;AURKA;IFRD1;COPS5;PSMC2;ELOVL6;SEC11A;HMGCR,age_changes_CD8_MAIT_02062026
Interferon Gamma Response,0.3281200254695957,-0.3286091221703947,-1.233279359837896,ISG15;IFNAR2;CASP4;PSME2;CMPK2;P2RY14;IRF9;LGALS3BP;XAF1;GZMA;IFI44;TNFSF10;PSMA2;PARP14;UBE2L6;NMI;USP18;ST3GAL5;SAMD9L;RNF213;KLRK1;IFI35;NFKB1;RSAD2;PNP;IRF7;RAPGEF6;PARP12;RTP4;GCH1;GPR18;EIF4E3;NUP93;CASP3;OAS2;PSMA3;VAMP5;EPSTI1;PSMB2;IRF1;MX1;PSMB8;IFI44L;PLSCR1;BANK1;DDX60;LYSMD2,age_changes_CD8_MAIT_02062026
Protein Secretion,0.4039732953072336,0.25242043096872546,1.0657577271097423,TMED2;AP3S1;PAM;VAMP3;VAMP7;ATP7A;YKT6;SOD1;RAB9A;AP2B1;ARFIP1;VAMP4;RAB14;MON2;CD63;KRT18;SEC31A;ARCN1;ANP32E;RAB5A;NAPA;TPD52;M6PR;SGMS1;LAMP2;SNAP23;STAM;STX7;SCAMP3;GOLGA4;RAB2A;ABCA1,age_changes_CD8_MAIT_02062026
Bile Acid Metabolism,0.4404248768472906,0.2584563071108362,1.04368238154054,GSTK1;ACSL1;EPHX2;ABCD2;ATXN1;FDXR;HSD17B11;PFKM;LONP2;IDH2;SOD1;ACSL5;EFHC1,age_changes_CD8_MAIT_02062026
heme Metabolism,0.4812325979867209,0.219950713216794,1.0058340841793811,ACSL6;ISCA1;CAST;FN3K;NR3C1;ENDOD1;ARL2BP;ELL2;BNIP3L;GCLC;RNF19A;MKRN1;SEC14L1;SLC25A37;RIOK3;ALAD;UBAC1;SDCBP;BACH1;BLVRA;FECH;CDC27;MGST3;CIR1;TENT5C;ADIPOR1;EZH1;GMPS;PICALM;TCEA1;RBM38;ALDH6A1;TRAK2;MXI1;HTATIP2;SIDT2;LAMP2;CCND3,age_changes_CD8_MAIT_02062026
Cholesterol Homeostasis,0.49233094491715185,0.26134493738554604,1.0091858124943207,LGALS3;ANTXR2;ANXA5;CLU;PNRC1;ATF3;ALCAM;CD9;ACSS2;CXCL16;FABP5,age_changes_CD8_MAIT_02062026
Reactive Oxygen Species Pathway,0.5055125498475252,0.2743269264889263,1.0129342003382764,SOD2;TXN;PRDX6;FTL;SOD1;LSP1;GPX4;GCLC;PDLIM1;ABCC1;SCAF4;NQO1;SBNO2,age_changes_CD8_MAIT_02062026
Unfolded Protein Response,0.5232211079274116,-0.32457383691887765,-1.1528164157009324,NOP56;BANF1;EXOSC5;ARFGAP1;SRPRB;EIF4A1;ATF4;GOSR2;FKBP14;EIF4A3;NFYB;EIF2S1;RRP9;TATDN2;PDIA5;LSM1;EIF4A2;YIF1A;EXOSC2;NABP1;KHSRP;NHP2,age_changes_CD8_MAIT_02062026
Glycolysis,0.5327722063037249,-0.29325441211689135,-1.0948568376921113,GLRX;ENO1;CHST12;SLC16A3;AKR1A1;NASP;ME2;POLR3K;MDH1;CHST2;CYB5A;PGM2;B4GALT2;HK2;GALE;G6PD;FKBP4;FUT8;TSTA3;EXT1;ARPP19;TGFA;SLC37A4;LHPP;GOT1;SLC35A3;ERO1A;EFNA3;COPB2;NANP;PSMC4;CLN6;GMPPB;SLC25A10;STMN1;RPE;NSDHL;TPST1;PGLS;TALDO1;SRD5A3;ZNF292;GALK2;B4GALT4;CAPN5;PPIA;AURKA;RBCK1;B4GALT7;DLD,age_changes_CD8_MAIT_02062026
Apical Surface,0.5362274220032841,0.29135446855092917,0.9765398502182823,GSTM3;FLOT2;MAL;CRYBG1;HSPB1;GATA3;CROCC;PLAUR,age_changes_CD8_MAIT_02062026
Adipogenesis,0.5464272922636103,-0.2834587464944547,-1.0660591660697207,CCNG2;ECH1;DBT;ATP5PO;ACAA2;ESRRA;ACADM;JAGN1;DECR1;CYC1;SUCLG1;REEP5;TKT;DHRS7B;IFNGR1;TST;DGAT1;UCP2;RTN3;VEGFB;SCP2;MRPL15;PPM1B;NABP1;IDH3A;SQOR;LIPE;YWHAG;COX7B;COQ9;CRAT;UCK1;CAT;SLC25A10;SCARB1;UQCRQ;ECHS1;PREB;AIFM1;MAP4K3;TALDO1;RREB1;COQ3;SLC19A1;ACADS;NMT1;NDUFB7;GPAM;REEP6;COQ5;SLC1A5;UQCR10;DLD;GADD45A;SAMM50;ELOVL6,age_changes_CD8_MAIT_02062026
E2F Targets,0.5490687679083095,-0.28637147542429187,-1.077141797382586,NOP56;MYC;CKS2;PAICS;TP53;DCTPP1;NME1;POLD2;NASP;HNRNPD;UBE2T;EIF2S1;KPNA2;PRDX4;RPA2;SNRPB;CDK4;TUBG1;HMGA1;MCM3;PMS2;PPP1R8;UBE2S;SMC1A;HELLS;TBRG4;LUC7L3;CHEK2;IPO7;MSH2;NAA38;DDX39A;TIPIN;SMC4;STMN1;ZW10;MCM7;RANBP1,age_changes_CD8_MAIT_02062026
Notch Signaling,0.5521728748806113,-0.3790092405346547,-1.051311665966478,LFNG;KAT2A;PSENEN,age_changes_CD8_MAIT_02062026
G2-M Checkpoint,0.55938211740504,-0.29343281409004013,-1.0996125030593418,MYC;CKS2;TNPO2;SLC12A2;WRN;HIRA;NASP;RBM14;HNRNPD;KMT5A;RPS6KA5;MAPK14;TOP1;KPNA2;RPA2;CUL3;CDK4;TGFB1;E2F4;NUP50;HMGA1;MCM3;MTF2;CHMP1A;UBE2S;SMC1A;UPF1;RAD23B;SFPQ;DDX39A;UCK2;ATRX;SMC4;STMN1;CASP8AP2;PRPF4B;POLE;SYNCRIP;PRIM2;PRMT5;PRC1;AURKA;PAFAH1B1;NUSAP1;TFDP1;SMC2;SRSF2;FBXO5;TRA2B;SLC7A1;CKS1B;CCND1;PLK4;NDC80;BARD1;CUL1;MAP3K20;ORC5;CTCF;SQLE;DKC1;YTHDC1;JPT1;CUL4A;ORC6;SMARCC1;MCM2;KIF2C;HSPA8,age_changes_CD8_MAIT_02062026
DNA Repair,0.561972699777141,-0.3009462568521564,-1.1123852984004778,ADA;CMPK2;TP53;IMPDH2;NME1;POLR2H;POLR2G;TSG101;SRSF6;GTF2H5;NELFB;SAC3D1;ZNRD1;POLR1D;NUDT9;RPA2;PNP;REV3L;SNAPC4;ITPA;APRT;TAF10;RFC4;ERCC1;PDE6G;TAF12;BOLA2;UMPS;NELFCD;SUPT4H1;RBX1;DAD1;ALYREF;NCBP2;ERCC2;UPF3B;RAE1;ZNF707;GTF2B;GTF2H3;RAD52;RFC2;POLB;NT5C;RFC3;POM121;POLD1;POLD3;POLR2E,age_changes_CD8_MAIT_02062026
Estrogen Response Early,0.5783251231527093,0.21463713490357458,0.9527568306735653,AREG;TPBG;DYNLT3;SLC7A5;FKBP5;TIPARP;BHLHE40;BCL2;TJP3;ELF1;ELOVL5;ENDOD1;TOB1;AFF1;ABHD2;MED24;KLF10;KRT18,age_changes_CD8_MAIT_02062026
UV Response Up,0.5983003386298515,-0.3055580369017138,-1.116697778041204,AP2S1;POLR2H;CYB5B;CA2;ABCB1;DDX21;STIP1;AQP3;GCH1;TST;CDC34;DGAT1;PSMC3;FKBP4;CASP3;STK25;RFC4;WIZ;PRKACA;IRF1;MRPL23;NAT1;E2F5;DNAJA1;BID;SLC25A4;PPAT;EIF5;AGO2;NPTXR;CDC5L;MARK2;PRPF3;NR4A1;EPHX1;KLHDC3;HYAL2;BAK1;FURIN;TYRO3;FOSB;PLCL1;CHKA;RAB27A;MGAT1;RASGRP1;POLE3;ALAS1,age_changes_CD8_MAIT_02062026
UV Response Dn,0.725651331847607,-0.27498215097710366,-0.9760239016110989,MYC;SYNJ2;SIPA1L1;DBP;ATP2C1;PTEN;CELF2;MAPK14;DLG1;NFKB1;ATP2B1;MTA1;MRPS31;PIK3R3;ICA1;PRKCA;DYRK1A;SMAD7;ATRX;RXRA;TGFBR3;CDK13;ID1;DAB2;FBLN5;PRKAR2B;CACNA1A,age_changes_CD8_MAIT_02062026
Androgen Response,0.7596704871060173,-0.27084520272619145,-0.9340835644021417,ACTN1;SRF;STK39;AKT1;MAF;VAPA;UAP1;TNFAIP8;RAB4A;HPGD;ELK4;HOMER2;TSC22D1;SRP19;HMGCS1;SCD;SORD;IDI1;SLC38A2,age_changes_CD8_MAIT_02062026
KRAS Signaling Dn,0.7966370079927613,-0.270425194552925,-0.9352007994245038,ZBTB16;LFNG;CHST2;RSAD2;SLC16A7;CCDC106;RYR1;MX1;PDE6B;IFI44L;TCL1A;MAST3;MAGIX;PTPRJ;CD40LG;FGF22;YPEL1;STAG3;OXT;MTHFR;ENTPD7;ZC2HC1C;BARD1;LYPD3;P2RX6,age_changes_CD8_MAIT_02062026
Mitotic Spindle,0.8800848745332986,-0.22542146315625222,-0.8474155708339824,RANBP9;TIAM1;BIN1;ARHGAP10;PCNT;DLG1;SAC3D1;NCK2;CD2AP;RALBP1;RAPGEF6;SMC1A;FLNB;CAPZB;ARF6;ARFGEF1;EPB41;SMC4;CNTROB;RAB3GAP1;PKD2;PREX1;WASF2;ARHGEF2;UXT;MARK4;NET1;CLIP2;CEP192;GEMIN4;RHOF;PRC1;AURKA;CEP250;MAPRE1;DST;PAFAH1B1;NUSAP1;TUBGCP5;ARL8A;TSC1;PPP4R2;FBXO5;CYTH2;KPTN;SASS6;FARP1;NDC80;TBCD;CEP72;NCK1,age_changes_CD8_MAIT_02062026
Xenobiotic Metabolism,0.8846420612179925,-0.23935493455480344,-0.8647384592600414,MTHFD1;ECH1;DDAH2;CA2;MAN1A1;GSTO1;CNDP2;ATP2A2;CYB5A;SLC35D1;CBR1;GCH1;CSAD;MCCC2;CROT;PINK1;TNFRSF1A;ARPP19;SLC6A6;LONP1;SERTAD1;COMT;ASL;CAT;TPST1;UGDH;TMEM97;GART;NMT1;ATOH8;NFS1;SLC1A5;EPHX1;ESR1;CYP2E1,age_changes_CD8_MAIT_02062026
Hedgehog Signaling,0.9115826965934417,-0.2937636868150927,-0.7823414311121933,LDB1;TLE1;CELSR1;PTCH1;CDK5R1,age_changes_CD8_MAIT_02062026
IL-6/JAK/STAT3 Signaling,0.9156596486856857,-0.2404281388015767,-0.8057386625172076,IL2RG;IRF9;LTB;TNF;IL12RB1;IFNGR1;TGFB1;IFNGR2;TNFRSF1A;IRF1,age_changes_CD8_MAIT_02062026
Spermatogenesis,0.9294651384909265,-0.217418083752435,-0.7357580672836574,POMC;SLC12A2;PIAS2;STRBP;AGFG1;BRAF;CSNK2A2;NEFH;RFC4;LPIN1;TLE4;TALDO1;RAD17;AURKA;ACRBP;MAST2;JAM3;ZC2HC1C;IFT88;PSMG1;RPL39L;CHFR;VDAC3;HSPA1L;STAM2;KIF2C;GMCL1;PHKG2;CCT6B;IDE;SIRT1,age_changes_CD8_MAIT_02062026
Allograft Rejection,0.0,0.380944154279522,2.1527124160499427,CD4;CDKN2A;IL15;CD40LG;HLA-DMB;HLA-DMA;TPD52;HLA-DRA;HLA-DQA1;IFNGR1;FAS;RIPK2;TIMP1;STAT4;F2R;NCF4;GPR65;CCR5;TAPBP;CD74;CTSS;MAP4K1;ICAM1;CD2;APBB1;TLR3;FLNA;CD3E;CSF1;NLRP3;SPI1;HCLS1;NPM1;CRTAM;CD96,age_changes_CD8_TEMRA_02062026
Coagulation,0.004040156709108717,0.4031964701559937,2.036212468548374,CFH;CTSH;CLU;TIMP1;CAPN2;CSRP1;CTSO;CTSB;F8;SERPINA1;CPQ;FYN;ISCU;PECAM1;F12;CFD;LTA4H;PREP;SIRT2;LRP1;PDGFB;DPP4;BMP1,age_changes_CD8_TEMRA_02062026
Complement,0.007070274240940254,0.343422061275764,1.9329649169202379,CFH;CTSH;CD40LG;SPOCK2;ZEB1;CLU;CASP1;KYNU;GZMK;TIMP1;S100A12;CTSS;CSRP1;LIPA;CTSO;CTSB;S100A9;F8;CD36;SERPINA1;ANXA5;GATA3;CBLB;CPQ;FCN1;HSPA5;FYN;PRCP;GCA;LGALS3;CD59;CALM3;RBSN;EHD1;RCE1;LTA4H;CD55;PREP;PRKCD;KIF2A;LRP1;PRDM4;VCPIP1;RAF1;PDGFB;CDA;DPP4,age_changes_CD8_TEMRA_02062026
Apoptosis,0.008080313418217433,0.3570570149213563,1.9620004193628717,TSPO;IFNGR1;FAS;CLU;CASP1;TIMP1;PDCD4;F2R;HMGB2;ETF1;MADD;CDC25B;ENO2;CD2;SOD2;CD44;TXNIP;LGALS3;DPYD;RELA;BIK;CD14;RETSAT;ISG20;GNA15;RHOT2;LMNA;CDK2;TGFBR3;DAP;RHOB;PPT1;SPTAN1;PEA15;CTH;CYLD;FEZ1;ATF3;CTNNB1;DNAJC3;BCL10;BCAP31,age_changes_CD8_TEMRA_02062026
Epithelial Mesenchymal Transition,0.00969637610186092,0.34613141376039963,1.8425512264017383,IGFBP3;IL15;VIM;LGALS1;VCAN;TGFBI;FAS;TIMP1;VCAM1;MAGEE1;SGCB;ENO2;PLOD3;LOXL1;WIPF1;CD44;CADM1;GLIPR1;FLNA;COL6A2;QSOX1;SGCD;CD59;ACTA2;PFN2;NOTCH2;COPA;TGFBR3;RHOB,age_changes_CD8_TEMRA_02062026
Unfolded Protein Response,0.01346718903036239,0.34736708512282694,1.7993088689648649,HERPUD1;SPCS1;HSPA9;SRPRA;EEF2;ERN1;DCP1A;HSP90B1;YWHAZ;BAG3;HSPA5;DDIT4;DCTN1;DNAJB9;EXOC2;NPM1;SSR1;HYOU1;POP4;ATF6;DKC1;SDAD1;PDIA6;CALR;XPOT;SLC30A5;PARN;SERP1;SEC31A;ATF3;DNAJC3;SLC7A5;SLC1A4;NOLC1;EXOSC10;TUBB2A;EIF4G1;EDC4;ASNS,age_changes_CD8_TEMRA_02062026
Interferon Alpha Response,0.014223560910307898,-0.4069338295426139,-1.7283132473493785,USP18;IRF9;ISG15;PLSCR1;IRF7;SAMD9L;SELL;IFI35;OAS1;IFI44L;EPSTI1;MX1;BST2;SAMD9;IFI27;NMI;LY6E;RSAD2;PARP14;RTP4;SP110;MVB12A;UBE2L6;PSMA3;PSMB8;IRF1;LAMP3;PROCR;CMPK2;CNP;IFIT2,age_changes_CD8_TEMRA_02062026
Inflammatory Response,0.02135511403386036,0.30557485922474603,1.678678327662707,IL15;IL18R1;IL7R;CD70;NOD2;RIPK2;TIMP1;TAPBP;PROK2;C5AR1;SLAMF1;SLC4A4;KCNA3;BEST1;CD82;IL10RA;ICAM1;PDE4B;FPR1;TLR3;CSF1;NLRP3;RELA;CYBB;CD14;GNA15;GPR132;TNFRSF1B;CD55;IFITM1;RNF144B;CXCL8;C3AR1;IL15RA;CSF3R;RAF1;CXCR6;AHR;IL4R;MXD1;OSM;ACVR1B;ACVR2A;CCL5;ABI1;PLAUR;CD40;PIK3R5;IFNGR2;CD48;SRI,age_changes_CD8_TEMRA_02062026
heme Metabolism,0.02585700293829579,0.28737765459166953,1.608942850306461,GDE1;PRDX2;MGST3;CTSB;SEC14L1;FBXO7;MXI1;EIF2AK1;DMTN;CIR1;ISCA1;ARL2BP;SLC25A38;MKRN1;TMCC2;HTATIP2;ACSL6;NUDT4;TCEA1;RAD23A;RIOK3;GMPS;ADIPOR1;RCL1;CAST;MFHAS1;AGPAT4;NFE2L1;ATP6V0A1;BSG;OPTN;FECH;ENDOD1;EPOR;DCAF11;SLC10A3;SIDT2;BTRC;FOXJ2;NARF;NCOA4;BNIP3L;LRP10;TRAK2;PDZK1IP1;ASNS;MOSPD1;BLVRB;DCAF10;NEK7;ALDH6A1;TENT5C;SYNJ1,age_changes_CD8_TEMRA_02062026
IL-2/STAT5 Signaling,0.026036565458700624,0.28711587920415854,1.622755690904506,IL18R1;PRNP;PLIN2;IFNGR1;GALM;SERPINB6;GPR65;CDC42SE2;SLC39A8;AHNAK;GABARAPL1;IL10RA;ANXA4;RABGAP1L;BCL2;CD44;PLEC;PHTF2;RRAGD;LRIG1;SYNGR2;CSF1;FGL2;SYT11;BHLHE40;EOMES;TRAF1;FLT3LG;MAP3K8;ITGA6;HOPX;RHOB;TNFRSF1B;TNFRSF18;RNH1;NFKBIZ;CTLA4;IRF4;AHR;IL4R;MXD1;MYO1C;PRKCH;NOP2;RORA,age_changes_CD8_TEMRA_02062026
Protein Secretion,0.028281096963761018,0.3214977440895496,1.6250876834384584,TPD52;TMED10;GALC;ATP1A1;TMED2;RAB5A;ARF1;SGMS1;RAB9A;ANP32E;MON2;RAB14;SCAMP3;ERGIC3;AP2B1;PPT1;LMAN1;AP3S1;SEC31A;CD63;SNX2;YKT6;SEC24D;RAB2A;CLTC;VAMP3;NAPA;GBF1;AP3B1;ATP6V1H;COG2,age_changes_CD8_TEMRA_02062026
IL-6/JAK/STAT3 Signaling,0.029291136141038197,0.3208327601124965,1.561186433512481,IL18R1;IFNGR1;FAS;CD36;CD44;STAT3;CSF1;MYD88;ITGA4;PTPN1;CD14;MAP3K8;CCR1;TNFRSF1B;STAT1;IL7;IL15RA;CSF3R;LEPR;IL4R;ACVR1B;PTPN2;PTPN11;PIK3R5;GRB2;IFNGR2,age_changes_CD8_TEMRA_02062026
Interferon Gamma Response,0.030852105778648383,0.27596720728955343,1.5746719491851935,CFH;IL15;HLA-DMA;ZBP1;HLA-DQA1;FAS;CASP1;HLA-DRB1;RIPK2;STAT4;IL18BP;VCAM1;TAPBP;CD74;IL10RA;ICAM1;SOD2;PDE4B;IRF5;PELI1;PFKP;STAT3;FPR1;CIITA;TXNIP;ZNFX1;ADAR;CMTR1;FGL2;MYD88;PTPN1;PML;ISG20;ARID5B,age_changes_CD8_TEMRA_02062026
Fatty Acid Metabolism,0.0371694417238002,0.28009226309690693,1.4952103466861788,LGALS1;GLUL;ELOVL5;SUCLG2;ACSM3;ERP29;GABARAPL1;LTC4S;ENO2;CD36;HSD17B11;S100A10;SLC22A5;MIF;RAP1GDS1;ACSL5;ACADVL;PRDX6;RETSAT;PCBD1;ACSL1;ALDOA;DHCR24;SERINC1,age_changes_CD8_TEMRA_02062026
Myc Targets V1,0.03729375423792662,0.26648670027043725,1.5146524922644462,SNRPA1;PABPC1;PABPC4;ETF1;CNBP;EIF4G2;DUT;CANX;EIF4H;RSL1D1;GLO1;RPLP0;FBL;SF3A1;YWHAQ;XRCC6;MCM6;SNRPA;PSMD7;BUB3;U2AF1;NPM1;PTGES3;HNRNPA1;TUFM;HNRNPC;RNPS1;HNRNPA3;CDK2;KPNB1;PRDX4;EEF1B2;STARD7;SNRPD2;AP3S1;MAD2L1;XPOT;POLE3;NOLC1;PPIA;CUL1;RPL14;PRPS2;UBA2;RPL18;HSP90AB1;IMPDH2;SNRPD1;GOT2;EXOSC7;ILF2;NCBP1;PSMA6;EIF1AX;RRM1;RPL22;HNRNPU;PA2G4;CCT7;MRPL9;SYNCRIP;ODC1;UBE2L3;RPS5;HNRNPR,age_changes_CD8_TEMRA_02062026
p53 Pathway,0.038092906114453616,0.26685227969151776,1.5006699372427628,CDKN2A;CCNG1;PVT1;FAS;CASP1;RPS27L;ZNF365;AEN;F2R;RB1;DDB2;PERP;CGRRF1;CD82;SEC61A1;CEBPA;S100A10;DDIT4;ISCU;ANKRA2;TXNIP;FAM162A;RETSAT;PPM1D;PMM1;DNTTIP2;TOB1;STOM;CCNK;S100A4;ATF3;RPL36;PITPNC1;PRKAB1;HINT1;GM2A;SESN1;MXD1;ACVR1B;CYFIP2;RPL18;KIF13B;GLS2;NUDT15;ELP1;SAT1;BTG1,age_changes_CD8_TEMRA_02062026
Reactive Oxygen Species Pathway,0.038128978942213516,0.3363587622542322,1.4812976888759275,PRNP;PRDX2;SOD2;SCAF4;TXN;PFKP;PDLIM1;PRDX6;LSP1;PRDX4,age_changes_CD8_TEMRA_02062026
Androgen Response,0.038262660598029616,0.2934510867256894,1.4708258091455046,TPD52;INPP4B;ELOVL5;UBE2J1;MAF;FKBP5;CDC14B;INSIG1;B4GALT1;XRCC6;DNAJB9;ARID5B;DHCR24;LMAN1;ADAMTS1;PIAS1;GPD1L;NCOA4;SEC24D;CAMKK2;SAT1;RAB4A;ABCC4;ABHD2;HSD17B14;PA2G4;ELL2;UAP1;TMEM50A,age_changes_CD8_TEMRA_02062026
Adipogenesis,0.04197273914462945,0.2602712205117391,1.4470314395419819,RAB34;PLIN2;IFNGR1;PDCD4;GPHN;SLC5A6;RNF11;GPAT4;DHCR7;MGST3;LTC4S;CD302;BCL6;BAZ2A;SULT1A1;CD36;CD151;G3BP2;DNAJB9;NDUFA5;CMPK1;MCCC1;RIOK3;NDUFB7;BCL2L13;RETSAT;ALDOA;TOB1;STOM;MDH2;CHUK;PFKL;SLC25A1;PHYH;PGM1;GBE1;GHITM;ALDH2;FAH;DHRS7;BCKDHA;PEMT;PFKFB3;EPHX2;UBC;SDHC;SLC27A1;COX8A;TANK,age_changes_CD8_TEMRA_02062026
Myogenesis,0.04302766895200783,0.2574050873980583,1.4240232760823583,IGFBP3;GNAO1;SORBS3;PRNP;CLU;TPM3;DAPK2;HDAC5;RB1;CKB;CD36;SH2B1;SVIL;COL6A2;SYNGR2;AGL;SGCD;MYH9;CFD;ACSL1;BHLHE40;LSP1;SPTAN1;SIRT2;PFKM;NCAM1;FHL1,age_changes_CD8_TEMRA_02062026
Glycolysis,0.04465436362699108,0.260450507576294,1.4288739854658985,IGFBP3;VCAN;TGFBI;ECD;GFPT1;PKM;ENO2;PRPS1;MXI1;CD44;TXN;PFKP;B4GALT1;HSPA5;DDIT4;RRAGD;GNPDA1;FAM162A;MIF;AGL;QSOX1;BIK;CXCR4;ISG20;MPI;SLC37A4;CHPF2;ALDOA;CITED2;MDH2;HS2ST1;CTH;KIF2A;GLCE;GUSB;ARPP19;PPIA;CHPF,age_changes_CD8_TEMRA_02062026
KRAS Signaling Dn,0.05526869382291069,-0.3670445485778257,-1.5659471922014054,TCL1A;CHST2;LFNG;PDCD1;CCDC106;IFI44L;NUDT11;MX1;ZBTB16;RSAD2;LYPD3;SLC6A3;PDE6B;PLAG1;OXT;SPHK2;RYR1;BARD1,age_changes_CD8_TEMRA_02062026
G2-M Checkpoint,0.07071141709695926,-0.3219122177452925,-1.4977118287142397,CKS2;SMC4;MAPK14;MKI67;NDC80;NASP;GINS2;CENPF;RBM14;EZH2;CKS1B;MYBL2;AURKB;KIF11;TACC3;MTF2;FBXO5;HNRNPD;CCNB2;CUL3;TENT4A;RPA2;BARD1;SLC12A2;HIRA;KIF23;CTCF;UBE2S;LBR;CDC6;CDC45;CDC20;KPNA2;ABL1;E2F1;STAG1;AMD1;NUSAP1;XPO1;MARCKS;EXO1;RAD54L;PLK1;BUB1;TGFB1;STIL;BIRC5;DTYMK;TROAP;UBE2C;SMC2;SFPQ;KMT5A;CENPE;CDK1;NEK2;CHMP1A;POLQ;HMMR;STMN1;TOP1;PLK4;CCNF;KIF15;PBK;TNPO2;MEIS1;E2F4;UPF1;TTK;CASP8AP2;AURKA;KIF2C,age_changes_CD8_TEMRA_02062026
Hypoxia,0.08234224149993004,0.23847953407062666,1.3316610123756982,IGFBP3;TPD52;PLIN2;TGFBI;ENO2;BCL2;GPI;MXI1;PFKP;PNRC1;ERRFI1;ANXA2;HSPA5;DDIT4;RRAGD;IDS;FAM162A;MIF;MYH9;CXCR4;ISG20;BHLHE40;SLC37A4;ALDOA;VHL;CITED2;S100A4;ATF3;HK1;PFKL;SLC25A1;PDGFB;RORA;PGM1;KLHL24;GBE1;GAA;BNIP3L;PLAUR,age_changes_CD8_TEMRA_02062026
mTORC1 Signaling,0.10302399608227228,0.2271434239361353,1.2765366882980773,SKAP2;CCNG1;ELOVL5;TUBA4A;HSPA9;DHCR7;ETF1;CANX;INSIG1;GPI;HSP90B1;HSPA5;DDIT4;SYTL2;RPN1;TCEA1;FGL2;GMPS;SSR1;CXCR4;BHLHE40;SLC37A4;ALDOA;GGA2;DHCR24;PPA1;LTA4H;PSME3;CALR;CTH;SERP1;NUP205;UFM1;SLC7A5;SLC1A4;PFKL;RAB1A;PPIA;DAPP1;PGM1;GBE1;YKT6;UBE2D3;CYP51A1;ASNS;UCHL5,age_changes_CD8_TEMRA_02062026
Cholesterol Homeostasis,0.10614593535749267,0.2789017954732235,1.2890782433649395,ANTXR2;CLU;ETHE1;DHCR7;ACSS2;ABCA2;ANXA5;PNRC1;ERRFI1;PMVK;SREBF2;LGALS3;CXCL16;ATF3;CTNNB1;ATF5;GUSB,age_changes_CD8_TEMRA_02062026
KRAS Signaling Up,0.10715198228505726,0.23378201801396406,1.277063646469258,IGFBP3;CFH;NAP1L2;CDADC1;IL7R;PCSK1N;PRDM1;CTSS;MAP4K1;IL10RA;CD37;RABGAP1L,age_changes_CD8_TEMRA_02062026
Notch Signaling,0.17336488812392425,-0.4168867761585932,-1.349926634348051,LFNG;PRKCA;RBX1;NOTCH1;HES1;DLL1;DTX1;PSENEN;ST3GAL6;JAG1;ARRB1;DTX4;FZD1,age_changes_CD8_TEMRA_02062026
TGF-beta Signaling,0.1806392235609103,-0.36772255265305814,-1.3704573592627565,ID3;NOG;SMURF2;SMAD7;PMEPA1;TRIM33;CDK9;CDKN1C;FURIN;SERPINE1;TGFB1;HDAC1;LTBP2;BCAR3,age_changes_CD8_TEMRA_02062026
Pperoxisome,0.20620959843290892,0.2393500807513865,1.1774163162762727,TSPO;GSTK1;ELOVL5;PABPC1;CNBP;SOD2;HSD17B11;CADM1;ACSL5;RETSAT;ACSL1;DHCR24;MVP,age_changes_CD8_TEMRA_02062026
TNF-alpha Signaling via NF-kB,0.3457441799141114,0.18959475605646,1.0911052036111017,IL7R;BCL2A1;RIPK2;KYNU;MSC;SERPINB8;BCL6;ICAM1;SOD2;PDE4B;CD44;PNRC1;B4GALT1;LITAF;CSF1;RELA;BHLHE40;EHD1;TRAF1;MAP3K8;PER1;TNIP1;RHOB;TRIP10;ATF3;PANX1;IL15RA;AREG;G0S2;MXD1;BTG3;CCL5;PLAUR;SMAD3;TUBB2A;IFNGR2;PFKFB3;SAT1;BTG1,age_changes_CD8_TEMRA_02062026
Apical Surface,0.3558599477274176,-0.36772662533831246,-1.2397269457549507,SULF2;IL2RG;MAL;LYPD3;GAS1;APP;LYN;DCBLD2;ATP8B1;GSTM3;CD160;BRCA1;TMEM8B;IL2RB,age_changes_CD8_TEMRA_02062026
Apical Junction,0.36720535422788114,0.19862230308931947,1.0753833770613979,SORBS3;VCAN;SKAP2;TGFBI;VCAM1;SGCE;INSIG1;ICAM1;AKT3;B4GALT1;EXOC4;PECAM1;ZYX;CTNNA1;MYH9;ARHGEF6;TRAF1;PIK3CB;CDK8;MPP5;LDLRAP1;NEXN;ADAM15,age_changes_CD8_TEMRA_02062026
UV Response Up,0.3937894434882387,-0.2690672144194043,-1.2020700580118873,E2F5;CYB5B;POLR2H;DNAJA1;HSPA2;MARK2;AGO2;CHKA;CDC34;CCND3;SLC25A4;AP2S1;PRKACA;POLG2;CCNE1;NPTXR;NAT1;TYRO3;LYN;RRAD;DGAT1;IRF1;BAK1;TST;CHRNA5;CDKN1C;FURIN;EPHX1;CASP3;AMD1;CNP;CDC5L;GCH1;BID;NR4A1;FKBP4;GLS;FGF18;PPAT;ATP6V1F;ACAA1,age_changes_CD8_TEMRA_02062026
Pancreas Beta Cells,0.4413871204701273,0.32146029552891175,1.0365566420233905,SPCS1;AKT3,age_changes_CD8_TEMRA_02062026
Angiogenesis,0.4887196460535648,0.26413436431284454,1.0110684580969616,VCAN;TIMP1,age_changes_CD8_TEMRA_02062026
E2F Targets,0.49890833173965704,-0.24247977069767462,-1.120689876300905,CKS2;SMC4;TP53;MKI67;NASP;NME1;SNRPB;EZH2;RPA3;CKS1B;MYBL2;AURKB;TACC3;HNRNPD;NOP56;PCNA;RRM2;CCNB2;DCTPP1;RPA2;BARD1;TRIP13;EXOSC8;CCNE1;CTCF;UBE2S;DSCC1;LBR;CDC20;KPNA2;CBX5;STAG1;XPO1;RANBP1;CCP110;PLK1;BUB1B;SPC25;BRCA1;DNMT1;BIRC5;CENPE;CDK1;DEPDC1;HMMR;STMN1;MRE11;TIPIN;TK1;CIT;PLK4;HELLS;DLGAP5;NAA38;MCM4;NUP153;AURKA;KIF2C;SMC3;TFRC;SMC6;CDC25A;UBE2T;SPAG5;PAICS;SMC1A;CENPM;DIAPH3;JPT1;DDX39A;MCM7;GINS1,age_changes_CD8_TEMRA_02062026
UV Response Dn,0.5035140562248996,-0.2526999443362469,-1.098770079353786,DAB2;RXRA;MAPK14;SYNJ2;PRKCA;DBP;FHL2;SMAD7;ICA1;MRPS31;NFKB1;TENT4A;DLG1;SPOP;CACNA1A;FZD2;IGF1R;PRKAR2B;PTEN;KALRN,age_changes_CD8_TEMRA_02062026
PI3K/AKT/mTOR  Signaling,0.5044809010773751,0.19756127966991854,0.9986677105335581,THEM4;ARHGDIA;ARF1;HSP90B1;PRKAR2A;MYD88;PLCB1;CXCR4;CDK2;YWHAB;MAPK8;CALR;RAF1;DAPP1;CAB39L;PTPN11;MAPKAP1;UBE2D3;MKNK1;GRB2;CLTC;CDKN1B;GSK3B;PAK4;PLCG1;AKT1S1;ACACA;RIPK1;PIN1;IRAK4;NOD1;RPS6KA1;PLA2G12A;AP2M1;RAC1;RALB;SQSTM1,age_changes_CD8_TEMRA_02062026
DNA Repair,0.5194647638171734,-0.2557011748676318,-1.1344442518248012,GTF2H5;PDE6G;BOLA2;TP53;POLR2G;RBX1;NME1;NELFB;TYMS;POLR2H;RPA3;ADA;VPS37D;TSG101;PCNA;ZWINT;RPA2;CSTF3;SRSF6;ALYREF;RAD51;ZNF707;TAF12;PRIM1;TAF10;DAD1;AK1;SAC3D1,age_changes_CD8_TEMRA_02062026
Bile Acid Metabolism,0.56053916147989,0.1944613005330496,0.9710653236291863,NR3C2;GSTK1;ABCA2;HSD17B11;PEX16;ACSL5;RETSAT;ACSL1;DHCR24;OPTN;PFKM;ABCA3,age_changes_CD8_TEMRA_02062026
Oxidative Phosphorylation,0.5622924598828213,-0.22790128292547437,-1.058190653894383,FXN;ECH1;TIMM8B;SLC25A11;NDUFA7;TIMM13;ATP6V1D;ATP5F1C;NDUFS2;NDUFB2;NDUFA2;ATP5PF;NDUFB3;PDHB;NDUFA9;ATP6V1E1;MRPS12;MDH1;NDUFB8;NDUFC2;CYB5A;SLC25A4;ATP5MC3;HSD17B10;ACADM;UQCRC2;MTX2;MRPL15;SDHD;SLC25A20;PDP1;NDUFA8;ATP5PO;CYCS;MRPS11;TIMM17A,age_changes_CD8_TEMRA_02062026
Wnt-beta Catenin Signaling,0.5748011888825141,-0.2910982991551612,-1.0357991852634825,TP53;AXIN1;NOTCH1;DLL1;GNAI1;HEY2;LEF1;FRAT1;TCF7;NKD1;ADAM17;JAG2;JAG1;FZD1;SKP2,age_changes_CD8_TEMRA_02062026
Estrogen Response Late,0.6978108166013711,0.16894540284665904,0.9078634973830957,ELOVL5;PDCD4;TJP3;DYNLT3;PERP;FKBP5;DHCR7;S100A9;CKB;BCL2;SERPINA1;CD44,age_changes_CD8_TEMRA_02062026
Hedgehog Signaling,0.7171488150403813,-0.288625939403313,-0.9607452987326435,HEY2;CDK5R1;LDB1;NRCAM;TLE1;RTN1;OPHN1;VEGFA;CELSR1;ACHE;DPYSL2;GLI1;HEY1;NRP2;ETS2;L1CAM;NRP1;SLIT1;ADGRG1,age_changes_CD8_TEMRA_02062026
Estrogen Response Early,0.7359206660137121,0.16270563885252518,0.8810117866066696,ELOVL5;TJP3;DYNLT3;FKBP5;DHCR7;BCL2;ISG20L2;CD44;B4GALT1;SVIL;SLC22A5;GAB2;LRIG1;SLC39A6;BHLHE40;CANT1;TOB1;SH3BP5;ENDOD1;AFF1;ABCA3;NADSYN1;SLC7A5;SLC1A4;AREG;MYBBP1A;ABLIM1,age_changes_CD8_TEMRA_02062026
Myc Targets V2,0.8244440346419692,-0.2278825289787972,-0.8931053600336464,BYSL;PPAN;IPO4;NOP56;DCTPP1;SORD;HK2;PHB;PLK1,age_changes_CD8_TEMRA_02062026
Spermatogenesis,0.8330130043985466,-0.21072788623542554,-0.8625179359716815,EZH2;POMC;HSPA2;IFT88;TLE4;CCNB2;TKTL1;SLC12A2;SCG5;HSPA1L;GSTM3;IP6K1;MAP7;CSNK2A2;BUB1;CDK1;NEK2;PCSK4;TALDO1;RFC4;DMC1;DPEP3;CHFR;PIAS2;TTK;AURKA;KIF2C;AGFG1,age_changes_CD8_TEMRA_02062026
Mitotic Spindle,0.9272491752725187,-0.16621342019327492,-0.7738620552997232,SMC4;NDC80;RANBP9;PREX1;CENPF;KIF11;PIF1;FBXO5;RALBP1;CCNB2;YWHAE;MYO1E;FGD4;DLG1;GSN;KIF23;RAB3GAP1;CCDC88A;ABL1;SAC3D1;PKD2;ARL8A;TIAM1;NUSAP1;MARCKS;FGD6;SOS1;FSCN1;PLK1;BUB1;CTTN;SORBS2;OPHN1;BIRC5;CENPE;CDK1;NEK2;NET1;ANLN;DOCK4;NEDD9;CDC42EP1;BIN1;KIF15;PLEKHG2;DLGAP5;TTK;AURKA;KIF2C;MYO9B;SMC3;NCK2,age_changes_CD8_TEMRA_02062026
Xenobiotic Metabolism,0.9473847772040543,-0.15812156325548127,-0.7004469941994241,ECH1;DDAH2;GSTO1;HES6;IRF8;JUP;SPINT2;GSTM4;CYB5A;ESR1;TNFRSF1A;LONP1;TPST1;ITIH4;NMT1;CYP2J2;EPHX1;CSAD;SERPINE1;ACSM1;GCH1;IDH1;SERTAD1;MCCC2;ACP2;CYP2S1;ABCC2;SLC6A6;SLC22A1;POR;ASL;LPIN2;MPP2;SAR1B;DDT;ATP2A2;NQO1;GCNT2;DCXR,age_changes_CD8_TEMRA_02062026
Allograft Rejection,0.0,0.5043174129343925,2.2008328959524897,CCL5;TIMP1;F2R;KLRD1;CD4;STAT4;FAS;IL15;IL2RA;CTSS;TPD52;FLNA;NCF4;CAPG;IL2RB;CDKN2A;CD40LG;CD40;GZMB;MAP4K1;FGR;CCL4;TNF;CCR2;ACVR2A;KRT1;GCNT1;CSF1;IFNG;DEGS1;NLRP3;RIPK2;BCL3;IL12RB1;SRGN;PRF1;SPI1;TLR3;FASLG;IL18RAP;TLR6;JAK2;ICAM1;GZMA;ITGAL;TAPBP;PF4;NCR1;IL2;CCR5;IL7;HLA-DQA1;CD74;LYN;BCAT1;IFNGR1;HLA-G;TLR2;IL12A,age_changes_CD8_naive_SOX4-_02062026
Oxidative Phosphorylation,0.0,-0.4926576021729676,-2.870942213370186,SLC25A5;TIMM13;ATP5F1C;TIMM8B;CYB5A;SLC25A11;NDUFB3;ATP5PF;FXN;ATP6V1D;HSD17B10;UQCRH;ATP5MC3;ATP5MC1;NDUFA2;SLC25A3;BDH2;NDUFB6;MRPS11;SUCLG1;NDUFB2;COX7B;DECR1;NDUFA7;TIMM10;NDUFC2;ATP5MF;PDHB;ETFB;TIMM9;TOMM22;VDAC1;NDUFS6;UQCRQ;NDUFB8;COX6C;NDUFS4;UQCR10;ECH1;ACADM;POLR2F;ATP5F1E;ATP5ME;NDUFS2;MDH1;ATP5PO;ATP1B1;MRPL15;ACAA2;MRPS12;UQCRC2;CYC1;ATP6V0B;MRPL34;NDUFB1;SDHD;COX6A1;BAX;SLC25A20;ATP5F1B;COX7A2L;NDUFA8;MTX2;NDUFA1;COX6B1;ATP6V1F;COX5A;ATP5MG;NDUFB4;LDHB;ATP5PB;ACAA1;MRPL11;SLC25A6;NDUFS8;MRPS15;NDUFA9;SDHC;IDH2;NDUFA6;ECHS1;IDH1;CYCS;UQCRB;AIFM1;LDHA;NDUFB5,age_changes_CD8_naive_SOX4-_02062026
Myc Targets V1,0.0,-0.49794580286503315,-2.802048584377784,LSM2;CCT2;SERBP1;NME1;HDDC2;PSMA4;PSMA7;CTPS1;APEX1;HSPE1;PHB;NHP2;NOP56;PSMB2;EIF3J;SLC25A3;SSBP1;GNL3;TXNL4A;CCT3;SMARCC1;C1QBP;ABCE1;TRIM28;COPS5;IMPDH2;HDGF;CCT5;SNRPG;SET;EIF3B;VDAC1;PSMA1;HSP90AB1;PSMD14;SYNCRIP;POLD2;PCNA;PSMB3;HPRT1;HNRNPA2B1;FBL;POLE3;PCBP1;PSMD8;SRM;LSM7;KPNA2;SSB;DDX21;CYC1;PSMA2;PPIA;EIF4A1;RANBP1;HNRNPD;SNRPB2;FAM120A;HDAC2;CDK4;EXOSC7;SRSF3;RPS10;COX5A;PA2G4;GSPT1;MCM7;PSMC4;TFDP1;PSMC6;SNRPD3;RRP9;RFC4;NOP16;RAD23B;CLNS1A;EEF1B2;ILF2;SNRPD1;ACP1;LDHA;RPL22;RSL1D1;RPS5;PHB2;NDUFAB1;RACK1;HNRNPC;DDX18;IFRD1;RPS2;RPL6;TUFM;PWP1;NAP1L1;RPS6;AIMP2,age_changes_CD8_naive_SOX4-_02062026
Coagulation,0.0,0.5340747986497758,2.1414266935707635,CAPN2;CRIP2;TIMP1;CPQ;PDGFB;PLEK;CFH;ANXA1;CTSH;LRP1;CSRP1;CLU;APOA1;PRSS23;DPP4;F8;DUSP6;C1R;SERPINA1;ANG;F12;SERPING1;THBS1;A2M;PF4;SPARC;KLKB1;ITGA2;C8G;CTSB;GP9;CTSO;RAPGEF3;SERPINB2;THBD;F2RL2,age_changes_CD8_naive_SOX4-_02062026
Complement,0.0,0.4628105937412597,2.0401388407661285,CCL5;ANXA5;LGALS3;TIMP1;CPQ;PDGFB;PLEK;CFH;GATA3;CTSS;CASP1;GZMK;CD40LG;CTSH;APOBEC3G;GZMB;LRP1;CSRP1;F5;CLU;DPP4;ITGAM;RBSN;F8;HPCAL4;PIM1;DUSP6;C1R;C4BPB;SERPINA1;S100A12;S100A9;ANG;CD36;MT3;HSPA1A;JAK2;SERPING1;GZMA;LIPA;PIK3R5;KLKB1;PLAUR;SPOCK2;FCN1;XPNPEP1;CDA;CD59;LYN,age_changes_CD8_naive_SOX4-_02062026
Myc Targets V2,0.0,-0.5520563639984263,-2.6111789476982676,IPO4;HSPE1;PHB;DCTPP1;NOP56;GNL3;PPAN;NDUFAF4;BYSL;MPHOSPH10;MRTO4;SRM;EXOSC5;TBRG4;SLC19A1;SORD;CDK4;PA2G4;TMEM97;RRP9;NOP16;TFB2M;WDR43,age_changes_CD8_naive_SOX4-_02062026
IL-2/STAT5 Signaling,0.0,0.5333167444098645,2.336871734626447,CST7;ANXA4;AHNAK;TNFRSF4;PTGER2;IL10RA;HOPX;TNFRSF1B;ADAM19;CCR4;SYT11;IL2RA;CTLA4;BHLHE40;CAPG;BATF;IL2RB;PRNP;XBP1;MAP3K8;GALM;GLIPR2;TRAF1;MYO1C;SH3BGRL2;PHTF2;IL18R1;SLC39A8;CSF1;TNFRSF18;AHR;ALCAM;PIM1;DHRS3;LRIG1;FGL2;CYFIP1;EOMES;NDRG1;RHOB;P4HA1;KLF6;BCL2L1;CKAP4;EMP1;TNFRSF9;SERPINB6;BCL2;GABARAPL1;PHLDA1;IFNGR1;SMPDL3A;WLS;SELP;RABGAP1L;SYNGR2;TIAM1;SLC1A5;SOCS2;TLR7;ECM1;IRF6;UCK2;FLT3LG;CTSZ;RORA;PRKCH;F2RL2,age_changes_CD8_naive_SOX4-_02062026
Inflammatory Response,0.0,0.476306156205138,2.0803398256578096,CCL5;GPR183;SLAMF1;PTGER2;IL10RA;TIMP1;CD82;IL15RA;TNFRSF1B;CD70;IL15;IL2RB;CD40;ICAM4;IL18R1;ACVR2A;KCNA3;CSF1;CDKN1A;AHR;BST2;SRI;NLRP3;RIPK2;NOD2;CSF3R;TLR3;GNA15;PROK2;SLC4A4;FPR1;IL18RAP;ICAM1;CMKLR1;TAPBP;KLF6;BEST1;PIK3R5;CXCR6;MARCO;PLAUR;AQP9;TNFRSF9;LYN;SLC7A1;CXCL8;ADM;LY6E;TLR2;SGMS2;EMP3;AXL;LTA;GABBR1;RELA;LAMP3;CYBB;ADGRE1;TLR1;ADORA2B;SPHK1;TNFAIP6;MEFV;CD14;SCN1B;EREG;PTAFR,age_changes_CD8_naive_SOX4-_02062026
Myogenesis,0.00010984925302507943,0.45609208806350643,1.941866599609311,IGFBP3;ITGB1;FXYD1;BHLHE40;FHL1;SORBS3;PRNP;CLU;MYO1C;CDKN1A;PSEN2;GNAO1;PFKM;CRAT;TNNC2;PTP4A3;DAPK2;CD36;KLF5;NAV2;SORBS1;SPARC;PDLIM7;WWTR1;RB1;CHRNA1;NCAM1;SGCA;PVALB;TPM3;CNN3;ADAM12;IGFBP7;SYNGR2;APP;MAPRE3;GAA;MYLK;EPHB3;PGAM2;REEP1;SH2B1;LARGE1;TPD52L1;ITGA7;ADCY9;ATP2A1;MAPK12;PPFIA4;SPHK1;CFD;ITGB5;MYH9;RYR1,age_changes_CD8_naive_SOX4-_02062026
KRAS Signaling Up,0.00012554200345723363,0.45129090702398367,1.9642010540934463,PRDM1;IGFBP3;ADAM8;IL10RA;TNFRSF1B;WNT7A;NAP1L2;CFH;CTSS;KIF5C;TRAF1;MAP4K1;F2RL1;ACE;PCSK1N;DUSP6;BIRC3;CAB39L;PLEK2;GNG11;CD37;FLT4;LCP1;CMKLR1;HKDC1;GPRC5B;EMP1;TSPAN7;PLAUR;CSF2RA;PPBP;TMEM176A;VWA5A;EVI5;F13A1;MAP7;ITGA2;GALNT3;PDCD1LG2;RABGAP1L;FGF9;EPB41L3;TLR8;GFPT2,age_changes_CD8_naive_SOX4-_02062026
Interferon Gamma Response,0.0001464656707001059,0.4419853339266452,1.968730672787739,CCL5;ZBP1;IL10RA;IL15RA;STAT4;FAS;IL15;CFH;SLAMF7;CASP1;CASP8;HLA-DRB1;IL2RB;CD40;PFKP;UPP1;ARID5B;IL18BP;CDKN1A;LATS2;BST2;PIM1;XCL1;SRI;RIPK2;C1R;FGL2;ZNFX1;CMTR1;ITGB7;FCGR1A;PTPN1;FPR1;JAK2;ICAM1;SERPING1;GZMA;CMKLR1;TXNIP;TAPBP;OASL;SECTM1;P2RY14;ADAR;IL7;HLA-DQA1;MVP;CD74;PARP12;HLA-G;MTHFD2;LY6E,age_changes_CD8_naive_SOX4-_02062026
Epithelial Mesenchymal Transition,0.0001757588048401271,0.4510680270054361,1.8783228672487926,IGFBP3;LGALS1;ITGB1;TGFBR3;GLIPR1;TIMP1;FAS;IL15;FLNA;CAPG;ENO2;LRP1;ACTA2;SGCB;PLOD3;CADM1;VCAN;VIM;DST;THBS1;IL32;RHOB;SPARC;PLAUR;TPM4;ANPEP;CD59;WIPF1;CXCL8;ADAM12;ITGA2;IGFBP4;EMP3;MYL9;ECM1;TNFRSF12A;MYLK;SDC4;MAGEE1;GPC1;LOXL2;GAS1;SAT1;NOTCH2;PFN2;APLP1;COL16A1;ITGB5;FZD8;FERMT2;PVR;CXCL1;TAGLN;ITGA5;VEGFA;FBN1;PPIB;COL8A2;COL5A2;ECM2;CALU;COL5A3;COL7A1;LOXL1,age_changes_CD8_naive_SOX4-_02062026
IL-6/JAK/STAT3 Signaling,0.00019528756093347452,0.48413224423885554,1.9202467672074122,IL15RA;TNFRSF1B;FAS;IL2RA;MAP3K8;TNF;IL18R1;CSF1;PIM1;IL12RB1;CSF3R;PTPN1;HMOX1;CD36;A2M;PF4;PIK3R5;IL9R;IL7;CSF2RA;IFNGR1;TLR2;IL13RA1;CSF2RB;TNFRSF12A;HAX1;TNFRSF21;CD14;CCR1;STAT3;OSMR;MYD88;CXCL1;TYK2,age_changes_CD8_naive_SOX4-_02062026
TNF-alpha Signaling via NF-kB,0.001358136219219164,0.4065383675552807,1.7967406034202007,CCL5;GPR183;IL15RA;PLEK;BHLHE40;BCL2A1;MAP3K8;TRAF1;CLCF1;CFLAR;SMAD3;MSC;F2RL1;CCL4;TNF;CSF1;CDKN1A;RIPK2;TNIP1;BCL3;DRAM1;SQSTM1;DUSP4;BIRC3;SERPINB8;ICAM1;PANX1;ZC3H12A;RHOB;KLF6;SLC16A6;PHLDA2;PLAUR;TNFRSF9;CEBPD;PHLDA1;TLR2;GFPT2;TANK;DUSP5;CCND1;SDC4;RELA;SOD2;SERPINB2;PTGS2;SAT1;SPHK1;ZFP36;TNFAIP6;ATF3;KYNU;LAMB3;IFIH1;EHD1,age_changes_CD8_naive_SOX4-_02062026
Apoptosis,0.0021969850605015884,0.4112186889813101,1.7620013832016357,TGFBR3;LGALS3;TIMP1;F2R;KRT18;FAS;CASP1;ANXA1;CASP8;ENO2;TSPO;CFLAR;CLU;LMNA;HMGB2;PEA15;TNF;CDKN1A;PSEN2;SQSTM1;PRF1;BIRC3;GNA15;FASLG;HMOX1;TXNIP;RHOB;IGFBP6;BCL2L1;EMP1;IFNGR1;CTNNB1;HGF;APP;CASP6;CCND1;TNFRSF12A;RELA;BCAP31;SOD2;PTK2;MADD;FEZ1;SAT1;CDKN1B;ATF3,age_changes_CD8_naive_SOX4-_02062026
UV Response Dn,0.0022983843709862774,0.4219755704120806,1.7499542643117312,ANXA2;ANXA4;TGFBR3;INPP4B;MAGI2;BHLHE40;KALRN;SFMBT1;ATP2B4;SMAD3;ATXN1;MT1E;ACVR2A;BMPR1A;GCNT1;SRI;PTPRM;PIAS3;NR3C1,age_changes_CD8_naive_SOX4-_02062026
Hypoxia,0.00423888882261483,0.3842821494663833,1.665681529146735,IGFBP3;S100A4;ANXA2;PAM;PDGFB;BHLHE40;TPD52;ENO2;PFKP;MT1E;DDIT4;CDKN1A;STBD1;PIM1;GAPDH;NR3C1;FBP1;HMOX1;UGP2;NDRG1;P4HA1;KLF6;ERRFI1;PLAUR;XPNPEP1;BCL2;KDELR3;PFKL;ADM;DPYSL4;CITED2;GAA;NDST1;CASP6;MXI1;SDC4;GALK1;PGAM2;WSB1;SLC25A1;LARGE1;RORA;GPC1;ADORA2B;CSRP2;CDKN1B;PPFIA4;ZFP36;ATF3,age_changes_CD8_naive_SOX4-_02062026
p53 Pathway,0.004393970121003178,0.38164225468695173,1.6695816057231623,S100A4;STOM;DDB2;CD82;F2R;ZBTB16;PERP;FAS;CGRRF1;CASP1;CDKN2A;GLS2;S100A10;UPP1;DDIT4;CDKN1A;DRAM1;ZNF365;RPS27L;HMOX1;RHBDF2;TXNIP;NDRG1;CCNG1;CEBPA;WWP1;VDR;SEC61A1;PHLDA3;VWA5A;RB1;TGFA;ABHD4;KIF13B;APP;TCN2;CDKN2B;ANKRA2;RXRA;TRAFD1;AEN;RAP2B;OSGIN1;TPD52L1;MAPKAPK3;SAT1;POLH;SPHK1;ATF3,age_changes_CD8_naive_SOX4-_02062026
Estrogen Response Early,0.004628315194123347,0.3840405354770089,1.6730489710624536,SH3BP5;KRT18;MYBL1;BHLHE40;TJP3;MICB;XBP1;DYNLT3;GAB2;PRSS23;ELOVL5;CHPT1;SNX24;RHOD;DHRS3;LRIG1;ENDOD1;SLC27A2;ASB13;JAK2;NAV2;ABHD2;SLC22A5;PAPSS2;MAPT;RAB31;AFF1;SLC1A4;UGCG;BCL2;KRT8;TIAM1;IGFBP4;ELF1;MYOF;ELF3;SEMA3B;CCND1;DLC1;PDZK1;SLC9A3R1;AQP3;REEP1;TPD52L1;ADCY9;SLC7A5;WWC1;ALDH3B1;ESRP2;WFS1;CBFA2T3;ABCA3;FDFT1;MUC1;BLVRB,age_changes_CD8_naive_SOX4-_02062026
Estrogen Response Late,0.00463807957217002,0.38576357257102956,1.655734939816158,PERP;TJP3;ATP2B4;BATF;MICB;XBP1;DYNLT3;PRSS23;TST;DNAJC1;LSR;ELOVL5;CHPT1;SERPINA1;UNC13B;S100A9;SLC27A2;JAK2;ABHD2;SLC22A5;PAPSS2;MAPT;RAB31;AFF1;SLC1A4;BCL2;SLC2A8;MAPK13;CACNA2D2;DLG5;TIAM1;PKP3;CDC20;IGFBP4;DNAJC12;MYOF;SEMA3B;CCND1;PDZK1;SLC9A3R1;LARGE1;TPD52L1;SLC7A5;ZFP36;GPER1;ALDH3B1;WFS1;ABCA3;FDFT1;BLVRB;SFN;SNX10;PTPN6;CDC6;ST14;PTGES;TOP2A;SULT2B1;CDH1;NBL1,age_changes_CD8_naive_SOX4-_02062026
Angiogenesis,0.004770596131374878,0.562515589097337,1.6793602764298334,S100A4;TIMP1;FGFR1;VCAN;PF4;APP;THBD;PTK2;TNFRSF21;PDGFA;JAG2;VEGFA;COL5A2,age_changes_CD8_naive_SOX4-_02062026
DNA Repair,0.007338551859099804,-0.3175195250278625,-1.7785709692354805,PDE6G;ADA;GTF2H5;TAF12;POLR2G;PDE4B;NME1;TP53;POLR2H;ITPA;IMPDH2;MPC2;CSTF3;CETN2;RALA;DGCR8;RBX1;NELFB;PCNA;RPA2;HPRT1;POLR2F;TAF10;SAC3D1;ZNRD1;ALYREF;APRT;NUDT9;POLR1D;DGUOK;NELFCD;BOLA2,age_changes_CD8_naive_SOX4-_02062026
TGF-beta Signaling,0.008219178082191782,-0.3704490460223343,-1.7117678046193125,NOG;PMEPA1;BMPR2;FKBP1A;ID2;SKIL;SMURF2;SPTBN1;TRIM33;TGFBR1;SMAD7;FURIN;ID3;APC;SMURF1;SKI;PPM1A,age_changes_CD8_naive_SOX4-_02062026
Apical Surface,0.011470574631671454,0.4826305072294448,1.57950601234294,GATA3;IL2RB;CRYBG1;MAL;GSTM3;FLOT2;PLAUR;LYN;CD160;APP,age_changes_CD8_naive_SOX4-_02062026
E2F Targets,0.039138943248532294,-0.24362991246346805,-1.4414614245556552,STMN1;SMC4;NME1;PAICS;TP53;CTPS1;NASP;MSH2;CKS2;DCTPP1;NOP56;SNRPB;CDKN2C;EZH2;ING3;CKS1B;TIPIN;SYNCRIP;POLD2;PCNA;GINS4;UBE2T;RPA2;BARD1;UBE2S;KPNA2;SMC1A;TBRG4;RANBP1;HNRNPD;PMS2;EXOSC8;CDK4;PA2G4;GSPT1;PNN;MCM7,age_changes_CD8_naive_SOX4-_02062026
Protein Secretion,0.04253363077131076,0.36292812704932637,1.4470269656820138,PAM;KRT18;CD63;TPD52;ANP32E;TMED10;M6PR;RAB9A;VAMP3;ARF1;DST;GALC;AP2B1;SEC24D;TMED2;ARFIP1;ATP1A1;SGMS1,age_changes_CD8_naive_SOX4-_02062026
Cholesterol Homeostasis,0.051974389431294725,0.37078598912140737,1.4192685131082436,ANXA5;LGALS3;S100A11;ACSS2;CLU;ANTXR2;ALCAM;ABCA2;ERRFI1;PLAUR;CTNNB1;CXCL16;LSS;SEMA3B;TNFRSF12A,age_changes_CD8_naive_SOX4-_02062026
Fatty Acid Metabolism,0.054085777671257294,0.326715510478695,1.410152135568505,LGALS1;PCBD1;LTC4S;GLUL;BLVRA;ENO2;S100A10;ELOVL5;DLST;YWHAH;CBR3;CRAT;SMS;SDHA;CD36;ACSL5;SERINC1;SLC22A5;RAP1GDS1;CPT1A;GABARAPL1;ALDH1A1;MGLL;AQP7;IL4I1;PRDX6;DHCR24,age_changes_CD8_naive_SOX4-_02062026
G2-M Checkpoint,0.0679340229242382,-0.23247263187977424,-1.3599488179237553,STMN1;SMC4;MTF2;NASP;SMC2;CKS2;SMARCC1;SQLE;CDKN2C;TOP1;MAPK14;EZH2;CENPF;CKS1B;HIRA;WRN;SYNCRIP;E2F3;RPA2;CUL3;BARD1;CHMP1A;MT2A;UBE2S;KPNA2;SMC1A;DTYMK;HNRNPD;CBX1;UPF1;ABL1;CDK4;RBM14;GSPT1;TFDP1;TENT4A;RAD23B;HMGN2;SNRPD1;MNAT1;SFPQ;DR1;PRPF4B;LBR;ATF5;SLC12A2;STAG1;HMGA1;DDX39A;PAFAH1B1;CTCF;KMT5A;SLC38A1;JPT1;NCL;GINS2;FANCC;CASP8AP2;LMNB1;TACC3;PDS5B;HMGB3;E2F4;AMD1,age_changes_CD8_naive_SOX4-_02062026
heme Metabolism,0.09066861823600468,0.30796577712569084,1.3493378917589256,OPTN;BLVRA;FN3K;CAST;LRP10;ICAM4;ACSL6;FBXO34;OSBP2;MKRN1;PRDX2;DMTN;PDZK1IP1;ENDOD1;NR3C1;TENT5C;FBXO7;KAT2B;CLIC2;MGST3;HTATIP2;RNF19A;E2F2;ABCG2;NFE2L1;TRAK2;SNCA;LMO2;RHD;VEZF1;CTSB;ANK1;MXI1;ASNS;AQP3;ARL2BP;RIOK3;TAL1;NFE2;ARHGEF12;GYPE;ALDH6A1,age_changes_CD8_naive_SOX4-_02062026
UV Response Up,0.09564579256360078,-0.23346417741937536,-1.2895537778180304,AP2S1;PRKACA;POLR2H;KLHDC3;FKBP4;RASGRP1;POLG2;BAK1;CDC5L;E2F5;BCL2L11;ABCB1;MARK2;DNAJA1;POLE3;NAT1;DDX21;FURIN;CDC34;EPHX1;BID;IGFBP2;NR4A1;PPAT;PDAP1;CASP3;ATP6V1F;PSMC3;AGO2;ACAA1;RFC4;NXF1;CHKA;DGAT1,age_changes_CD8_naive_SOX4-_02062026
Androgen Response,0.1150487843349332,0.32290686997721996,1.3147373125339885,INPP4B;CDC14B;TPD52;MAF;GPD1L;ARID5B;ELOVL5;NKX3-1;SMS;ABHD2;HSD17B14;NDRG1;SEC24D;KRT8;MAP7;XRCC6;DHCR24;IQGAP2;CCND1;PIAS1,age_changes_CD8_naive_SOX4-_02062026
mTORC1 Signaling,0.1411176342683192,-0.20495235509237097,-1.2145290258767671,PHGDH;MLLT11;CD9;ENO1;PSMD13;PSMA4;HSPE1;ATP6V1D;EEF1E1;RDH11;HMBS;MTHFD2L;ATP5MC1;SQLE;COPS5;ABCF2;GLRX;PSMD14;SCD;CACYBP;HPRT1;PSMA3;PPA1;NMT1;PPIA;EBP;CORO1A;SORD;SEC11A;PDAP1;HMGCR;TMEM97;PSPH;PSMC4;PSMC6;GCLC;RRP9;SYTL2;IDH1;RIT1;DDIT3;HMGCS1;LGMN;LDHA;NFKBIB;NAMPT;CCT6A;DHFR;STIP1;PIK3R3;DDX39A;TOMM40;TM7SF2;PDK1;LDLR,age_changes_CD8_naive_SOX4-_02062026
Interferon Alpha Response,0.15371865071317514,0.31150002699952933,1.2723117343056738,IL15;CASP1;LPAR6;CASP8;CSF1;UBA7;BST2;RIPK2;CMTR1;TXNIP;OASL;ADAR;IL7;CD74;PARP12;LY6E;MOV10;ELF1;TRIM26;TRAFD1;LAMP3,age_changes_CD8_naive_SOX4-_02062026
Bile Acid Metabolism,0.17488001081592647,0.3106872574278469,1.2503259409788439,OPTN;GSTK1;APOA1;ATXN1;PEX16;PFKM;SLC27A2;NPC1;ABCA2;ACSL5;CYP27A1;AQP9;NR3C2;ALDH1A1;DHCR24;RXRA;HSD3B7;EPHX2;BCAR3;LIPE;NR1I2;ABCA3;PEX19;SOAT2;PIPOX;CH25H;ACSL1;SULT2B1;GNMT;SLC23A1,age_changes_CD8_naive_SOX4-_02062026
Unfolded Protein Response,0.18806262230919768,-0.22210375061551801,-1.161178984326739,BANF1;DNAJA4;LSM1;NHP2;NOP56;LSM4;TATDN2;CKS1B;GOSR2;ARFGAP1;SRPRB;TTC37;PDIA5;DCP2;ATF4;EIF4A3;EXOSC5;EIF4A1;CNOT4;YIF1A;DDX10;SEC11A;RRP9;CNOT6;KHSRP;EXOSC2,age_changes_CD8_naive_SOX4-_02062026
Apical Junction,0.2152394400755112,0.2790372765958731,1.2176588964130792,ITGB1;ADAM15;CTNNA1;SORBS3;CD99;VCL;ACTN4;TRAF1;ICAM4;CRB3;SYMPK;YWHAH;ADAM23;VCAN;CRAT;PIK3CB;ICAM1;PARVA;GTF2F1;LIMA1;SHC1;MAPK13;ITGA2;CD34;SIRPA;MYL9;CERCAM,age_changes_CD8_naive_SOX4-_02062026
Xenobiotic Metabolism,0.21568116193952738,0.2822456461590078,1.2122629694724238,FAS;DHRS7;UPP1;PTGDS;ELOVL5;ASL;ACSM1;MPP2;CES1;NPC1;PTGES3;FBP1;HMOX1;CD36;CYP27A1;PAPSS2;AQP9;ALDH2;CDA;GABARAPL1;CYP2E1;BCAT1;SSR3;ABCC3;IGFBP4;SLC1A5;CASP6;GSS;TMBIM6;DHRS1;PGRMC1;CYP2S1;CDO1;PDK4;KYNU;DDC;BLVRB;CCL25;PDLIM5;APOE;ARG1;PMM1;PROS1;VNN1;HES6;PEMT;PTGES;SLC46A3,age_changes_CD8_naive_SOX4-_02062026
Spermatogenesis,0.22451672156215544,0.30550209396537875,1.2008062475838255,MLF1;ACE;IL12RB2;PCSK1N;PRKAR2A;NCAPH;GSTM3;SPATA6;TSN;DMC1;PSMG1;NPHP1;PHF7;PACRG;MAP7;TTK;DBF4,age_changes_CD8_naive_SOX4-_02062026
Adipogenesis,0.2894747515716893,0.2629769862712391,1.1558973629463598,STOM;RAB34;LTC4S;APLP2;DHRS7;BAZ2A;TST;REEP5;SULT1A1;CD302;CAVIN2;CRAT;CD36;RMDN3;GPAT4;MGST3;SORBS1;SOWAHC;ALDH2;NABP1;QDPR;MGLL;IFNGR1;GPHN;PFKL;RTN3;SLC1A5;TANK;CMBL;MYLK;BCL2L13;RNF11;EPHX2;SLC25A1;MCCC1;ITGA7,age_changes_CD8_naive_SOX4-_02062026
Hedgehog Signaling,0.31854865967556584,0.3566353944584495,1.1336271758555045,ADGRG1;RTN1;MYH9;HEY2;L1CAM;NF1;VEGFA;OPHN1;CELSR1;VLDLR;PML;NRP2;RASA1;NRP1;SLIT1;HEY1;ETS2;AMOT,age_changes_CD8_naive_SOX4-_02062026
Wnt-beta Catenin Signaling,0.39014410247286957,-0.23710036612205215,-1.033451159693531,TP53;LEF1;TCF7;CCND2;MAML1;NOTCH1;FRAT1;HDAC2;RBPJ;CSNK1E;NKD1;GNAI1;KAT2A;AXIN1,age_changes_CD8_naive_SOX4-_02062026
KRAS Signaling Dn,0.4292908808220104,0.25640817292989393,1.05754180866201,ZBTB16;CD40LG;PDCD1;CLSTN3;KRT1;IFNG;THNSL2;TENT5C;CCR8;DLK2;CALCB;MYO15A;TGM1;PRKN;TCF7L1;ALOX12B;SERPINB2;MYOT;SLC5A5;CACNA1F;MEFV;YPEL1;KCND1;KCNQ2;RYR1;RIBC2,age_changes_CD8_naive_SOX4-_02062026
Glycolysis,0.4320204683214215,0.24214610771646214,1.0627185187020367,IGFBP3;PAM;ENO2;PFKP;PKM;DDIT4;CHPF2;PYGL;VCAN;ANG;UGP2;P4HA1;EGLN3;PKP2;ECD;TGFA;SLC16A3;KDELR3;DPYSL4;B3GNT3;IL13RA1;CITED2;B3GAT1;NOL3;ELF3;CASP6;MXI1;GALK1;PGAM2;CHST12;HAX1;GPC1;G6PD;ADORA2B,age_changes_CD8_naive_SOX4-_02062026
Pancreas Beta Cells,0.44239040424525117,0.37673336287104187,1.0639939091824184,DPP4;VDR;STXBP1;PAK3;LMO2,age_changes_CD8_naive_SOX4-_02062026
Pperoxisome,0.54339600776429,0.2445362540081747,0.9947727125276332,TSPO;GSTK1;ATXN1;ELOVL5;YWHAH;DHRS3;CADM1;CRAT;SLC27A2;ACSL5;SLC25A4;MVP;ALDH1A1;DHCR24;HSD3B7;EPHX2;SOD2;IDE;CEL;NR1I2;CNBP;CRABP2;ACSL4;SEMA3C,age_changes_CD8_naive_SOX4-_02062026
PI3K/AKT/mTOR  Signaling,0.6078569443505561,0.23591928688735828,0.955103222086576,TBK1;ARHGDIA;CDKN1A;PRKAR2A;SQSTM1;CAB39L;FASLG;ARF1;SLA;HSP90B1;DAPP1;TIAM1;IRAK4;RIPK1;RALB;CDKN1B;FGF17;PPP2R1B;MKNK1;NOD1;SFN;MYD88,age_changes_CD8_naive_SOX4-_02062026
Reactive Oxygen Species Pathway,0.6515426397803198,0.25956777676847836,0.9251099249954189,PRNP;PFKP;PRDX2;MGST1;PRDX6;SRXN1;MBP;SOD2;G6PD;TXN;FES;GPX4;TXNRD2;SCAF4;PRDX4;GPX3;PDLIM1;PTPA;MPO;ABCC1;GCLM,age_changes_CD8_naive_SOX4-_02062026
Notch Signaling,0.8761807682865651,0.2418921003794663,0.7806860687077347,CUL1;PSEN2;APH1A;CCND1;ST3GAL6;NOTCH2;FZD1,age_changes_CD8_naive_SOX4-_02062026
Mitotic Spindle,0.924603979359607,0.1612399776881787,0.7190028691708938,FLNA;VCL;ACTN4;TBCD;ARHGAP5;ABR;ARHGDIA;PALLD;PXN;DST;PCGF5;ECT2;LATS1;SORBS2;CDC42EP4;CTTN;EZR;CDC42BPA;TTK;TIAM1;KIF3B;TUBGCP5;PRC1,age_changes_CD8_naive_SOX4-_02062026
Myogenesis,0.03364238941065743,0.4677006673666791,1.5956320614262338,AGRN;PYGM;ERBB3;MYH3;PFKM;FXYD1;CNN3;GSN;MYO1C;NQO1;PLXNB2;BHLHE40;KCNH2;TPM2;IGFBP7;MAPRE3;PC;TNNC1;ACSL1;MYOM1;CDKN1A;MYLPF;ITGB4;DMPK;AK1;TCAP;FOXO4;KLF5;PDLIM7;TNNC2;SH3BGR;TAGLN;FHL1;ADCY9;TNNT3;CKB;DAPK2;MYH11;SCD;ENO3;CD36;PSEN2;SMTN;COL1A1;IGFBP3;MYLK;CRAT;MEF2C;CTF1;CACNA1H;FKBP1B,age_changes_CD8_naive_SOX4__02062026
Coagulation,0.06632356769529607,0.438150232894397,1.4391978219923263,CPQ;CRIP2;GSN;BMP1;MST1;S100A13;F8;GP1BA;LRP1;APOA1;FN1;CAPN2;CTSK;PRSS23;PLEK;F12;DUSP6;C2;TIMP1;C1R;ADAM9;F2RL2;CAPN5;CTSH;DCT;SERPINA1;LEFTY2;CLU;THBS1;MMP11;CASP9;PLAT;GP9;SH2B2;MAFF;ANXA1;CFD;CSRP1;C1S,age_changes_CD8_naive_SOX4__02062026
Angiogenesis,0.06632356769529608,0.5402394360561615,1.4786322636594924,S100A4;FGFR1;VCAN;PTK2;ITGAV;VAV2;FSTL1;VEGFA;TIMP1,age_changes_CD8_naive_SOX4__02062026
Inflammatory Response,0.09443899313134549,0.40470568361590803,1.3837569482486332,C5AR1;C3AR1;CD40;IL15RA;CCRL2;OSM;ADGRE1;ACVR2A;IL18R1;RIPK2;GPC3;ICOSLG;SLC28A2;PLAUR;GP1BA;SCN1B;CDKN1A;CSF3R;TLR2;ICAM1;SLC31A1;LAMP3;DCBLD2;P2RX7;CCL5;LYN;KIF1B;NOD2;SLC31A2;FPR1;CXCL8;PTGER2;CYBB;BEST1;IL1B;NLRP3;PTAFR;PVR;EDN1;CD14;IL15;ACVR1B;AHR;GABBR1;TIMP1;CALCRL;IRAK2;SLAMF1;RGS16;TLR1;TNFSF9;RNF144B;SLC7A1;NMUR1;EREG;GPR132;GPR183;HBEGF;SLC1A2;STAB1,age_changes_CD8_naive_SOX4__02062026
Apical Surface,0.14648857560526263,0.44142373578201455,1.3290175401187423,CD160;EPHB4;GHRL;BRCA1;PLAUR;AFAP1L2;MDGA1;DCBLD2;LYN;ATP8B1,age_changes_CD8_naive_SOX4__02062026
Estrogen Response Late,0.14692798640572835,0.3824011110091793,1.298671879049582,PERP;GINS2;ABCA3;MDK;TJP3;STIL;CACNA2D2;WFS1;SLC29A1;PLK4;MICB;RAB31;TNNC1;RPS6KA2;CELSR2;HOMER2;IMPA2;EGR3;XRCC3;SCARB1;SCNN1A;TSPAN13;FARP1;PRSS23;MAPT;KLF4;RBBP8;SLC22A5;LSR;NBL1;CKB;RAPGEFL1;SLC1A4;CHPT1;TOB1;TOP2A;CA2;DHCR7;CDC20;ALDH3A2;HSPA4L;CDC6;CDH1;SERPINA1;IGFBP4;SLC26A2;MYB;GLA;SLC7A5;PRKAR2B;GALE;DYNLT3;SORD,age_changes_CD8_naive_SOX4__02062026
Apical Junction,0.15491519314336064,0.3797614301940699,1.307796261927015,CRB3;CD274;MDK;ITGA10;FSCN1;ITGA3;BMP1;MPZL2;LAYN;KCNH2;MAPK11;NLGN2;SYK;NRTN;DSC1;THBS3;MAP3K20;NECTIN3;CTNND1;ITGB4;ADAM15;SIRPA;ICAM1;VCAN;MYH10;NEXN;PTK2;GNAI1;VAV2;CTNNA1;TGFBI;TSPAN4;CLDN7;CDH4;PIK3R3;JAM3;CRAT;MPZL1;NLGN3;VCL;MADCAM1;TMEM8B;TAOK2;TRAF1;ADAM23;ATP1A3;ADAM9;JUP;SPEG;CDH1;SRC;CD86;BAIAP2,age_changes_CD8_naive_SOX4__02062026
Epithelial Mesenchymal Transition,0.267937601377736,0.37053725868380344,1.2379547340276438,RHOB;TGFBR3;BMP1;FAS;FSTL3;TPM2;PLAUR;ACTA2;LRP1;PFN2;EFEMP2;SGCB;PCOLCE;FN1;VCAN;BASP1;LOXL1;TAGLN;CALD1;ITGAV;PLOD1;FSTL1;CXCL8;TGFBI;DST;LOXL2;COL1A1;IGFBP3;MYLK;PVR;IL15;VEGFA;TIMP1;GEM;IGFBP4;THBS1;TPM1;COL6A3;CD59;ENO2;PLOD3;MYL9;FUCA1;SERPINH1;QSOX1;MAGEE1,age_changes_CD8_naive_SOX4__02062026
Myc Targets V1,0.49206349206349204,-0.3413644459801536,-1.0,PSMA4;PSMA7;PSMA2;PSMD8;RPL6;SMARCC1;NDUFAB1;DDX21;PCBP1;SSB;PSMB3;C1QBP;RAD23B;MRPL9;POLE3;RPS2;PA2G4;IMPDH2;RACK1;COPS5;SRSF1;EIF2S2;HDGF;EIF3B;COX5A;HNRNPA2B1;PSMC4;RPS6;UBE2L3;SRM;TRIM28;SRSF7;CBX3;HNRNPD;PSMD3;TUFM;SYNCRIP;RPL34;CYC1;NME1;GSPT1;TXNL4A;SNRPG;HDAC2;ACP1;EIF2S1;NOP56;PSMB2;PSMD1;SRSF2;TRA2B;SNRPD1;SLC25A3;APEX1;PHB2;HDDC2;CCT2;RNPS1;EIF4A1;ERH;DEK;SERBP1;SSBP1;RPLP0;EIF3J;IFRD1;RPS3;RPS10;MRPS18B;LSM2;YWHAE;RANBP1;LDHA;VDAC1;PSMD14;CCT3;RSL1D1;RPS5;MCM7;PHB;SNRPD3;PPIA;SF3B3;SET;PSMA1;DUT;NHP2;FAM120A;AP3S1;MYC;GNL3;PSMC6;CCT4;HNRNPU;NCBP2;CTPS1;ABCE1;KPNA2;UBA2;KPNB1;EIF4G2;SRSF3;VBP1;CANX;PPM1G;HNRNPR;PSMA6;YWHAQ;CDK4;STARD7;SNRPD2;PCNA;LSM7;RAN;TARDBP;RPL22;PGK1;FBL;ETF1;HNRNPA3;NOLC1;EXOSC7;HSP90AB1;G3BP1;DHX15;EIF4E;PRPF31;USP1;CNBP;EEF1B2;SRPK1;ILF2;CCT5;VDAC3;SF3A1;SNRPB2;MCM5;TOMM70;RPL18;PRDX3;EIF3D;HSPE1;CCT7;RFC4;GOT2;TCP1;SNRPA;BUB3;NAP1L1;HPRT1;PSMD7;XPO1;CUL1;TFDP1;UBE2E1;DDX18;PWP1;HNRNPC;EIF4H;SNRPA1;RUVBL2;POLD2;NOP16;PABPC4;RRM1;EIF1AX;HNRNPA1;XRCC6;GLO1;PRDX4;PRPS2;AIMP2;MRPL23;RRP9;ODC1;CSTF2;MCM6;ORC2;PABPC1;RPL14;HSPD1;NPM1;CLNS1A;U2AF1;PTGES3,age_changes_CD8_naive_SOX4__02062026
Oxidative Phosphorylation,0.49206349206349204,-0.3552659505548545,-1.0,ATP5PO;TIMM13;NDUFC2;NDUFB8;ATP5F1C;UQCRQ;NDUFB6;IDH2;NDUFS6;SLC25A5;NDUFAB1;ACAA1;TIMM8B;MRPS30;ATP5MF;ATP5PF;NDUFA6;ATP5PB;MRPS15;NDUFA2;NDUFA1;BAX;MRPS12;IDH3G;COX5A;MRPS11;UQCRC1;ATP5ME;MRPL34;SLC25A6;FXN;UQCRFS1;SDHD;NDUFB1;MDH2;ECHS1;CYCS;CYC1;ATP5F1B;MDH1;COX6C;ATP5MC3;IDH3B;NDUFB3;NDUFA7;ETFA;HSD17B10;SDHC;ATP5F1E;SURF1;SDHB;SUCLG1;NDUFB7;ABCB7;PDHB;SLC25A3;PHB2;UQCR10;CYB5A;NDUFB4;COX17;ATP5MC1;NDUFA9;LDHA;VDAC1;ATP5MG;NDUFA8;TIMM10;POLR2F;NDUFS3;ATP6V0C;ACADM;TOMM22;UQCRC2;IMMT;NDUFB2;DECR1;COX7A2L;NDUFA5;SUCLA2;NDUFS2;MRPS22;ACAA2;COX8A;COX7B;ATP6V0B;NNT;AIFM1;COX7A2;MRPL15;UQCR11;ATP6V0E1;COX6B1;ATP6V1G1;NDUFB5;GPI;LDHB;ACO2;ATP5F1D;COX5B;CS;ATP6V1D;SLC25A11;DLD;ATP6AP1;BDH2;ETFB;COX6A1;NDUFS4;GRPEL1;MRPL11;UQCRH;PDHA1;VDAC2;HSPA9;COX7C;ATP5MC2;VDAC3;SDHA;COX10;NDUFS7;CYB5R3;FH;TOMM70;OGDH;OPA1;OXA1L;PRDX3;ECH1;ATP5PD;TIMM50;GOT2;ATP6V1F;NDUFA3;NDUFS1;NDUFV1;MTX2;COX4I1;IDH3A;SLC25A12;NDUFA4;ATP5F1A;SLC25A20;MPC1;NDUFS8;NDUFV2;PMPCA;HTRA2;RHOT2;ACADSB;NDUFC1;COX11;ACADVL;GPX4;TIMM17A;AFG3L2;ALAS1;ACAT1;LRPPRC;CASP7;ATP6V1C1;ISCU;COX15;UQCRB;HADHB;TCIRG1;BCKDHA;PDHX;HADHA;OAT;NQO2;SUPV3L1;MTRF1;ISCA1;PDP1;FDX1;POR;ECI1;ALDH6A1;MRPL35;MGST3;ATP6V1E1;ETFDH;HCCS;ATP6V1H;DLST;TIMM9;MTRR;PHYH;PDK4;IDH1;RHOT1,age_changes_CD8_naive_SOX4__02062026
Estrogen Response Early,0.49278090393896307,0.34643072651929496,1.1776763040877989,ABCA3;TJP3;MYBL1;WFS1;BHLHE40;MICB;RAB31;PEX11A;DEPTOR;RPS6KA2;CELSR2;EGR3;KRT18;MUC1;SCARB1;SCNN1A;TBC1D30;FARP1;ZNF185;MREG;PRSS23;MAPT;KLF4;TMEM164;RBBP8;SLC22A5;SLC19A2;ADCY9;RHOBTB3;GAB2;NBL1;RAPGEFL1;SLC1A4;CHPT1;TOB1;CLDN7;INPP5F;FHL2;ASB13;ENDOD1;SNX24;MPPED2;DHCR7;MINDY1;ABAT;CELSR1;CBFA2T3;IGFBP4;SLC26A2;MYB;GLA;SLC7A5;HES1;LRIG1,age_changes_CD8_naive_SOX4__02062026
KRAS Signaling Up,0.5381821094579169,0.33724743989238,1.1605453870465783,FGF9;WNT7A;C3AR1;PRDM1;MPZL2;PCSK1N;KIF5C;PLAUR;SCN1B;CSF2RA;TPH1;CLEC4A;LAT2;EVI5;TSPAN13;DCBLD2;VWA5A;NAP1L2;KLF4;MAFB;G0S2;CAB39L;ADAM8;PRKG2;IL1B;HDAC9;IGFBP3;PTCD2;TMEM176A;DUSP6;GALNT3;CA2;TRAF1;BTBD3;IRF8;HKDC1;TMEM176B;JUP;MTMR10;RGS16;FBXO4;EPB41L3;DNMBP;MMP11;SPON1;EREG;PTGS2;GNG11;PLAT;HBEGF;TRIB1;F13A1;FUCA1;MAP7;F2RL1;CTSS;ENG;CBX8;CROT;GADD45G;EMP1;SCG5;AMMECR1;TLR8,age_changes_CD8_naive_SOX4__02062026
KRAS Signaling Dn,0.7972809376177621,0.33674232243035906,1.1160895593215505,CPEB3;OXT;ZC2HC1C;P2RX6;ZBTB16;EFHD1;NRIP2;FGGY;KCNQ2;PRKN;GP1BA;TAS2R4;CELSR2;KCNN1;ENTPD7;MAGIX;CACNA1F;SLC5A5;KCNMB1;GPR19;PDCD1;FGF22;EDN1;ALOX12B;YPEL1;TENT5C;CALCB;EDAR;NUDT11;COPZ2;ITGB1BP2;SLC29A3;MSH5;MTHFR;IFNG;C5;TCL1A;DLK2;CD40LG;DTNB;KRT1;CLSTN3;IDUA;ASB7;MAST3;MYO15A;RSAD2;TCF7L1;SLC25A23;GTF3C5;ZNF112;VPS50;BARD1;CCDC106,age_changes_CD8_naive_SOX4__02062026
TNF-alpha Signaling via NF-kB,0.9757894947634019,0.31222457100463563,1.086920692206225,RHOB;IL15RA;SLC16A6;CCRL2;CEBPD;PHLDA1;RIPK2;ICOSLG;BHLHE40;PLAUR;TNF;CDKN1A;EGR3;FUT4;TLR2;ICAM1;SERPINB8;NFIL3;CCL5;TRIP10;KLF4;RNF19B;PLEK;G0S2;ATF3;MAP3K8;TNFAIP2;IL1B;SPSB1;B4GALT5;EGR1;EDN1;VEGFA;ACKR3;DRAM1;KYNU;TRAF1;EGR2;GEM;BCL6;DUSP5;FOSL1;MARCKS;SIK1;CXCL3;BCL3;BCL2A1;SMAD3;TNFSF9;PANX1;RCAN1;CXCL2;SLC2A6;HES1;PTGS2;GPR183;DNAJB4;DUSP4;HBEGF;PHLDA2;TRIB1;CCL4;MAFF;NR4A3;ABCA1;IFIT2;CCND1;F2RL1;LDLR;ETS2;IL18;RELB,age_changes_CD8_naive_SOX4__02062026
Fatty Acid Metabolism,1.0,0.2105021780206434,0.7229452530441428,BLVRA;LTC4S;GPD2;DHCR24;EHHADH;ACSL1;RETSAT;SLC22A5;PCBD1;G0S2;CPT1A;ENO3;CD36;TP53INP2;CRAT;CA2;CD1D;REEP6;ALDH3A2;ACSM3;CBR3;ACSL4;PPARA;SUCLG2;ENO2;ACOX1;CPOX;BPHL;ALDH1A1;S100A10;FASN;NCAPH2;CPT2;EPHX1;IL4I1;MGLL;D2HGDH;ADIPOR2;IDH1;GLUL;AQP7;GSTZ1;DLST;SMS;RDH16;CA6;HCCS;NSDHL;MLYCD;UGDH;PTS;ETFDH;HSDL2;ECI1;LGALS1;ECI2;ACOT2;HMGCS1;GABARAPL1;ACSL5;MCEE;HMGCL;ALAD;YWHAH;ACADS;ODC1;ACOT8;RAP1GDS1;GCDH;PRDX6;UROS;HADHB;CCDC58;ERP29;KMT5A;UROD;CRYZ;CBR1;ACADVL;HPGD;AUH,age_changes_CD8_naive_SOX4__02062026
PI3K/AKT/mTOR  Signaling,1.0,0.09586960531378338,0.32173314282933047,TBK1;DUSP3;CDKN1A;E2F1;CAB39L;PIK3R3;FGF22;RALB;VAV3;PPP2R1B;NOD1;SLC2A1;PAK4;MKNK1;AKT1S1;PLA2G12A;TRIB3;CDK1,age_changes_CD8_naive_SOX4__02062026
Androgen Response,1.0,0.2157913593816645,0.7189003023375868,HSD17B14;CDC14B;MAF;DHCR24;HOMER2;GPD1L;CENPN;NKX3-1;FADS1;ITGAV;SCD;PGM3;ABCC4;SLC26A2;SEC24D;SORD;MAP7;STEAP4;HERC3;ELL2;CCND1;ABHD2;TPD52;INPP4B;CAMKK2;SAT1;MAK;RRP12;PMEPA1;SMS;UAP1;HMGCR;SRF;PLPP1;PDLIM5;HMGCS1;ANKH;NDRG1;TSC22D1;SPCS3;ZMIZ1;IQGAP2;STK39;XRCC6;GSR;DNAJB9,age_changes_CD8_naive_SOX4__02062026
Myc Targets V2,1.0,0.1503343406607858,0.48450389076320727,PLK4;SLC29A2;HK2;PLK1;MCM4;MAP3K6;SORD;BYSL;SLC19A1;RRP12;NOC4L;IMP4;PRMT3;RCL1;UTP20;IPO4;SUPV3L1;NPM1;HSPD1;LAS1L;TMEM97;MRTO4;MYBBP1A;RRP9;AIMP2;PPRC1;UNG;NOP2;TFB2M;PUS1;NOP16;PES1;DDX18;TBRG4;WDR74;MPHOSPH10;GRWD1,age_changes_CD8_naive_SOX4__02062026
Allograft Rejection,1.0,0.2940359176979938,1.0205945300771093,CD40;NCF4;ACVR2A;RIPK2;ICOSLG;FAS;BRCA1;TNF;GCNT1;TLR2;ICAM1;HLA-DOB;KLRD1;IGSF6;CCL5;LYN;F2R;STAT4;IL1B;NLRP3;HDAC9;IL12A;IRF4;IL15;GZMB;ELF4;C2;FGR;TIMP1;FCGR2B;IRF8;CD1D;HLA-G;BCL3;SPI1;TLR1;CD86;HLA-DQA1;DYRK3;EREG;IFNG;CCL4;IL2RA;STAB1;TLR6;SOCS5;IL12RB1;BCAT1;CD40LG;CD4;CCR1;CTSS;SRGN;CDKN2A;KRT1;TPD52;LY86;HLA-DMB;IL18,age_changes_CD8_naive_SOX4__02062026
Apoptosis,1.0,0.23791159744799664,0.8170292344161245,RHOB;TGFBR3;ERBB3;GSN;FAS;BRCA1;TNF;CDKN1A;EGR3;NEFH;KRT18;CTH;ERBB2;LGALS3;IGFBP6;BCL2L2;PTK2;RETSAT;BIK;LMNA;F2R;ATF3;IL1B;PSEN2;FDXR;TOP2A;CD14;PEA15;TIMP1;WEE1;HMOX1;CLU;EREG;BMF;CASP9;ENO2;PLAT,age_changes_CD8_naive_SOX4__02062026
Wnt-beta Catenin Signaling,1.0,0.25467200817057717,0.7789834878512533,DLL1;HDAC11;NKD1;NOTCH4;GNAI1;PTCH1;PSEN2,age_changes_CD8_naive_SOX4__02062026
Cholesterol Homeostasis,1.0,0.2597078621237353,0.8481036729178818,CXCL16;ACSS2;PLAUR;FADS2;LGALS3;ERRFI1;ANXA5;NFIL3;CPEB2;GNAI1;ATF3;SCD;ABCA2;DHCR7;LSS;CLU;STARD4;CYP51A1;TP53INP1;TRIB3;ALCAM;FASN;LDLR;ANTXR2;TNFRSF12A;MVK;FDFT1;CHKA;FBXO6;ATF5;SREBF2;NSDHL;HMGCR,age_changes_CD8_naive_SOX4__02062026
Adipogenesis,1.0,0.21950668052160716,0.7641528103933596,LTC4S;SLC25A10;GPD2;ITSN1;ALDH2;ENPP2;ELOVL6;SCARB1;PHLDB1;RAB34;STOM;RETSAT;FAH;SLC1A5;CMBL;GPAM;CD36;TOB1;CD302;MYLK;CRAT;NKIRAS1;DHCR7;BCL6;REEP6;MAP4K3;GPHN;QDPR;NABP1;SULT1A1;ACOX1;CDKN2C;LIPE;SLC5A6;APLP2;COQ3;SLC27A1;SLC19A1;ITGA7;DHRS7B;ABCA1;EPHX2;PEX14;GBE1;RMDN3;CPT2;DLAT;CD151;MIGA2;CHUK;MGLL;PREB;AGPAT3;DBT;ADIPOR2;DHRS7;RREB1;IDH1;PHYH;RETN;ESRRA;BCL2L13;RNF11;MGST3;CAVIN2;SQOR;POR;PLIN2;GPAT4,age_changes_CD8_naive_SOX4__02062026
Spermatogenesis,1.0,0.3242822436767491,1.0725926626749414,AURKA;ZC2HC1C;CCT6B;MAST2;PCSK1N;SPATA6;MLF1;NEFH;BUB1;DPEP3;ACRBP;CDKN3;HSPA2;PCSK4;CCNB2;HSPA1L;PHF7;JAM3;PACRG;KIF2C;HSPA4L;GFI1;CNIH2;GSTM3;LDHC;PARP2;TTK;MAP7;CDK1;NPHP1;STAM2;ALOX15;NF2;TKTL1;SCG5,age_changes_CD8_naive_SOX4__02062026
UV Response Dn,1.0,0.2356937552934092,0.7913925123231627,TGFBR3;MT1E;ACVR2A;ANXA4;CDON;BHLHE40;GCNT1;ERBB2;CACNA1A;ICA1;BMPR1A;PRKCE;RXRA;VAV2;PIK3R3;COL1A1;SCN8A;FHL2;SFMBT1;SMAD3;ANXA2;ATRN;SLC7A1;PRKAR2B;PTPRM;PEX14;DAB2;LDLR;INPP4B;PLCB4;PIAS3;MGLL;ATP2C1;IRS1;COL5A2;TOGARAM1;SLC22A18;ABCC1;NOTCH2;ATP2B4;MAPK14;ATXN1;MGMT;PDLIM5;CDKN1B;MAP2K5;FBLN5;TENT4A;IGFBP5;GRK5;NR1D2;SCAF8,age_changes_CD8_naive_SOX4__02062026
p53 Pathway,1.0,0.18798997869063427,0.6544624368470848,PERP;S100A4;PROCR;DDIT4;PTPN14;ZBTB16;GLS2;PLXNB2;FAS;CDKN1A;ITGB4;AK1;VWA5A;STOM;RETSAT;ABHD4;KLF4;RXRA;RNF19B;SLC19A2;F2R;ATF3;RHBDF2;GM2A;TOB1;EPS8L2;IFI30;FDXR;TGFA;ACVR1B;DRAM1;ABAT;HSPA4L;RGS16;CSRNP2;HMOX1;BAIAP2;TNFSF9;CTSF;DDB2;TSPYL2;HBEGF;FUCA1;PIDD1;S100A10;TRIB3;CEBPA;CDKN2A;PRKAB1;APAF1;EPHX1;RAB40C;KIF13B;SAT1;VDR;CGRRF1;PLK2;MXD1;TXNIP;PDGFA;CCP110;CDK5R1,age_changes_CD8_naive_SOX4__02062026
IL-2/STAT5 Signaling,1.0,0.30332938557734584,1.0485519072242804,TNFRSF4;CTLA4;ADAM19;RHOB;CYFIP1;PHLDA1;COL6A1;IL18R1;ANXA4;MYO1C;BHLHE40;HOPX;IL3RA;CCNE1;MUC1;SLC39A8;SH3BGRL2;ST3GAL4;NFIL3;SYT11;COCH;CKAP4;FAH;CST7;SLC1A5;TWSG1;BATF3;ITGAV;UCK2;MAP3K8;ETFBKMT;IKZF4;SOCS2;PTGER2;ENO3;SLC29A2;PTCH1;RRAGD;HK2;PLAGL1;CDKN1C;IRF4;AHR;CA2;TRAF1;AMACR;FGL2;IRF8;AHNAK;F2RL2;MYO1E;CCR4;RGS16;CDC6;CD86;CAPN3;SELP;LRIG1;SERPINB6;PRNP;CTSZ;TLR7;MAFF;IL2RA;AGER;EOMES;BATF;SCN9A;IRF6;ALCAM;SPRED2;GALM;DHRS3,age_changes_CD8_naive_SOX4__02062026
Reactive Oxygen Species Pathway,1.0,0.21881120647305416,0.6966002824995559,FES;NQO1;HHEX;PDLIM1;GCLM;PRNP;GCLC;SBNO2;GLRX2;TXNRD2;MGST1;PFKP;MSRA;ERCC2;ABCC1;TXNRD1;PRDX2;G6PD;PRDX6;PTPA;PRDX4;SCAF4;ATOX1;GSR;IPCEF1;OXSR1;GPX4;JUNB,age_changes_CD8_naive_SOX4__02062026
IL-6/JAK/STAT3 Signaling,1.0,0.2856079139277439,0.9289139927887713,LEPR;IL15RA;IL18R1;FAS;CSF2RA;TNF;IL3RA;CSF3R;TLR2;LTBR;MAP3K8;IL13RA1;IL1B;CD36;CD14;ACVR1B,age_changes_CD8_naive_SOX4__02062026
Bile Acid Metabolism,1.0,0.30798325008209454,1.0247654704129712,PFKM;ABCA3;DHCR24;HSD17B6;SLC29A1;PEX12;PEX11G;PEX11A;ACSL1;FADS2;APOA1;RETSAT;ABCG8;FADS1;RXRA;NUDT12;ALDH8A1;CYP46A1;PAOX;FDXR;ABCA2;PEX7;NR3C2;AMACR;GCLM;NPC1;CH25H;GNMT;PEX16;SOAT2;LIPE;PIPOX;ABCD1;ALDH1A1;ABCA1;EPHX2;BCAR3;CROT;ABCD2;IDH1;EFHC1;SLC22A18;PHYH;HSD3B7;MLYCD;AR;PEX1;SLC23A2;ATXN1;NEDD4,age_changes_CD8_naive_SOX4__02062026
DNA Repair,1.0,0.09448531592421444,0.3255322384115309,CDA;TK2;AK1;CMPK2;TYMS;VPS37D;ZNF707;ZWINT;RRM2B;POLA2;NPR2;POLA1;RAD52;AGO4;STX3;SMAD5;TAF13;SNAPC4;DDB2;TAF1C;RFC3;ELL;POLD3;BOLA2;RFC5;AK3;POLD1;CLP1;FEN1;ERCC2;ERCC1;TAF6;GTF3C5;RFC2;POLE4;ERCC8;TARBP2;POLR3C;POLH;SAC3D1;TAF9;NT5C3A;CANT1;SUPT5H;NUDT21;UMPS;ELOA;BRF2;TMED2;PRIM1;LIG1;NFX1;POLR3GL;DGCR8;POLL;ERCC3;POLR2C;SNAPC5;USP11;GPX4;POLR2D;GTF2H1;SF3A3;POLR2E;DCTN4;RPA2;XPC;AAAS;POLB;GTF2F1;GTF2B;GTF2H5;HPRT1;MRPL40;ERCC4;RFC4;RPA3;PDE6G;RAE1;POLR1C;DDB1;REV3L;POLR2A;EIF1B;CSTF3;NELFB;GMPR2;SDCBP;GTF2A2;SUPT4H1,age_changes_CD8_naive_SOX4__02062026
UV Response Up,1.0,0.18674140536734757,0.6400210915803015,RHOB;NPTXR;KCNH2;SLC25A4;CCNE1;ICAM1;ASNS;HSPA2;DLG4;HYAL2;LYN;GGH;ATF3;CLCN2;CDKN1C;NAT1;PPAT;CA2;PRKCD;APOM;HMOX1;C4BPB;CREG1;PARP2;CXCL2;E2F5;SULT1A1;ENO2,age_changes_CD8_naive_SOX4__02062026
Glycolysis,1.0,0.23212100903562471,0.802611170530087,AURKA;SLC25A10;AGRN;DDIT4;TPST1;GPC3;PAM;EFNA3;PC;CTH;SPAG4;VCAN;NANP;BIK;PLOD1;GNE;TGFBI;HOMER1;PYGL;IL13RA1;RRAGD;SAP30;IGFBP3;HK2;TGFA;GALK1;VEGFA;EGLN3;PHKA2;CACNA1H;GMPPA;XYLT2;CAPN5;PAXIP1;CHPF2;GLCE;ALDH7A1;LDHC;EXT1;ABCB6;ENO2;GALE;GCLC;GYS1;QSOX1;SLC16A3;SLC25A13;CDK1;CHPF;AK3;B4GALT7;PGAM2;IDUA;B3GNT3;SLC37A4;TKTL1;TPI1;PFKP;GMPPB;IDH1;GFPT1;EXT2;P4HA1;B4GALT4;ELF3;AGL;NSDHL;HAX1;SRD5A3,age_changes_CD8_naive_SOX4__02062026
Unfolded Protein Response,1.0,0.12178820909195227,0.41215302539975535,DDIT4;WFS1;ASNS;WIPI1;ATF3;SLC1A4;VEGFA;FKBP14;NABP1;DNAJA4;EIF2AK3;SLC7A5;PDIA5;ERN1;TSPYL2;ZBTB17;IFIT1;XPOT;NFYA;PREB;ALDH18A1;EIF4G1;CKS1B;HYOU1;TATDN2;XBP1;EXOC2;EIF4EBP1;SSR1;ATF6;SHC1;NPM1;ERO1A;ARFGAP1;GOSR2;PAIP1;RRP9;PSAT1;SPCS3;MTREX;EXOSC10;EDC4;MTHFD2;EIF4A3;EEF2;DNAJB9;GEMIN4;EXOSC2;BAG3;PARN;SERP1;ATP6V0D1;POP4;DCTN1;EXOSC1;SDAD1;TUBB2A;CEBPB;KHSRP;TTC37;DKC1;HSPA5;DDX10;CNOT6;EIF4A2;SRPRB;HSP90B1;HSPA9;EXOSC5;HERPUD1;RPS14;EXOSC4;EDEM1;EIF4E;SPCS1;EXOSC9;NOLC1;DCP1A;SLC30A5;CEBPG;FUS;SRPRA,age_changes_CD8_naive_SOX4__02062026
mTORC1 Signaling,1.0,0.12818097780342433,0.44752871085194285,AURKA;DDIT4;TBK1;ELOVL6;DHCR24;BHLHE40;FADS2;CDKN1A;BUB1;CTH;POLR3G;ASNS;NFIL3;CCNF;FADS1;SLC1A5;SCD;SLC1A4;PIK3R3;HK2;SRD5A1;IFI30;FDXR;PLK1;EGLN3;MCM2;DHCR7;FGL2;MCM4,age_changes_CD8_naive_SOX4__02062026
Protein Secretion,1.0,0.1190813269113543,0.3983368994906205,PAM;KRT18;ICA1;KIF1B;GALC;OCRL;SCRN1;DST;SEC24D;GLA;USO1;VPS45;ABCA1;STX7;TPD52;ATP1A1;ARFIP1;ZW10;ATP6V1H;SGMS1;ATP7A;LAMP2;AP1G1;ANP32E;VAMP3;BET1;YIPF6;GOSR2;SCAMP1;STX16;TMED2;ADAM10;SEC22B;ARFGAP3;VAMP7;COPB2;STX12;SNX2;CD63;YKT6;GBF1;TMX1;ARF1;M6PR;COG2;RAB5A;CLCN3;MON2;DNM1L;AP2B1;CLN5;ARFGEF2;MAPK1;RAB9A;NAPG;VAMP4;AP3B1;CLTC;STAM;IGF2R,age_changes_CD8_naive_SOX4__02062026
Complement,1.0,0.26133900227748813,0.9058046284409195,CPQ;MT3;CPM;GPD2;S100A13;F8;PLAUR;GP1BA;PRSS36;CDA;HPCAL4;LRP1;GNB4;LGALS3;FN1;APOBEC3F;ITGAM;NOTCH4;ANXA5;CCL5;LYN;PLEK;CD36;GZMB;KYNU;S100A12;DUSP6;C2;GNGT2;CA2;PRKCD;TIMP1;C1R;SH2B3;DUSP5;ADAM9;F5;CTSH;SERPINA1;SRC;CLU;C4BPB;MSRB1;CD59;CASP9;PLAT;GP9;DGKH;MAFF;PRDM4;BRPF3;CSRP1;C1S;CD40LG;CTSS;SIRT6;KLKB1;F7;CTSL;CP;LIPA;GMFB;JAK2;RBSN;CDK5R1;GATA3;TIMP2;RNF4;VCPIP1;RAF1;CR1;PIK3CG;FCN1;PIM1;FDX1;LGMN;PDP1,age_changes_CD8_naive_SOX4__02062026
G2-M Checkpoint,1.0,0.20820305701515,0.7275353413245687,AURKA;GINS2;STIL;MKI67;PLK4;CENPE;MAP3K20;BUB1;E2F1;ORC6;CDKN3;CCNA2;CHEK1;CCNB2;CCNF;CDC7;TRAIP;HMGB3;UCK2;BRCA2;PTTG1;POLE;SUV39H1;SAP30;RACGAP1;POLA2;FANCC;TOP2A;PLK1;MCM2;KIF2C;CDC20;KIF11;PRC1;MARCKS;BCL3;CDC6;SMAD3;NDC80;SLC7A1;SLC7A5;KNL1;HIRA;CDKN2C;CHAF1A;TTK;ABL1;TPX2,age_changes_CD8_naive_SOX4__02062026
Xenobiotic Metabolism,1.0,0.2791628943051162,0.9576876596626647,TPST1;HES6;ALDH2;NQO1;FAS;CYP2J2;ARG2;PC;CDA;LCAT;ABCC2;PTGDS;ITIH4;SLC12A4;GCNT2;FBP1;AKR1C3;RETSAT;FAH;MPP2;SLC1A5;ABHD6;CD36;ENTPD5;ESR1;KYNU;CA2;IRF8;TMEM176B;JUP;UPB1;IGFBP4;NPC1;HMOX1;ASL;PYCR1;ACOX3;SMOX;TKFC;LEAP2;ACOX1;GNMT;GSS;GCLC;ACP2;SLC6A6;NFS1;CES1;BPHL;BCAT1;PPARD;DHRS1;SLC46A3;ETS2;CROT;EPHX1;MTHFD1;ABCD2;DHRS7;IDH1;PDK4;LONP1;PGRMC1;MAN1A1;PINK1;UGDH;PTS;BLVRB;ETFDH,age_changes_CD8_naive_SOX4__02062026
E2F Targets,1.0,0.2696960765445085,0.941578109039376,AURKA;SPAG5;ASF1B;CDCA3;BRCA1;RAD51AP1;WDR90;MKI67;PLK4;CENPE;TIMELESS;PSMC3IP;CDKN1A;MXD3;DSCC1;CHEK2;CCNE1;CENPM;ORC6;CDKN3;TCF19;CHEK1;CCNB2;GINS1;DCLRE1B;GINS3;CDCA8;HMGB3;DONSON;BRCA2;PTTG1;POLE;TRIP13;SUV39H1;RACGAP1;BRMS1L;POLA2;TOP2A;PLK1;PAN2;MCM2;MCM4;KIF2C;CDC20,age_changes_CD8_naive_SOX4__02062026
Hedgehog Signaling,1.0,0.3583357351266278,1.0037355695101082,TLE1;ADGRG1;AMOT;GLI1;PTCH1;VEGFA;CELSR1,age_changes_CD8_naive_SOX4__02062026
Pperoxisome,1.0,0.20213945929167654,0.6797286539044753,DHCR24;ESR2;PEX11A;EHHADH;ACSL1;SLC25A4;ABCB9;DLG4;RETSAT;FADS1;CRABP2;CRAT;TOP2A;ACSL4;ACOX1;ABCD1;PEX5;ALDH1A1;NUDT19;EPHX2;PEX14;DHRS3;TSPO;STS;ABCD2;IDH1;HSD3B7;CDK7;ABCC5;ERCC1;CLN8;MLYCD;SLC23A2;ECI2;ATXN1;SLC25A19;SLC25A17;HRAS;IDE;ACSL5;HMGCL;YWHAH;PABPC1;BCL10;LONP2;ACOT8,age_changes_CD8_naive_SOX4__02062026
TGF-beta Signaling,1.0,0.13950829101273193,0.4444436718324464,RAB31;BMPR1A;ACVR1;SMAD1;CDKN1C;SMAD3;CDH1;LEFTY2;THBS1,age_changes_CD8_naive_SOX4__02062026
Interferon Alpha Response,1.0,0.15360060328806396,0.5152673696330833,PROCR;CCRL2;RIPK2;LAMP3;TDRD7;OASL;CMPK2;IFIT3;TENT5A;IFI30;IL15;HERC6;GMPR;MOV10;C1S;IFIT2;DHX58;CMTR1;LPAR6;TXNIP;TRIM5;IFI27;RSAD2;HELZ2;TRIM26;PARP9;IFIH1;RTP4;TRIM21;TRIM25;SLC25A28;OAS1;CASP1;IL4R;CXCL10;TRIM14;TMEM140;USP18;LAP3;PARP12;RNF31;IFITM2;BST2;TRAFD1,age_changes_CD8_naive_SOX4__02062026
Notch Signaling,1.0,0.2840113117386064,0.8440557427579533,DLL1;DTX1;PSEN2;SAP30;HES1;TCF7L2;PPARD;CCND1;FZD1;ST3GAL6;DTX4;ARRB1;NOTCH2;FBXW11;NOTCH1,age_changes_CD8_naive_SOX4__02062026
Pancreas Beta Cells,1.0,0.3282744423794838,0.8724607593603005,STXBP1;LMO2;MAFB;GCK,age_changes_CD8_naive_SOX4__02062026
Mitotic Spindle,1.0,0.21272805674493755,0.7418656253321219,AURKA;ITSN1;GSN;FSCN1;ARHGEF12;KIF3C;CENPE;BUB1;CDC42EP2;CEP72;MYH10;FARP1;CCNB2;TRIO;ECT2;KIF1B;KPTN;LLGL1;BRCA2;ARHGEF11;PKD2;CNTROB;RACGAP1;DST;ALS2;KNTC1;TOP2A;PLK1;FGD6;WASF1;VCL;TAOK2;CLIP2;CEP131;KIF2C;KIF11;MYO1E;PRC1;MARCKS;NDC80;CENPJ;SHROOM1;TUBD1;TTK;NET1;ABL1;TPX2;TUBGCP5;PALLD;SASS6;HDAC6;CEP192;NUSAP1;NF1;INCENP;CDK1;PLEKHG2;KIF3B;ABR;ARHGAP10;KATNB1;FBXO5;EPB41L2;CCDC88A;BIRC5;CDC27;CENPF,age_changes_CD8_naive_SOX4__02062026
Interferon Gamma Response,1.0,0.14858403937870354,0.5182569353053971,CD40;IL15RA;CD274;RIPK2;FAS;IRF5;CDKN1A;IL18BP;CIITA;ICAM1;ZBP1;TDRD7;OASL;CMPK2;CCL5;IFIT3;SLAMF7;FPR1;STAT4;TNFAIP2;IFI30;SECTM1;BANK1;IRF4;IL15;FGL2;C1R;IRF8;HLA-G;OAS3;CD86;SELP;HLA-DQA1;HERC6;PTGS2;FCGR1A;NOD1;C1S;IFIT2;IFIT1;DHX58;CMTR1;XCL1;PFKP;IL2RB;JAK2;HLA-DRB1;TXNIP;IFI27;RSAD2;ITGB7;SPPL2A;HELZ2;TRIM26;IFIH1;RIPK1;PIM1;RTP4;TOR1B;TRIM21;TRIM25;SLC25A28;PML;CASP1;CSF2RB;IL4R;CXCL10;TRIM14;USP18;LAP3;SOCS3;MTHFD2;DDX58;PARP12;PSMB10;MX2;RNF31;PTPN1;BPGM;IFITM2;CASP7;BST2;TRAFD1;GCH1;PARP14;MYD88;BTG1;MX1;STAT1;TNFSF10;AUTS2;STAT3;PLSCR1;APOL6;GPR18;STAT2;ISOC1;SOD2;NUP93;UPP1;NFKB1;PTPN2,age_changes_CD8_naive_SOX4__02062026
heme Metabolism,1.0,0.20815625339300048,0.719746474428133,BLVRA;FN3K;ARHGEF12;TRIM58;DMTN;PC;RHCE;AGPAT4;ACSL6;OSBP2;MBOAT2;ASNS;SNCA;LMO2;TMCC2;ERMAP;ADD2;ENDOD1;KAT2B;ANK1;SLC30A1;CA2;TENT5C;EPOR;GCLM;GYPE;CLIC2;CTNS;ATG4A;SMOX;ABCB6;MINPP1;BTRC;GCLC;ATP6V0A1;SLC2A1;CPOX;RHD;ELL2;NFE2;PDZK1IP1;SIDT2;TSPAN5;FECH;ABCG2;PPP2R5B;PIGQ;CDC27;SLC4A1;MOSPD1;HTATIP2;PSMD9;SLC25A37;NFE2L1;GDE1;BLVRB;MFHAS1;XPO7;MGST3;CAST;MPP1;ALDH6A1;RCL1;RNF123;SYNJ1;ISCA1;LAMP2;SLC11A2;PRDX2;BMP2K;HBB;PPOX,age_changes_CD8_naive_SOX4__02062026
Hypoxia,1.0,0.23557587145716136,0.8099323439176144,S100A4;PYGM;DDIT4;MT1E;GPC3;BHLHE40;PAM;EFNA3;PLAUR;NEDD4L;CDKN1A;TGFB3;SCARB1;GCNT2;ERRFI1;FBP1;NFIL3;CSRP2;ATF3;TGFBI;ENO3;RRAGD;NOCT;SAP30;IGFBP3;HK2;CDKN1C;GALK1;VEGFA;ACKR3;NAGK;GAA;HMOX1;LXN;GCK;ANXA2;LDHC;EXT1;ENO2;KIF5A;GYS1;MAFF;SLC6A6;SLC2A1;AMPD3;HS3ST1;GBE1;TPD52;PGF;PGAM2;PHKG1;SLC37A4;TKTL1;TPI1;PFKP,age_changes_CD8_naive_SOX4__02062026
IL-2/STAT5 Signaling,0.0,0.5313055056535742,2.1050919381782065,RORA;PHLDA1;IL10RA;PTGER2;DHRS3;NFKBIZ;PRNP;BHLHE40;TNFRSF1B;ANXA4;AHNAK;CDC42SE2;GABARAPL1;CST7;ADAM19;PLIN2;BCL2;GALM;IFNGR1;CD44;SNX9;PTCH1;KLF6;CAPG;SLC39A8;EOMES;RABGAP1L;ODC1;BATF;SOCS2;NDRG1;TRAF1;SYT11;HOPX;MYC;CISH;ALCAM;CD48;CCND2;RGS16;AHR;GBP4;FGL2;SYNGR2;FLT3LG;P4HA1;MYO1C;LRIG1;CSF1;IL18R1;MAP3K8;RRAGD;GPR65;IL2RA;CTLA4;GPX4;LRRC8C,age_changes_CD8aa_02062026
Epithelial Mesenchymal Transition,0.0,0.5817370286549163,2.115650670174307,LGALS1;GLIPR1;ENO2;IGFBP3;TGFBR3;ITGB1;VIM;FAS;TIMP1;SGCB;CD44;ACTA2;CAPG;PLOD3;FLNA;ID2;CD59;VCAN;IL15;TNFAIP3;IGFBP4;ITGA5,age_changes_CD8aa_02062026
Apoptosis,0.001178627553693033,0.4950777831679548,1.9489562623702503,ANXA1;LGALS3;F2R;ENO2;HMGB2;CD2;CLU;TGFBR3;BIRC3;FAS;PRF1;TIMP1;IFNGR1;CD44;BTG3;SOD1;CASP1;TNF;SMAD7;SOD2;LMNA;CYLD;PDCD4;WEE1;CCND2;ANKH;CDC25B;TXNIP;IER3;PEA15;FEZ1;CD69;ATF3;KRT18;FASLG;RELA;GPX4;CASP8;RETSAT;FDXR;CDKN1B;SC5D;ETF1,age_changes_CD8aa_02062026
Allograft Rejection,0.0024751178627553695,0.4631822741142424,1.8344696683778918,GZMA;CCL5;F2R;CCL4;CD2;STAT4;GZMB;CD28;CD8B;NCF4;HLA-DMA;FAS;IL18RAP;PRF1;HLA-DQA1;TIMP1;HLA-DRA;MAP4K1;IFNGR1;SIT1;CCR5;CAPG;ITK;CD8A;CCR2;APBB1;IL12RB1;CD40LG;FLNA;TNF;CD74;CTSS;CD4;TPD52;CCND2;IL15;GBP2;IFNG;JAK2;CDKN2A;CSF1;CD96,age_changes_CD8aa_02062026
Coagulation,0.0026519119958093246,0.5346800101016073,1.8402815241908288,ANXA1;DPP4;CLU;FYN;CAPN2;CTSH;CFH;TIMP1;PLEK;F8;CTSB;ISCU;CFD;CPQ,age_changes_CD8aa_02062026
UV Response Dn,0.0038305395495023577,0.48125117351661434,1.7843727261203841,ANXA2;INPP4B;ATXN1;TGFBR3;SMAD3;BHLHE40;FYN;MT1E;ANXA4;SYNE1;NR1D2;PTPRM;SMAD7;MYC;SRI;RUNX1;SFMBT1;MAP2K5;NR3C1;PRKCE;CITED2;ATP2B4;SYNJ2;PEX14;PRDM2;PIAS3;SLC22A18;CDKN1B;NEK7,age_changes_CD8aa_02062026
Complement,0.0055563870388385846,0.44034062286818565,1.738097974204326,GZMA;GZMK;LGALS3;CCL5;DPP4;CLU;GZMB;FYN;CTSH;CFH;TIMP1;PLEK;F8;CTSB;DUSP5;ANXA5;CASP1;CD40LG;S100A9;CTSS;HSPA5;CD59;CPQ;HSPA1A;CD55;TNFAIP3;CTSC;JAK2;PREP;CBLB;KIF2A;VCPIP1;SPOCK2;RBSN;LRP1;PRKCD;USP14;CALM1,age_changes_CD8aa_02062026
Hypoxia,0.00596680199057098,0.4432065203019575,1.7207013637917998,RORA;ENO2;IGFBP3;ANXA2;MT2A;MXI1;BHLHE40;MT1E;S100A4;IDS;PLIN2;BCL2;KLF6;PAM;SAP30;FAM162A;JMJD6;NDRG1;HSPA5;GAPDH;CXCR4;GPI;BTG1;TPD52;FOXO3;TNFAIP3;GAA;NR3C1;IER3;ZFP36;GRHPR;P4HA1;SLC6A6;ATF3;CITED2;PFKL;TIPARP;ERO1A;RRAGD;FOSL2;ALDOA;WSB1;TGFBI;PNRC1;CDKN1B;MYH9,age_changes_CD8aa_02062026
TNF-alpha Signaling via NF-kB,0.010254059717129388,0.40988947133670767,1.640584017549299,CCL5;CCL4;PHLDA1;GPR183;SMAD3;BCL2A1;BHLHE40;BIRC3;IL7R;PLEK;MSC;PTGER4;PDE4B;CD44;BTG3;KLF6;DUSP5;IL15RA;ID2;TNF;DUSP4;TRAF1;BTG1;SOD2;MYC;TNFAIP3;IER3;B4GALT5;ZFP36;PER1;CSF1;CD69;ATF3;TNIP1;TIPARP;MAP3K8;RELA;GFPT2;TANK;TNFSF9;FOSL2;PHLDA2;EGR1;PNRC1;SERPINB8;ZC3H12A;CLCF1;KLF9,age_changes_CD8aa_02062026
Inflammatory Response,0.010411210057621793,0.4242109720497701,1.645963982102572,CCL5;GPR183;IL10RA;PTGER2;TNFRSF1B;CD82;CCR7;IL18RAP;TIMP1;IL7R;PTGER4;PDE4B;KLF6;IL15RA;KCNA3;CD70;MYC;SRI;CD48;CD55;RGS16;IL15;AHR;ITGA5;CXCR6;CSF1;SLC31A2;IL18R1;GABBR1;CD69;C3AR1;CYBB;RELA,age_changes_CD8aa_02062026
Interferon Alpha Response,0.011258926514627966,-0.5226467997438463,-1.7411475868475947,ISG15;ELF1;LGALS3BP;PSME2;IRF7;TENT5A;EPSTI1;IRF9;NMI;IRF1;IFI44;IFI44L;IFI35;PLSCR1;IFITM3;ISG20;IRF2;IFITM2;RTP4;PSME1;SAMD9L;BST2;USP18;MX1;MVB12A;UBE2L6;RIPK2;SP110;PARP9;PARP12;PARP14;PNPT1;PSMB8;LY6E;TAP1;DHX58;RSAD2;MOV10;HLA-C;LAP3;NCOA7,age_changes_CD8aa_02062026
Angiogenesis,0.0176794133053955,0.6604236507984445,1.5702512047548283,S100A4;TIMP1;CCND2;VCAN;FGFR1,age_changes_CD8aa_02062026
p53 Pathway,0.029465688842325827,0.3740563962667695,1.5015396453280878,F2R;TOB1;PERP;PLK3;S100A4;CD82;RPS27L;FAS;SESN1;ISCU;STOM;S100A10;DDB2;CASP1;CCNG1;PVT1;FAM162A;CCNK;HINT1;NDRG1;BTG1;SEC61A1;FOXO3;CCND2;RGS16;RPL36;TXNIP;ZNF365;IER3;MDM2;CDKN2A;LDHB;KIF13B;UPP1;ATF3,age_changes_CD8aa_02062026
KRAS Signaling Up,0.033182898819357695,0.3827760403455586,1.4801882678256593,PRDM1;IGFBP3;IL10RA;BIRC3;TNFRSF1B;CFH;MAP4K1;IL7R;PCSK1N;RABGAP1L;LAPTM5;KCNN4;ID2;ACE;CTSS;TRAF1;CXCR4;ADAM8;CCND2;ANKH;LCP1;RGS16;NAP1L2;TNFAIP3;C3AR1;WNT7A;ERO1A;GFPT2;PPBP;KIF5C,age_changes_CD8aa_02062026
Myogenesis,0.03497998203996109,0.38680548821807104,1.4660315017339927,IGFBP3;CLU;ITGB1;PRNP;BHLHE40;SORBS3;DAPK2;GNAO1;CFD;LSP1;PDLIM7;FHL1;GAA;SYNGR2;MYO1C;GABARAPL2;PFKM;ATP6AP1;MYH9;RB1;CRAT;SPTAN1;PTP4A3;RYR1;FKBP1B;ADCY9;ACSL1,age_changes_CD8aa_02062026
KRAS Signaling Dn,0.05920870767104354,-0.4561583396987763,-1.484900698230512,CHST2;LYPD3;YPEL1;SNN;IFI44L;LFNG;PDE6B;SGK1;SKIL;MX1;PLAG1;BARD1;IDUA;SPHK2;SLC16A7;PDCD1;NR4A2;CCDC106;RSAD2;IGFBP2,age_changes_CD8aa_02062026
Apical Surface,0.06771913153651232,-0.5457251144250608,-1.4932946565628493,HSPB1;MAL;LYPD3;IL2RG;IL2RB;APP;SULF2;AKAP7;ADAM10;LYN,age_changes_CD8aa_02062026
Oxidative Phosphorylation,0.07914363049988482,-0.4168116161126089,-1.542993640054422,NDUFB2;SLC25A5;CYB5A;TIMM13;ATP5F1C;ETFB;VDAC1;TIMM8B;SLC25A11;NDUFB6;ATP5PO;NDUFC2;FXN;NDUFB8;ATP5F1E;COX7B;NDUFA2;PDHA1;NDUFB3;ECH1;UQCRH;COX5A;ATP5MF;UQCRC2;HSD17B10;MRPS11;CYCS;ACADM;MDH1;TIMM17A;OAT;ACAA1;ATP5MC3;CASP7;DLD;BAX;NDUFS6;PDP1;COX6A1;UQCRQ;ATP6V1E1;SDHD;PMPCA;NDUFS4;IDH1;ETFA;MDH2;MRPL11;NDUFA9;TOMM22;CYC1;ATP6V0B;NDUFS8;DECR1;MRPS12;COX6C;SLC25A6;SLC25A20;ATP5F1B;NDUFA7;NDUFS2;NDUFB4;UQCR10;SLC25A3;SUCLG1;ALDH6A1;MTX2;COX15;MTRF1;ATP5ME;ALAS1;COX10;NDUFA8;LDHA;ATP5F1A;BDH2;ATP6V1D;NDUFB1;PDHB;ACO2;ATP5PF;AIFM1,age_changes_CD8aa_02062026
PI3K/AKT/mTOR  Signaling,0.08212393457728634,-0.44597850808093287,-1.5016435781395183,VAV3;IL2RG;ITPR2;ARPC3;TIAM1;MKNK2;PTEN;LCK;CFL1;AKT1;PRKAG1;MAPK1;CSNK2B;HRAS;GRK2;AP2M1;PIN1;PFN1;CAB39;RPS6KA3;GRB2;PIK3R3;CALR;UBE2D3;MAP2K6;TRIB3;PPP1CA;PDK1;ACTR3;MAPKAP1;AKT1S1;DDIT3;MAP2K3;MAPK8;PTPN11;PLA2G12A;CDK2,age_changes_CD8aa_02062026
Wnt-beta Catenin Signaling,0.1097193427013745,-0.5022968957707866,-1.4067797502336161,LEF1;TCF7;AXIN1;HDAC2;FRAT1;TP53;NOTCH1,age_changes_CD8aa_02062026
TGF-beta Signaling,0.12564583539013394,-0.45589802551858777,-1.3724445431389778,ID3;TRIM33;FURIN;SPTBN1;TGFB1;FKBP1A;SKIL;ARID4B;APC;TGIF1;UBE2D3;HIPK2;ENG;CDK9;PPP1CA;TGFBR1;JUNB;RHOA;ID1;HDAC1,age_changes_CD8aa_02062026
Glycolysis,0.2993713986380304,0.2899202467976894,1.1356324865382001,ENO2;IGFBP3;MXI1;CD44;PAM;SOD1;SAP30;FAM162A;HSPA5;AK3;PKM;CXCR4;TXN;VCAN;GNPDA1;PGAM1;PAXIP1;IER3;KIF2A;P4HA1;GOT2;CITED2;ERO1A;RRAGD;ALDOA;TGFBI;HAX1,age_changes_CD8aa_02062026
IL-6/JAK/STAT3 Signaling,0.30441739785227867,0.3361568971518299,1.1509676099398625,TNFRSF1B;FAS;IFNGR1;CD44;IL15RA;IL12RB1;PTPN1;TNF;ITGA4;CSF1;IL18R1;MAP3K8;IL2RA;MYD88;HAX1;CCR1;PIK3R5;STAT1;TYK2,age_changes_CD8aa_02062026
Reactive Oxygen Species Pathway,0.3063738329276184,0.34328054571640726,1.1411489834154163,PRNP;PRDX6;SOD1;LSP1;SOD2;PRDX1;TXN;CDKN2D;PRDX2;PRDX4;GPX4,age_changes_CD8aa_02062026
Estrogen Response Late,0.31987951807228915,0.3020344274564739,1.1533388787233887,TOB1;PERP;BCL2;DYNLT3;CD44;BTG3;FKBP5;BATF;TJP3;ID2;S100A9;PDCD4;CISH;IGFBP4;JAK2;ZFP36;AFF1;SLC7A5;ATP2B4;SLC16A1;DNAJC1;AMFR;SERPINA1;PRSS23,age_changes_CD8aa_02062026
Estrogen Response Early,0.39601885804085907,0.2818381188731481,1.0825396805688978,TOB1;DHRS3;BHLHE40;BCL2;DYNLT3;CD44;FKBP5;TJP3;MYC;CISH;IGFBP4;SH3BP5;JAK2;AQP3;AFF1;LRIG1;SLC7A5;ENDOD1;MYBL1;KRT18;TIPARP;SLC16A1,age_changes_CD8aa_02062026
Cholesterol Homeostasis,0.41347727867993717,0.29964105824870113,1.035227899787881,LGALS3;CLU;ANTXR2;ANXA5;ALCAM;S100A11;ATF3;LSS;SREBF2;PNRC1;SC5D;CXCL16,age_changes_CD8aa_02062026
Pancreas Beta Cells,0.4165606525480805,0.43796321965093205,1.0573773197229623,DPP4;SPCS1;FOXO1,age_changes_CD8aa_02062026
UV Response Up,0.41659769512833944,0.2670239482092627,1.0269190570125173,ENO2;DNAJB1;ARRB2;RAB27A;SLC25A4;BTG3;CYB5R1;BTG1;SOD2;SIGMAR1;YKT6;TGFBRAP1;AQP3;RPN1;BSG;ATF3;NUP58;PRKCD,age_changes_CD8aa_02062026
Interferon Gamma Response,0.42025966879111315,-0.32390489090540875,-1.1852729117776593,ARID5B;ISG15;LGALS3BP;IFNAR2;PSME2;IRF7;IL2RB;PSMA2;EPSTI1;VAMP5;GPR18;IRF9;NMI;IRF1;IFI44;IFI44L;XAF1;IFI35;XCL1;VAMP8;PLSCR1;IFITM3;CASP3;ISG20;IRF2;IFITM2;RTP4;PSME1;CASP4;NFKB1;SAMHD1;SAMD9L;BST2;USP18;KLRK1;SOCS3;ST8SIA4;MX1;NLRC5;UBE2L6;RIPK2;RBCK1;CASP7;ARL4A;RNF213;SP110;PARP12;PFKP;PARP14;PTPN6;ICAM1;NAMPT;PNPT1,age_changes_CD8aa_02062026
Unfolded Protein Response,0.42638132871751655,0.2744645428928259,1.0378055543773932,ERN1;HERPUD1;DNAJB9;XPOT;BAG3;EEF2;HSPA5;SERP1;PDIA6;SLC7A5;EXOSC1;SEC31A;NABP1;ATF3;SPCS1;HSP90B1;EXOSC9;ERO1A;YWHAZ;SSR1;PARN;HYOU1;EXOC2;DDX10;NPM1;EXOSC10;HSPA9;FKBP14;MTREX,age_changes_CD8aa_02062026
Protein Secretion,0.42647566550788135,0.2865440567133544,1.0452894986034031,ATP1A1;TMED2;TMED10;ANP32E;PAM;SOD1;GALC;TPD52;YKT6;CTSC;RAB9A;SEC24D;SEC31A;AP2B1;RAB14;KRT18;BNIP3;CLTC;VAMP3;SCAMP3;SNX2;TSG101;KIF1B,age_changes_CD8aa_02062026
Fatty Acid Metabolism,0.4286373755893138,0.2739772935670974,1.060580303356296,LGALS1;ENO2;GLUL;PCBD1;GABARAPL1;PRDX6;S100A10;ODC1;ACAA2;LTC4S;D2HGDH;ACSL5;GRHPR;NCAPH2;CBR3;ADIPOR2;MCEE;ALDOA;RETSAT;CCDC58;SERINC1;CRAT,age_changes_CD8aa_02062026
Myc Targets V1,0.46252663556784157,-0.32595739648742755,-1.1882083878403356,TXNL4A;PSMA7;PSMA2;LSM2;VDAC1;IFRD1;TRA2B;PSMD8;PCNA;CCT5;TRIM28;HDAC2;EIF3J;SERBP1;CTPS1;GSPT1;SET;EIF4A1;PPM1G;CBX3;ILF2;RANBP1;PHB;MCM7;COX5A;PSMA4;HDDC2;NME1;HDGF;CCT2;EIF3B;EIF2S1;PSMC6;SMARCC1;CCT3;KPNA2;UBE2E1;HNRNPA2B1;SNRPB2;TARDBP;CYC1;HNRNPD;SRSF3;RPS10;DHX15;RAD23B;NOP56;PSMB3;SLC25A3;HPRT1;CLNS1A;RNPS1;AIMP2;PSMA1;CCT4;SNRPD1;LDHA;LSM7,age_changes_CD8aa_02062026
Pperoxisome,0.4870678365636459,0.27445676809763697,0.9887586235178595,ATXN1;DHRS3;GSTK1;SLC25A4;CNBP;SOD1;ABCD2;SOD2;PRDX1;ACSL5,age_changes_CD8aa_02062026
Mitotic Spindle,0.5179106196728864,-0.30687081379953013,-1.1201576788453438,SMC4;CLASP1;TIAM1;GSN;RICTOR;FLNB;EZR;ARL8A;CDC42;FGD4;NIN;RAB3GAP1;SMC1A;CSNK1D;SPTBN1;MYO1E;CD2AP;DLG1;EPB41;RASA1;DST;PREX1;SSH2;STK38L;KLC1;RALBP1;BIN1;APC;PPP4R2;ROCK1;CYTH2;MYO9B;MAPRE1;UXT;RABGAP1;CEP192;TUBA4A;CEP250;ALS2;CENPJ;CDK5RAP2;MYH10;AKAP13;KNTC1;TRIO;RAPGEF6;ABL1;CCDC88A;KIFAP3;CEP72;GEMIN4;PAFAH1B1;ARF6;KATNA1;KIF5B;ARFGEF1;MARK4;ARHGAP10,age_changes_CD8aa_02062026
Xenobiotic Metabolism,0.5549988481916609,-0.32265256552233934,-1.1247523691600236,SPINT2;DDAH2;DHRS1;CYB5A;MTHFD1;ASL;PTGDS;ATP2A2;NINJ1;ECH1;DCXR;MCCC2;DDT;CROT;ELOVL5;SERTAD1;FBP1;ETS2;TPST1;EPHX1;IDH1;SLC35B1;DHPS;CAT;GSTM4;ALDH9A1;COMT;SLC46A3;ARPP19;PPARD;HPRT1;ADH5;TMEM97;ACP2;CSAD,age_changes_CD8aa_02062026
Apical Junction,0.5983236389464793,-0.31228168232273373,-1.0800394426721633,ACTN1;EVL;LDLRAP1;CLDN7;ACTG1;PTEN;ARPC2;AKT2;VASP;SKAP2;GNAI2;DLG1;RAC2;HRAS;RASA1;ACTB;YWHAH;MAPK14;PFN1;TSPAN4;AKT3,age_changes_CD8aa_02062026
Myc Targets V2,0.6095613382240888,-0.33657784422522063,-1.0611700966629443,DCTPP1;CBX3;PHB;NDUFAF4;PPAN;TFB2M;TBRG4;MRTO4;NOP56;FARSA;RCL1;AIMP2;TMEM97;IPO4;EXOSC5;NOP16;SRM;RRP9;WDR43;UNG,age_changes_CD8aa_02062026
Androgen Response,0.6483817092835752,-0.30293529903521155,-1.0054339731009707,ACTN1;ARID5B;HPGD;DBI;AKT1;IDI1;ZMIZ1;ELOVL5;SGK1;ZBTB10;UBE2I;ELK4;RPS6KA3,age_changes_CD8aa_02062026
E2F Targets,0.6497842053199995,-0.269594989560378,-0.9906739828443452,SMC4;STMN1;CKS2;DCTPP1;NASP;TRA2B;PCNA;SNRPB;SMC1A;CTPS1;GSPT1;PRIM2;RANBP1;TP53;MCM7;NME1;UBE2S;CTCF;EIF2S1;ING3;KPNA2;BARD1;SMC6;TBRG4;TIPIN;DCK;EZH2;HNRNPD;CKS1B;RBBP7;PNN;LBR;MRE11;NOP56;MCM3;TUBB;CBX5;GINS4;DNMT1;ASF1B;TFRC;PAICS;TIMELESS;NUP153;SUV39H1;MSH2;TACC3;CDKN2C;HELLS;XPO1;PMS2,age_changes_CD8aa_02062026
Spermatogenesis,0.6652700990555172,-0.3157288305910099,-1.0292822897083094,POMC;TLE4;STRBP;CHFR;GMCL1;BRAF;MTOR;IFT88;ARL4A;TKTL1;CSNK2A2;PGS1;EZH2;TSN,age_changes_CD8aa_02062026
Notch Signaling,0.6757563541426707,-0.4006991653178349,-1.0108201125576795,MAML2;ARRB1;LFNG;PRKCA;NOTCH1;RBX1;PPARD;DTX2;HES1;FBXW11,age_changes_CD8aa_02062026
Adipogenesis,0.7074406818705368,-0.24565044455931317,-0.884071526449852,EPHX2;GADD45A;CCNG2;UCP2;ETFB;MGLL;LPCAT3;ATP5PO;COX7B;TKT;ECH1;ABCB8;DDT;ACADM;MTCH2;VEGFB;DHRS7B;PPP1R15B;PPM1B;STAT5A;HIBCH;DLD;COQ5;ARL4A;DBT;COX6A1;UQCRQ;IDH1;DNAJC15;MDH2;BCL6;CYC1;DECR1;COQ9;CAT;PGM1,age_changes_CD8aa_02062026
G2-M Checkpoint,0.7273518829323944,-0.25126848954178027,-0.9041500724091167,SMC4;STMN1;CKS2;NASP;RBM14;TRA2B;SMC1A;GSPT1;PRIM2;CUL3;HMGN2;TGFB1;UBE2S;MAPK14;CTCF;SMC2;NUP50;YTHDC1;PRPF4B;E2F4;SMARCC1;KPNA2;BARD1;SFPQ;KMT5A;MTF2;CHMP1A;EZH2;HNRNPD;SQLE;CKS1B;LBR;NCL;RAD23B,age_changes_CD8aa_02062026
DNA Repair,0.7308969969215304,-0.2511525010829052,-0.8879269059945869,RALA;DGUOK;ITPA;PCNA;REV3L;DGCR8;SDCBP;PDE6G;TP53;NT5C;VPS37B;NME1;POLR2G;NELFB;SRSF6;UPF3B;CLP1;FEN1;RAE1;ERCC4;MPC2;PRIM1;TAF12;RBX1;ELOA;TAF10;AGO4;NELFCD;TAF13;ALYREF,age_changes_CD8aa_02062026
heme Metabolism,0.7508710550564387,-0.2556079448340374,-0.9088974534190255,ANK1;DAAM1;GYPC;TFDP2;TNRC6B;UCP2;ADD1;CDR2;ACP5;RBM38;KLF3;SDCBP;MARK3;YPEL5;EPB41;UROS;HDGF;GLRX5;PGLS;ASNS;USP15;MPP1;FBXO34;CLCN3;CAT;SEC14L1;RBM5;HEBP1;TRAK2;PICALM;ALDH6A1;RCL1;SLC11A2;MKRN1,age_changes_CD8aa_02062026
Bile Acid Metabolism,0.762853271741898,-0.28245085513015505,-0.9197594157708281,EPHX2;LCK;PRDX5;RXRA;IDI1;EFHC1;PXMP2;SULT1B1;ABCD3;CROT;MLYCD;IDH1;PEX1;CAT;PECR;ALDH9A1;PNPLA8;PEX13,age_changes_CD8aa_02062026
mTORC1 Signaling,0.7707213519670326,-0.2524593693155396,-0.9326377315659282,CD9;ITGB2;PHGDH;IFRD1;CYB5B;SEC11A;SKAP2;ATP2A2;IDI1;EDEM1;PSMA4;CORO1A;ELOVL5;SLC2A3;ASNS;PSMD13;EEF1E1;PITPNB;PSMC6;MLLT11;MTHFD2L;TM7SF2;IDH1;PIK3R3;ADD3;CALR;NAMPT;SYTL2;UBE2D3;STIP1;DDIT4;PGM1;SQLE;PNO1;ABCF2;HMGCS1;NFYC;TRIB3;HPRT1;PDK1;SLC37A4;ACTR3;TMEM97;TUBA4A;ENO1;TPI1;LDHA;TFRC;ATP6V1D;DDIT3;G6PD,age_changes_CD8aa_02062026
Hedgehog Signaling,0.8075563122053431,0.3472828986603315,0.8528319590654582,PTCH1;ADGRG1;MYH9;CDK6,age_changes_CD8aa_02062026
Coagulation,0.0,0.562576949231526,2.009685458682639,CLU;DPP4;CFH;CPQ;CRIP2;CAPN2;TIMP1;CTSH;PLEK;F8;SERPINA1;F12;PDGFB;CSRP1;ANG;LRP1;APOA1;F2RL2;ISCU;CFD;LAMP2;ANXA1;PRSS23;MAFF,age_changes_CXCR5_TFH-like_02062026
Epithelial Mesenchymal Transition,0.0,0.5649717339271436,2.094293318814469,LGALS1;IGFBP3;GLIPR1;ENO2;FAS;FLNA;ITGB1;TIMP1;IL15;TGFBR3;DST;VCAN;VIM;PFN2;PLOD3;TGFBI;PPIB;SGCB;IL32;LRP1;ACTA2;CADM1;MAGEE1;PLAUR;WIPF1;LOXL1;CAPG;TPM4;PCOLCE;CXCL8;EMP3;SDC4;COPA,age_changes_CXCR5_TFH-like_02062026
IL-2/STAT5 Signaling,0.0,0.570676168588142,2.2626700753662528,CST7;PRNP;PTGER2;IL2RA;BHLHE40;AHNAK;SLC39A8;HOPX;TNFRSF1B;CSF1;GLIPR2;IL10RA;TNFRSF4;ADAM19;PHTF2;TNFRSF18;PHLDA1;SERPINB6;SYT11;MYO1C;ANXA4;XBP1;CYFIP1;BATF;GALM;MUC1;FLT3LG;GPR65;IL2RB;IL18R1;RORA;PIM1;BCL2;FGL2;BCL2L1;NDRG1;CCR4;ALCAM;CTLA4;PLEC;TRAF1;IFNGR1;COL6A1;AHR;RRAGD;EOMES;CISH;PTCH1;F2RL2;PLPP1;CAPG;CDC42SE2;LRIG1;SYNGR2;GPX4;MAFF;SOCS2;SNX14;CCND3;NFKBIZ;RNH1;P4HA1;MAP3K8;IFITM3;RHOB;PRKCH;ODC1,age_changes_CXCR5_TFH-like_02062026
Inflammatory Response,0.0003453174947709065,0.4777092056764809,1.8906958873130928,PTGER2;CCL5;CD70;TNFRSF1B;CSF1;ACVR2A;RIPK2;IL10RA;TIMP1;IL15;IL15RA;NOD2;GNA15;CD82;TAPBP;IL2RB;SRI;IL18R1;KIF1B;CSF3R;BST2;TLR3;ICAM1;KCNA3;AHR;CDKN1A;IL18RAP;PLAUR;FPR1;LY6E;BEST1;CD14;GABBR1;PROK2;C3AR1;CXCL8;TLR1;EMP3;CYBB;TPBG;OSM;IL7R;ICOSLG;GPR132;RELA;PIK3R5;LCP2;C5AR1;NLRP3;SLAMF1,age_changes_CXCR5_TFH-like_02062026
Complement,0.001381269979083626,0.4643402431812521,1.824981384688051,LGALS3;CCL5;CLU;DPP4;CFH;ANXA5;CPQ;GZMK;TIMP1;CASP1;CTSH;SPOCK2;GATA3;PLEK;APOBEC3G;CTSS;F8;PIM1;SERPINA1;S100A12;PDGFB;GZMB;S100A9;VCPIP1;CSRP1;ANG;LRP1;XPNPEP1;PLAUR;GCA;WAS;CASP7;EHD1;LIPA;LAMP2;PDP1;FCN1;PSMB9;MAFF;PRKCD;CD36;HSPA5;HSPA1A;PIK3R5;LTA4H;PRCP;LCP2,age_changes_CXCR5_TFH-like_02062026
Allograft Rejection,0.0016114816422642304,0.4573107522238547,1.804714398662745,STAT4;CCL5;IL2RA;F2R;NCF4;FAS;FLNA;CSF1;ACVR2A;RIPK2;TIMP1;IL15;TPD52;CDKN2A;CD8A;IFNG;TAPBP;IL2;CTSS;GPR65;IL2RB;MAP4K1;CXCR3;IL12RB1;GZMB;TLR3;ICAM1;HLA-DQA1;IFNGR1;BCL3;IL18RAP;PRF1;WAS;CCR2;KRT1;CAPG;MAP3K7;CD96;SPI1;HCLS1;SRGN;TLR1;CD74;DEGS1;TLR6;ITK;ICOSLG;FASLG;CCR5;CD8B;ZAP70;CCND3;FGR;LCP2;STAT1;NLRP3;GCNT1,age_changes_CXCR5_TFH-like_02062026
Apoptosis,0.0020719049686254393,0.454539402855091,1.749383754256024,LGALS3;CLU;ENO2;F2R;TSPO;FAS;LMNA;TIMP1;CASP1;TGFBR3;GNA15;TXNIP;CASP8;BCL2L1;ATF3;SQSTM1;IGFBP6;CFLAR;HMGB2;BIRC3;IFNGR1;CDKN1A;PRF1;HMOX1;PEA15;CD14;MCL1;CASP7;DNAJC3;GPX4;ANXA1;BAX;SOD2;FASLG;RARA;SPTAN1;RELA;PPT1;ISG20;CDK2;DPYD;RHOT2;IFITM3;RHOB;RNASEL;MADD;CDKN1B;RETSAT;CDC25B,age_changes_CXCR5_TFH-like_02062026
Protein Secretion,0.0023678913927147873,0.4984493611203352,1.7732126468561447,CD63;TPD52;TMED10;STAM;DST;ANP32E;VPS45;KIF1B;TMED2;ARF1;GALC;RAB9A;ARFIP1;PAM;M6PR;SEC24D;AP2B1;RAB14;ARFGAP3;LAMP2;ATP1A1;RAB5A;PPT1;NAPA;MON2;VAMP3;GBF1;AP3S1;SGMS1;YKT6;ARCN1;CLTC;AP3B1;LMAN1;SEC31A;AP1G1,age_changes_CXCR5_TFH-like_02062026
TNF-alpha Signaling via NF-kB,0.0026090655160468496,0.4418653780730124,1.7295314286437133,CCL5;BHLHE40;MSC;CSF1;RIPK2;IL15RA;PHLDA1;PHLDA2;PLEK;CLCF1;DUSP4;TANK;ZC3H12A;ATF3;SLC16A6;SQSTM1;B4GALT5;CFLAR;BIRC3;ICAM1;SERPINB8;TRAF1;CDKN1A;BCL3;TNIP1;DRAM1;PLAUR;NINJ1;ZFP36;KLF10;MCL1;EHD1;NFKBIE;SDC4;IL7R;MAFF;SOD2;ICOSLG;G0S2;CEBPD;PDLIM5;RELA;PER1;TIPARP;TRIB1;MAP3K8;TUBB2A;RHOB;KLF9;TNIP2;DUSP1;TRIP10;BCL2A1;BTG3;FOSL2;CD69;AREG;SAT1;PANX1;MYC;NFIL3;NFKB2;TAP1;CXCL2;TNFSF9;CCL4;KLF6;TGIF1;PDE4B,age_changes_CXCR5_TFH-like_02062026
Hypoxia,0.004281936935159241,0.430099773480558,1.6773647706523944,IGFBP3;ENO2;BHLHE40;ANXA2;NR3C1;S100A4;UGP2;TPD52;PFKP;RORA;PIM1;BCL2;PDGFB;NDRG1;CAVIN1;DDIT4;ATF3;TGFBI;CITED2;PAM;CDKN1A;RRAGD;MYH9;GPI;HMOX1;PFKL;XPNPEP1;PLAUR;ZFP36;TPI1;NEDD4L;FAM162A;AKAP12;MIF;TPBG;SDC4;ALDOA;IDS;MAFF;HSPA5;WSB1;ISG20;TIPARP;P4HA1;SLC25A1;SLC6A6;CDKN1B;PGM1;DUSP1,age_changes_CXCR5_TFH-like_02062026
Myogenesis,0.005399509918235993,0.4392464106053633,1.6528354489193815,IGFBP3;PRNP;CLU;FXYD1;SORBS3;BHLHE40;ITGB1;FHL1;GNAO1;MYO1C;TPM3;KIFC3;RB1;CDKN1A;MYH9;DAPK2;CFD;PFKM;TNNC1;SYNGR2;CHRNA1;PTP4A3;CKB;SPTAN1;CD36;WWTR1;TNNC2;ATP6AP1;CNN3,age_changes_CXCR5_TFH-like_02062026
IL-6/JAK/STAT3 Signaling,0.006481343748007783,0.46375536471530826,1.622467264009605,IL2RA;FAS;TNFRSF1B;CSF1;IL15RA;IL18R1;PIM1;IL12RB1;CSF3R;PTPN1;IFNGR1;HMOX1;LTBR;CD14;HAX1;MYD88;CD36;IL9R;PIK3R5;STAT1;MAP3K8,age_changes_CXCR5_TFH-like_02062026
p53 Pathway,0.006561032400647224,0.4108907774292038,1.632851306545706,DDB2;F2R;PERP;FAS;S100A4;ZNF365;CASP1;STOM;CDKN2A;CGRRF1;AEN;CD82;SEC61A1;TXNIP;PHLDA3;S100A10;NDRG1;CCNG1;DDIT4;ATF3;EPS8L2;RB1;RPS27L;UPP1;CDKN1A;SLC3A2;MAPKAPK3;HMOX1;DRAM1;NINJ1;TCN2;ISCU;FAM162A;ZBTB16;POLH;TOB1;RHBDF2;PMM1;BAX;DNTTIP2;CCND3;ANKRA2;MDM2;KIF13B;RXRA;XPC;RALGDS;RETSAT;GLS2;GM2A,age_changes_CXCR5_TFH-like_02062026
TGF-beta Signaling,0.007907221929362152,-0.5286861800643524,-1.7451993580760512,NOG;ID3;PMEPA1;SKIL;SMURF2;TGFBR1;ID2;HIPK2;SPTBN1;BMPR2;TRIM33;SKI;SMAD7;FKBP1A;HDAC1,age_changes_CXCR5_TFH-like_02062026
Myc Targets V1,0.012469080734763393,-0.407397218067357,-1.6493560115649413,HDDC2;CCT2;PSMA4;SERBP1;NME1;NOP56;GNL3;PSMC6;CCT5;LSM2;CCT3;TRIM28;POLE3;HDGF;EIF3J;PHB;APEX1;PCNA;SNRPG;SSBP1;COPS5;CLNS1A;SET;ABCE1;PSMA7;PSMC4;SYNCRIP;EIF3B;HNRNPD;MCM7;RFC4;SRM;EXOSC7;GSPT1;PSMA2;TXNL4A;CYC1;PSMA1;HSPE1;NOP16;SRSF3;CTPS1;C1QBP;TYMS;POLD2;PSMD3;CBX3;DDX18;DDX21;HNRNPA2B1;IMPDH2;AIMP2;SMARCC1;RAD23B;HDAC2;RUVBL2;KPNA2;SNRPD3;MRPS18B;LSM7;NHP2;ILF2;RPS10;PCBP1;PSMD8;EIF2S2;NDUFAB1;EIF4A1;TARDBP;PA2G4;FAM120A;SRSF2;CCT4;VDAC1,age_changes_CXCR5_TFH-like_02062026
Angiogenesis,0.01253009195311575,0.5748703445642088,1.5639494817593,S100A4;TIMP1;VCAN;LRPAP1,age_changes_CXCR5_TFH-like_02062026
KRAS Signaling Up,0.01484865227514898,0.40054929007660034,1.5395532728733554,PRDM1;IGFBP3;NAP1L2;PCSK1N;CFH;ADAM8;TNFRSF1B;IL10RA;KIF5C;CTSS;WNT7A;LCP1;MAP4K1;ACE;BIRC3;TRAF1;PLAUR;F13A1;HKDC1;AKAP12;CDADC1;C3AR1;AMMECR1;IL7R;PPBP;HSD11B1;G0S2;MAFB;PDCD1LG2;TRIB1;FBXO4,age_changes_CXCR5_TFH-like_02062026
Interferon Gamma Response,0.015378139100464372,0.39039868763585095,1.544625872804406,STAT4;ZBP1;CCL5;CFH;FAS;HLA-DRB1;RIPK2;IL10RA;CASP1;IL15;IL15RA;TAPBP;TXNIP;PFKP;IL2RB;SRI;CASP8;PIM1;FGL2;PTPN1;BST2;UPP1;ICAM1;IL18BP;HLA-DQA1;CDKN1A;SECTM1;FPR1;LY6E;ADAR;IRF5;CASP7;MYD88;ITGB7;SLAMF7;CD74;P2RY14;PSMB9;SOD2;TRIM26;MVP;OAS3;ZNFX1;LCP2;ISG20;STAT1;CMTR1;NLRC5;APOL6;IFITM3;PELI1;HERC6;RIPK1;OASL;ARID5B;XCL1,age_changes_CXCR5_TFH-like_02062026
Oxidative Phosphorylation,0.016878877579984592,-0.3925438497357996,-1.5702386533759172,TIMM8B;SLC25A5;ATP5F1C;TIMM13;PDHB;DECR1;FXN;ETFB;NDUFS2;SUCLG1;ECH1;NDUFB3;ATP5MC3;MRPL15;UQCRC2;ATP6V1D;UQCRH;BDH2;MTX2;SLC25A11;SDHD;MRPS11;NDUFA7;NDUFA2;NDUFC2;ATP5MF;ATP5PF;NDUFB5;IDH1;NDUFS6;NDUFA9;NDUFB1;ATP5MC1;MDH1;ETFA;MRPS22;NDUFS4;ACADM;ACAT1;ATP5PO;NDUFB8;ECI1;CYC1;ATP5ME;NDUFA8;COX7B;ETFDH;AIFM1;SDHB;PDHA1;LDHB;TIMM9;ACAA2;COX6C;NDUFB2;SLC25A20;MRPL35;NDUFB6;UQCR10;ATP5F1E;TIMM10;TIMM17A;IDH3B;MRPL34;TOMM22;NDUFAB1;UQCRQ;HTRA2;VDAC1;HSD17B10;NDUFB4;FH;COX7A2L;CYB5A;SLC25A3;ATP5F1B;PMPCA;CYCS;VDAC2;ATP5PB;ALDH6A1;ATP5F1A;ACAA1;NDUFS3;ATP6V0B;COX5A;COX6B1;SLC25A6;UQCRB;ALAS1;NNT;DLD;ECHS1,age_changes_CXCR5_TFH-like_02062026
Myc Targets V2,0.018044685941364907,-0.4711085896128158,-1.5906721931249277,NOP56;PPAN;NDUFAF4;GNL3;PHB;IPO4;TFB2M;SRM;EXOSC5;TMEM97;DCTPP1;MRTO4;HSPE1;NOP16;SORD;MPHOSPH10;CBX3;DDX18;AIMP2;SLC19A1;BYSL;PA2G4;RABEPK;PUS1;HK2;MCM4,age_changes_CXCR5_TFH-like_02062026
UV Response Dn,0.03501925652853193,0.3866277343142546,1.4348182505321205,SFMBT1;BHLHE40;ANXA2;NR3C1;ACVR2A;INPP4B;TGFBR3;ANXA4;KALRN;SRI;ATXN1;BMPR1A;CITED2;PIAS3,age_changes_CXCR5_TFH-like_02062026
Notch Signaling,0.03552167389805767,-0.5001718464529215,-1.4717618009725115,DTX1;LFNG;HES1;MAML2;RBX1;NOTCH1;ARRB1;KAT2A;DLL1;CCND1;PRKCA;SAP30,age_changes_CXCR5_TFH-like_02062026
Estrogen Response Late,0.037601238319498714,0.36838687231768624,1.421968425877538,LSR;PERP;DYNLT3;XBP1;BATF;TJP3;BCL2;SERPINA1;FABP5;MAPK13;S100A9;SLC7A5;DNAJC1;CHPT1;CISH;SLC22A5;FKBP5;ZFP36;ELOVL5;AFF1;SLC1A4;ATP2B4;TOB1;TNNC1;TPBG;PRSS23;CLIC3;MICB;CKB;RAB31;ISG20;MAPT;NBL1;ABHD2;CACNA2D2;PPIF,age_changes_CXCR5_TFH-like_02062026
G2-M Checkpoint,0.05960828839057621,-0.35170879845852815,-1.396311474069733,SMC4;STMN1;CKS2;MTF2;MAPK14;E2F3;NASP;SMC2;CENPF;SQLE;CASP8AP2;CKS1B;CUL3;RPA2;TOP1;BARD1;SYNCRIP;BUB1;HIRA;DR1;HNRNPD;MT2A;GSPT1;RBM14;KMT5A;HMGB3;UBE2S;SMC1A;PAFAH1B1;TACC3;CHAF1A;CHMP1A;WRN;EZH2;TENT4A;CTCF;SMARCC1;RAD23B;MKI67;KPNA2;CHEK1;UPF1;NUP50;PRMT5;DTYMK;CCND1;AMD1;SFPQ;PRPF4B;SRSF2;ABL1;BIRC5;SAP30;SLC12A2;LBR;E2F1;KIF11;YTHDC1;MNAT1;CENPE;CCNB2;STAG1;TLE3;TRA2B;ORC5;KIF5B,age_changes_CXCR5_TFH-like_02062026
Unfolded Protein Response,0.06753683213519415,0.3615496154859526,1.35130563246294,HSP90B1;ERN1;XBP1;HYOU1;EXOC2;DDIT4;SLC7A5;ATF3;SSR1;HERPUD1;WIPI1;YWHAZ;PDIA6;XPOT;DCP1A;SRPRA;DNAJB9;DCTN1;SLC1A4;DNAJC3;EEF2;HSPA5;EXOSC9;SHC1;HSPA9;TUBB2A;NOP14;SPCS3;EIF4G1;MTHFD2;EXOSC10;ALDH18A1;SPCS1;ZBTB17;ASNS;ERO1A;SDAD1;SEC31A,age_changes_CXCR5_TFH-like_02062026
Apical Surface,0.07217135640711947,0.46111625327036143,1.3380084148541782,GATA3;CRYBG1;MAL;IL2RB;GSTM3;PLAUR;FLOT2,age_changes_CXCR5_TFH-like_02062026
Cholesterol Homeostasis,0.07596984884959944,0.3900107693057552,1.325058670155685,LGALS3;CLU;ANTXR2;ANXA5;CXCL16;ABCA2;FABP5;ALCAM;ATF3;S100A11;PLAUR;LSS,age_changes_CXCR5_TFH-like_02062026
Wnt-beta Catenin Signaling,0.08107074791313063,-0.4283758087928022,-1.341666053901386,TCF7;TP53;GNAI1;NKD1;LEF1;AXIN1;NOTCH1;FRAT1;ADAM17;HDAC2;KAT2A;DLL1;MAML1;SKP2,age_changes_CXCR5_TFH-like_02062026
Pancreas Beta Cells,0.0990310519786478,0.5236351927357019,1.27991414305676,DPP4;STXBP1;PAK3;MAFB,age_changes_CXCR5_TFH-like_02062026
Fatty Acid Metabolism,0.1025279034474346,0.33381981590744614,1.2810458732318601,LGALS1;ENO2;GLUL;PRDX6;LTC4S;PCBD1;ACSM3;BLVRA;S100A10;ACSL5;RAP1GDS1;ACADVL;SERINC1;SLC22A5;HSD17B11;SUCLG2;ELOVL5;YWHAH;MIF;ALDOA;CBR3;G0S2;CD36;CPT2;FASN;ERP29;ODC1;RETSAT;IL4I1;ACSL4;SDHA;ACO2;CRAT;ALDH1A1;ACOT2;PTS;DLST;HSD17B4,age_changes_CXCR5_TFH-like_02062026
KRAS Signaling Dn,0.11647946149791169,-0.3492633634563997,-1.2837931226487265,CHST2;LYPD3;TCL1A;EDAR;LFNG;SKIL;CCDC106;IFI44L;SNN;PDE6B;BARD1;GTF3C5;SPHK2;MX1;KCNMB1;STAG3;OXT;PDK2;CAMK1D;RSAD2;GAMT,age_changes_CXCR5_TFH-like_02062026
Glycolysis,0.1505584277201152,0.30673563787261654,1.2194397163907547,IGFBP3;ENO2;UGP2;VCAN;EGLN3;PFKP;NOL3;DDIT4;TGFBI;ANG;CITED2;PAM;RRAGD;TXN;PRPS1;TPI1;FAM162A;AK3;HAX1;GFPT1;MIF;ECD;TPBG;PYGL;ALDOA;CHPF2;GUSB;GOT2;HSPA5;ISG20;P4HA1;PKM;IL13RA1;EXT2;PGAM1;QSOX1,age_changes_CXCR5_TFH-like_02062026
Estrogen Response Early,0.15533531973111278,0.31634508722938065,1.2211350232234635,BHLHE40;SH3BP5;DYNLT3;MYBL1;XBP1;TJP3;MUC1;BCL2;SLC7A5;CHPT1;CISH;SLC22A5;FKBP5;SNX24;KLF10;ELOVL5;AFF1;SLC1A4;NADSYN1;ENDOD1;LRIG1;TOB1;TPBG;PRSS23;MYBBP1A;CLIC3;MICB;RARA;RAB31;AQP3;TIPARP;FASN;GAB2;MAPT;NBL1;ABHD2;PPIF;ISG20L2,age_changes_CXCR5_TFH-like_02062026
Reactive Oxygen Species Pathway,0.17993697765985542,0.3702215013185958,1.1907999126447764,PRNP;PRDX6;PRDX2;PFKP;CDKN2D;TXN;PRDX4;GPX4;GCLM;SOD2;PRDX1,age_changes_CXCR5_TFH-like_02062026
Apical Junction,0.18810850789224046,0.3076659624959032,1.1793076411179764,SORBS3;ACTN4;ITGB1;CTNNA1;VCAN;VCL;ADAM23;CD99;MAPK13;ADAM15;TGFBI;MPP5;ICAM1;TRAF1;MYH9;NECTIN3;ZYX;SKAP2;AMIGO2;YWHAH;IKBKG;PIK3CB;GTF2F1;SHC1;CRB3;CNN2;SIRPA;ICAM4;ITGA10;TAOK2;EXOC4;CRAT;ITGA3;SPEG;ADAM9;CLDN7;JAM3;DHX16;AKT3;NF2;KCNH2,age_changes_CXCR5_TFH-like_02062026
DNA Repair,0.2289039373910223,-0.30582776238192017,-1.1849976767728514,ADA;GTF2H5;TP53;POLR2H;PDE6G;NME1;POLR2G;SAC3D1;TAF12;RPA2;RFC3;BOLA2;PCNA;TSG101;RBX1;NELFB;GTF3C5;ITPA;RAD52;RALA;ALYREF;RFC4;CETN2;ZNRD1;PRIM1;ERCC4;RPA3;TYMS;ZWINT;ZNF707;APRT;SRSF6;CMPK2;IMPDH2;TAF10;CSTF3;ERCC2;POLR1D;NELFCD;UMPS;POM121;REV3L;MPC2;GTF2B;UPF3B;RNMT;POLB,age_changes_CXCR5_TFH-like_02062026
Adipogenesis,0.2297841272346975,0.2902385134883337,1.1470044969788677,DHRS7;LTC4S;STOM;RAB34;REEP5;CD151;BAZ2A;TANK;MGST3;GPHN;CAVIN1;ELOVL6;RNF11;APLP2;IFNGR1;PFKL;CD302;DNAJB9;SOWAHC;PIM3;TOB1;NDUFB7;GPX4;ALDOA;GPAT4;RMDN3;PEMT;BCL2L13;CD36;RIOK3;CPT2;CHCHD10;SLC25A1;CMBL;SLC1A5;PGM1;RETSAT;SLC5A6;ACLY;CAVIN2;PHYH;YWHAG;LIPE;NDUFA5;ACO2;CRAT;COX8A,age_changes_CXCR5_TFH-like_02062026
Bile Acid Metabolism,0.26572776597612235,0.3103679497914171,1.11966821317719,NR3C2;OPTN;ABCA2;ATXN1;PEX16;GSTK1;ACSL5;APOA1;CH25H;HSD17B11;PFKM;NPC1;GCLM;CYP27A1;ABCD2;RXRA;PEX12;RETSAT;PHYH;LIPE;LONP2;ALDH1A1;HSD17B4;CYP46A1,age_changes_CXCR5_TFH-like_02062026
heme Metabolism,0.2908033729297394,0.2803458856089721,1.1007316137037557,NR3C1;CAST;DMTN;PRDX2;OPTN;BLVRA;MFHAS1;MGST3;KAT2B;LRP10;GDE1;FBXO7;MKRN1;FN3K;TENT5C;TRAK2;E2F2;BSG;ENDOD1;LAMP2;GCLM;HTATIP2;ADIPOR1;NFE2L1;RIOK3;CCND3;AQP3;FOXJ2;ARL2BP;RAD23A;CTSB;TCEA1;GMPS;RNF19A;ICAM4;SLC25A38;NFE2;PIGQ;ASNS;SNCA;VEZF1;EIF2AK1;CDC27;ELL2,age_changes_CXCR5_TFH-like_02062026
E2F Targets,0.3043063947122988,-0.281210402042279,-1.1294478344964958,SMC4;STMN1;CKS2;TP53;NME1;NOP56;NASP;CKS1B;PAICS;MSH2;RPA2;RFC3;SNRPB;PCNA;BARD1;SYNCRIP;HNRNPD;MCM7;PNN;EXOSC8;GSPT1;ING3;GINS4;DCTPP1;DONSON;UBE2T;CTPS1;HMGB3;PPP1R8;UBE2S;SMC1A;RPA3;CCNE1;POLD2;TACC3;EZH2;CTCF;MKI67;KPNA2;MRE11;CHEK1,age_changes_CXCR5_TFH-like_02062026
Androgen Response,0.35115447435993735,0.2978457062251482,1.0659499135635087,INPP4B;TPD52;CDC14B;NDRG1;GPD1L;SEC24D;FKBP5;PLPP1;PIAS1;ELOVL5;DNAJB9;AKAP12;IQGAP2;HSD17B14;CDK6;PDLIM5;CCND3;XRCC6;UBE2J1;MAF;SPCS3;ARID5B;ABHD2;ABCC4;TMEM50A;UAP1,age_changes_CXCR5_TFH-like_02062026
mTORC1 Signaling,0.39940284738939974,0.2600068391429389,1.0381433072796695,BHLHE40;HSP90B1;XBP1;EGLN3;FGL2;CCNG1;CANX;DDIT4;ELOVL6;SLC7A5;SQSTM1;GGA2;SSR1;PSMD12;CDKN1A;GPI;TBK1;M6PR;PFKL;UFM1;SLA;TPI1;ELOVL5;SKAP2;RPN1;PSME3;SLC1A4;ALDOA;UCHL5;HSPA5;PRDX1;LTA4H;P4HA1;SLC6A6;HSPA9;SLC1A5;PGM1;UNG;TCEA1;ACLY;GMPS,age_changes_CXCR5_TFH-like_02062026
Interferon Alpha Response,0.4480574775777728,-0.2894440144969439,-1.053328182273324,SELL;SP110;NMI;USP18;ISG15;IRF9;IRF7;GBP2;IFI44L;CCRL2;PLSCR1;EPSTI1;LGALS3BP;TRIM25;SAMD9;UBE2L6;MX1;SAMD9L;SLC25A28;RSAD2;CMPK2;PARP14;IFI35;DDX60;RTP4;LAP3;IFIT3,age_changes_CXCR5_TFH-like_02062026
Pperoxisome,0.5715502209967155,-0.2726299479601672,-0.9956905617503563,CLN8;PEX6;ECH1;RDH11;SLC25A19;FDPS;MSH2;MLYCD;PEX2;PRDX5;HRAS;IDH1;ABCD1;CTBP1;CAT;CLN6;ABCD3;CTPS1,age_changes_CXCR5_TFH-like_02062026
UV Response Up,0.5895793108396004,-0.2556468927636138,-0.9736931036051917,POLR2H;KLHDC3;AP2S1;BCL2L11;WIZ;RASGRP1;POLE3;MARK2;NAT1;CHKA;IL6ST;CDC34;CDC5L;FKBP4;PPAT;E2F5;BAK1;AGO2;RFC4;PRKACA;DGAT1;CCNE1;DDX21;NR4A1;POLG2;PSMC3;GLS;DNAJA1;FURIN;CASP3;EIF5;PLCL1;AMD1;TGFBRAP1;STIP1,age_changes_CXCR5_TFH-like_02062026
PI3K/AKT/mTOR  Signaling,0.619370086950477,-0.2596970924581831,-0.9472872316233938,LCK;MKNK2;PTEN;PRKAG1;IL2RG;UBE2N;PDK1;HRAS;SMAD2;MAP2K6;TRIB3;GRK2;MAPK8;MAPK1;RIT1;ITPR2;VAV3;AKT1;AKT1S1;DDIT3;CSNK2B;PIK3R3;TNFRSF1A;ARPC3;ACTR3;MAPK9;GRB2;AP2M1;ECSIT,age_changes_CXCR5_TFH-like_02062026
Xenobiotic Metabolism,0.6568566600533134,0.24283108693301547,0.9309822666742724,DHRS7;FAS;PTGES3;PTGDS;SSR3;UPP1;HMOX1;NINJ1;ELOVL5;CES1;TMBIM6;NPC1;NDRG2;PMM1;HSD11B1;PEMT;CYP27A1;CD36;PDLIM5;ABCD2;ACSM1;SLC6A6;SLC1A5;RETSAT;PGD;CDA;CYFIP2;SPINT2;ACO2;CDO1;CYP2E1;PTS;PPARD;ALDH2;PSMB10;TMEM176B;ARPP19;GSS;AP4B1,age_changes_CXCR5_TFH-like_02062026
Hedgehog Signaling,0.6569970029923647,0.3227717227664517,0.9233080502554223,MYH9;PTCH1;ADGRG1;CDK6;L1CAM;PML;RTN1,age_changes_CXCR5_TFH-like_02062026
Spermatogenesis,0.8436007735111883,0.2415036810235577,0.8371589648048006,PCSK1N;MLF1;SPATA6;ACE;PRKAR2A;GSTM3;NCAPH;TSN;PHKG2;PHF7;IL12RB2;PEBP1;DBF4;MTOR,age_changes_CXCR5_TFH-like_02062026
Mitotic Spindle,0.911763513239528,-0.19894319935133897,-0.8001978470989443,SMC4;RALBP1;FLNB;EPB41;BCL2L11;CENPF;NET1;SAC3D1;PPP4R2;SSH2;SPTBN1;TUBD1;BUB1;BCR;MYH10;WASF2;RANBP9;RAPGEF6;UXT;CEP72;CNTROB;STK38L;PALLD;BIN1;SMC1A;MARK4;CAPZB;PAFAH1B1;RASA2;ARL8A,age_changes_CXCR5_TFH-like_02062026
TNF-alpha Signaling via NF-kB,0.0,0.4259609602524946,2.1255443663935254,CCL5;PHLDA1;CCL4;BHLHE40;RIPK2;MAP3K8;KLF6;IL15RA;PHLDA2;PLEK;PER1;DUSP4;SQSTM1;ZC3H12A;MSC;BTG1;PNRC1;TGIF1;ATF3;CD44;BTG3;SMAD3;AREG;KLF9;IL7R;PANX1;PDE4B;EHD1;CLCF1;ZFP36;SAT1;TNFAIP3;CD69;CFLAR;TUBB2A;BCL3;TRAF1;TIPARP;DUSP2;TNF;CDKN1A;PTGER4;FOSL2;SERPINB8;IFIT2;KLF10;IFIH1;PLAUR;DUSP1;PDLIM5;SLC16A6;TNIP1;LITAF;MXD1;NFIL3,age_changes_GZMK_TH1_like_02062026
Apoptosis,0.0,0.4481469723064093,2.173562473955239,CLU;F2R;TSPO;HMGB2;LGALS3;ANXA1;ENO2;LMNA;TXNIP;TIMP1;FAS;CD2;BAX;TGFBR3;SQSTM1;ATF3;PRF1;CD44;BTG3;GPX4;MADD;CASP1;PPP2R5B;BCL2L1;SAT1;RHOT2;CD69;CFLAR;TNF;CDKN1A;IFITM3;CASP8;IFNGR1;SLC20A1;BCAP31;CDKN1B;BCL10;RETSAT;PEA15;NEDD9;RELA;GNA15;GSR;IGF2R;PLCB2;PSEN2;PDCD4;SPTAN1;SOD1;FASLG,age_changes_GZMK_TH1_like_02062026
IL-2/STAT5 Signaling,0.0,0.41673441583322607,2.0693481831284175,CST7;HOPX;PHLDA1;PTGER2;BHLHE40;IL10RA;AHNAK;SERPINB6;RORA;GLIPR2;MAP3K8;KLF6;XBP1;NFKBIZ;EOMES;PRNP;CDC42SE2;SYT11;CCND3;CD44;GPX4;PTCH1;GPR65;PRKCH;ADAM19;DHRS3;GALM;BCL2;CYFIP1;TNFRSF1B;BATF;PHTF2;IL2RB;CAPG;BCL2L1;TRAF1;ANXA4;RRAGD;ODC1;LRIG1;ST3GAL4;IFITM3;PIM1;LRRC8C;PLEC;ENO3;MYO1C;TWSG1;P4HA1;IFNGR1;FLT3LG;NDRG1;CD48;FGL2;MXD1;NFIL3;IL18R1;ALCAM;SYNGR2,age_changes_GZMK_TH1_like_02062026
Coagulation,0.0,0.5051456787231029,2.211892236157457,CLU;CFH;ANXA1;CAPN2;TIMP1;DPP4;CPQ;ISCU;PLEK;F8;DUSP6;CSRP1;CRIP2;FYN,age_changes_GZMK_TH1_like_02062026
Epithelial Mesenchymal Transition,0.0,0.5257639180975952,2.4244293183735874,LGALS1;IGFBP3;ENO2;GLIPR1;VIM;TIMP1;IL15;FLNA;IL32;FAS;VCAN;WIPF1;TGFBR3;ACTA2;IGFBP4;EMP3;PLOD3;CD44;ITGB1;SGCB;AREG;NOTCH2;CAPG;SAT1;PPIB;TNFAIP3;TGFBI;LOXL1;SNTB1;MAGEE1;PLAUR;CXCL8,age_changes_GZMK_TH1_like_02062026
Complement,0.0,0.4305566345668199,2.1389754206779394,CLU;CCL5;GZMK;CFH;LGALS3;GZMA;TIMP1;DPP4;CPQ;S100A9;PLEK;F8;FCN1;GATA3;DUSP6;VCPIP1;CSRP1;ANXA5;SPOCK2;APOBEC3G;PSMB9;FYN;CASP1;PRKCD;CTSS;EHD1;HSPA5;CBLB;GZMB;CTSH;TNFAIP3;PDGFB;STX4;GNG2;CTSB;USP14;CALM1;LCP2;PIM1;RCE1;S100A12;WAS;PLAUR;PIK3CG;XPNPEP1,age_changes_GZMK_TH1_like_02062026
Hypoxia,0.000353861080988528,0.3978512833631683,1.950671958875793,IGFBP3;S100A4;ENO2;BHLHE40;ANXA2;RORA;DDIT4;KLF6;CITED2;GAPDH;TPD52;BTG1;PNRC1;NR3C1;ATF3;IDS;PAM;MYH9;BCL2;MIF;PFKP;HSPA5;ALDOA;ZFP36;CXCR4;FOXO3;TNFAIP3;TPI1;TGFBI;KLHL24;PDGFB;TIPARP;RRAGD;CDKN1A;PIM1;FOSL2;ENO3;GPI;P4HA1;VHL;SLC25A1;NDRG1;PLAUR;DUSP1;XPNPEP1;CDKN1B,age_changes_GZMK_TH1_like_02062026
Myc Targets V1,0.0005068694144324397,-0.43993082148503426,-1.9601023091325154,PSMA4;NOP56;EIF3B;TRIM28;PSMA7;NME1;EIF3J;PSMA2;SRSF3;PSMC6;CCT3;GNL3;SRM;CTPS1;RSL1D1;CCT2;SERBP1;SNRPG;PCNA;TARDBP;MYC;EIF3D;VDAC1;NCBP2;HDGF;NAP1L1;CLNS1A;TFDP1;CCT5;MRPL23;TXNL4A;IMPDH2;POLD2;DDX21;PPM1G;POLE3;LSM2;PCBP1;FAM120A;ORC2;PRDX3;APEX1;NOP16;TCP1;PHB;SMARCC1;C1QBP;EIF2S1;PRPF31;PSMC4;MRPS18B;SSBP1;HNRNPD;SNRPD3;HDAC2;CCT4;PSMA1;GSPT1;EXOSC7;EIF2S2;RPS10;RUVBL2;SYNCRIP;NHP2;PA2G4,age_changes_GZMK_TH1_like_02062026
Allograft Rejection,0.0027866560127846585,0.3770336381275952,1.9049645132464683,F2R;CCL5;GZMA;CCL4;CDKN2A;STAT4;TIMP1;RIPK2;IL15;HLA-DQA1;FLNA;SRGN;FAS;CD2;IFNG;TAPBP;TPD52;CD74;MAP4K1;CD96;HLA-DMA;PRF1;CCND3;CD3E;GPR65;SPI1;HLA-E;APBB1;CTSS;IL2RB;CAPG;STAT1;ITGAL;GZMB;FGR;ACVR2A;NCF4;BCL3;HLA-A;CXCR3;TNF;LCP2;IFNGR1;CD8A;WAS;IL18RAP;BCL10;IL12RB1;SOCS5;NLRP3;NCK1,age_changes_GZMK_TH1_like_02062026
Interferon Gamma Response,0.005504505704265992,0.36680067054459947,1.8556371576941066,CCL5;CFH;GZMA;HLA-DRB1;TXNIP;ZBP1;STAT4;IL10RA;RIPK2;IL15;HLA-DQA1;FAS;IL15RA;TAPBP;IL18BP;CD74;SRI;BTG1;HLA-DMA;PTPN1;SLAMF7;PSMB9;VAMP5;UPP1;PSME1;XCL1;CASP1;TRIM26;PDE4B;PFKP;IL2RB;STAT1;TRAFD1;MYD88;LY6E;ADAR;TNFAIP3;CD69;HLA-A;HLA-B;CDKN1A;IFITM3;LCP2;PIM1;IFIT2;CASP8;IFIH1;IFITM2;BST2;NLRC5;FGL2;MVP;NOD1;PML,age_changes_GZMK_TH1_like_02062026
Angiogenesis,0.00644027167399121,0.622454285335404,1.8186762529513483,S100A4;TIMP1;VCAN;LRPAP1,age_changes_GZMK_TH1_like_02062026
Myc Targets V2,0.012164865946378552,-0.4574725248919153,-1.6921099355985967,NOP56;PPAN;IPO4;GNL3;SRM;TFB2M;MYC;RABEPK;DCTPP1;BYSL;GRWD1;NOP16;PHB;NDUFAF4;PA2G4;PLK4;SLC19A1;TMEM97;PLK1;HK2;RCL1;CBX3;WDR43;IMP4;TBRG4;MPHOSPH10,age_changes_GZMK_TH1_like_02062026
p53 Pathway,0.013285875131660189,0.34030224312689383,1.6836139637677905,F2R;S100A4;RPS27L;CDKN2A;TXNIP;S100A10;CGRRF1;STOM;DDB2;DDIT4;FAS;CCNG1;ISCU;PERP;BAX;BTG1;ATF3;CCND3;CD82;HINT1;ZNF365;UPP1;CASP1;AEN;RB1;TRAFD1;ANKRA2;SAT1;FOXO3;NOL8;SEC61A1;PHLDA3;SLC3A2;CDKN1A;KIF13B;SESN1;NDRG1;PVT1;MDM2;MXD1;XPC;RETSAT,age_changes_GZMK_TH1_like_02062026
TGF-beta Signaling,0.01419234360410831,-0.4733954986402782,-1.704551835110721,ID3;NOG;SMURF2;SPTBN1;FKBP1A;PMEPA1;SKIL;HIPK2;CDK9;ACVR1;FNTA;HDAC1;XIAP;TRIM33;SKI;SMAD7;IFNGR2;ID1;FURIN;WWTR1;SMAD1,age_changes_GZMK_TH1_like_02062026
Wnt-beta Catenin Signaling,0.01507936507936508,-0.5023566518663856,-1.6466437826552116,TCF7;TP53;LEF1;MYC;NOTCH1;GNAI1;MAML1;DVL2;HDAC2;CCND2;FRAT1;AXIN1;NKD1;NOTCH4;PPARD,age_changes_GZMK_TH1_like_02062026
KRAS Signaling Up,0.022086829138367292,0.3346632662740943,1.607211218633115,IGFBP3;PRDM1;CFH;NAP1L2;IL10RA;ADAM8;PCSK1N;MAP4K1;DUSP6;KIF5C;FBXO4;LCP1;DOCK2;ACE;CDADC1;IL7R;TNFRSF1B;CTSS;CXCR4;WNT7A;TNFAIP3;NIN;TRAF1;MMD,age_changes_GZMK_TH1_like_02062026
Myogenesis,0.02210270752020652,0.3340207312842009,1.594933066921961,IGFBP3;CLU;SORBS3;BHLHE40;FXYD1;GNAO1;PRNP;ITGB1;MYH9;SVIL;TPM3;RB1;FHL1;DAPK2;LSP1;LPIN1;CDKN1A;SH2B1;ENO3;MYO1C;PTP4A3;ATP6AP1;PDLIM7;CRAT;GABARAPL2;CFD;CHRNA1;SYNGR2,age_changes_GZMK_TH1_like_02062026
Reactive Oxygen Species Pathway,0.0245933451287027,0.39616010432543586,1.5693829314430643,PRDX6;PRDX2;PRNP;GPX4;FTL;TXN;PFKP;LSP1;GCLM;TXNRD2;OXSR1;MBP;CDKN2D;SCAF4;GSR;PRDX4;SOD1,age_changes_GZMK_TH1_like_02062026
Pancreas Beta Cells,0.04904514582500999,0.4948033355386413,1.46135740541261,DPP4;SPCS1;STXBP1;SRP14,age_changes_GZMK_TH1_like_02062026
Inflammatory Response,0.05093387934478626,0.29303829051583197,1.4417142279014445,CCL5;CD70;PTGER2;IL10RA;TIMP1;RIPK2;IL15;KLF6;IL15RA;KCNA3;TAPBP;SRI;EMP3;CD82;IL7R;TNFRSF1B;PDE4B;IL2RB;LY6E;PROK2;CD69;ACVR2A;IFITM1;CDKN1A;P2RX7;LCP2;PTGER4;PLAUR;CXCL8;CD48;BST2;IL18RAP;MXD1;IL18R1;NLRP3;SLC4A4;KIF1B;RELA;GNA15;RGS16;BEST1;CSF1;AHR;CSF3R,age_changes_GZMK_TH1_like_02062026
Cholesterol Homeostasis,0.055457894970479864,0.33183103433341987,1.4057382539330099,CLU;LGALS3;ANTXR2;PNRC1;ATF3;ANXA5;S100A11;SREBF2,age_changes_GZMK_TH1_like_02062026
UV Response Dn,0.056534511527343664,0.31216688190974334,1.4134365057736582,BHLHE40;ANXA2;INPP4B;CITED2;SYNE1;TGFBR3;SRI;NR3C1;PIAS3;SMAD3;SFMBT1;PRKCE;FYN;NR1D2;NOTCH2;ATXN1;BMPR1A;ACVR2A;ATP2B4;ANXA4;TOGARAM1;DUSP1;PDLIM5;CDKN1B,age_changes_GZMK_TH1_like_02062026
Hedgehog Signaling,0.060100510965788424,0.42261460871114087,1.3890370293105312,ADGRG1;PTCH1;MYH9;TLE3;NF1,age_changes_GZMK_TH1_like_02062026
Oxidative Phosphorylation,0.06822462318260639,-0.3302783370861925,-1.474923931409509,SLC25A5;TIMM8B;LDHB;FXN;TIMM13;ATP5F1C;NDUFA7;ATP5PO;ATP5MC3;SUCLG1;TIMM9;UQCRC2;NDUFB5;NDUFA9;ECH1;NDUFA2;ACADM;DECR1;VDAC1;NDUFB8;NDUFB1;ECI1;HSD17B10;PDHB;TOMM22;ATP5MF;NDUFC2;UQCRH;NDUFS6;SLC25A6;MRPS12;SLC25A20;NDUFS2;PRDX3;ATP6V0B;NDUFB3;DLD;MRPS11;MRPL35;NDUFB2;ETFA;HADHB;ATP5ME;SDHD;UQCR10;COX7B;SLC25A11;MRPS15;ATP6V1C1;ATP5PD;LDHA;COX7A2L;ATP6V1F;AIFM1;SLC25A3;ETFDH;MRPL15;IDH3G;PHB2;CYC1;ATP6V1D;TIMM10;NDUFA6;NDUFB6;IDH3A;NDUFS8,age_changes_GZMK_TH1_like_02062026
Protein Secretion,0.08062724730323612,0.29492568737481184,1.3420786544471035,CD63;TMED10;TMED2;TPD52;ANP32E;MON2;PAM;RAB9A;AP2B1;ATP1A1;RAB14;ARF1;AP1G1;SEC24D;YKT6;SCAMP1;AP3S1;KIF1B;RAB5A;IGF2R;STX12;SOD1,age_changes_GZMK_TH1_like_02062026
Notch Signaling,0.1028100128940465,-0.4478895106380844,-1.4102918258421269,LFNG;RBX1;MAML2;HES1;NOTCH1;PRKCA,age_changes_GZMK_TH1_like_02062026
Interferon Alpha Response,0.10470473903847254,-0.34765498954315266,-1.390390802059476,SELL;ISG15;IFI27;IRF9;IFI44L;USP18;RSAD2;IRF7;RTP4;GBP2;SP110;LGALS3BP;IFI44;TRIM25;PROCR;IL4R;MX1;EPSTI1;NMI;SAMD9L;PSME2;PLSCR1;DHX58;MVB12A;IFI30,age_changes_GZMK_TH1_like_02062026
Fatty Acid Metabolism,0.10780967600783822,0.27295712231359426,1.2888799842411778,LGALS1;GLUL;ENO2;S100A10;PRDX6;HSD17B11;PSME1;MIF;LTC4S;ALDOA;SERINC1;PCBD1;BPHL;ACSM3;ELOVL5;ACADVL;ACSL5;ODC1;RAP1GDS1;DLST;ENO3;SDHA;SMS;PTS;CRAT;RETSAT;UROS,age_changes_GZMK_TH1_like_02062026
E2F Targets,0.11531279178338003,-0.30855962389031366,-1.3627035626821042,SMC4;CKS2;NOP56;NME1;STMN1;TP53;NASP;MSH2;PAICS;CTPS1;CHEK2;NUP107;RPA2;ING3;PCNA;MYC;TUBG1;DCTPP1;NAP1L1;PNN;UBE2S;POLD2;ORC2;AK2;EXOSC8;HMGA1;EIF2S1;RPA1;HNRNPD;SNRPB;CKS1B;LBR;RBBP7;EZH2;PMS2;GSPT1;SYNCRIP;DDX39A;PA2G4;PLK4;PLK1;PDS5B;SRSF2;CTCF,age_changes_GZMK_TH1_like_02062026
Spermatogenesis,0.15740384266153343,0.28095864916388413,1.23011217062836,PCSK1N;PEBP1;TSN;PHKG2;IL12RB2;GFI1;ACE;NF2;PRKAR2A;RAD17;MLF1;LPIN1;IDE,age_changes_GZMK_TH1_like_02062026
Glycolysis,0.16509927217773454,0.2458722856751731,1.2160849133587879,IGFBP3;ENO2;DDIT4;CITED2;VCAN;CD44;PHKA2;PRPS1;PAM;TXN;MIF;ECD;GNE;PFKP;HSPA5;ALDOA;GOT2;CXCR4;AK3;TPI1;TGFBI,age_changes_GZMK_TH1_like_02062026
Unfolded Protein Response,0.17318551072046875,0.25963552366011766,1.203315613003171,HERPUD1;SPCS1;DDIT4;SLC7A5;XBP1;ERN1;HSP90B1;ATF3;DNAJB9;HSPA5;PDIA6;EEF2;YWHAZ;TUBB2A;ZBTB17;HSPA9;EDC4;DCTN1;CALR;EXOC2;SLC30A5;DCP1A;ASNS,age_changes_GZMK_TH1_like_02062026
heme Metabolism,0.19015950090660438,0.23564113360154718,1.1759019432272426,CAST;MGST3;PRDX2;NR3C1;FBXO7;CCND3;TENT5C;KHNYN;HTATIP2;DMTN;ARL2BP;PPP2R5B;KAT2B;ENDOD1;FOXO3;SLC10A3;BSG;ACSL6;OPTN;ADIPOR1;RIOK3;GCLM;LRP10;PICALM;CTSB;RNF19A;ASNS;UROS;FBXO34;MKRN1;GMPS;FN3K;TRAK2;EIF2AK1;SLC25A38;NARF,age_changes_GZMK_TH1_like_02062026
Estrogen Response Late,0.19043387934478626,0.24392596307890776,1.1817161886818761,S100A9;DYNLT3;PERP;SLC7A5;FKBP5;XBP1;DNAJC1;LSR;IGFBP4;CD44;BTG3;AREG;BCL2;BATF;ZFP36;TJP3;CHPT1;ELOVL5;ATP2B4;DUSP2;SLC9A3R1,age_changes_GZMK_TH1_like_02062026
G2-M Checkpoint,0.19199087042224297,-0.29194478755907927,-1.2813607047680007,SMC4;CKS2;STMN1;NASP;KMT5A;RPA2;MYC;SLC12A2;TFDP1;UBE2S;WRN;CUL3;RBM14;PRMT5;HMGA1;SMARCC1;HNRNPD;CASP8AP2;CKS1B;LBR;EZH2;GSPT1;MT2A;TOP1;TENT4A;MTF2;MARCKS;SYNCRIP;DDX39A;PLK4;PRPF4B;CCNF;PRC1;PLK1;PDS5B;SRSF2;CTCF;INCENP;PAFAH1B1;CCND1;HSPA8;KIF11;RACGAP1;SFPQ;CENPE;MKI67;MAPK14;RAD23B;CDC6;TOP2A;CCNA2;AURKB;BUB1,age_changes_GZMK_TH1_like_02062026
UV Response Up,0.2623814385700123,0.23322110372082655,1.1206093903104435,ENO2;SQSTM1;HLA-F;BTG1;SLC25A4;TUBA4A;ATF3;CCND3;BTG3;RAB27A;TGFBRAP1;SELENOW;TMBIM6;PRKCD;ALDOA;ARRB2;RPN1;BSG;DNAJB1;APOM,age_changes_GZMK_TH1_like_02062026
KRAS Signaling Dn,0.27497665732959853,-0.3065963361649174,-1.1863668439882484,LYPD3;LFNG;CHST2;IFI44L;ZBTB16;RSAD2;SKIL;CCDC106;TCL1A;EDAR;MX1;PDE6B;SNN;MSH5;SLC5A5;GPR19;OXT,age_changes_GZMK_TH1_like_02062026
Estrogen Response Early,0.2800810456024199,0.22743404335511422,1.1036578466241946,BHLHE40;DYNLT3;MYBL1;SLC7A5;FKBP5;XBP1;SH3BP5;IGFBP4;CD44;DHRS3;AREG;BCL2;SVIL;NADSYN1;TJP3;ENDOD1;CHPT1;UGCG;ELOVL5;ELF1;TIPARP;LRIG1;SLC9A3R1,age_changes_GZMK_TH1_like_02062026
Adipogenesis,0.289145961414869,-0.27193139486278384,-1.191965539348018,ATP5PO;SUCLG1;ECH1;GBE1;DGAT1;RTN3;CCNG2;UCP2;ACADM;DECR1;DDT;GADD45A;PPM1B;COQ9;ACADS;VEGFB;DNAJC15;ESRRA;SLC27A1;MTCH2;DRAM2;TKT;PRDX3;CAT;NMT1;AK2;DLD;PTCD3;DBT;HIBCH;JAGN1;UQCR10;MAP4K3;RREB1;COX7B;DHRS7B;SLC19A1;ABCA1;AIFM1;REEP6;SCARB1;TST;ABCB8;MRPL15;IDH3G;UCK1;CYC1;PREB;SLC25A10;ATP1B3;PEX14;SAMM50;IDH3A;MGLL,age_changes_GZMK_TH1_like_02062026
DNA Repair,0.3003708149926637,-0.28223668380251177,-1.2011447299860445,ADA;NME1;RALA;TAF12;TP53;RBX1;SRSF6;POLR2G;GTF2H5;NELFB;RPA2;POLR2H;ALYREF;PCNA;NCBP2;REV3L;ZWINT;IMPDH2;POLR1C;TARBP2;GTF2H1;POLR1D;PDE6G;ITPA;BOLA2;PRIM1;NUDT9;NT5C;ERCC1,age_changes_GZMK_TH1_like_02062026
Pperoxisome,0.4155159499697315,-0.2771669884793482,-1.1044354920834363,PEX6;CLN6;MSH2;CTPS1;ECH1;ABCC5;FDPS;PEX2;CLN8;ABCD1;PRDX5;HRAS;CAT;HMGCL;SIAH1;SMARCC1;CTBP1;FADS1;ERCC1;SLC27A2;DHCR24;SLC25A17,age_changes_GZMK_TH1_like_02062026
Apical Junction,0.45278355628418315,0.2126012931737014,1.0120984697464888,SORBS3;CD99;VCAN;ACTN4;ITGB1;TAOK2;NECTIN3;MYH9;AMIGO2;EXOC4;MYL12B;NF2;ADAM23;ZYX;NF1;ADAM15;TGFBI;TRAF1;STX4;MPP5;PIK3CB,age_changes_GZMK_TH1_like_02062026
Xenobiotic Metabolism,0.49462007025032234,-0.23516735161363006,-0.99743224920756,DDAH2;ECH1;GCNT2;SHMT2;LONP1;GSTM4;DDT;SERTAD1;CSAD;CROT;GCH1;NQO1;FBP1;CNDP2;CAT;TNFRSF1A;NMT1;IRF8;SAR1B;ATP2A2;MT2A;GSTO1;COMT;ASL;TMEM97;PINK1;ETFDH;NFS1;LCAT;EPHX1;PPARD;CYP2J2;ETS2;UGDH,age_changes_GZMK_TH1_like_02062026
Apical Surface,0.5005202080832333,-0.304406155822713,-0.9816979357958588,LYPD3;IL2RG;SULF2,age_changes_GZMK_TH1_like_02062026
PI3K/AKT/mTOR  Signaling,0.5020372593481838,-0.2559842152897863,-1.0355169650642297,IL2RG;MKNK2;LCK;PTEN;PDK1;TSC2;PRKAG1;HRAS;TIAM1;CSNK2B;TNFRSF1A;GRK2;ACTR3;DDIT3;MAP2K6;RIT1;MAPK9;PRKCB;RALB;UBE2N,age_changes_GZMK_TH1_like_02062026
Mitotic Spindle,0.509373945656694,-0.2265234497010287,-1.0038214644853478,SMC4;BIN1;UXT;FLNB;SPTBN1;NET1;PPP4R2;RASA2;RANBP9;RAB3GAP1;EPB41;RALBP1;ARL8A;BCR;ARHGEF11;BCL2L11;PCNT;ARHGAP10;TIAM1;CENPJ;KPTN;DST;CEP57;RAPGEF6;MAPRE1;TRIO;ARHGEF2;MARCKS;ECT2;SAC3D1;FARP1;WASF2;WASL;TLK1;PRC1;PLK1;CDC42EP2;INCENP;PAFAH1B1;MYH10;KIF11;RACGAP1,age_changes_GZMK_TH1_like_02062026
Bile Acid Metabolism,0.5187174869947979,-0.25620009436609703,-1.0140656810920998,LCK;PEX6;SULT1B1;SLC27A5;CROT;ABCD1;PECR;NEDD4;PRDX5;RXRA;CAT;PXMP2;FADS1;AMACR;SLC27A2;DHCR24;PEX12;ABCA1;SLC29A1;PEX11A,age_changes_GZMK_TH1_like_02062026
mTORC1 Signaling,0.5267821414279997,-0.2344879631840187,-1.0399496678957958,PSMA4;GLRX;PPA1;ENO1;PSMC6;SEC11A;CFP;PHGDH;CORO1A;GBE1;SHMT2;TUBG1;PDK1;PSMD13;EEF1E1;TM7SF2;ABCF2;HMBS;NMT1;GTF2H1;PSPH;LGMN;STIP1;USO1;PSMC4;RPA1;FADS1;EDEM1;CTH;ATP2A2;ACTR3;PITPNB;DDIT3;IFI30;RIT1;DHCR24;EIF2S2;LDLR;DDX39A;SERPINH1;LDHA;CCNF;HMGCS1;TMEM97;PLK1;GOT1,age_changes_GZMK_TH1_like_02062026
IL-6/JAK/STAT3 Signaling,0.5402397123451858,0.23365121489860338,0.9712464711420203,MAP3K8;FAS;IL15RA;PTPN1;CD44;TNFRSF1B;STAT1;MYD88;TNF;PIM1;IFNGR1;IL18R1;IL12RB1,age_changes_GZMK_TH1_like_02062026
Androgen Response,0.6906112664802238,0.20306761825109293,0.8990488659778905,INPP4B;FKBP5;TPD52;CCND3;GPD1L;DNAJB9;SAT1;ELOVL5;UBE2J1;SEC24D;MYL12A;NDRG1;PDLIM5;SMS;HSD17B14;CDC14B;IQGAP2;TMEM50A;GSR;ITGAV;HMGCR,age_changes_GZMK_TH1_like_02062026
Interferon Alpha Response,0.001957845146685429,-0.5235472012413978,-1.9432932472145912,SP110;IRF1;UBE2L6;IRF2;HLA-C;NCOA7;GBP4;CD74;ADAR;PSMA3;ISG20;IRF9;ISG15;LAP3;NMI;IRF7;CD47;EPSTI1;SAMD9;IFI44L;PSME1;PSMB8;LY6E;IFI35;IFITM2;MX1;B2M;PARP14;UBA7;GBP2;BST2,age_changes_HSPC_02062026
Interferon Gamma Response,0.002447306433356787,-0.4534480038403052,-1.8439817687787279,SP110;ARID5B;IRF1;UBE2L6;HLA-B;IRF2;XAF1;BTG1;STAT1;PTPN2;HLA-A;RNF213;NFKB1;GBP4;CD74;ADAR;PSMA3;ISG20;IRF9;OAS2;ISG15;LAP3;HLA-DRB1;NMI;RBCK1;LYSMD2;IRF7;NFKBIA;EPSTI1;SPPL2A;AUTS2;RAPGEF6;IRF8;IFI44L;PSME1;CIITA;PSMB8;PSMB2;LY6E;IFI35;IFITM2;MX1;B2M;SRI;PARP14;TNFAIP2;BST2;PARP12;TAPBP;IFI44;HIF1A;APOL6;PSMB10;TXNIP;PDE4B;BANK1;SOCS3;PNP;PTPN1;PML;IFIT3,age_changes_HSPC_02062026
KRAS Signaling Up,0.0026104601955805723,-0.4767030631710019,-1.8249831723305463,GNG11;IL2RG;ID2;DOCK2;JUP;LAT2;IKZF1;IL7R;LAPTM5;EMP1;FCER1G;PECAM1;RBM4;ETS1;TSPAN13;CTSS;SATB1;MYCN;BTBD3;KCNN4;IRF8;PSMB8;TFPI;TRIB2;CD37;AKT2;IL1B;SDCCAG8;LCP1;BIRC3;NIN;LY96;GUCY1A1;GYPC;PRELID3B;ENG,age_changes_HSPC_02062026
Myc Targets V1,0.024717794976903545,-0.39040079613019424,-1.6318881466735218,TXNL4A;SRSF7;PGK1;PHB;SSB;HDGF;SERBP1;TRIM28;HNRNPU;COPS5;CCT5;PSMA7;NOP56;HNRNPA3;CANX;HSPE1;PSMD8;CUL1;TOMM70;UBE2L3;HNRNPD;CYC1;SRSF2;PPM1G;SSBP1;NAP1L1;TRA2B;EIF3J;HNRNPA2B1;PSMA4;LDHA;SF3B3;PHB2;PSMD14;PSMB3;MRPS18B;PCBP1;PSMB2;EIF4A1;PRDX3;TUFM;XRCC6;SRPK1;EIF2S1;MCM5;POLE3;PSMD3;PA2G4;EIF3B;SRSF1;RPS10;DHX15;SNRPD3;MRPL23;DDX21;GSPT1;SNRPA;UBE2E1;GNL3;PTGES3;SYNCRIP;NCBP2;KPNB1;VDAC1;YWHAE;EIF4H;XPO1;YWHAQ;ABCE1;RACK1;SNRPG;SF3A1;HDAC2;RRM1;RPS3;SNRPB2;ERH;NCBP1;C1QBP;PSMA1;CCT7;RSL1D1;HSP90AB1;IFRD1;TARDBP;SRM,age_changes_HSPC_02062026
Notch Signaling,0.0267106016440655,-0.5866398984642577,-1.5814986378842903,APH1A;CUL1;RBX1;MAML2;SKP1;TCF7L2;PSENEN;ST3GAL6;HES1;LFNG;NOTCH2;KAT2A;ARRB1;SAP30,age_changes_HSPC_02062026
Wnt-beta Catenin Signaling,0.02904136967583387,-0.5345180600733448,-1.5902081145620397,GNAI1;TCF7;TP53;CSNK1E;CUL1;RBPJ;LEF1,age_changes_HSPC_02062026
IL-6/JAK/STAT3 Signaling,0.02936767720028144,-0.46362873658710085,-1.602368479072759,LTB;IL2RG;IRF1;STAT1;PTPN2;IFNAR1;DNTT;IRF9;CD44;ITGA4;TGFB1;MAP3K8;IFNGR1;IL1B,age_changes_HSPC_02062026
UV Response Dn,0.060203738260576956,-0.3959732137587196,-1.4871927644479843,CDK13;PHF3;NIPBL;NFKB1;FYN;ZMIZ1;NR3C1;RUNX1;MAPK14;ATP2B1;PTEN;ADD3;RASA2;PRDM2;TFPI;MIOS;SRI;CDKN1B;ATRX;IGF1R;ATP2B4;DBP;AGGF1;RXRA;SPOP;AKT3;MRPS31;GCNT1;INSIG1;ABCC1;DYRK1A,age_changes_HSPC_02062026
Allograft Rejection,0.0665667349873046,-0.3643425332858705,-1.4622859288066155,LTB;IL2RG;CD79A;CSK;HLA-DMB;HLA-DRA;EIF5A;STAT1;CCND3;HLA-A;UBE2N;CD74;ETS1;WAS;CTSS;CD7;IRF7;CD47;EIF3J;IL16;TGFB1;HLA-E;IRF8;IL27RA;LYN;BCL10;B2M;IFNGR1;IL1B;HCLS1;LY75;GBP2;CD3E;IFNGR2;RPS19;PRKCB;TAPBP;EIF3A;CAPG;HIF1A;GCNT1;PSMB10;RPS9;CD3G;ABCE1;DEGS1;SOCS5;CD247;RPL9;IKBKB;LCK,age_changes_HSPC_02062026
TGF-beta Signaling,0.08986509223286121,-0.4340622518555459,-1.414759822468975,ID2;SPTBN1;ARID4B;FNTA;XIAP;TGFB1;HIPK2;TRIM33;HDAC1;ID3;IFNGR2;ENG;CDK9,age_changes_HSPC_02062026
Glycolysis,0.1031819017840721,0.31511019397380907,1.378604788298666,TPI1;PGAM1;KIF2A;PFKP;ALDOA;TXN;AK3;PRPS1;RPE;NDUFV3;GUSB;SDHC;PLOD2;FKBP4;MIF;TALDO1;QSOX1;PYGL;FAM162A;GFPT1;HDLBP;CXCR4;PGLS;AGL;PGM2,age_changes_HSPC_02062026
Fatty Acid Metabolism,0.11360431610569553,0.3287413185761373,1.4185093568829232,GLUL;ACSM3;LTC4S;ELOVL5;ALDH1A1;PCBD1;HSD17B11;PRDX6;ALDOA;IDH3G;METAP1;SDHC;GSTZ1;SERINC1;GCDH;UROD;MIF;RDH11;CRAT;ACOT2;CPOX;SUCLA2;CA2;CD36;ALDH3A2;OSTC;ACO2;ACSL1;UGDH;BCKDHB;BPHL;RETSAT;MGLL;NSDHL;GABARAPL1;SUCLG2;REEP6;HADHB;HSD17B4;CPT2,age_changes_HSPC_02062026
Androgen Response,0.11720372991748684,-0.3697746120482083,-1.3719687835023398,IQGAP2;ARID5B;SRP19;DBI;CCND3;ZMIZ1;RPS6KA3;SPCS3;FKBP5;UBE2J1;XRCC5;HMGCS1;TNFAIP8;XRCC6;B2M;PA2G4;TSC22D1;ELL2;PIAS1;ADRM1;GUCY1A1;ACTN1;PTK2B;INSIG1;CAMKK2,age_changes_HSPC_02062026
Xenobiotic Metabolism,0.12152535099012934,0.3279227121953673,1.3816105894177009,MT2A;ASL;ELOVL5;PGD;DCXR;TKFC;TMEM97;GSTM4;CAT;AHCY;AKR1C3;SPINT2;PYCR1;GCNT2;SSR3;SLC46A3;BLVRB;DHRS1;CA2;CD36;ACO2;UGDH;GSR;BPHL;GSS;RETSAT;MTHFD1;DHPS;FAH,age_changes_HSPC_02062026
Coagulation,0.1313224204524554,0.39849192498177294,1.479789242217071,TIMP1;ANXA1;CTSB;CPQ;CLU;LTA4H;KLF7;CFH;MSRB2;RAC1;GNB2;CFD;CAPN2;APOA1;DUSP6;SERPING1;PLEK;MAFF,age_changes_HSPC_02062026
heme Metabolism,0.13305948950605928,0.32101453027817484,1.4356451757631221,FOXO3;HEBP1;SDCBP;MINPP1;LRP10;KLF3;PSMD9;NFE2;FBXO7;HBD;HMBS;PRDX2;CTSB;TFDP2;CAT;CLIC2;GATA1;ERMAP;MPP1;UROD;NNT;SEC14L1;FBXO9;NUDT4;GMPS;HBB;CPOX;BLVRB;PGLS;SLC25A38;KLF1;SIDT2;EPOR;CA2;ATP6V0A1;TAL1;ALDH6A1;ICAM4;HBQ1;DCAF11;HTATIP2;FBXO34;NCOA4;ASNS;PPOX,age_changes_HSPC_02062026
Bile Acid Metabolism,0.16258966341732575,0.33819342200635605,1.299693847789901,ALDH1A1;HSD17B11;CAT;PFKM;ATXN1;PEX7;KLF1;PEX19;APOA1;FDXR;ACSL1;RETSAT;ISOC1;ABCD1;SLC23A2;HSD17B4;PEX11G;PHYH;PEX11A;SLC27A5;PEX16;HSD3B7;OPTN;GNPAT;LONP2,age_changes_HSPC_02062026
Apical Junction,0.1857505582917801,-0.3379567804344649,-1.3080894777012149,EVL;JUP;GNAI2;CD34;GNAI1;MYL12B;RAC2;CD99;PECAM1;MAP4K2;ARHGEF6;MAPK14;PTEN;ARPC2;NF1;SORBS3;STX4;SYK;AKT2;EXOC4;SHC1;MVD;NECTIN2;ACTN1;AKT3,age_changes_HSPC_02062026
Apical Surface,0.20263697268194195,-0.46022834218018954,-1.2868611518199835,IL2RG;ADAM10;APP;LYN,age_changes_HSPC_02062026
Reactive Oxygen Species Pathway,0.21782845932192998,0.4073908615081721,1.5039671040274845,PDLIM1;PTPA;TXNRD1;PRDX6;PFKP;TXN;PRDX2;CAT;MGST1;HHEX;FES,age_changes_HSPC_02062026
Protein Secretion,0.2411412605667554,-0.32862875388461715,-1.2440036041040856,GNAS;RAB2A;AP3B1;COPB2;BET1;COPE;RPS6KA3;ADAM10;MAPK1;COPB1;RER1;STX16;SNX2;CLTA;USO1;RAB14;DNM1L;CTSC;CLN5;ARCN1;DST;BNIP3;STX7;ATP1A1;YKT6;SCRN1;ARFGEF1;LAMP2;TMX1,age_changes_HSPC_02062026
PI3K/AKT/mTOR  Signaling,0.25403040778243446,-0.32714334315548693,-1.246206316961752,IL2RG;UBE2N;RPS6KA3;MAPK1;THEM4;GRK2;MAP2K3;PTEN;CALR;ACTR3;ACTR2;YWHAB;HSP90B1;VAV3;CFL1;CDKN1B;CAMK4;PIN1;PRKCB;ATF1;RIT1;CSNK2B;SMAD2;PLA2G12A;MAPK8;NFKBIB;STAT2;LCK;ARPC3;ARHGDIA;TSC2;TRAF2,age_changes_HSPC_02062026
Oxidative Phosphorylation,0.2643702774633669,-0.29397544533133824,-1.221718026660045,NDUFA9;SLC25A11;NDUFS7;NDUFS6;NDUFB8;ATP5PO;ATP6V0E1;NDUFA2;MGST3;HSD17B10;UQCR10;MRPL34;CYB5R3;ATP6V1E1;NDUFC1;TOMM70;MRPS30;ISCU;CYC1;ATP5MF;IDH2;NDUFA8;ECI1;NDUFC2;SDHD;LDHA;PDHA1;PHB2;NDUFB3;ECH1;MDH1;CYB5A;FH;ATP5F1B;PRDX3;OPA1;IDH1;ATP5MC1;IMMT;ATP6V1G1;SLC25A6;GLUD1;POLR2F;COX4I1;ATP6V1D;MPC1;ATP5MC3;ACADM;COX11;BCKDHA;NDUFA6;ATP5PF;ATP5F1E;NDUFA1;VDAC1;ACADVL;AIFM1;COX7B;MRPS12;COX17,age_changes_HSPC_02062026
Mitotic Spindle,0.33554010793341166,-0.29031395590671355,-1.1765569687129713,DOCK2;ROCK1;SPTBN1;BIN1;RALBP1;EZR;ARHGAP4;EPB41;CNTRL;CAPZB;PAFAH1B1;SMC1A;NF1;RASA2;CDK5RAP2;TUBGCP2;ARL8A;ATG4B;RAPGEF6;ARHGEF7;MID1IP1;PCM1;MAP1S;RANBP9;PPP4R2;BCR;ARHGAP27;MARCKS;NIN;SOS1;DST;TRIO;SUN2;PREX1;RFC1;HDAC6;GSN;YWHAE;RICTOR;SPTAN1;NCK2;ARFGEF1;ACTN4;CEP57,age_changes_HSPC_02062026
Unfolded Protein Response,0.35768743138194636,-0.303646918622702,-1.1573001380675907,FUS;HERPUD1;ATF4;LSM1;NOP56;SPCS3;HSPA5;YIF1A;ATP6V0D1;CALR;BANF1;CNOT4;DDX10;EIF4EBP1;CKS1B;SRPRB;CNOT2;EIF4A1;HSP90B1;EIF2S1;SHC1,age_changes_HSPC_02062026
mTORC1 Signaling,0.36087980666279174,-0.275267308579873,-1.138427368171407,TES;CACYBP;PGK1;CORO1A;PSMB5;COPS5;PSMA3;PDAP1;CANX;HSPE1;HSPA5;MAP2K3;CYB5B;PSMC2;BTG2;ADD3;CALR;EBP;HMGCS1;ENO1;ACTR3;PSMA4;ACTR2;PRDX1;DDX39A;TOMM40;LDHA;PSMD14;USO1;HSP90B1;PFKL;PNO1;IDH1;ATP5MC1;G6PD;TFRC;IMMT;PITPNB;EEF1E1;CCT6A;CTSC;ATP6V1D;DHFR,age_changes_HSPC_02062026
IL-2/STAT5 Signaling,0.36220135213680443,-0.28616246957629915,-1.1288361748454068,LTB;HOPX;RHOH;CD81;CD79B;CCND3;EMP1;CTSZ;GBP4;KLF6;CD48;CD44;GADD45B;DENND5A;IRF8;HIPK2;MAP3K8;PLAGL1;HUWE1;IFNGR1,age_changes_HSPC_02062026
G2-M Checkpoint,0.36504912689561964,-0.27452888626776006,-1.1205413327995148,NCL;NASP;CTCF;HNRNPU;SFPQ;SLC38A1;HSPA8;CUL1;MAPK14;RBM14;HNRNPD;FOXN3;SRSF2;PAFAH1B1;SMC1A;PRPF4B;TOP1;TRA2B;CKS1B;DDX39A;TGFB1;MNAT1;TACC3;LBR;STAG1;MCM5;SRSF1;DR1;ODF2;CDKN1B;ATRX;STMN1;MARCKS,age_changes_HSPC_02062026
Inflammatory Response,0.37193905562952934,-0.29600537381929504,-1.1416477659572069,IRF1;IL7R;NFKB1;IFNAR1;KLF6;CD48;ATP2B1;CD82;NMI;BTG2;IRF7;SEMA4D;NFKBIA;CCR7;LY6E;PSEN1;LYN;IL1B;SRI;BST2;EMP3;ADRM1;PTPRE;IFNGR2;TAPBP;HIF1A;RGS1;CD55;CALCRL,age_changes_HSPC_02062026
TNF-alpha Signaling via NF-kB,0.38651126270814856,-0.27266710289279217,-1.0939883122559375,ID2;IRF1;CCNL1;IER2;BTG1;IL7R;NFKB1;NFAT5;KLF6;ATP2B1;CD44;GADD45B;MAP2K3;BTG2;NFKBIA;KLF2;TNFAIP8;DENND5A;IER5;GADD45A;MAP3K8;FOSB;IL1B;TSC22D1;TNFAIP2;BIRC3;MARCKS;PTPRE;IFNGR2;TANK,age_changes_HSPC_02062026
UV Response Up,0.4007198273052895,-0.2798409472803495,-1.095136735662209,IRF1;EIF5;BTG1;CCND3;HNRNPU;PPP1R2;HLA-F;PDAP1;CYB5B;BTG2;NFKBIA;POLR2H;AGO2;ARRB2;LYN;TFRC;POLE3;FOSB;CYB5R1;CDC5L;MRPL23;GRINA;DDX21;DNAJB1;NXF1;YKT6;NUP58;TGFBRAP1;NPTX2;MGAT1;STK25;WIZ;BAK1;ALAS1,age_changes_HSPC_02062026
Adipogenesis,0.48139973705542954,0.2423319336961819,1.0982120327888776,LTC4S;MTCH2;CD302;ALDOA;RNF11;NDUFB7;CAT;IDH3G;CMPK1;STAT5A;UQCRQ;ETFB;SDHC;SDHB;COX8A;BCL2L13;RAB34;REEP5;DRAM2;UQCRC1;RTN3;TALDO1;CRAT;PLIN2;NDUFAB1;UCK1;GRPEL1;CD36;CMBL;CS;ACO2;DLAT;TST;PPM1B;ELMOD3;COQ5;RETSAT;GPAT4;MGLL;FAH;QDPR,age_changes_HSPC_02062026
Cholesterol Homeostasis,0.4875425984276056,-0.2942398673443843,-1.03983303848504,GNAI1;FDPS;S100A11;ANTXR2;FDFT1;ACAT2;EBP;ANXA5;FABP5;HMGCS1;ECH1,age_changes_HSPC_02062026
Estrogen Response Late,0.493918214701735,0.25804463994664145,1.0768787434331994,ELOVL5;TPSAB1;MEST;DCXR;PPIF;ETFB;FKBP4;CHPT1;BTG3;DNAJC12;CKB;S100A9;AREG;ALDH3B1;MDK;BLVRB;FOS;GLA;SORD;CA2;ALDH3A2;NCOR2;UGDH;TST;ITPK1,age_changes_HSPC_02062026
E2F Targets,0.5091526907428281,-0.24787549785913443,-1.023112080745998,NASP;CTCF;DCK;TP53;NOP56;SNRPB;LUC7L3;PHF5A;PSIP1;HNRNPD;CBX5;SRSF2;SMC1A;NAP1L1;TRA2B;CKS1B;RFC2;DDX39A;RAD50;TACC3;RBBP7;XRCC6;LBR;EIF2S1;STAG1;MCM5;TFRC;PA2G4;NUP153;SRSF1;CDKN1B;STMN1;GSPT1;SYNCRIP;RFC1;DNMT1;XPO1;TMPO;ASF1A;PRIM2;PNN;RNASEH2A;SMC6;NBN;TUBB;PRKDC;IPO7;EZH2;NCAPD2;RPA2;MSH2;EED,age_changes_HSPC_02062026
Complement,0.5244927301888359,-0.25073600344165436,-0.999500356902133,IRF1;IRF2;GNAI2;FYN;FCER1G;GNG2;USP16;WAS;CTSS;HSPA5;LAP3;IRF7;USP15;ANXA5;DOCK10;STX4;PSEN1;LYN;PPP4C;RNF4;CD46;CTSC;CASP10;ATOX1;CBLB;CTSD;HSPA1A;CD55,age_changes_HSPC_02062026
Hypoxia,0.5259410827049231,0.2512450275938069,1.1025432774870458,TPI1;MT2A;FOXO3;PFKP;ALDOA;BHLHE40;LXN;GCNT2;KLF7;MIF;FAM162A;PLIN2;HDLBP;CXCR4;PGM2;FOS;PLAUR;DDIT4;DUSP1;FOSL2;RRAGD;NDRG1;S100A4;AK4;CITED2;DDIT3;MAFF;PDK3;P4HA1;TIPARP;MYH9;HEXA;BNIP3L;PGM1;TPD52;ATF3,age_changes_HSPC_02062026
Apoptosis,0.526018981393087,-0.250678115569943,-0.9907292693291132,IRF1;ROCK1;EMP1;APP;ISG20;TSPO;CD44;SATB1;XIAP;CREBBP;GADD45B;BTG2;EBP;LEF1;ADD1;GADD45A;DAP;PSEN1;BCL10;IFNGR1;DNM1L;IL1B;CDKN1B;BIRC3;PPP3R1;RARA,age_changes_HSPC_02062026
DNA Repair,0.5330777257725161,-0.2498825193515193,-1.0040585031257008,ADA;MRPL40;ZNRD1;TAF10;RALA;EDF1;ALYREF;NELFE;GTF2A2;RNMT;TP53;XPC;POLR2H;RFC2;POLR2C;DCTN4;SF3A3;RBX1;SNAPC5;HCLS1;CETN2;POLR2F;POLR2I;PDE6G;ADRM1;NME4;ERCC1;GUK1;NCBP2;COX17;POLR2A;POLB;GTF2H5;PDE4B;PNP,age_changes_HSPC_02062026
p53 Pathway,0.6030489359315571,-0.23831536683555501,-0.9481729309027799,ADA;CD81;MAPKAPK3;BTG1;CCND3;DGKA;DNTTIP2;TP53;APP;CYFIP2;ISCU;S100A10;CD82;BTG2;XPC;TGFB1;IER5;GADD45A;TRIAP1;MDM2;RB1;TSC22D1;PITPNC1;MXD4;PTPRE;ANKRA2;CTSD;RXRA,age_changes_HSPC_02062026
Myogenesis,0.6145434480913605,0.25103758676751914,1.0222690476562037,FHL1;BHLHE40;MYL6B;KCNH2;PFKM;CLU;HDAC5;OCEL1;PDE4DIP;CKB;CRAT;MYLPF;TNNT3;IGFBP7;CFD;AGL;CD36;ACSL1;ITGB1,age_changes_HSPC_02062026
Epithelial Mesenchymal Transition,0.6368963685038725,0.25344677845107066,0.9986041106206495,CXCL8;TIMP1;MEST;FLNA;PLOD2;TPM1;CD59;GLIPR1;P3H1;AREG;QSOX1;SERPINE2;PLAUR;GPX7;ITGB1;COLGALT1;FUCA1;SNTB1,age_changes_HSPC_02062026
Pperoxisome,0.6591776196337535,0.24075159415796085,0.9767989834111749,ELOVL5;PABPC1;ALDH1A1;HSD17B11;CAT;ABCC5;ATXN1;NUDT19;IDE;RDH11;CRAT,age_changes_HSPC_02062026
Estrogen Response Early,0.6814770050010073,0.2262071287373366,0.9536531139723246,ELOVL5;DEPTOR;BHLHE40;FHL2;KRT8;PPIF;FKBP4;CHPT1;KDM4B;DLC1;PMAIP1;AREG;ALDH3B1;BLVRB;TMEM164;FOS;MPPED2;GLA;KRT18;NCOR2;GAB2;ITPK1;MINDY1;DYNLT3;TIPARP;AKAP1,age_changes_HSPC_02062026
Myc Targets V2,0.6955224490630045,0.24342927872875825,0.9332265559150045,AIMP2;TMEM97;PES1;TFB2M;PUS1;SUPV3L1;WDR74;NPM1;RABEPK;SORD,age_changes_HSPC_02062026
Hedgehog Signaling,0.8196108190680697,-0.3472920592925965,-0.8382826855148432,NF1;ADGRG1,age_changes_HSPC_02062026
Angiogenesis,0.8632364661884617,0.3257078384793872,0.8483098530086896,TIMP1;S100A4;PRG2;ITGAV,age_changes_HSPC_02062026
Spermatogenesis,0.9269479029643,-0.21199708945670862,-0.7474795326125734,BRAF;STRBP;SLC2A5;PIAS2;TLE4;COIL,age_changes_HSPC_02062026
KRAS Signaling Dn,0.930108515725584,0.20190882503106394,0.7625794532059245,NR4A2;MTHFR;CLSTN3;SELENOP;SKIL;ZBTB16;MAGIX;SPTBN2;NR6A1;GTF3C5;GP1BA,age_changes_HSPC_02062026
Notch Signaling,0.015495657138196794,-0.5512246605494435,-1.7048451290318347,TCF7L2;LFNG;RBX1;KAT2A;ST3GAL6;HES1;ARRB1;PRKCA;FZD5,age_changes_ISGhi_CD14_mono_02062026
Myc Targets V2,0.02365126615830037,-0.46440379908580665,-1.6389225639697989,PPAN;HSPE1;SRM;UTP20;RRP9;GNL3;NDUFAF4;DDX18;NOP2;NOP16;UNG;IPO4;TBRG4;PLK1;MYC;BYSL;MRTO4;HSPD1;HK2;PRMT3;NOP56;NPM1;GRWD1;DCTPP1;CDK4;RCL1,age_changes_ISGhi_CD14_mono_02062026
Complement,0.041928721174004195,0.28042874477644764,1.8497083521389535,CCL5;PIM1;CR1;S100A12;TIMP1;GZMB;GZMA;GNG2;RBSN;F5;SERPINA1;ADAM9;WAS;SERPING1;LTA4H;RABIF;CD55;PIK3R5;PDP1;KYNU;L3MBTL4;LRP1;GNB2;CASP4;ANG;CTSO;USP15;GRB2;PFN1;GMFB;PRKCD;ITGAM;PSMB9;CPQ;PRCP;KIF2A;RCE1;PIK3CG;CTSB;LGALS3;CLU,age_changes_ISGhi_CD14_mono_02062026
Coagulation,0.12928022361984629,0.24183645575718696,1.4264760485606458,TIMP1;ANXA1;SERPINA1;ADAM9;SERPING1;LTA4H;RABIF;FURIN;CTSK;PECAM1;RAC1;LRP1;KLF7;GNB2;WDR1;ANG;CTSO,age_changes_ISGhi_CD14_mono_02062026
Hypoxia,0.1781970649895178,0.2507695295234067,1.4387109146668668,PIM1;MT2A;GAPDH;HMOX1;FBP1;MYH9;KLF6;CAVIN3;ALDOA;ADM;ZFP36;ZNF292;IDS;S100A4;GRHPR;CITED2;MIF;DDIT4;MT1E;RBPJ;KLF7;GALK1;MAP3K1;SLC6A6;HDLBP;VHL;PFKFB3;FOXO3;AK4;MXI1;IRS2;LDHA;GYS1;FOS;NOCT;GPI;NDST1;NFIL3;PRDX5;SAP30;CCNG2;KDM3A;TPI1,age_changes_ISGhi_CD14_mono_02062026
IL-6/JAK/STAT3 Signaling,0.19654088050314464,0.23508538189007702,1.3386670213579848,PIM1;IL1R2;HMOX1;STAT3;PIK3R5;CXCL3;CSF3R;TNFRSF12A;STAT1;SOCS3;GRB2;PTPN11;IFNGR2;MYD88;IL12RB1;LTBR;IL17RA,age_changes_ISGhi_CD14_mono_02062026
Reactive Oxygen Species Pathway,0.2809224318658281,0.24003057208597206,1.2486758088419345,CDKN2D;PRDX2;GPX4;PRNP;MBP;LSP1;TXNRD2;SBNO2;TXN;PTPA,age_changes_ISGhi_CD14_mono_02062026
Wnt-beta Catenin Signaling,0.29706805855727275,-0.41616737844319857,-1.3573618664726674,TCF7;NOTCH4;LEF1;TP53;KAT2A;NKD1;MYC;SKP2;AXIN1;WNT5B;GNAI1;FRAT1;WNT6;CSNK1E,age_changes_ISGhi_CD14_mono_02062026
Angiogenesis,0.2994908655286014,0.2766570151220524,1.1665442534477386,TIMP1;VCAN;APP;S100A4;LRPAP1;JAG1,age_changes_ISGhi_CD14_mono_02062026
KRAS Signaling Dn,0.30583533825388415,-0.3815939638213569,-1.382274736613124,RYR1;TCL1A;CKM;PDK2;SNN;LFNG;YPEL1;SERPINB2;NR6A1;PDE6B;DTNB;IFI44L;COPZ2;RSAD2;GPRC5C;LYPD3;ENTPD7;GP1BA;PLAG1;VPS50;SKIL;MAGIX;PTPRJ;CPEB3;TFCP2L1;CD80;TENT5C;ITGB1BP2;SIDT1;FGGY;CACNA1F;CD40LG;THNSL2,age_changes_ISGhi_CD14_mono_02062026
Xenobiotic Metabolism,0.319706498951782,0.18264640319556044,1.1884433686230822,MT2A;AQP9;BCAT1;PGD;CYP27A1;HMOX1;FBP1;MAN1A1;CSAD;PSMB10;KYNU;VNN1;ETS2;PTS;UPP1,age_changes_ISGhi_CD14_mono_02062026
Apoptosis,0.4350104821802935,0.184724336472781,1.0500337550522125,TIMP1;TXNIP;ANXA1;PRF1;HMOX1;ETF1;SPTAN1;DPYD;GPX4;APP;MCL1;DNAJC3;TNFRSF12A;IGF2R;RELA;IFITM3;CASP2;CASP4;BTG3;CASP8;HMGB2;RNASEL;LGALS3;DAP;CLU;PDCD4;BCL2L1;ROCK1;SAT1;GSN,age_changes_ISGhi_CD14_mono_02062026
Interferon Gamma Response,0.44025157232704404,0.2407122822814778,1.0,CCL5;PIM1;VAMP5;MT2A;HIF1A;FCGR1A;IL10RA;TXNIP;GZMA;CD74;IFITM2;STAT3;FPR1;SERPING1;HLA-DMA;BPGM;TAPBP;HLA-DRB1;CMTR1;LATS2;PSMB10;HLA-B;MVP;STAT1;PSME2;IFITM3;SOCS3;PSME1;UPP1;CASP4;TRAFD1;TRIM26;ST8SIA4,age_changes_ISGhi_CD14_mono_02062026
Apical Junction,0.46936873980899135,0.17842149757121434,1.0069834932152486,CD99;VCAN;FYB1;NECTIN2;ZYX;ADAM9;MYH9;INSIG1;CNN2;CTNNA1;RSU1;PECAM1;MAP3K20;ACTB;MPP5;EXOC4;SIRPA,age_changes_ISGhi_CD14_mono_02062026
Myc Targets V1,0.48525873669616276,-0.32910146943290314,-1.2720387628347505,KPNA2;HSPE1;SSB;PSMA2;GSPT1;ODC1;NME1;PCNA;SRM;ABCE1;EIF4A1;RRP9;SRSF7;RPS10;RPS6;GNL3;SNRPB2;SRSF3;TXNL4A;EIF3B;CDK2;DDX18;EIF3J;NOP16;POLD2;PSMC6;PRDX4;G3BP1;PSMA4;MYC;IFRD1;IMPDH2;EXOSC7;PSMA1;EIF1AX;TCP1;HSPD1;NOP56;EIF2S1;CCNA2;NPM1;CCT5;RPS5;NAP1L1;CCT3;EEF1B2;CCT4;SRSF2;EIF3D;CDK4;NDUFAB1;RANBP1;MCM2;MRPL9;SLC25A3,age_changes_ISGhi_CD14_mono_02062026
Apical Surface,0.5074419932308445,-0.4183729986083716,-1.2854767603876653,GHRL;IL2RG;TMEM8B;MAL;AKAP7;DCBLD2;LYPD3;ATP8B1;EPHB4,age_changes_ISGhi_CD14_mono_02062026
DNA Repair,0.6262601548659534,-0.3142166128733997,-1.1990108300144944,RPA3;FEN1;ALYREF;CSTF3;BOLA2;NME1;PCNA;ZNRD1;RBX1;TP53;POLR2H;ADA;RFC3;NUDT9;EIF1B;POLR2I;GTF2H5;PDE4B;COX17;POLR1C;IMPDH2;SURF1;AK1;TAF10;UMPS;POLR2K;SNAPC4;ITPA;POLA1;SNAPC5;CMPK2;ZWINT;UPF3B;TSG101,age_changes_ISGhi_CD14_mono_02062026
E2F Targets,0.6417444847694,-0.31491726704184553,-1.2100047919986578,KPNA2;CKS1B;RPA3;GSPT1;STMN1;UBE2S;CKS2;NME1;PCNA;DCK;TP53;IPO7;PPP1R8;PMS2;RAD51AP1;RFC3;ASF1B;DONSON;POLD2;UNG;RAD50;TBRG4;MCM3;PLK1;PRDX4;SUV39H1;PSMC3IP;MYC;EED;PTTG1;WDR90;MMS22L;CSE1L;RAD51C;ASF1A;TCF19;NOP56;EIF2S1;CNOT9;MKI67;NAP1L1;NUP205;CENPE;SRSF2;PRKDC;DCTPP1;CDK4;RANBP1;MCM2;LIG1;POLA2;PAICS;DCLRE1B;AK2;GINS1;AURKA;CHEK1,age_changes_ISGhi_CD14_mono_02062026
TGF-beta Signaling,0.6541478068208078,-0.3387167525484056,-1.1580104510920093,ID3;CDKN1C;SMAD3;ENG;PMEPA1;TGFBR1;TRIM33;XIAP;BMPR2;SMURF2;CDK9;SMAD7;SMURF1;SKIL,age_changes_ISGhi_CD14_mono_02062026
Interferon Alpha Response,0.6550585164947192,-0.3205418078322662,-1.1805988905300184,IFI27;IRF9;CXCL10;TDRD7;SAMD9;IFIH1;ISG15;USP18;GMPR;ISG20;HERC6;TRIM14;IFI44L;PSMA3;PROCR;RSAD2;CD47;IFI30;SELL;BST2;IFIT2;SAMD9L;LY6E;IRF7;CMPK2;PNPT1;CNP;LGALS3BP;RNF31;RIPK2,age_changes_ISGhi_CD14_mono_02062026
Pancreas Beta Cells,0.6848487319881521,-0.4358370363663727,-1.163447438052219,SRPRB;VDR;LMO2;AKT3;SPCS1;SRP9;STXBP1,age_changes_ISGhi_CD14_mono_02062026
IL-2/STAT5 Signaling,0.7084894064464264,-0.31367552553392986,-1.2143192677363122,RABGAP1L;LTB;CD81;GADD45B;CD79B;SMPDL3A;CDKN1C;ODC1;BATF3;CAPN3;CXCL10;SPRED2;ETFBKMT;CD48;CTSZ;ENO3;AMACR;RHOH;TNFRSF9;CISH;IL3RA;RRAGD;NOP2;EEF1AKMT1;SOCS1;TIAM1;MYC;BMPR2;SOCS2;PHTF2;SELP;COCH;LCLAT1;IKZF2;UMPS;LRIG1;SELL;PLAGL1;ST3GAL4;HK2;LRRC8C;ARL4A;SCN9A;IGF1R;WLS;XBP1;ITGA6;UCK2;SERPINB6;BCL2,age_changes_ISGhi_CD14_mono_02062026
Unfolded Protein Response,0.8993306575168502,-0.29320703194429854,-1.0896701038658598,DNAJA4;CKS1B;CCL2;VEGFA;TATDN2;EIF4A1;SRPRB;PAIP1;RRP9;SLC7A5;IFIT1;HERPUD1;EXOSC2;CNOT6;HSPA9;GOSR2;TSPYL2;NOP56;EIF2S1;XBP1;NPM1;EIF4A2;SPCS1;FKBP14;ERN1;NFYB;TTC37;KIF5B,age_changes_ISGhi_CD14_mono_02062026
Bile Acid Metabolism,0.9339725777355757,-0.2738369902394053,-1.0048358350098965,GCLM;SLC29A1;SLC27A5;AMACR;LIPE;ISOC1;PEX6;PFKM;FDXR;NR3C2;KLF1;ABCA6;SCP2;PEX7;PEX1;DHCR24;CROT;PEX12;NEDD4;TFCP2L1;NPC1;ABCA3;ABCA5;RXRA;APOA1;PEX13;GNMT;MLYCD;ALDH8A1;PEX11A;PXMP2;PEX11G;ACSL5;ABCA9;PIPOX;BCAR3;HACL1,age_changes_ISGhi_CD14_mono_02062026
UV Response Dn,0.935197412789877,-0.2916125113923656,-1.0954988494398297,DBP;CACNA1A;SMAD3;LPAR1;BCKDHB;ERBB2;NFKB1;PPARG;DYRK1A;MYC;MTA1;PRKCA;PIAS3;MAP2K5;SLC7A1;PTEN;DLG1;AKT3;SMAD7;PDGFRB;IGF1R;GCNT1;SFMBT1;PRKAR2B;MIOS;ITGB3;LDLR;DLC1;MAPK14;LAMC1;PIK3R3;TENT4A;DAB2;ARHGEF9;RXRA;PTPRM;WDR37,age_changes_ISGhi_CD14_mono_02062026
G2-M Checkpoint,0.9412796150552543,-0.26560643282413887,-1.0142054581567796,KIF23;KPNA2;CKS1B;DTYMK;MARCKS;GSPT1;ODC1;STMN1;UBE2S;CKS2;SLC12A2;SLC38A1;ABL1;SLC7A5;SMAD3;CHAF1A;ORC5;PURA;MCM3;PLK1;G3BP1;SUV39H1;MYC;PTTG1;E2F2;FBXO5;SLC7A1;MNAT1;CASP8AP2;KATNA1;CCNA2;MKI67;KNL1;UCK2;FANCC;WRN;MAPK14;CENPE;SRSF2;GINS2;CDK4;KIF5B;CENPF;MCM2;NUSAP1;MTF2;POLA2;TENT4A;AURKA;CHEK1;KIF11;RBM14;HIRA;AURKB;CCNB2;RACGAP1;SNRPD1;TRAIP;MAD2L1;BUB1;PLK4;E2F1;PRMT5;UBE2C;CUL3,age_changes_ISGhi_CD14_mono_02062026
KRAS Signaling Up,0.9414931001148982,-0.2728433824547715,-1.04735852188624,RABGAP1L;C3AR1;IL2RG;JUP;CXCL10;GUCY1A1;IL7R;FUCA1;ENG;PRDM1;GNG11;ADAM8;CAB39L;IKZF1;DCBLD2;GADD45G;TSPAN13;CBX8;MAP4K1;ADAMDEC1;MPZL2;GPNMB;IL1B;ST6GAL1;CMKLR1;HDAC9;ADGRA2;YRDC;CCL20;CROT;SCN1B;PRELID3B;PDCD1LG2;CSF2RA;CXCR4;AMMECR1;CA2;MMD;CBL;TRIB2,age_changes_ISGhi_CD14_mono_02062026
Spermatogenesis,0.9496187252783101,-0.29541937926660455,-1.0567771725097876,POMC;NEFH;RPL39L;CAMK4;PARP2;SLC12A2;SIRT1;CSNK2A2;STAM2;DPEP3;MLF1;STRBP;ARL4A;OAZ3;NCAPH;CCT6B;IFT88;AURKA;HSPA2;SLC2A5;ZC3H14;CCNB2,age_changes_ISGhi_CD14_mono_02062026
UV Response Up,0.9599151816661909,-0.28482123578405943,-1.0663598624907944,NR4A1;FEN1;CDKN1C;BID;PARP2;PLCL1;GGH;RASGRP1;POLR2H;GPX3;CDK2;GLS;CDC34;NAT1;CLCN2;E2F5;ATP6V1C1;AGO2;BTG1;RRAD;PPIF;HYAL2;AQP3;GCH1;HTR7;PPAT;CNP;DNAJA1;CA2;SLC6A8;TUBA4A;WIZ;HSPA2;POLG2;IL6;FOSB;IL6ST;STIP1;DLG4,age_changes_ISGhi_CD14_mono_02062026
Fatty Acid Metabolism,0.9601727272141942,-0.2691883142225809,-1.0209031205964954,IL4I1;CD1D;ODC1;LTC4S;HSPH1;ACADM;ECI1;OSTC;CPOX;SUCLG1;BCKDHB;SDHD;ENO3;ECI2;CPT2;CCDC58;REEP6;EHHADH;GPD2;HSP90AA1;MDH1;UGDH;DHCR24;CRYZ;NSDHL;CA2;SUCLA2;HMGCL;PDHA1;G0S2;SUCLG2;HCCS;FASN;ALAD;MCEE,age_changes_ISGhi_CD14_mono_02062026
Inflammatory Response,0.9633547211224956,-0.2508891927267949,-0.9765022282583601,C3AR1;CCR7;OSM;CCL2;FFAR2;AXL;CXCL10;IL7R;RASGRP1;CD48;ICAM4;LPAR1;TNFRSF9;NFKB1;CLEC5A;SELENOS;PDE4B;SLC11A2;DCBLD2;GPR132;MYC;PTGIR;FZD5;SLC7A1;IL1B;IRAK2;GP1BA;STAB1;CMKLR1;SELL;KCNJ2;BST2;LY6E;IRF7;TNFSF9;CCL20;SCN1B;PSEN1;GCH1;GNAI3;SLC31A2;ITGB3;LDLR,age_changes_ISGhi_CD14_mono_02062026
Estrogen Response Early,0.9691582052223083,-0.2700518784627009,-1.0301153597357897,FCMR;ABLIM1;RASGRP1;SLC7A5;CBFA2T3;CISH;TIPARP;BCL11B;PMAIP1;SLC16A1;MYB;SIAH2;ELF3;HES1;TGIF2;TIAM1;MYC;FAM102A;TBC1D30;OPN3;LRIG1;PPIF;AQP3;RETREG1;RAPGEFL1;PAPSS2;MYOF;IGF1R;XBP1;BCL2;MAST4;DLC1;MINDY1;MYBL1;CELSR1;DEPTOR;EGR3;ABCA3;ISG20L2;RPS6KA2;DHRS3;FASN;ARL3;SLC19A2;FARP1;IL6ST;WFS1;SLC1A4;FLNB;ANXA9,age_changes_ISGhi_CD14_mono_02062026
Protein Secretion,0.997247481955715,-0.13188322332857194,-0.48219387537712205,CLN5;ATP7A;GOSR2;COG2;GNAS;BNIP3;ARCN1;BET1;TSG101;TPD52;VAMP4;CLCN3;YIPF6,age_changes_ISGhi_CD14_mono_02062026
PI3K/AKT/mTOR  Signaling,0.9995810982639672,-0.2634588774254999,-0.9782742557359297,IL2RG;PAK4;CAMK4;NCK1;THEM4;CDK2;MAPK9;HRAS;CAB39L;TIAM1;RPTOR;PTEN;UBE2N;SLA;PRKAG1;CXCR4;PIK3R3;CDK4;PLCG1;MAPK1;DDIT3;MAPKAP1;TSC2;ATF1;PLA2G12A;MKNK2;AKT1;MAPK10;SLC2A1;E2F1,age_changes_ISGhi_CD14_mono_02062026
Oxidative Phosphorylation,1.0,-0.18672606208386416,-0.7247237743656626,NDUFB8;NDUFC2;ATP5PO;FXN;CYCS;ACADM;ECI1;TIMM17A;SUCLG1;SDHD;NDUFA8;SLC25A11;CYB5A;COX17;MGST3;HSPA9;MTX2;SURF1;ATP6V1C1;MDH1;MRPS11;NDUFA7;NDUFS6;SLC25A12;OPA1;ATP5F1B;COX11;NDUFB5;NDUFAB1;CS;SUCLA2;SLC25A3;ISCA1;NNT;CASP7;ACADSB;NDUFB6;PDHA1;HCCS;ATP5PF;NDUFA9;ECH1;TIMM8B;ATP5MC1,age_changes_ISGhi_CD14_mono_02062026
Cholesterol Homeostasis,1.0,-0.17967002050406225,-0.6422422696723922,FABP5;LGMN;TM7SF2;PPARG;PMVK;ATXN2;LPL;ANTXR2;ERRFI1;LDLR;NSDHL;GNAI1;FBXO6;FASN;ECH1;TMEM97;STX5;MVD;ALDOC;FDPS,age_changes_ISGhi_CD14_mono_02062026
Epithelial Mesenchymal Transition,1.0,-0.21078489734817565,-0.7969490324838079,GADD45B;TAGLN;COL8A2;MEST;VEGFA;PTX3;FUCA1;CALU;PMEPA1;GADD45A;MYLK;BASP1;PDGFRB;PCOLCE;EFEMP2;SERPINH1;FBN2;SGCB;CALD1;ITGB3;LAMC1;TGFBI;SLC6A8;CD59;DAB2;SNTB1;ITGB5;GPX7;MYL9;COL7A1;IL6;CAPG,age_changes_ISGhi_CD14_mono_02062026
Androgen Response,1.0,-0.1691932601644348,-0.6168354797008881,GUCY1A1;STK39;PMEPA1;CDK6;MAF;HERC3;ELK4;MAK;APPBP2;HOMER2;DHCR24;GNAI3;TPD52;SRF;SRP19;UAP1;ABCC4;MYL12A;NCOA4;AKT1;INPP4B;NDRG1;KRT8,age_changes_ISGhi_CD14_mono_02062026
Pperoxisome,1.0,-0.194365339325281,-0.7094182608744322,SLC25A19;ECI2;ISOC1;HRAS;PEX6;EHHADH;ITGB1BP1;SCP2;DHCR24;PEX2;PRDX1;CLN6;ABCB9;CLN8;CDK7;ERCC1;HMGCL;DHRS3;ECH1;DLG4;PEX13;FDPS;MLYCD,age_changes_ISGhi_CD14_mono_02062026
TNF-alpha Signaling via NF-kB,1.0,-0.23999071802903466,-0.9295411794972087,NR4A1;GADD45B;CCL2;MARCKS;SNN;CXCL10;VEGFA;PTX3;IFIH1;IL7R;PLK2;SERPINB2;RCAN1;SMAD3;CCL4;RNF19B;PMEPA1;TNFRSF9;TIPARP;NFKB1;GADD45A;PDE4B;TRIP10;SPSB1;IER5;HES1;ZC3H12A;MYC;NFKBIE;SLC2A6;IL23A;IL1B;EGR2;BTG1;YRDC;IFIT2;TNFSF9;CCL20;NFKB2;TANK,age_changes_ISGhi_CD14_mono_02062026
mTORC1 Signaling,1.0,-0.18338447029462127,-0.7055687056696587,HSPE1;ABCF2;LGMN;PNO1;RRP9;SLC7A5;PITPNB;SYTL2;EEF1E1;TM7SF2;PSPH;HSPA9;UNG;PSMC6;PLK1;PSMA4;PSMA3;IFRD1;FDXR;IFI30;GOT1;HSPD1;HK2;CORO1A;SERPINH1;SLA;XBP1;DHCR24;DHFR;PRDX1;LDLR;NUP205;CXCR4;PIK3R3;MCM2;GTF2H1;SLC1A5;TUBA4A;AURKA;PHGDH;TOMM40;DDIT3,age_changes_ISGhi_CD14_mono_02062026
Myogenesis,1.0,-0.24786185912139577,-0.9407505104398908,GADD45B;RYR1;CKM;TAGLN;PTP4A3;ABLIM1;PPFIA4;AGRN;DES;GPX3;ENO3;SGCA;MYLPF;SMTN;PFKM;MYOM2;CKB;IFRD1;MYLK;AK1;GABARAPL2;TNNI2;EIF4A2;PKIA;MYBPC3;FXYD1;DTNA;CASQ1;MAPK12;MYOM1;SLC6A8;FHL1;CHRNB1;TSC2;ITGB5;CTF1;NQO1;SORBS3;TNNC2;TNNT3;FDPS,age_changes_ISGhi_CD14_mono_02062026
Estrogen Response Late,1.0,-0.2324838387474291,-0.8793348221252001,FABP5;GALE;IMPA2;MEST;SLC29A1;SLC7A5;CISH;ISG20;SLC16A1;MYB;SIAH2;TIAM1;CKB;FAM102A;TSPAN13;OPN3;ST14;PPIF;RAPGEFL1;PAPSS2;MYOF;UGDH;MOCS2;HOMER2;XBP1;PRKAR2B;LLGL2;BCL2;SLC2A8;GINS2;XRCC3;CA2;EGR3;MAPK13;ABCA3;RPS6KA2;ARL3;FARP1;IL6ST;WFS1;SLC1A4;FLNB;ANXA9;COX6C;PERP;RABEP1;SCUBE2,age_changes_ISGhi_CD14_mono_02062026
Glycolysis,1.0,-0.21020654625746854,-0.8012831845530879,CHST12;GALE;RPE;STMN1;VEGFA;SDC3;PPFIA4;AGRN;NANP;POLR3K;ISG20;RRAGD;CYB5A;EFNA3;XYLT2;ELF3;HOMER1;PPP2CB;COG2;MDH1;B3GALT6;CAPN5;GOT1;HK2;FAM162A;GALK2;GNPDA1;SLC25A10;PGM2;ALDH7A1;CXCR4;SLC16A3;CLN6;NSDHL;ARPP19,age_changes_ISGhi_CD14_mono_02062026
p53 Pathway,1.0,-0.21720162725886022,-0.8400709376588721,CD81;PCNA;EI24;TP53;PLK2;ADA;TPRKB;FUCA1;VDR;RNF19B;CYFIP2;GADD45A;HRAS;SOCS1;IER5;MXD4;PROCR;PITPNC1;FDXR;AK1;IFI30;STEAP3;BTG1;ST14;RRAD;IRAK1;RAD51C;WWP1;TSPYL2;FAM162A;RPS27L;TNFSF9,age_changes_ISGhi_CD14_mono_02062026
Allograft Rejection,1.0,-0.23949790237104557,-0.9230357015997546,CD79A;LTB;IL2RG;IFNAR2;CCL2;CD1D;NME1;ABCE1;CD96;RPS19;HLA-DOA;CD3D;CCL4;ITK;TRAT1;APBB1;NCK1;EIF3J;CD8B;SOCS1;TAP2;HLA-DOB;LY75;CD47;MAP4K1;GLMN;GALNT1;IL1B;STAB1;HDAC9;ITGAL;CD247;IRF7;UBE2N;PF4;GCNT1;CCR5;NPM1;ELANE;TPD52,age_changes_ISGhi_CD14_mono_02062026
Hedgehog Signaling,1.0,-0.2972855936631152,-0.856194108010485,RTN1;VEGFA;CDK6;TLE1;CELSR1;RASA1;NRP2,age_changes_ISGhi_CD14_mono_02062026
Mitotic Spindle,1.0,-0.17105829976013795,-0.6625433861247888,KIF23;CDC42EP2;STK38L;MARCKS;RALBP1;KNTC1;ABL1;ARHGEF12;NCK1;MID1IP1;RAPGEF6;CEP131;RHOF;PLK1;SASS6;TIAM1;FBXO5;NCK2;FSCN1;KIFAP3;DLG1;RANBP9;KATNA1;CENPJ;ALS2;CEP72;CD2AP;CENPE;KPTN;TRIO;DOCK4;KIF5B;RASA1;CENPF;BCR;NUSAP1;TUBA4A;MAPRE1;CYTH2;AURKA;SAC3D1;KIF11;FARP1;CCNB2;FLNB;PIF1;RACGAP1;LRPPRC;ABR;ARHGAP29;BUB1;SHROOM1;PLEKHG2;RASA2;RASAL2;TPX2;PRC1;MAP3K11;HDAC6;YWHAE;ECT2;CTTN;CLIP2;ARHGEF11;GEMIN4,age_changes_ISGhi_CD14_mono_02062026
heme Metabolism,1.0,-0.1667357400215368,-0.6405819146505946,GLRX5;GCLM;C3;RBM38;CPOX;ICAM4;ARHGEF12;MGST3;SLC11A2;E2F2;LMO2;NFE2L1;KLF1;ARL2BP;AQP3;CCDC28A;TSPAN5;UBAC1;FECH;MFHAS1;DAAM1;TFDP2;EPOR;RCL1;CA2;CLCN3;TENT5C;ISCA1;SLC6A8;NNT;P4HA2;ALAD;CLIC2;SNCA;ANK1;GCLC;HDGF;KDM7A;PPP2R5B;NCOA4;CIR1;SLC2A1;HTRA2;ABCB6;TMEM9B;FN3K;KHNYN;PC;SLC10A3;TNS1;MINPP1;FOXJ2;FBXO7,age_changes_ISGhi_CD14_mono_02062026
Adipogenesis,1.0,-0.16769228807347392,-0.6474586116925307,ESRRA;ATP5PO;LTC4S;SAMM50;DRAM2;ACADM;C3;SUCLG1;GPX3;LIPE;CPT2;VEGFB;GADD45A;PPARG;MGST3;GPHN;REEP6;MYLK;GPD2;CAVIN2;SOWAHC;SCP2;ARL4A;ANGPT1;LPL;TANK,age_changes_ISGhi_CD14_mono_02062026
Angiogenesis,0.0,0.6990301744792621,2.789692957704243,FSTL1;TIMP1;PF4;VCAN;APP;PDGFA;PTK2;S100A4,age_changes_Mgk_02062026
Oxidative Phosphorylation,0.0,-0.5875231974635813,-2.0213743386235685,ATP5MC2;LDHB;ATP5MC3;TIMM13;SLC25A5;COX7C;MRPS15;UQCRB;HSD17B10;SLC25A6;LDHA;NDUFB8;UQCRQ;NDUFA9;SDHC;ATP5PB;NDUFC2;PHB2;UQCRC2;ATP5MF;ATP5PO;COX6C;ATP5F1A;VDAC1;NDUFB5;SDHD;NDUFA2;ECHS1;NDUFB2;ATP5MG;ATP5ME;NDUFB6;ATP5F1B;MDH1;UQCR10;MRPL11;NDUFS6;ATP5F1C;SUCLG1;ECH1;IDH3B;ATP5PD;COX4I1;COX5A;ACAA1;PDHB;TOMM22;DECR1;NDUFAB1;ACADM;OXA1L;TIMM8B;MRPS12;NDUFV1;TIMM10;POLR2F;NDUFB1;ACAT1;TIMM9;CYC1;ATP5MC1;NDUFV2;BDH2;SLC25A11;MRPL15;NDUFS3;CYB5A;FDX1;SLC25A3;COX7A2L;ETFDH;NDUFS7;GLUD1;COX7A2;ETFB;ATP5PF;NDUFB7;NDUFA7;ATP6V1G1;COX5B;DLD;NDUFS2;UQCRFS1;COX11;CYCS;COX8A;NDUFS8;COX6A1;SUPV3L1;ABCB7;GRPEL1;NDUFA8;TIMM17A;ACAA2;CS;FXN;COX7B;PRDX3;ATP5F1E;UQCRC1;SDHB;MDH2;AIFM1;RHOT1;MRPS11;HCCS;NDUFB3;FH;VDAC2;MRPS22;POR;IMMT;ATP6V0B;OAT;MTX2;PMPCA;ECI1;HADHA;SUCLA2;LRPPRC;COX10;MRPL35;TIMM50;ATP5F1D;PDHA1;MRPS30;RHOT2;IDH3A;IDH1;NDUFA1;NDUFA3,age_changes_Mgk_02062026
Coagulation,0.0,0.6043831409204606,3.202353575500757,PLEK;CLU;TIMP1;PF4;CD9;SPARC;GP1BA;GP9;VWF;CAPN2;WDR1;ITGB3;THBS1;PROS1;GSN;SERPINE1;SERPINA1;PECAM1;RAC1;CASP9;SIRT2;ITGA2;CPQ;P2RY1;MMP1;PDGFB;ADAM9;ARF4;ISCU;FURIN;LGMN;CSRP1,age_changes_Mgk_02062026
Myc Targets V1,0.0,-0.6728427520022072,-2.2903131957142087,RPS10;HSP90AB1;EIF3D;RSL1D1;NPM1;SET;CLNS1A;CCT3;EIF4A1;PHB;APEX1;HNRNPD;C1QBP;PA2G4;RPL22;TRIM28;RANBP1;SNRPG;LDHA;RPS6;SERBP1;RPS2;PSMC6;LSM7;NOP56;CCT2;EEF1B2;HNRNPU;SNRPD2;RACK1;NME1;EIF3J;SRSF3;CCT7;RAN;ERH;SRM;PHB2;HSPE1;RPS5;SNRPD1;SSB;PSMA4;ILF2;SRSF7;RPL34;HNRNPA1;NHP2;LSM2;HNRNPA3;NCBP2;VDAC1;DDX18;PSMA1;GNL3;MYC;EIF3B;CCT4;FBL;IMPDH2;RPL18;HSPD1;HNRNPC;SMARCC1;HDAC2;RPS3;DUT;DDX21;COX5A;RPL6;PRPF31;GSPT1;NDUFAB1;RPLP0;CNBP;STARD7;PSMA7;RPL14;MRPS18B;TCP1;SSBP1;CYC1;HPRT1;HNRNPR;MRPL23;SRSF2;SNRPD3;ABCE1;CDK4;NOP16;PPM1G;MCM7;RNPS1;TUFM;HDDC2;SLC25A3;PSMD7;PABPC4;SRSF1;NOLC1;EIF2S2;PSMB3;MCM5;CCT5;PSMD3;UBA2;KPNB1;SNRPB2;TFDP1;VBP1;FAM120A;XRCC6;PSMA2;TRA2B;G3BP1;POLD2;MRPL9;RUVBL2;SNRPA1;RRM1;RRP9;PSMD14;PCNA;PRDX3;PSMD8;AIMP2,age_changes_Mgk_02062026
Myc Targets V2,0.0,-0.6306751760613528,-2.0138152174768806,NPM1;PHB;PA2G4;NOP56;SRM;HSPE1;DDX18;GNL3;DCTPP1;MYC;HSPD1;WDR74;WDR43;NDUFAF4;TBRG4;CDK4;TCOF1;NOP16;GRWD1;EXOSC5;NIP7;MPHOSPH10;NOLC1;NOC4L;PPAN;MCM5;PES1;IMP4;TFB2M;SUPV3L1;UNG;RRP9;MYBBP1A;MRTO4;AIMP2;NOP2;RRP12;RABEPK;RCL1;LAS1L;IPO4;DUSP2;PUS1,age_changes_Mgk_02062026
Unfolded Protein Response,0.022897784237334896,-0.4521019752642491,-1.4981741192839346,NPM1;FUS;EIF4A1;NOP56;SEC11A;NHP2;IMP3;DKC1;RPS14;EIF4A2;EEF2;EXOSC1;LSM4;EDEM1;MTREX;BANF1;EXOSC5;ATF6;EIF4A3;NOLC1;DDX10;CKS1B;PAIP1;SRPRB;EXOSC2;RRP9;TSPYL2;ALDH18A1;KHSRP;CALR;SDAD1;TTC37;EIF2S1;DCP1A;SPCS1;DNAJB9;EXOSC9;NFYB;CNOT4;SEC31A;GOSR2;CEBPB;PDIA6;ARFGAP1;PREB;SSR1;CXXC1;ERO1A;HERPUD1;NOP14;PARN;HSP90B1;CEBPG;GEMIN4;ZBTB17;TUBB2A;SERP1;EIF4EBP1;DCTN1;YIF1A;SRPRA;TATDN2;EXOSC10;HYOU1;BAG3;POP4;NFYA;HSPA5;PSAT1;HSPA9;IFIT1;DCP2;SPCS3;PDIA5,age_changes_Mgk_02062026
DNA Repair,0.027001453400351236,-0.43444266032048745,-1.463591868585485,EDF1;APRT;POLR1D;NME1;TAF9;RPA3;RNMT;NCBP2;RAE1;IMPDH2;DUT;UPF3B;ADA;POLR2K;RPA2;ZNRD1;POLR2F;HPRT1;TP53;POLR2I;TAF12;POLR2C;MPG;POLE4;PDE4B;NELFE;GTF2H3;POM121;NUDT9;ERCC4;NT5C;REV3L;POLR2H;POLR2D;ITPA;PCNA;ALYREF;FEN1;POLR3GL;SF3A3;CSTF3;RFC4;MRPL40;TARBP2;BRF2;SNAPC5;ELOA;POLB;DDB1;POLR3C;SUPT5H;XPC;NME3;ERCC1;CLP1;HCLS1;POLR2J;TSG101;GTF3C5;POLR1C;AAAS;ERCC3;GTF2H5;SSRP1;SNAPC4;POLH;NELFB;ELL;POLR2A;PRIM1;SURF1,age_changes_Mgk_02062026
E2F Targets,0.02731181493368861,-0.4387174228981431,-1.4983184823529385,PNN;STMN1;HNRNPD;PA2G4;RANBP1;NASP;SMC4;HMGA1;NOP56;NME1;LUC7L3;RPA3;RAN;SNRPB;DCTPP1;MYC;DDX39A;PAICS;DUT;CBX5;GSPT1;TBRG4;LBR;RPA2;EXOSC8;RFC1;SMC6;SRSF2;CDK4;TP53;CKS2;MCM3;PRKDC;MCM7;MSH2;SMC1A;SRSF1;POLE4;NOLC1;MCM5;TMPO;EED;DCK;CKS1B;IPO7;XRCC6;UNG;TRA2B;POLD2;NBN;UBE2S;NUP107;PCNA;MRE11;HUS1;TFRC;ILF3;SMC3;USP1;RAD50;EIF2S1;NCAPD2;PRPS1;CDC25B;ANP32E;PHF5A;PRIM2;HMGB2;UBR7;UBE2T;PPM1D;CSE1L;PRDX4;SHMT1;ASF1A;RAD51C;ING3;BARD1;SSRP1;NUP205;POLE,age_changes_Mgk_02062026
G2-M Checkpoint,0.028139445689254926,-0.43000531070499093,-1.470436309246048,STMN1;ARID4A;SFPQ;HNRNPD;HMGN2;NASP;SMC4;ATRX;HMGA1;HNRNPU;SNRPD1;CBX1;MTF2;PRPF4B;MYC;DKC1;DDX39A;NCL;SLC38A1;SMARCC1;SRSF10;GSPT1;LBR;RPA2;YTHDC1;MNAT1;SRSF2;CDK4;CKS2;MCM3;CASP8AP2;HSPA8;EWSR1;E2F4;SMC1A;SRSF1;NOLC1;RPS6KA5;MCM5;TMPO;KPNB1;TFDP1;RBM14;CKS1B;FOXN3;CUL3;TRA2B;G3BP1;SQLE;UBE2S;SMAD3;HUS1;WRN;PURA;DTYMK;PRMT5;ILF3;LIG3;ORC5;SMC2;CDC25B;KIF20B;PRIM2;SLC12A2;MARCKS;KATNA1;PML;NUP98;RAD23B;BUB3;BARD1;NUMA1;POLE;XPO1;E2F1;SLC7A1;SS18;CCNT1;CENPF;STAG1;CHAF1A;INCENP;KPNA2;MT2A;NSD2;LMNB1;BRCA2;ATF5;UPF1;CTCF;PDS5B;NUP50;DBF4,age_changes_Mgk_02062026
Pancreas Beta Cells,0.02938089182260441,-0.6084567003042931,-1.5081577987107824,SEC11A;FOXO1;SRP9;SRPRB;SRP14;SPCS1;AKT3;ELP4;DPP4,age_changes_Mgk_02062026
Wnt-beta Catenin Signaling,0.03420873789674129,-0.4785208020860936,-1.437706355942997,TCF7;LEF1;MYC;HDAC2;TP53;MAML1;CCND2;ADAM17;DVL2;SKP2;KAT2A;AXIN2;RBPJ;PPARD,age_changes_Mgk_02062026
Allograft Rejection,0.04502311310280789,-0.41386116876400586,-1.4054897653560228,IL2RG;EIF3D;NPM1;RPL9;CD3D;RPS9;NME1;EIF3J;RPL39;CD3G;ETS1;TRAT1;CD7;RPS3A;EIF3A;CRTAM;SIT1;LTB;MRPL3;IL27RA;IL4R;CD8B;UBE2N;RPS19;LCK;CD79A;LY86;IFNAR2;IL16;HLA-DMB;ABCE1;GBP2;IRF8;HLA-DOB;HLA-DRA;TAPBP;IFNGR2;LY75;PTPRC;HLA-DMA;PTPN6;APBB1;CSK;FCGR2B;IKBKB;CCND2;CD3E;GALNT1;NCF4;MAP4K1;NCK1;CD96;IL1B;GPR65;CAPG;CD247;HLA-DOA;HLA-DQA1;WAS;TAP2;IRF7;HCLS1;GLMN;DEGS1;EIF5A,age_changes_Mgk_02062026
Interferon Alpha Response,0.07396009388379035,-0.41734983566178413,-1.3557568933076238,SELL;ISG20;ISG15;PSMA3;IL4R;PSME2;IRF9;LY6E;IFI44L;IRF1;GBP2;PSME1;NUB1;SP110;NMI;CMTR1;SAMD9;DDX60;GBP4;SAMD9L;PNPT1;IFI35;MX1;PARP14;CASP8;ADAR;EIF2AK2;TRIM5;STAT2;BST2;OGFR;TRIM14;LGALS3BP;IRF7;LAP3;PARP12;PSMB8;TRIM25;MVB12A;MOV10;SLC25A28;DHX58;RTP4;OAS1;UBE2L6;RIPK2;TRIM26;USP18;CMPK2;CNP;IFITM2;TENT5A;TDRD7,age_changes_Mgk_02062026
Interferon Gamma Response,0.15476695129090212,-0.37842421991930225,-1.2815621209297827,ISG20;ISG15;PSMA3;IL4R;BTG1;PSME2;IRF9;IFNAR2;RNF213;VAMP5;SRI;LY6E;IFI44L;IRF1;PSME1;PTPN2;RBCK1;IRF8;LYSMD2;SP110;CD38;RAPGEF6;XAF1;PDE4B;GPR18;NMI;CMTR1;TAPBP;DDX60;PSMA2;HLA-DMA;PIM1;PTPN6;MX2;NFKB1;GBP4;SAMD9L;ST3GAL5;PNPT1;IFI35;MX1;PARP14;ARID5B;ARL4A;PELI1;CIITA;CASP8;ADAR;HLA-DRB1;EIF2AK2;BPGM;TNFSF10;STAT2;VAMP8;BST2;OGFR;OAS2;HLA-DQA1;TRIM14;LGALS3BP;IRF7;LAP3;PARP12;PSMB8;TRIM25;NFKBIA;PML;NCOA3;AUTS2;ITGB7;SAMHD1;SLC25A28;APOL6;DHX58;CD69;RTP4;SOCS1;MVP;TNFAIP3;UBE2L6;ZNFX1;NLRC5;RIPK2;MT2A;TRIM26;USP18;UPP1;CMPK2;MYD88,age_changes_Mgk_02062026
TGF-beta Signaling,0.2918353371935398,-0.39057037543266737,-1.2158899375328136,ID2;ID3;ARID4B;NOG;FNTA;TGIF1;HDAC1;CDK9;TRIM33;JUNB;IFNGR2;APC;SPTBN1;SMAD3;PMEPA1;SMURF2,age_changes_Mgk_02062026
PI3K/AKT/mTOR  Signaling,0.33170258353447357,-0.3647388590000549,-1.1966438413886076,IL2RG;CAMK4;MKNK2;CSNK2B;UBE2N;LCK;GRK2;CDK4;MAP2K6;CXCR4;PIN1;ATF1;PRKAG1;MAPK8;DDIT3;ECSIT;MAPK9;TSC2;CALR;RPS6KA1;NCK1;PIKFYVE;RPS6KA3;STAT2;PLCG1;SLC2A1;TNFRSF1A;PRKAR2A;THEM4;MAPKAP1;UBE2D3;ACACA;HRAS;NFKBIB;PTPN11;HSP90B1;PTEN;E2F1;AKT1S1;MAP3K7,age_changes_Mgk_02062026
Fatty Acid Metabolism,0.49415073645679836,-0.3417761160097015,-1.1480400963717028,APEX1;HSD17B10;LDHA;ERP29;OSTC;SDHC;SUCLG2;SDHD;ECHS1;HSD17B11;MDH1;HSP90AA1;SUCLG1;ECH1;IDH3B;ACAA1;PDHB;DECR1;ACADM;HSD17B7;PSME1;ETFDH;HSDL2;NTHL1;DLD;UROS;ADSL;HIBCH;NBN;ACAA2;IDI1;HMGCS1;GSTZ1;MDH2;BCKDHB;MCEE;GRHPR;MIF;HCCS;CCDC58;NCAPH2;FH;GCDH;ECI1;ELOVL5;SUCLA2;HSPH1;PDHA1;IDH1,age_changes_Mgk_02062026
Epithelial Mesenchymal Transition,0.5295553145336226,0.43519917435268485,1.0,FSTL1;TPM4;TIMP1;LGALS1;SPARC;ITGB1;SAT1;MYLK;MYL9;DAB2;TPM1;SDC4;FLNA;IGFBP2;ITGB3;THBS1;GADD45A;ENO2;SERPINE1;CALD1;VCAN;WIPF1;SERPINE2;TGFBR3;PLOD2;ITGB5;PLOD1;TGFB1;ITGA2;MEST;MMP1;FAS,age_changes_Mgk_02062026
heme Metabolism,0.5295553145336226,0.27568873316705833,1.0,CA2;PDZK1IP1;ENDOD1;HDGF;SNCA;MPP1;TAL1;NCOA4;DMTN;DAAM1;CLCN3;EIF2AK1;GCLM;NFE2;CCND3;HBQ1;SMOX;ADIPOR1;TRIM58;MKRN1;FN3K;SPTB;EPOR;TNS1;SLC10A3;MAP2K3;ISCA1;RIOK3;SEC14L1;RHD;BSG;XK;ARHGEF12;TMCC2;ANK1;MYL4,age_changes_Mgk_02062026
Apoptosis,0.5295553145336226,0.217965209089084,1.0,CLU;TIMP1;SAT1;LMNA;GPX4;BCL2L1;BID;GNA15;GADD45A;CDKN1A;GSN;SOD2;ENO2;F2R;DAP;APP;LGALS3;PRF1;TGFBR3;PPP3R1;PTK2;CASP9;ATF3;BCAP31;IFITM3;MADD;BCL2L2;CASP1;SQSTM1,age_changes_Mgk_02062026
Complement,0.5295553145336226,0.2816131351637532,1.0,CCL5;PLEK;CLU;TIMP1;CA2;GP1BA;GP9;FCER1G;CALM3;CD36;XPNPEP1;LIPA;S100A9;SERPINE1;SRC;SERPINA1;GZMB;LGALS3;KIF2A;GPD2;GZMA;GZMK;S100A12;FCN1;DGKG;CALM1;LYN;ITGAM;CASP9;JAK2;EHD1;APOBEC3G;CASP1;CPQ;PRKCD;PFN1,age_changes_Mgk_02062026
Apical Junction,0.5295553145336226,0.38152838879468376,1.0,CLDN5;ITGB1;NEXN;YWHAH;CRAT;MYL9;CD99;VCL;VWF;RSU1;ACTN1;ICAM2;ZYX;SRC;NECTIN2;MSN;MYH9;VCAN;ACTB;INSIG1;PIK3CB;IKBKG;JAM3;RHOF;AMIGO2;CAP1;PECAM1;LDLRAP1;PTK2;MAP4K2;ITGA2;CADM2;IRS1;ACTN4;PFN1;SYMPK;FYB1;STX4;VASP;CTNNA1;SYK;ACTG1,age_changes_Mgk_02062026
Myogenesis,0.5295553145336226,0.3837347541381599,1.0,CLU;SPARC;ITGB1;PVALB;CRAT;MYLK;FHL1;CD36;KIFC3;CDKN1A;GSN;TPM3;MYH9;HDAC5;TNNC2;SPHK1;PDLIM7;APP;FKBP1B;SVIL;ITGB5;RIT1;GNAO1;MYO1C;MYL4;IFRD1;TGFB1;FLII;SIRT2;ATP6AP1;MYOM1;GABARAPL2;SMTN,age_changes_Mgk_02062026
Pperoxisome,0.7781280909990109,-0.33093838036773143,-1.083688879594477,HSD17B11;PRDX1;SMARCC1;ECH1;ACAA1;FIS1;CNBP;GNPAT;CTBP1;MSH2;EPHX2;SOD1;PEX2;ITGB1BP1;GSTK1;CAT;IDI1;LONP2;PEX13;ABCD3;ELOVL5;ERCC1;SLC25A17;IDH1;HRAS;BCL10;ERCC3;SLC23A2;MVP;SLC25A19;SIAH1;ABCB4;CDK7;ALDH1A1;SLC35B2;CTPS1;PEX14;ACSL5;CLN6;PEX6;ABCD2;IDH2;ISOC1,age_changes_Mgk_02062026
Protein Secretion,0.7809110629067245,0.14444307146297877,0.8144135115592294,SNAP23;CD63;AP2S1;CLCN3;ARF1;GLA;VAMP7;NAPA;AP1G1;CLTC;AP2B1;ADAM10;AP2M1;BET1;PAM,age_changes_Mgk_02062026
mTORC1 Signaling,0.8223241818982787,-0.31407801858290674,-1.0667782255011447,LDHA;PSMC6;SEC11A;TES;HSPE1;PSMA4;PPA1;PSMA3;DDX39A;PRDX1;HSPD1;CORO1A;SHMT2;PSMC2;UFM1;BTG2;STIP1;EDEM1;CCT6A;HPRT1;ATP5MC1;CYB5B;CACYBP;EEF1E1;PITPNB;CXCR4;EIF2S2;PNO1;GGA2;PSMD12;DDIT3;GLRX;UNG;TOMM40;SQLE;NMT1;PSMB5;EBP;RRP9;PSMD14;IDI1;HMGCS1;ACSL3;TFRC;CALR;SYTL2;IMMT;SLC2A1;SDF2L1;ENO1;DHFR;PSME3;HSPA4;QDPR;ELOVL5;ARPC5L;IDH1;UBE2D3;SSR1;ACACA;PSMG1;NFKBIB;ERO1A;NUP205;FKBP2;HSP90B1,age_changes_Mgk_02062026
Adipogenesis,0.8411027450874844,-0.3107199195537558,-1.0549185262220389,JAGN1;UQCRQ;SDHC;DDT;ATP5PO;ECHS1;TKT;UQCR10;SUCLG1;ECH1;DECR1;NDUFAB1;ACADM;PTCD3;VEGFB;CYC1;PLIN2;CHCHD10;MRPL15;NDUFS3;PDCD4;ETFB;NDUFB7;DLD;EPHX2;ESYT1;CCNG2;SOD1;COX8A;HIBCH;COX6A1;PPM1B;GRPEL1;NMT1;ACAA2;CS;CAT;COX7B;PRDX3;UQCRC1;SDHB;MDH2;DGAT1;ARL4A;AIFM1;DRAM2;SLC5A6;ABCB8;MTCH2;POR;IMMT;GHITM;DNAJB9;QDPR;ATP1B3;IDH3A;PREB;IDH1;COQ5;TANK;BCKDHA;RREB1;LPCAT3;PHYH;ACO2;ATL2;STAT5A;BAZ2A;LIPE;CPT2;GPAT4;PEMT;TOB1;DBT;GPHN;PIM3;SAMM50;PEX14;COQ9;ARAF;AK2;ABCA1;DLAT,age_changes_Mgk_02062026
UV Response Up,0.8538666505177739,-0.3069146529909076,-1.0353824625878676,HNRNPU;DNAJA1;GLS;FKBP4;RASGRP1;BTG1;DDX21;ACAA1;BTG2;EIF2S3;STIP1;PPP1R2;MRPL23;NXF1;PSMC3;IRF1;CYB5B;JUNB;RXRB;POLR2H;GRPEL1;KLHDC3;E2F5;TGFBRAP1;EIF5;PLCL1;FEN1;MARK2;DGAT1;TFRC;NUP58;RFC4;STK25,age_changes_Mgk_02062026
p53 Pathway,0.8588048473593196,-0.30280371964050035,-1.0263622083136823,LDHB;HINT1;RPL36;MKNK2;RACK1;CD81;MXD4;RPL18;PRMT2;RPS12;BTG1;ADA;BTG2;DGKA;DEF6;FAM162A;DNTTIP2;PITPNC1;EI24;TRIAP1;TP53;PLK3;BLCAP;POM121;DDIT3;DCXR;IP6K2;PMM1;TSPYL2;CYFIP2;NDRG1;PCNA;CCND2;WRAP73;JUN;RAD9A;PVT1;NOL8;VAMP8;RRP8;ANKRA2;RHBDF2;SESN1;XPC;CTSF;RPS27L;AEN;ELP1;TRAF4;FOS;ZFP36L1;PPM1D;HRAS;RAD51C;IER5;BAK1;NUDT15;FBXW7;POLH;SOCS1;RALGDS;CCP110;TPRKB;IRAK1;SLC3A2;ERCC5;ACVR1B;TOB1;UPP1;GM2A,age_changes_Mgk_02062026
Bile Acid Metabolism,0.878159791169318,-0.3204559845267777,-1.0394076423874874,HSD17B11;LCK;GNPAT;SULT1B1;EPHX2;SOD1;GSTK1;CAT;IDI1;PEX16;LONP2;PEX13;HACL1;PECR;SLC27A5;PXMP2;ABCD3;IDH1;PEX1;NPC1;PHYH;SLC23A2;LIPE;ALDH1A1;PNPLA8;SLC35B2;ACSL5;PEX6;PEX26;ABCA1;ABCD2;IDH2;ABCA5;ISOC1;EFHC1,age_changes_Mgk_02062026
Spermatogenesis,0.9120490926340863,-0.310785849055693,-1.0065600108234882,CAMK4;PEBP1;TLE4;COIL;TSN;STRBP;CHFR;ZC3H14;BRAF;LPIN1;ARL4A;RFC4;RAD17;SIRT1;TKTL1;RPL39L;SLC12A2;AGFG1;PRKAR2A;CSNK2A2;PSMG1;TOPBP1,age_changes_Mgk_02062026
KRAS Signaling Dn,0.9998788833040635,-0.11606846027620099,-0.3775018433635702,BTG2;IFI44L;CAMK1D;LFNG;SLC16A7;MX1;TCL1A;ASB7;CCDC106;SKIL;GTF3C5;SPHK2;BARD1;LYPD3;PDE6B;YPEL1;GAMT;SLC25A23;DTNB;FGGY;COQ8A;VPS50;STAG3;IDUA;CPEB3;KMT2D;CLSTN3;EDAR;NR4A2,age_changes_Mgk_02062026
Mitotic Spindle,1.0,-0.21894233438614655,-0.745888112925711,SUN2;SMC4;ARF6;UXT;BIN1;TUBGCP2;RFC1;CNTRL;FLNB;ARHGEF2;ARHGAP4;RICTOR;SMC1A;CSNK1D;RAPGEF6;EZR;TUBD1;PCM1;ATG4B;APC;PREX1;SPTBN1;DLG1;ARFIP2;SMC3;CEP57;ARL8A;NCK1;SPTAN1;CEP192;RALBP1;KIF20B;PCNT;KLC1;CEP250;PLEKHG2;LRPPRC;ROCK1;MARCKS;KATNA1;DYNC1H1;RHOT2;RAB3GAP1;DOCK2;SOS1;CCDC88A;ABR;NUMA1,age_changes_Mgk_02062026
Cholesterol Homeostasis,1.0,-0.22413410822043917,-0.7129695685494513,ECH1;ETHE1;PNRC1;HSD17B7;STX5;PCYT2;FABP5;SQLE;EBP;IDI1;HMGCS1;FDFT1,age_changes_Mgk_02062026
Xenobiotic Metabolism,1.0,-0.24318673844695213,-0.8079676025317883,ID2;DDT;SHMT2;ECH1;SERTAD1;HPRT1;CYB5A;IRF8;ETFDH;DHPS;DCXR;ADH5;PMM1;NMT1;LONP1;CAT;CYFIP2;JUP;DHRS1;MTHFD1;CNDP2;AHCY;HACL1;PTGES3;POR;GART;DDAH2;AP4B1;CSAD;ELOVL5;TNFRSF1A;PPARD;IDH1;SSR3;COMT;MCCC2;NPC1;ACO2;NFS1;BPHL;TMEM97;MT2A;UGDH;PEMT;UPP1;ALAS1;IGFBP4;ASL;ABCD2;ETS2,age_changes_Mgk_02062026
IL-6/JAK/STAT3 Signaling,1.0,-0.28562090303181376,-0.9199492163175942,IL2RG;LTB;IL4R;IRF9;HAX1;IRF1;IFNAR1;PTPN2;CD44;CD38;ITGA4;IFNGR2;PIM1;JUN;STAT2;IL1B,age_changes_Mgk_02062026
Inflammatory Response,1.0,-0.23661723320576808,-0.7983295987407016,SELL;CCR7;CD48;ATP2B1;MYC;IL4R;RASGRP1;LCK;BTG2;SRI;LY6E;IRF1;IL7R;IFNAR1;CD55;PDE4B;PSEN1;RGS1;NMI;TAPBP;IFNGR2,age_changes_Mgk_02062026
Glycolysis,1.0,-0.26863230331779325,-0.9102157004217822,STMN1;ISG20;NASP;AKR1A1;LDHA;SDHC;ANKZF1;MDH1;FKBP4;HAX1;FAM162A;PGLS;CYB5A;RBCK1;CITED2;CXCR4;CD44;POLR3K;DLD;SOD1;GLRX;RPE;ZNF292;B4GALT4;B3GAT3;MED24;MXI1;SLC25A13;MDH2;MIF;COG2;TKTL1;PRPS1;GALK1;ENO1;LHPP;GNPDA1,age_changes_Mgk_02062026
Apical Surface,1.0,-0.19232357224887547,-0.553237456195816,IL2RG;MAL;AKAP7;CRYBG1;LYPD3;SULF2;B4GALT1;GHRL;HSPB1;BRCA1;DCBLD2;TMEM8B,age_changes_Mgk_02062026
UV Response Dn,1.0,-0.22183730472017932,-0.7362537182073837,ATRX;CDK13;DBP;ATP2B1;MYC;MRPS31;SRI;YTHDC1;CITED2;PIK3CD;ANXA4;WDR37;NFKB1;CELF2;SMAD3;TOGARAM1;DLG1;BCKDHB;PRDM2;MGMT;ARHGEF9;MTA1;AKT3;SCAF8;DUSP1;TGFBR2;PHF3;PTEN;NIPBL;SLC7A1;SFMBT1;FBLN5;IGF1R;SIPA1L1;RASA2;ICA1;PEX14;MAP2K5;ATRN;NR3C1;TENT4A;NOTCH2;SMAD7;FYN;RUNX1;PRKCE;PRKCA;MIOS,age_changes_Mgk_02062026
Hedgehog Signaling,1.0,-0.2568460583183458,-0.706909252848892,LDB1;CDK6;PML;RASA1;TLE3;ETS2;TLE1;DPYSL2;NRCAM;NF1;CDK5R1,age_changes_Mgk_02062026
TNF-alpha Signaling via NF-kB,1.0,-0.22735446359395836,-0.766797466649313,ID2;KLF2;CCNL1;ATP2B1;MYC;IER2;BTG1;TGIF1;BTG2;PNRC1;REL;TNFAIP8;IRF1;IL7R;CD44;PDE4B;MCL1;JUNB;NFKB2;IFNGR2;BIRC2;KDM6B;ZBTB10;NFKB1;GADD45B;SMAD3;JUN;PMEPA1;BIRC3;DENND5A;TNIP1;IL1B;FOSB;CEBPB;CD83;MARCKS;YRDC;FOS;GPR183;DUSP2;NFKBIA;TANK;PER1;IL23A;IER5;DUSP1;CD69;LITAF;ZFP36;STAT5A;TNFAIP3;EIF1;TUBB2A;RIPK2,age_changes_Mgk_02062026
Hypoxia,1.0,-0.2502909835990036,-0.8442309640268104,PLAC8;ISG20;LDHA;TES;ETS1;HEXA;ANKZF1;MAP3K1;BTG1;WSB1;PNRC1;FAM162A;PLIN2;CITED2;CXCR4;NAGK;DDIT3;CCNG2;GLRX;ILVBL;PIM1;ZNF292;NDRG1;MXI1;BCL2;JUN;GRHPR;MIF;AMPD3;TKTL1;GALK1;SLC2A1;ENO1,age_changes_Mgk_02062026
Notch Signaling,1.0,-0.2576911181534645,-0.7376380304739015,MAML2;LFNG;SKP1;KAT2A;PSENEN;PPARD;FBXW11;NOTCH1;NOTCH2;PRKCA;APH1A;DTX2;SAP30,age_changes_Mgk_02062026
Estrogen Response Late,1.0,-0.198299501792155,-0.6689065466774144,ISG20;ID2;FAM102A;COX6C;FKBP4;HPRT1;FLNB;RABEP1;PDCD4;MOCS2;CHPT1;CD44;ETFB;NXT1;FABP5;DCXR;PTPN6;BCL2;FDFT1,age_changes_Mgk_02062026
Androgen Response,1.0,-0.2412905163544628,-0.788080300735032,PA2G4;DBI;UBE2I;TNFAIP8;SRP19;XRCC6;PTK2B;CDK6;ZBTB10;IDI1;NDRG1;HMGCS1;ELK4;ACSL3;PMEPA1;ARID5B;NGLY1;RPS6KA3;RRP12;DNAJB9;XRCC5;GNAI3;ELOVL5;TPD52;ANKH;SLC38A2;PLPP1;FKBP5;SLC26A2,age_changes_Mgk_02062026
Estrogen Response Early,1.0,-0.2145228340005519,-0.7209188031948358,FAM102A;BCL11B;RETREG1;MYC;FCMR;FKBP4;RASGRP1;FLNB;CHPT1;CD44;NXT1;KDM4B;TGIF2;MED13L;ABLIM1;AKAP1;MYBBP1A;MED24;BCL2;FDFT1;UNC119;OPN3;RRP12;UGCG;SLC2A1;NADSYN1;ELOVL5,age_changes_Mgk_02062026
IL-2/STAT5 Signaling,1.0,-0.24580105332698227,-0.8341372360942022,SELL;CD81;ICOS;CD48;MYC;LTB;RHOH;IL4R;DCPS;CD79B;PLIN2;IRF8;IKZF2;CD44;SWAP70;ANXA4;FLT3LG;PIM1;FAM126B;PRKCH;GBP4;NDRG1;GADD45B;CCND2;BCL2;POU2F1;AHCY;ARL4A;LCLAT1;P2RX4;ITGA6;DENND5A;NOP2;CKAP4;TNFSF10;GPR65;CAPG;SNX14;ADAM19;CD83;NT5E;ITGAE;PDCD2L;PUS1;NCOA3;AGER;PLPP1;PTRH2;HUWE1;BMPR2;PLAGL1;LRRC8C;SOCS1,age_changes_Mgk_02062026
KRAS Signaling Up,1.0,-0.29241575342159193,-0.9711356553083861,IL2RG;GYPC;ID2;SATB1;IKZF1;ETS1;MAP3K1;WDR33;SDCCAG8;CD37;IL7R;IRF8;CXCR4;LAPTM5;RBM4;PRELID3B;GLRX;TRIB2;ATG10;JUP;LY96;CCND2;ADAM17;KCNN4;BIRC3;CBR4;MAP4K1;BPGM;IL1B;LAT2;ZNF277;TOR1AIP2;ZNF639;YRDC;PSMB8;ADAM8;DOCK2;AMMECR1;ANKH;CDADC1,age_changes_Mgk_02062026
Reactive Oxygen Species Pathway,1.0,-0.20856007525792397,-0.6474595762119552,PRDX1;LAMTOR5;PRDX2;JUNB;NDUFS2;SOD1;GLRX;HMOX2;CAT,age_changes_Mgk_02062026
p53 Pathway,0.08224811514736122,0.40278329405177,1.628454379038888,DDIT4;TXNIP;EPS8L2;CDKN1A;FAS;TAP1;CCNG1;DRAM1;SAT1;SLC3A2;PVT1;RETSAT;AEN;DNTTIP2;ANKRA2;RAP2B;TRIB3;FUCA1;RPS27L;FDXR;HMOX1;JUN;S100A4;PPP1R15A;SLC7A11;ABHD4;MXD1;PERP;CTSF;F2R;CD82;PLXNB2;TSPYL2;MDM2;RHBDF2;RGS16;IP6K2;TAX1BP3;NOL8;PMM1;TP63;TRIAP1;SERTAD3;ISCU;ELP1;NINJ1;EPHX1;STOM;SEC61A1;SESN1;HINT1;BAX;PIDD1;RAB40C;HDAC3;CDKN2A;CCNK;BTG1;PRKAB1;RPL18;RRP8;PITPNC1;KIF13B;WWP1;VAMP8;POM121;RNF19B;ATF3;TRAFD1;TCN2;RCHY1;VWA5A;SLC35D1;PRMT2;ZFP36L1;IER3;ABAT;S100A10;ST14;CYFIP2;GM2A;CASP1,age_changes_PCs_02062026
Xenobiotic Metabolism,0.08998911422005404,0.3522496193801523,1.4216102198860787,IGF1;FAS;KYNU;DHRS7;SLC1A5;BLVRB;ALDH9A1;PTGES3;SLC6A6;RETSAT;JUP;SLC12A4;ARPP19;PGD;HMOX1;ELOVL5;COMT;UGDH;PDLIM5;ETFDH;NQO1;PPARD;PYCR1;PMM1;CYB5A;MT2A;BCAT1;DHPS;CROT;NINJ1;SHMT2;EPHX1;SSR3;CES1;DHRS1;CASP6;CNDP2;DDAH2;SPINT2;ACOX3;HACL1;ALAS1;ASL;ESR1;ACO2;HPRT1;LCAT;ALDH2;ACP1;AHCY;IDH1;ABCD2;SLC35D1;SLC46A3,age_changes_PCs_02062026
TNF-alpha Signaling via NF-kB,0.09745364904015066,0.35375771799185146,1.4292072753357725,MSC;CDKN1A;PLEK;CCL5;KYNU;CFLAR;CD44;TAP1;EIF1;EHD1;DRAM1;RELA;TNIP1;SAT1;NFKB2;GPR183;TNFAIP8;RELB;MARCKS;BIRC3;KLF6;JUN;PPP1R15A;CCL4;RIPK2;ZFP36;MXD1;MAFF;PDLIM5;IER2;PLAUR;ICAM1;IFNGR2;TRIB1;KLF10;LITAF;SOD2;NFE2L2;DUSP1;CD80;NFKBIA;SERPINB8;SQSTM1;NINJ1;ICOSLG;SGK1;TLR2;DUSP4;RCAN1;BTG1;SIK1;PER1;ZC3H12A;BCL2A1;TGIF1;PFKFB3;PNRC1;RNF19B;TRAF1;KLF9;ATF3;PTGER4;AREG;SLC2A3;IL15RA;IER3;MYC;BTG3;BHLHE40;TNIP2,age_changes_PCs_02062026
Interferon Gamma Response,0.10719133438159362,0.3396408846906163,1.3936045992588402,ARID5B;MVP;TXNIP;CDKN1A;CCL5;FAS;TAP1;CD74;ARL4A;TAPBP;IRF5;RBCK1;MTHFD2;IL15;PSMB9;CSF2RB;ZNFX1;FGL2;IFITM2;PTPN1;RIPK2;JAK2;TRIM26;TOR1B;PFKP;HLA-DQA1;ISG20;ISOC1;NLRC5;ICAM1;ITGB7;HLA-DMA;OASL;PELI1;GZMA;HELZ2;SOD2;CD40;C1R;MT2A;IL10RA;TDRD7;NFKBIA;TRIM14;SSPN;HLA-DRB1;ZBP1;PSMB8;APOL6;HERC6;SAMHD1;CASP4;CD86;ST8SIA4;NMI;UBE2L6;IRF4;STAT4;BTG1;HIF1A;IRF2;PML;IL18BP,age_changes_PCs_02062026
Epithelial Mesenchymal Transition,0.10847074950610813,0.3559133770814082,1.380102780612401,ENO2;LGALS1;TIMP1;ACTA2;FAS;CD44;VIM;EMP3;CAPG;SAT1;IL15;FUCA1;JUN;FLNA;GLIPR1;TGFBR3;PLAUR;ITGB1;NT5E;QSOX1;FBLN5;WIPF1;MYL9;SGCB,age_changes_PCs_02062026
Cholesterol Homeostasis,0.10885779945974278,0.3817895870360186,1.4346434674568929,ATF5;LGALS3;FDFT1;ANTXR2;ETHE1;TRIB3;CXCL16;IDI1;PLAUR;S100A11;LSS;ALDOC;STARD4;CYP51A1;HMGCS1;FBXO6;ANXA5;CTNNB1;CHKA;GUSB;CPEB2;DHCR7;PMVK;PNRC1;ATF3;ACSS2,age_changes_PCs_02062026
Apoptosis,0.11928175843831208,0.337669599387939,1.3627698788071732,ENO2;TIMP1;TXNIP;LMNA;CDKN1A;LGALS3;FAS;CFLAR;CD44;TAP1;RELA;SAT1;BIK;RETSAT;TSPO;GPX4;PDCD4;FDXR;HMOX1;PAK1;BIRC3;JUN;MGMT;ISG20;TGFBR3;F2R;XIAP;PPT1;RARA;ROCK1,age_changes_PCs_02062026
Reactive Oxygen Species Pathway,0.12788775551344594,0.3681263706360758,1.348684946847294,PRNP;MBP;GPX4;TXN;SELENOS;MSRA;FTL;GCLM;PFKP;NQO1;PDLIM1;SOD2,age_changes_PCs_02062026
Inflammatory Response,0.13062935935169132,0.3586792496206647,1.4347080641167345,CD70;TIMP1;CDKN1A;CCL5;EMP3;TAPBP;RELA;P2RX4;ICAM4;SLC7A1;GPR183;IL15;RHOG;SELENOS;KLF6;RIPK2;PIK3R5;MXD1;PLAUR;ABI1;ICAM1;RAF1;CD82;TLR1;IFNAR1;RGS16;GNAI3;IFNGR2;LYN;BEST1;KCNA3;CD40;IL10RA;LAMP3;NFKBIA;ICOSLG;SLAMF1;AHR;NMI;TLR2;ADRM1;CD55;TNFRSF1B;HIF1A;EBI3;PTGER2,age_changes_PCs_02062026
heme Metabolism,0.13293677253682093,0.327187073846488,1.3372946174894385,OPTN;RIOK3;ASNS;TCEA1;ATG4A;MGST3;BLVRB;AQP3;CAST;BLVRA;ACP5;ICAM4;ARL2BP;NUDT4;SLC6A9;ISCA1;FBXO7;NFE2L1;TMEM9B;NARF;SLC7A11;GCLM;RNF123;TFDP2;RAD23A;CTNS;LRP10;UBAC1;EZH1;UCP2;CLCN3;PPOX;ADIPOR1;CCDC28A;EIF2AK1;NR3C1;DCAF11;SLC10A3;MINPP1;HAGH;PGLS;HBB;ELL2;FECH;NCOA4;SDCBP;LAMP2;MKRN1;HTRA2;USP15;SLC2A1;SLC25A38;CIR1;SYNJ1;EPOR;HMBS,age_changes_PCs_02062026
Allograft Rejection,0.13885417086642746,0.3545149081553028,1.4505231818117699,HLA-E;TIMP1;HLA-DOB;CCL5;FAS;TAP1;SRGN;CD74;TAPBP;CAPG;HCLS1;TPD52;IL15;IL12RB1;UBE2N;IL27RA;FLNA;CCL4;FCGR2B;RIPK2;JAK2;HLA-DQA1;F2R;ABI1;ICAM1;UBE2D1;HLA-DMA;TLR1;MRPL3;GZMA;IFNGR2;LYN;CD79A;SPI1;CD40;CD80;BCAT1;NPM1;PRF1;CTSS;CSK;ICOSLG;MAP4K1;IL12A;ITGAL;CD86;GZMB;ST8SIA4;GPR65;CDKN2A;HLA-DOA;RPL39;IRF4;TLR6;TLR2;STAT4,age_changes_PCs_02062026
Complement,0.14514373261299035,0.32408082806831456,1.3145110759128353,TIMP1;CTSH;LGALS3;PLEK;CCL5;KYNU;EHD1;CD46;LTA4H;PSMB9;RHOG;GNG2;CTSC;JAK2;APOBEC3G;PIK3R5;PRCP;GNGT2;MAFF;GCA;CPQ;CTSO;PLAUR;RAF1;HSPA5;GZMA;GNAI3;LYN;FDX1;GMFB;C1R;RBSN;LIPA;SERPINA1;CTSS;RNF4;ANXA5;USP14;PRKCD;XPNPEP1;CSRP1;DUSP6;LAMP2;PRDM4;CASP4;GZMB;APOBEC3F;KIF2A;S100A12;USP15;CD55;IRF2;ANG;DOCK9;CR1;S100A13;ADAM9;PREP;CD59;IRF7;BRPF3;PDP1;PIK3CA;ZEB1;HSPA1A;CASP1;USP16;AKAP10;LGMN;CEBPB;GNB2;TNFAIP3;PIM1;LRP1,age_changes_PCs_02062026
KRAS Signaling Up,0.1505347855386157,0.3346614781568978,1.317332929390767,LY96;PRDM1;ADAM8;RABGAP1L;JUP;LAT2;KCNN4;FUCA1;BIRC3;SDCCAG8;PPP1R15A;WDR33;PLAUR;IKZF1;CDADC1;RGS16;TRIB1;EVI5;IL10RA;LAPTM5;NIN;CROT;DNMBP;CTSS;ANKH;PRELID3B;AVL9;PSMB8;MAP7;DUSP6;MAP4K1;ERO1A;CBX8;CAB39L;LCP1;USP12;KIF5C;TNFRSF1B;F13A1;HDAC9;PTBP2;DOCK2,age_changes_PCs_02062026
Androgen Response,0.1533685441277265,0.3926728915308106,1.508528047453256,ARID5B;MYL12A;ABHD2;SAT1;TPD52;ABCC4;HPGD;CDC14B;TNFAIP8;ELOVL5;DNAJB9;VAPA;IDI1;SORD;NGLY1;PDLIM5;PIAS1;UBE2J1;GNAI3;HMGCS1;APPBP2;UBE2I;ANKH;ELL2;MAP7;NCOA4;SGK1;PLPP1;PTK2B;CDK6;ADRM1;CAMKK2;TMEM50A;HERC3,age_changes_PCs_02062026
Hypoxia,0.15675523122202958,0.36423964359983435,1.4672365794960116,ENO2;DDIT4;CDKN1A;ATP7A;PGM1;TPD52;SLC6A6;HK1;PLIN2;ANXA2;HMOX1;KLF6;JUN;S100A4;GRHPR;PPP1R15A;IDS;WSB1;ZFP36;KLHL24;PFKP;BCL2;ISG20;PAM;MAFF;CITED2;PLAUR;HSPA5;GPI;KDELR3;VHL;SCARB1;ALDOC;HK2;ILVBL;PDK1;DUSP1;ZNF292;MT2A;NR3C1;SLC25A1;TPST2;RORA;XPNPEP1;ERO1A;TES;CASP6;NDST1;JMJD6;LARGE1;SLC2A1;BTG1;TMEM45A;GALK1;NAGK;PFKFB3;PNRC1;GBE1;CDKN1B;UGP2;ATF3;BNIP3L;SLC2A3,age_changes_PCs_02062026
Apical Junction,0.16791137694443983,0.320629486749993,1.2871154988249203,MAPK13;CERCAM;TSPAN4;ICAM2;ICAM4;RSU1;CTNNA1;JUP;DHX16;WASL;VASP;MYL12B;SYK;ITGB1;ICAM1;CNN2;RHOF;ITGA3;MDK;VAV2;ARHGEF6;CD99;RASA1;PKD1;SORBS3;PIK3R3;MYL9;MAPK11;RAC2;AMIGO2;CD86;ZYX;EXOC4;TIAL1;ADAM15;SYMPK;MAP3K20;ARPC2;MSN;IKBKG;TRAF1;ADAM9;KCNH2;CAP1;PLCG1;PIK3CB;CDK8;ITGB4;PTPRC;PECAM1;GAMT;SKAP2,age_changes_PCs_02062026
TGF-beta Signaling,0.1706043623755191,0.35249348609606024,1.2923944213088672,RAB31;BMPR1A;PPP1R15A;PPM1A;RHOA;XIAP;HDAC1;IFNGR2;SLC20A1;KLF10;APC;ACVR1;UBE2D3;TGFBR1;CTNNB1;TGIF1;PPP1CA;SPTBN1;WWTR1;ENG;BMPR2;HIPK2;SKI;MAP3K7;FNTA;FKBP1A;LEFTY2;SMAD7,age_changes_PCs_02062026
Coagulation,0.18384872797645446,0.3380592842324036,1.2719818698249736,TIMP1;CTSH;CAPN2;PLEK;LTA4H;F12;MAFF;CPQ;CTSO;C1R;USP11;SERPINA1;DUSP14;ISCU;CSRP1;DUSP6;LAMP2;MST1;ANG;S100A13;WDR1;RAC1;ADAM9;PREP;MMP11;CFD;PECAM1;LGMN;GNB2;LRP1;A2M;PRSS23;GSN;RAPGEF3;RABIF;SPARC;LEFTY2,age_changes_PCs_02062026
Pperoxisome,0.21842858567618095,0.3202888337738501,1.2484756998682192,MVP;ALDH9A1;RETSAT;GSTK1;TSPO;ACSL5;CNBP;ERCC1;ELOVL5;HSD17B11;IDI1;ACSL1;ISOC1;CDK7;PEX14;SLC27A2;PEX2;SOD2;ECI2;PEX11B;VPS4B;SMARCC1;SCP2;PABPC1;EHHADH;FIS1;SIAH1;PRDX1;SLC23A2;PEX5;GNPAT;IDH1;PEX11A;ABCD2,age_changes_PCs_02062026
Estrogen Response Late,0.22281762103557856,0.31135552637092184,1.2303078907028684,LLGL2;MAPK13;CD44;ABHD2;CLIC3;FDFT1;BLVRB;SLC9A3R1;SLC29A1;PDCD4;RAB31;ELOVL5;DYNLT3;NXT1;SLC16A1;JAK2;ZFP36;UGDH;BCL2;LSR;ISG20;SORD;PERP;SLC27A2;SCARB1;MDK;CHPT1;MICB;SLC2A8;SERPINA1;CKB,age_changes_PCs_02062026
Unfolded Protein Response,0.22305857110552896,0.3110371089556879,1.2249603974556098,DDIT4;HSPA9;PSAT1;ASNS;BAG3;EIF4A2;MTHFD2;HERPUD1;XPOT;CHAC1;ERN1;YWHAZ;MTREX;EEF2;DNAJB9;DCP1A;CEBPG;SPCS1;TSPYL2;HSPA5;KDELR3;PAIP1;NABP1;SDAD1;NPM1;SRPRA;IMP3;POP4;DCTN1;DKC1;ERO1A,age_changes_PCs_02062026
mTORC1 Signaling,0.2271015602951256,0.30193478392436013,1.2385845446340489,DDIT4;CDKN1A;HSPA9;PSAT1;CCNG1;ASNS;TCEA1;SLC1A5;MTHFD2;PGM1;LTA4H;SLC9A3R1;SLC6A6;TRIB3;FDXR;ELOVL5;FGL2;CTSC;PPP1R15A;SLC7A11;NFYC;IDI1;SORD;M6PR;PPA1;HSPA5;CANX;GPI;CACYBP;ADIPOR2;STARD4;HK2;CYP51A1;UCHL5;PDK1;PSME3;BCAT1;HMGCS1;ACTR3;COPS5;UBE2D3;PIK3R3;SQSTM1;TUBA4A;SHMT2;ERO1A;TES;UNG;GTF2H1;HSPA4;PSMC6;SEC11A;SLC2A1;PRDX1;SLA;PSMG1;SLC7A5;HMBS;DHCR7;HPRT1;GBE1;TXNRD1;IDH1;CCT6A;SLC2A3;ARPC5L;FKBP2;SC5D;RPN1;SRD5A1;STIP1;BHLHE40;CTH;TPI1;PNP;GSK3B;LGMN;P4HA1;SKAP2;ALDOA;ITGB2,age_changes_PCs_02062026
Glycolysis,0.23057118666520757,0.30370139054347395,1.2317547587778745,ENO2;DDIT4;IDUA;CD44;RBCK1;ALDH9A1;BIK;SLC16A3;TXN;ARPP19;AK3;BPNT1;PFKP;ISG20;PAM;PYGB;LHPP;XYLT2;CITED2;GALK2;PRPS1;GNE;HSPA5;KDELR3;SLC25A13;NT5E;HK2;CYB5A;ZNF292;QSOX1;PHKA2;PGLS;ERO1A;CHPF2;SRD5A3;CASP6;FUT8;GUSB;KIF2A;AKR1A1;GALK1;ANG;GFPT1;GLCE;NANP;UGP2;HAX1;MDH2;IDH1;AGL;IER3;SPAG4;CTH;EXT2;GNPDA1;TPI1;VEGFA;TSTA3;CHPF;P4HA1;TKTL1;ALDOA;NDUFV3;GOT2;SAP30;SOD1;PGAM1,age_changes_PCs_02062026
Fatty Acid Metabolism,0.2397387412812966,0.30046363077242855,1.2079180721341958,ENO2;LGALS1;MGLL;ALDH9A1;BLVRA;HPGD;RETSAT;CRYZ;ACSL5;TP53INP2;PCBD1;BCKDHB;ELOVL5;HSD17B11;HSDL2;GRHPR;UGDH;IDI1;ACSL1;ETFDH;SERINC1;ACOT2;ADIPOR2;HMGCS1;ECI2;APEX1;SUCLG2;ACSM3;SUCLA2;ACADM;METAP1;SDHA;EPHX1;MCEE,age_changes_PCs_02062026
Bile Acid Metabolism,0.2419465387251542,0.3193684465194027,1.2111964039791192,OPTN;PHYH;ALDH9A1;RETSAT;GSTK1;ACSL5;SLC29A1;FDXR;ABCA5;PEX16;HSD17B11;PECR;GCLM;IDI1;ACSL1;ISOC1,age_changes_PCs_02062026
IL-2/STAT5 Signaling,0.2496100037526478,0.2929355241260185,1.1981772020424633,PRNP;RNH1;AHNAK;CD44;ARL4A;CAPG;SLC1A5;RABGAP1L;MYO1E;P2RX4;COCH;PLIN2;POU2F1;GPX4;FGL2;SOCS2;CST7;KLF6;SLC39A8;CDC42SE2;SYNGR2;SNX14;PUS1;BCL2;MXD1;MAFF;ANXA4;ETFBKMT;RGS16;NT5E;HK2;MYO1C;SNX9;IL10RA;CYFIP1;RORA;BCL2L1;ITGAE;TNFRSF18;AHR;PLPP1;CD86;GPR65;SLC29A2;PTCH1;IRF4;SYT11;SWAP70;TNFRSF1B;PTGER2;PTRH2;TNFRSF4;SERPINB6;TRAF1;NCOA3;AHCY;SLC2A3;ITGAV;IL2RB;AMACR;DCPS;MYC;BHLHE40;HUWE1;TIAM1;IKZF4;TNFRSF8;PNP;AGER;SOCS1;HOPX,age_changes_PCs_02062026
Protein Secretion,0.2610078529926935,0.30027292017991103,1.1888081701763222,VAMP7;ATP7A;TPD52;ARFGAP3;ZW10;CTSC;AP2B1;ARF1;GALC;PAM;RAB5A;M6PR;TSG101;STX12;PPT1;SNAP23;CLCN3;ERGIC3;TMED2;TMED10;SSPN;VPS4B;LAMP2;RAB14;SCAMP1;NAPG;ICA1;MON2;RAB9A;BNIP3;SCRN1;CD63;AP3S1;VAMP3,age_changes_PCs_02062026
UV Response Dn,0.27407974841753013,0.29941456225464563,1.1785892737645756,MGLL;SLC7A1;SYNE1;ANXA2;KCNMA1;BCKDHB;SFMBT1;BMPR1A;TOGARAM1;MGMT;SIPA1L1;TGFBR3;PDLIM5;ANXA4;CITED2;PEX14;NR1D2;VAV2;PRDM2;DUSP1;SLC22A18;FBLN5;NR3C1;YTHDC1;PIK3R3;CELF2;ICA1;NIPBL;AGGF1;NOTCH2;CDKN1B;RASA2;PIAS3;ATRX;MYC;BHLHE40;ATP2C1;DBP;MIOS;MAP2K5;RUNX1,age_changes_PCs_02062026
Angiogenesis,0.4160464459944362,0.40615166780763384,1.1133995206756768,TIMP1;S100A4;VAV2,age_changes_PCs_02062026
Adipogenesis,0.42278534159521863,0.27336690180568773,1.11611368420551,DHRS7;RIOK3;MGLL;ARL4A;UBC;MGST3;PHYH;SLC1A5;MIGA2;PGM1;DRAM2;RETSAT;PLIN2;GPX4;PDCD4;BCL2L13;TKT;NKIRAS1;GPAT4;DNAJB9;SAMM50;GPHN;G3BP2;SQOR;PEX14;UCP2;ADIPOR2;SCARB1;REEP5;NABP1;CHCHD10;CD151;CS;SSPN;SLC25A1;GRPEL1;NDUFB7;ACADM;ATL2;SCP2;RMDN3;STOM;ESYT1;ARAF;DNAJC15,age_changes_PCs_02062026
Estrogen Response Early,0.4482600309796031,0.2749685908004864,1.0975300753888582,SH3BP5;CD44;ABHD2;CLIC3;FDFT1;BLVRB;AQP3;SLC9A3R1;NADSYN1;RAB31;ELOVL5;DYNLT3;NXT1;SLC16A1;JAK2;BCL2;RARA;SLC27A2;GAB2;SYNGR1;SCARB1;MREG;CHPT1;KLF10;MICB;TUBB2B;SLC2A1;SNX24;SLC7A5;DHCR7;ENDOD1;MYBL1;AREG;PEX11A;RPS6KA2;UNC119;SLC39A6;SLC26A2;ABAT;MYC;MYBBP1A;BHLHE40;ZNF185;TIAM1;MYB;DEPTOR;AFF1,age_changes_PCs_02062026
G2-M Checkpoint,0.4746192893401015,-0.22693171806754675,-1.0,STMN1;PTTG1;CCNB2;CENPF;SMC2;CDKN2C;TROAP;HMGB3;UBE2C;MKI67;CDKN3;EZH2;CDC20;NUSAP1;CKS1B;AURKB;BIRC5;UBE2S;NASP;TOP1;CKS2;TOP2A;DTYMK;HMGA1;PLK1;CENPA;GINS2;CTCF;RBM14;SRSF2;SMC4;MYBL2;CENPE;MAD2L1;CHEK1;MCM6;SMC1A;CDK1,age_changes_PCs_02062026
E2F Targets,0.4746192893401015,-0.3042524658094089,-1.0,RRM2;STMN1;MCM7;TK1;NME1;PTTG1;CCNB2;CDKN2C;HMGB3;MKI67;CDKN3;EZH2;CDC20;CKS1B;AURKB;BIRC5;UBE2S;NASP;RANBP1;CKS2;DNMT1;SSRP1;TOP2A;HMGA1;RPA3;CENPM;PLK1;HMGB2;ASF1B;CNOT9;NCAPD2;LYAR;CBX5;CTCF;DONSON;SRSF2;NAP1L1;SMC4;MYBL2;CDCA3;CENPE;UBE2T;MAD2L1;CHEK1;MCM6;DLGAP5;SMC1A;CDK1;PCNA;NOP56;MCM4;RPA1,age_changes_PCs_02062026
Interferon Alpha Response,0.5216405273555619,0.2725095242858288,1.068577635747178,TXNIP;TAP1;CD74;IL15;PSMB9;HLA-C;IFITM2;RIPK2;TRIM26;NUB1;TMEM140;ISG20;UBA7;OASL;HELZ2;TDRD7;LAMP3;TRIM14;CNP;PSMB8;HERC6;NMI;UBE2L6,age_changes_PCs_02062026
DNA Repair,0.5394068899290042,0.2610240022866353,1.0578969122425104,SMAD5;HCLS1;DCTN4;POLL;APRT;GPX4;MPC2;ERCC1;EIF1B;AK3;TAF13;POLR3GL;POLR2H;SNAPC4;NME3;STX3;RNMT;TSG101;IMPDH2;VPS28;TMED2;NELFCD;ELL;ELOA;USP11;POLR3C;GTF2A2;SDCBP;POLR2F;TAF6;GTF2H1;ITPA;SEC61A1;TARBP2;ZNF707;ADRM1;BRF2;POLR2K;ARL6IP1;DAD1;POM121;HPRT1;POLB;POLR2A;POLR1D;TAF1C;SF3A3;ERCC4;SUPT5H;EDF1;TK2;NFX1;NUDT21;BCAP31;POLE4;PNP;RALA;POLR2C;GUK1;GTF2H3;SUPT4H1;CMPK2;RRM2B;GTF2H5,age_changes_PCs_02062026
Notch Signaling,0.5952236960582725,0.31706981971734643,1.0240751119392888,APH1A;SKP1;PPARD;CUL1;NOTCH2;DTX2;PSEN2;FZD7;NOTCH1;SAP30;ARRB1,age_changes_PCs_02062026
UV Response Up,0.6010885779945975,0.2592120472168466,1.027934380725332,ENO2;HLA-F;TAP1;ASNS;SELENOW;AQP3;STARD3;HMOX1;CREG1;POLR2H;CEBPG;ICAM1;PPT1;EIF5;LYN;MGAT1;SOD2;NUP58;PARP2;NFKBIA;SQSTM1;GRPEL1;CNP;TUBA4A;PRKCD;EPHX1;CHKA;NAT1;STK25;BTG1;GRINA;ALAS1;POLG2;ATF3;KCNH2;BSG;HSPA13;POLE3;RPN1;STIP1;BTG3;RXRB;ALDOA;CDC5L;HYAL2;CYB5R1;ATP6V1F;TMBIM6;AP2S1;TFRC;EIF2S3;PSMC3;UROD;E2F5;PPAT;PPP1R2,age_changes_PCs_02062026
Hedgehog Signaling,0.613758772065049,0.33432633007699075,1.0293245297503135,TLE1;RASA1;PTCH1;CDK6;PML;HEY1;VEGFA;ETS2;ADGRG1;DPYSL2,age_changes_PCs_02062026
Myc Targets V2,0.6147556256817233,0.273919564485858,1.0119925562073688,NDUFAF4;PPRC1;AIMP2;GRWD1;PUS1;SORD;RABEPK;NIP7;WDR74;HK2;NPM1;UNG;SLC29A2;MAP3K6;TFB2M;RCL1;MYC;MYBBP1A;SUPV3L1;CDK4,age_changes_PCs_02062026
Oxidative Phosphorylation,0.6235323825428588,0.24216592534959933,1.003489721210519,HSPA9;MGST3;PHYH;ACAT1;CYB5R3;RETSAT;ATP6V0E1;GPX4;ATP5MG;RHOT1;ISCA1;HADHA;NQO2;SLC25A12;COX10;UQCRC2;ATP6V1G1;MRPL34;NDUFV1;ETFDH;GPI;MTX2;LRPPRC;FDX1;AFG3L2;CYB5A;CS;ATP1B1;UQCRH;BDH2;ISCU;SUCLA2;GRPEL1;SLC25A6;GLUD1;NDUFB7;ACADM;PHB2;SDHA;ATP6V1E1;SLC25A3;POLR2F;ATP6AP1;OXA1L;BAX;MTRR;VDAC1;VDAC2;HTRA2;CPT1A;ALAS1;MTRF1;COX7A2L;ACO2;TCIRG1;MDH2;ACAA2;IDH1;OAT;ABCB7;NDUFB5;COX4I1;AIFM1;PDP1;TOMM70;SUPV3L1;SLC25A5;NDUFA3,age_changes_PCs_02062026
Myogenesis,0.7608434463572955,0.23612851179026056,0.9394198296216179,IGF1;PRNP;CDKN1A;EIF4A2;TNNI2;TPM3;SYNGR2;SMTN;ACSL1;ITGB1;PLXNB2;NQO1;MYO1C;DMPK;SORBS3;CKB;SSPN;PDE4DIP;ATP6AP1;FLII;LARGE1;KCNH2;PSEN2;HDAC5;AGL;BHLHE40;MEF2A;PICK1;ITGB4;CFD;NOTCH1;WWTR1;CHRNB1;PDLIM7;CRAT;RIT1;GSN;LSP1;MYL2;SH3BGR;SPARC;RB1;TAGLN;MAPK12;GABARAPL2;MAPRE3;FKBP1B;ENO3;IFRD1;MEF2C;VIPR1;CD36;SH2B1;TPM2;PTP4A3;SIRT2;MYLPF;FHL1;RYR1;TNNC2;PKIA;MYH9;AKT2;GAA;IGFBP7;MYL4;LPIN1;SPEG;MYH3;ACTN3;GNAO1;BAG1;FXYD1;OCEL1;APP;PYGM;MYLK;FOXO4,age_changes_PCs_02062026
PI3K/AKT/mTOR  Signaling,0.7624139759768513,0.24501788641189748,0.9466094978895525,CDKN1A;UBE2N;TRIB3;RPS6KA1;ARF1;RALB;RAF1;RPTOR;PRKAR2A;PDK1;PLA2G12A;ACTR3;ATF1;UBE2D3;PIK3R3;THEM4;SQSTM1;MKNK1;CAB39L;SLC2A1;ECSIT;SLA;CDKN1B;RAC1;ARPC3;PLCG1;MAPK8;TIAM1;YWHAB;CDK4;EIF4E;E2F1;PPP1CA;GSK3B;PAK4;RIT1;ACTR2;DAPP1;ARHGDIA;RPS6KA3;MAP3K7;DDIT3;CALR;NOD1;TRAF2,age_changes_PCs_02062026
Spermatogenesis,0.8663782803614434,0.2352115589439999,0.885183193987327,ARL4A;RAD17;PHF7;PEBP1;PHKG2;ACRBP;MLLT10;DBF4;PRKAR2A;ZC3H14;PARP2;CCT6B;COIL;MAP7;RPL39L;MAST2;IFT88;PSMG1;DPEP3,age_changes_PCs_02062026
Mitotic Spindle,0.8896850035421983,0.21048644818621237,0.8625957897318622,KIF22;MYO1E;PCGF5;SORBS2;CLIP1;WASL;CEP192;MARCKS;KATNA1;PXN;FLNA;TUBGCP2;CLIP2;PDLIM5;ARHGEF7;TUBGCP5;ABI1;FGD4;RHOF;ROCK1;CEP57;LRPPRC;KATNB1;TBCD;YWHAE;ARHGAP10;STAU1;RAB3GAP1;RASA1;NIN;APC;KIFAP3;TUBA4A;ARHGAP5;ARHGEF2;HOOK3;ALMS1;CAPZB;RACGAP1;CLASP1;CDC42;ARHGEF3;ANLN;NOTCH2;EZR;SHROOM1;DOCK2;TRIO;KIF15;PAFAH1B1;LATS1;MYO9B;SSH2;MAPRE1;RASA2,age_changes_PCs_02062026
Myc Targets V1,0.9709914123291538,0.15439410241919874,0.6402408494937762,PTGES3;PABPC4;YWHAQ;SRPK1;XPOT;EIF4G2;CNBP;AIMP2;CLNS1A;EIF4H;IMPDH2;CANX;RNPS1;PWP1;HNRNPA3;YWHAE;CCT7;SNRPA1;NPM1;STARD7;APEX1;CUL1;COPS5;BUB3;GLO1;UBA2;SMARCC1;PHB2;U2AF1;RPLP0;SERBP1;SLC25A3;PABPC1;VDAC1;HDDC2;PSMC6;ERH;UBE2E1;ORC2;RPL18;AP3S1;PRDX4;HPRT1;G3BP1;SNRPA;ACP1;VBP1;EEF1B2;PRPF31;POLE3;TOMM70;MYC;PRPS2;PPM1G;LSM2;CDK4;EIF4E,age_changes_PCs_02062026
Apical Surface,0.9719454417085704,0.24202244455042787,0.7936507878442861,PLAUR;ADIPOR2;LYN;FLOT2;MDGA1;CROCC;NCOA6;IL2RB;CRYBG1;AFAP1L2;ADAM10;AKAP7;GATA3;CD160,age_changes_PCs_02062026
IL-6/JAK/STAT3 Signaling,0.9785546469818533,0.20312002030014262,0.7677817018444962,FAS;CD44;IL12RB1;CSF2RB;HMOX1;PTPN1;JUN;PIK3R5;IFNAR1;IFNGR2,age_changes_PCs_02062026
Pancreas Beta Cells,0.9915890407903643,0.2303976914621584,0.6404297020838874,SPCS1;SRP9;SEC11A;MAFB;SRP14;SRPRB;LMO2,age_changes_PCs_02062026
KRAS Signaling Dn,1.0,0.17319362886130854,0.6522008514086739,IDUA;VPS50;YPEL1;DTNB;CD80;MFSD6;CAMK1D;PLAG1;SGK1;MTHFR;CLSTN3;MAGIX;SLC29A3;BARD1;KMT2D;IFNG;GAMT;COPZ2;SIDT1;CDKAL1;MSH5;UGT2B17;GTF3C5;OXT;STAG3;CPEB3;VPREB1;SNN;NR6A1;CD40LG;SLC16A7;RYR1;ZC2HC1C,age_changes_PCs_02062026
Wnt-beta Catenin Signaling,1.0,0.20036625460613716,0.6825478378414979,PPARD;DVL2;CUL1;CTNNB1;NUMB;PTCH1;PSEN2;HEY1;HDAC5;MYC;AXIN1;NOTCH1;NCSTN;FRAT1,age_changes_PCs_02062026
G2-M Checkpoint,0.0,-0.6399098218517574,-2.40060857461424,SMC4;UBE2C;KMT5A;POLQ;HNRNPD;CENPF;CKS1B;CTCF;UBE2S;BUB1;HMMR;BIRC5;CDKN2C;CKS2;AURKB;SMC2;MYC;TOP2A;STMN1;EZH2;E2F1;KIF11;PLK1;BRCA2;PRC1;DTYMK;TGFB1;CENPE;MYBL2;CDK1;MKI67;NUP98;CUL3;KNL1;SMAD3;SRSF2;KPNA2;KIF2C;UPF1;AURKA;TACC3;CCNB2;KIF15;NEK2;TPX2;ARID4A;KIF4A;KIF23;TROAP;LMNB1;PBK;SFPQ;NUSAP1;CDC20;SYNCRIP;CDC25A;ESPL1;BUB3;STIL;MAD2L1;TNPO2;CHAF1A;HMGN2;E2F3;TMPO;SLC7A1;KIF22;BARD1;HIRA;STAG1;CDC27;GINS2;SMARCC1;INCENP;JPT1;CCNA2;ODF2;DDX39A;RBM14;CDKN3;CDC7;KIF20B;TENT4A;E2F2;PLK4;CENPA;NDC80;ORC6;RACGAP1,age_changes_Proliferating_NK_02062026
E2F Targets,0.0,-0.6226673866714971,-2.347790061262458,SMC4;HNRNPD;NOP56;CKS1B;CTCF;UBE2S;RRM2;HMMR;BIRC5;CDKN2C;HMGB2;CKS2;AURKB;ATAD2;DLGAP5;SPC25;MXD3;DSCC1;MYC;TOP2A;STMN1;EZH2;UBE2T;PLK1;BRCA2;DCTPP1;SPAG5;CENPE;MYBL2;PCNA;CDK1;MKI67;NME1;RANBP1;ASF1B;SRSF2;KPNA2;E2F8;CBX5;KIF2C;AURKA;BRCA1;TACC3;CCNB2;KIF4A;MMS22L;BUB1B;LMNB1;PSIP1;CDC20;MELK;LUC7L3;SYNCRIP;RFC2;CDC25A;CDCA3;DNMT1;ESPL1;DCLRE1B;USP1;DEK;MAD2L1;SNRPB;RAD51AP1;TFRC;TMPO;WEE1;PHF5A;KIF22;BARD1;EIF2S1;STAG1;DUT;MSH2;RPA3;TIPIN;JPT1;RFC3;IPO7;DDX39A;HELLS;CDKN3;GINS4;SMC3;MLH1;CDCA8;PLK4;CCNE1;TBRG4;ORC6;SPC24;RACGAP1;POLD3;TK1;NCAPD2;TP53;SUV39H1;MCM7;DEPDC1;NUP107;CENPM;NASP;RAN;SLBP,age_changes_Proliferating_NK_02062026
Epithelial Mesenchymal Transition,0.003232758620689655,0.4815421422354935,2.044865404228031,LGALS1;FAS;ENO2;GLIPR1;ACTA2;SAT1;VIM;PLOD1;IL32;AREG;CD44;COL6A2;VCAN;PDGFRB;TIMP1;TNFAIP3;ITGB1;FLNA;TPM1;SGCB;TGFBR3;COPA;EMP3;WIPF1;CADM1;BMP1;CXCL8;RHOB;PLOD3;PPIB;NOTCH2;ITGAV;SDC4;COLGALT1;QSOX1,age_changes_Proliferating_NK_02062026
Angiogenesis,0.005387931034482759,0.6793729191635175,1.8754400363318555,S100A4;VCAN;TIMP1;CCND2,age_changes_Proliferating_NK_02062026
Hypoxia,0.00646551724137931,0.4189381781627119,1.9266863219583157,S100A4;MT1E;NDRG1;PFKP;ENO2;ANXA2;CDKN1A;PLIN2;PNRC1;HSPA5;PGK1;TKTL1;CXCR4;DDIT4;PFKL;SLC25A1;ALDOA;CITED2;GRHPR;MT2A;TNFAIP3;BNIP3L;GPI;VHL;MYH9;BCL2;IDS;GBE1;GAA;MIF;TPD52;FOSL2;XPNPEP1;HK1;ISG20;ALDOC;ATF3;NDST2,age_changes_Proliferating_NK_02062026
Mitotic Spindle,0.011297444569710635,-0.4400741672179594,-1.6339947554712153,SMC4;CENPF;BUB1;BIRC5;DLGAP5;TOP2A;CENPJ;KIF11;PLK1;BRCA2;PRC1;CENPE;CDK1;GSN;SAC3D1;KIF2C;AURKA;ARF6;CCNB2;KIF15;NEK2;TPX2;RALBP1;PREX1;KIF4A;KIF23;LMNB1;NUSAP1;ESPL1;CCDC88A;CEP57;CD2AP;CEP250;SPTBN1;DLG1;KIF22;CDC27;HDAC6;INCENP;ANLN;TUBD1;FLNB;CNTRL;MYO9B;CDK5RAP2;SMC3;KIF20B;LATS1;NDC80;ECT2;CKAP5;RACGAP1;NET1;SASS6;YWHAE,age_changes_Proliferating_NK_02062026
Reactive Oxygen Species Pathway,0.01163793103448276,0.46342758572982495,1.7425020919459828,PRDX2;PFKP;PRDX1;PRNP;FTL;SOD1;SOD2;PDLIM1;LSP1;PRDX4;CAT;PTPA;G6PD;MSRA;HHEX;GPX4;OXSR1,age_changes_Proliferating_NK_02062026
TGF-beta Signaling,0.012417011148690968,-0.5293275149957661,-1.6548962710625577,SMURF2;TRIM33;TGFB1;SMAD3;SMAD7;ID1;FURIN;XIAP;SKIL;SPTBN1;ARID4B;FNTA,age_changes_Proliferating_NK_02062026
Pperoxisome,0.01293103448275862,0.4162359843540359,1.77661273439964,TSPO;PRDX1;MVP;PABPC1;ELOVL5;SCP2;ALDH9A1;GNPAT;SOD1;CRAT;PEX2;SOD2;FADS1;RETSAT;ERCC1;CAT;ACOT8;ERCC3;HSD17B11;IDI1;PEX5;ABCC5;CADM1;ACSL1;PEX14;SLC25A4;RDH11;IDH1;IDE;SIAH1,age_changes_Proliferating_NK_02062026
p53 Pathway,0.02216748768472906,0.34997874140610946,1.6391570824088333,S100A4;F2R;TOB1;NDRG1;FAS;CDKN2A;CDKN1A;SAT1;ELP1;CASP1;PVT1;VAMP8;WWP1;RPL36;KIF13B;DDB2;RPS27L;DDIT4;CCNG1;TAP1;ISCU;CGRRF1;TAX1BP3;SEC61A1;POLH;RETSAT;CEBPA;PMM1;GM2A;PERP;MXD1;RPL18;CYFIP2;CTSF;AEN;CCND2;ABCC5;RB1;TM7SF3;DCXR;APAF1;ATF3;MDM2;IFI30;FBXW7,age_changes_Proliferating_NK_02062026
Apoptosis,0.024245689655172414,0.36781574637903414,1.6432264804681356,TSPO;LGALS3;CD2;F2R;ANXA1;FAS;ENO2;CDKN1A;SAT1;TNF;CASP1;CD69;HSPB1;CDC25B;PEA15;CD44;LMNA;PPT1;SOD1;TAP1;PDGFRB;TIMP1;SOD2;BNIP3L;RETSAT;SPTAN1;RNASEL;PPP2R5B;TGFBR3;NEDD9;CCND2;CYLD;ETF1;CTNNB1;MCL1;ROCK1;ISG20;CLU;PRF1;GPX4;ATF3;DPYD;BIRC3;RHOB,age_changes_Proliferating_NK_02062026
TNF-alpha Signaling via NF-kB,0.03144592476489028,0.3322737379822737,1.5303265644992863,CCL5;PER1;CDKN1A;SAT1;TNF;LITAF;CD69;MSC;BCL2A1;AREG;PNRC1;KLF9;CD44;TAP1;SOD2;TNFAIP3;MXD1;NAMPT;ETS2;PANX1;TANK;FOSL2;MCL1;TNIP1;IL7R;PDLIM5;DDX58;ATF3;LDLR;TGIF1;CEBPB;BIRC3;RHOB;IFIT2;RIPK2;SLC2A6;TUBB2A;TRAF1;SQSTM1;ZFP36;DUSP2;SDC4;ZC3H12A,age_changes_Proliferating_NK_02062026
Interferon Alpha Response,0.031907647500939496,-0.43525874218206123,-1.4973469337796352,IRF9;PSMA3;SAMD9L;SELL;RSAD2;SLC25A28;PLSCR1;MX1;GBP4;LY6E;USP18;NMI;IFITM2;EPSTI1;PARP14;SAMD9;TDRD7;IFI44L;IFITM3;PSMB8;TMEM140;IFI35;GBP2;PSME2;IRF2;RTP4;IRF7;CD47;ISG15;PARP9;NUB1;B2M;OAS1;IFI27;TENT5A;IFI44,age_changes_Proliferating_NK_02062026
Xenobiotic Metabolism,0.03265086206896552,0.33561303104446966,1.5330752087477533,PTGDS;CES1;FAS;GABARAPL1;PGD;SLC1A5;ELOVL5;ALDH9A1;MT2A;RETSAT;PMM1;AKR1C3;UGDH;CYFIP2;CYB5A;CAT;SHMT2;AHCY;CNDP2;ETS2;HPRT1;SLC35B1;PDLIM5;DCXR;FAH;HACL1;IDH1;HMOX1,age_changes_Proliferating_NK_02062026
Adipogenesis,0.033135775862068964,0.3316244357420881,1.56290164116776,TOB1;PLIN2;SLC1A5;SCP2;QDPR;SDHC;ACLY;CD151;PFKL;IDH3G;SQOR;SLC25A1;NDUFA5;SOD1;ALDOA;CRAT;CHCHD10;RAB34;RTN3;UBC;RNF11;ARAF;GPHN;BCL2L13;RETSAT;GPAT4;PHYH;GHITM;MGST3;GBE1;CAT;MTCH2;ADIPOR2;TANK;COX6A1;TKT;AK2;MCCC1;TALDO1;SLC5A6;ELMOD3;G3BP2;NDUFB7;PEX14;GPX4;FAH;BCKDHA;IDH1;SLC19A1;NDUFS3;PGM1;UQCRC1;NABP1;CMPK1;REEP5;SLC27A1;RIOK3;DHCR7,age_changes_Proliferating_NK_02062026
Wnt-beta Catenin Signaling,0.03472110377409137,-0.5105993558702654,-1.5012906301058053,TCF7;MYC;AXIN1;LEF1;HDAC2;CSNK1E;NOTCH1;MAML1;TP53;NCSTN;KAT2A,age_changes_Proliferating_NK_02062026
Fatty Acid Metabolism,0.035201149425287355,0.3432650155448248,1.5398894444519273,LGALS1;GABARAPL1;ENO2;DLST;GLUL;ELOVL5;SDHC;ALDH9A1;ERP29;IDH3G;ACADVL;SUCLG2;ALDOA;SERINC1;CRAT;GRHPR;RAP1GDS1;RETSAT;BCKDHB;UGDH;ACOT8;HSD17B11;IDI1;ADIPOR2;ACOT2;D2HGDH;MIF;FASN;ACSL1;SDHA;ACAT2;RDH11;IDH1,age_changes_Proliferating_NK_02062026
Myc Targets V1,0.035961835567247066,-0.39181066877837417,-1.4761844559285866,HNRNPD;NOP56;EIF3J;PSMA4;HDGF;TXNL4A;MYC;EIF4A1;SRSF7;PSMA2;PCNA;NME1;FAM120A;RANBP1;TRIM28;SRSF2;KPNA2;EIF3B;CCT2;TYMS;VBP1;TARDBP;CDC20;GNL3;SYNCRIP;PSMA1;SRM;USP1;PSMD8;DEK;BUB3;LSM2;C1QBP;MAD2L1;HDAC2;EIF2S1;SET;DUT;SMARCC1;SERBP1;SNRPG;PCBP1;NCBP2;CCNA2;CYC1;SRSF3;UBE2E1;PSMA7;HNRNPA2B1;YWHAE;MCM7;TOMM70;RAN;TRA2B;HSPD1;ILF2;PSMD14;PSMC6;RPS10;CCT4,age_changes_Proliferating_NK_02062026
Myc Targets V2,0.036233245646999875,-0.47079855574341134,-1.5111616983015685,NOP56;MYC;PPAN;PLK1;DCTPP1;WDR43;GNL3;SRM;NDUFAF4;UTP20;WDR74;PLK4;TBRG4;HSPD1;BYSL;MPHOSPH10;MRTO4;EXOSC5;RABEPK;SUPV3L1;RRP12;NOP16;PHB;MCM5;IPO4;PUS1,age_changes_Proliferating_NK_02062026
Spermatogenesis,0.03737316798196167,-0.45193084733325445,-1.5222184611364133,BUB1;EZH2;CDK1;ARL4A;KIF2C;AURKA;POMC;CCNB2;IL12RB2;NEK2;MLLT10;STRBP;IP6K1;RPL39L;NCAPH;GMCL1;GFI1;CDKN3;CSNK2A2;SLC12A2;AGFG1;NEFH;MLF1;VDAC3;BRAF;TTK;CHFR,age_changes_Proliferating_NK_02062026
Bile Acid Metabolism,0.042295258620689655,0.36835552448358716,1.4635712347719574,LCK;SCP2;ALDH9A1;GNPAT;SOD1;OPTN;SLC29A1;FADS1;PEX16;RETSAT;SLC22A18;PNPLA8;PHYH;CAT;HSD17B11;IDI1;PEX7;PAOX;ACSL1;HACL1;IDH1;FADS2,age_changes_Proliferating_NK_02062026
Allograft Rejection,0.056200265251989394,0.3117275123282192,1.4087823320599615,CCL5;HLA-DQA1;CD2;F2R;CD8A;FAS;HLA-DRA;CDKN2A;TNF;LCK;IRF4;CD74;ITK;CTSS;CD8B;GZMB;CD3D;TAP1;TIMP1;WAS;FLNA;SRGN;HLA-E;MAP4K1;HCLS1;GCNT1;IL12RB1;ABCE1;RPS19;CFP;CCND2;IFNG;HLA-DMA;TPD52;CD40;PTPN6;PRF1;NPM1,age_changes_Proliferating_NK_02062026
Coagulation,0.0604987684729064,0.3520119370861174,1.3887753339693165,ANXA1;PRSS23;CTSH;CAPN2;CPQ;WDR1;CTSB;TIMP1;ISCU,age_changes_Proliferating_NK_02062026
Complement,0.0625,0.30112656681404487,1.3763989751132217,CCL5;LGALS3;ANXA5;SPOCK2;LCK;CTSH;CASP1;FCN1;LIPA;S100A9;S100A12;HSPA5;CTSS;CPQ;GZMB;CTSB;TIMP1;CD46;TNFAIP3;WAS;L3MBTL4;GCA;PIK3CG;GRB2;CSRP1,age_changes_Proliferating_NK_02062026
Glycolysis,0.06546336206896552,0.2959256966288511,1.361178275424838,PFKP;ENO2;PLOD1;PKM;B3GAT1;NDUFV3;SDHC;HSPA5;PGK1;TKTL1;CXCR4;CD44;ECD;ALDH9A1;DDIT4;VCAN;AGL;SRD5A3;GNPDA1;SOD1;ALDOA;AK3;CITED2,age_changes_Proliferating_NK_02062026
Myogenesis,0.10634074410163341,0.2938666715827268,1.2628273138662995,SYNGR2;CDKN1A;HDAC5;PRNP;COL6A2;AGL;CRAT;LSP1;ITGB1;SPTAN1;MYH9;TPM3;DAPK2;RB1;GAA;ABLIM1;SCD;ACSL1;CLU;FLII;MYO1C,age_changes_Proliferating_NK_02062026
KRAS Signaling Dn,0.1064402480270575,-0.4199310604685046,-1.3581808842166456,CHST2;ZBTB16;LFNG;RSAD2;MX1;YPEL1;SKIL;BARD1;IFI44L;RIBC2;GTF3C5,age_changes_Proliferating_NK_02062026
mTORC1 Signaling,0.10686063218390805,0.26588832772305127,1.2703185041739407,TUBA4A;FGL2;PRDX1;CDKN1A;SLC1A5;ELOVL5;TCEA1;QDPR;HSPA5;ACLY;PGK1;CXCR4;DDIT4;CALR;PFKL;FKBP2;CCNG1;ALDOA;PPA1;HSPA4;FADS1;GPI;RPN1;ADD3;M6PR;NAMPT;YKT6;SSR1;GBE1;NFYC;SHMT2;IDI1;CANX;G6PD;ADIPOR2;STARD4;CFP;SLC1A4;HPRT1;SYTL2;ETF1;SCD;PSAT1;UCHL5;LDLR;IFI30;SEC11A;MTHFD2;RDH11;IDH1;FADS2;ATP5MC1;ACTR2;PGM1,age_changes_Proliferating_NK_02062026
Interferon Gamma Response,0.10858265720081135,0.2672995885510476,1.2776448679058596,CCL5;HLA-DQA1;HLA-DRB1;ZBP1;PFKP;FAS;FGL2;CDKN1A;MVP;IRF4;CASP1;CD69;CD74;BPGM;ITGB7;VAMP8;MYD88;TAP1;NLRC5;MT2A;SOD2;TNFAIP3;NOD1,age_changes_Proliferating_NK_02062026
Cholesterol Homeostasis,0.13011853448275862,0.30464588338186577,1.2280205932943529,LGALS3;ANXA5;PNRC1;LSS;ETHE1;IDI1;STARD4;CTNNB1;SCD;FASN;MVD;ALDOC;CLU;ATF3;LDLR;ACAT2;FADS2,age_changes_Proliferating_NK_02062026
Apical Junction,0.21628694581280788,0.2593729693464385,1.1397905212632846,CNN2;VCL;CTNNA1;RSU1;ADAM15;VCAN;ZYX;EXOC4;CRAT;ITGB1;LIMA1;GTF2F1;CD99;MYH9;SHC1;CERCAM;RRAS;CDK8;DHX16;MVD;MAPK13;BMP1;TAOK2;RASA1;TRAF1;MSN;MPP5;TSC1;SORBS3;IKBKG;PIK3CB;NF2;INSIG1,age_changes_Proliferating_NK_02062026
Androgen Response,0.3591300940438872,0.2509769997271829,1.055955130092684,NDRG1;SAT1;ELOVL5;SEC24D;FADS1;APPBP2;UAP1;ADRM1;MAF;UBE2J1;IDI1;CAMKK2;RAB4A;SCD;TPD52;XRCC6;INPP4B;PDLIM5;XRCC5,age_changes_Proliferating_NK_02062026
Notch Signaling,0.4213086331181033,-0.442334540891087,-1.1808498443210937,LFNG;NOTCH1;KAT2A;DTX2;SAP30;RBX1;DLL1;ARRB1,age_changes_Proliferating_NK_02062026
Unfolded Protein Response,0.568684407796102,0.21868404547105363,0.96466031896878,EEF2;SLC30A5;HERPUD1;HSPA5;DDIT4;CALR;SRPRA;POP4;EXOSC1;RPS14;PDIA6;DCTN1;EXOSC10;SSR1;SHC1;SLC1A4;YWHAZ;CNOT2;PSAT1;EIF4EBP1;NPM1;HYOU1;ATF3;NOP14;CEBPB;SEC11A;MTHFD2,age_changes_Proliferating_NK_02062026
DNA Repair,0.6771342227232869,-0.2957626382988182,-1.0898078024815838,PDE6G;PCNA;NME1;ALYREF;NELFB;SAC3D1;POLR3C;RAD51;TYMS;POLR2H;SDCBP;DGCR8;COX17;RFC2;ZWINT;CETN2;TSG101;DUT;PNP;RPA3;TAF10;GTF3C5;UMPS;NCBP2;SRSF6;RFC3;POLR2G;FEN1;POLD3;ADA;TP53;PDE4B,age_changes_Proliferating_NK_02062026
Inflammatory Response,0.7196166854565952,-0.26914502019562836,-0.9608622637789327,CHST2;MYC;NFKB1;TNFSF10;P2RX4;SELL;LY6E;PSEN1;NMI;RASGRP1;SLC7A1;SLC11A2;GPR183;ATP2B1;ATP2C1;LYN;IL18R1;IL2RB;PDE4B;RHOG;RTP4;CCR7;IRF7,age_changes_Proliferating_NK_02062026
Protein Secretion,0.7385506465517241,0.20727475842089968,0.8837341194157977,AP2B1;SEC24D;TMED2;ERGIC3;PPT1;SOD1;RAB14;ATP1A1;M6PR;GALC;YKT6;MON2;GBF1;COG2;SCAMP3;TPD52;CLTA;RAB5A,age_changes_Proliferating_NK_02062026
Hedgehog Signaling,0.7386849398722285,-0.3905528899843832,-1.012539065236341,TLE1;LDB1;DPYSL2,age_changes_Proliferating_NK_02062026
IL-2/STAT5 Signaling,0.7486204236634428,-0.2634377597390552,-0.9642787517338439,MYC;CAPG;TNFSF10;IKZF2;ITGA6;ARL4A;P2RX4;CD81;XBP1;SELL;PLSCR1;GBP4;RORA;FURIN;LTB;CCND3;IRF8;ITGAE;PTRH2;CASP3;DHRS3;PNP;MAPKAPK2;UMPS;PIM1;IFITM3;EOMES;CTSZ;SOCS2;CCNE1;SOCS1;IGF2R;IL18R1;IL2RB;GPR65;FLT3LG;RABGAP1L;GSTO1,age_changes_Proliferating_NK_02062026
PI3K/AKT/mTOR  Signaling,0.7667230364524614,-0.30378095934272503,-1.0503636468578408,E2F1;RPS6KA3;IL2RG;CDK1;AKT1;SLA;FASLG;TNFRSF1A;HRAS;AKT1S1;CSNK2B;MAPK1;NFKBIB;PLCB1;ACACA;MKNK2;PFN1;THEM4;MAPK9;TRIB3;TSC2;MAPK8;ARPC3;GSK3B;GRK2,age_changes_Proliferating_NK_02062026
UV Response Dn,0.7703456241572164,-0.2841078865466785,-0.987065535417317,DYRK1A;MYC;NFKB1;DAB2;RXRA;SMAD3;SMAD7;ID1;DBP;SLC7A1;DLG1;AKT3;TGFBR2;TOGARAM1;SFMBT1;SIPA1L1;ATP2B1;SYNJ2;ATP2C1;MTA1;TENT4A;MGMT,age_changes_Proliferating_NK_02062026
IL-6/JAK/STAT3 Signaling,0.7703975113783457,-0.30272876819154776,-0.9716843063272779,IRF9;CD38;IL2RG;TGFB1;TNFRSF1A;LTB;PIM1;SOCS1;CD9;IL18R1;JUN;BAK1,age_changes_Proliferating_NK_02062026
Apical Surface,0.7716867092571715,-0.3586336241625545,-1.0173678755728934,CD160;IL2RG;BRCA1;LYN;IL2RB;GAS1;SULF2,age_changes_Proliferating_NK_02062026
KRAS Signaling Up,0.7727190368819455,-0.2940968396062915,-1.032399740226095,FCER1G;TRIB2;SATB1;CBR4;YRDC;IL2RG;GYPC;SDCCAG8;ETS1;IRF8,age_changes_Proliferating_NK_02062026
Estrogen Response Late,0.8300920706501316,-0.22737019083540466,-0.8079892040780132,TOP2A;CLIC3;XBP1;NRIP1;BAG1;METTL3;NXT1;CDC20;RBBP8;LLGL2;JAK1;PPIF;STIL;PDCD4;GINS2;FLNB;PLK4;BTG3;FABP5;CD9;ETFB;TST;RABEP1;OPN3;AMFR;CDC6;FAM102A;KIF20A;TSPAN13;IGFBP4;COX6C,age_changes_Proliferating_NK_02062026
UV Response Up,0.8525479143179255,-0.22760217473357292,-0.8146484255195654,CYB5B;BID;AGO2;POLR2H;FURIN;CCND3;PRKACA;CDC5L;RASGRP1;PPIF;GLS;TFRC;CASP3;NUP58;LYN;RXRB;CCNE1;BTG3;FEN1,age_changes_Proliferating_NK_02062026
Estrogen Response Early,0.8802410479411606,-0.24888377404048032,-0.8786707898385485,MYC;CLIC3;XBP1;NRIP1;BAG1;NXT1;RHOBTB3;RBBP8;MYBL1;SLC37A1;SVIL;RASGRP1;PPIF;DHRS3,age_changes_Proliferating_NK_02062026
Oxidative Phosphorylation,0.8821166854565953,-0.21535876245591729,-0.8184863605082418,FXN;NDUFA7;NDUFB8;NDUFC2;ATP5PO;ECI1;CPT1A;ACADM;TIMM8B;MDH1;COX17;DLAT;TIMM9;TIMM10;BDH2;ACAA2;SLC25A20;ATP5MC3;NDUFS6;HSD17B10;TIMM17A;SLC25A11;CYC1;PDP1;COX15;IDH3A;MPC1;MTX2;PMPCA;TOMM70;ETFB;ETFDH;NNT;SLC25A5;CYCS;PDHB;ATP6V1C1;UQCRQ;HSPA9;VDAC3;ECH1;ECHS1;NDUFS2;NDUFB6;SUPV3L1;MRPL11;ATP1B1;VDAC2;NDUFV2;COX6C;RHOT2;NDUFB1;NDUFA8;NDUFS4;NDUFA2;MRPL35,age_changes_Proliferating_NK_02062026
heme Metabolism,0.8874739503262614,-0.23499207577848522,-0.8562767567631359,HDGF;GYPC;DAAM1;MARK3;RBM38;BTRC;CCND3;SDCBP;CDR2;BACH1;TFRC;FOXO3;CDC27;SLC11A2;XPO7;LPIN2;TFDP2;E2F2;SNCA;CPOX;HAGH;PICALM;TRAK2;NNT;GCLM;GCLC;KHNYN;FOXJ2;ADD1;UBAC1;ALAD;MBOAT2;MOSPD1;BMP2K;KLF3,age_changes_Proliferating_NK_02062026
Pancreas Beta Cells,0.8986712252667354,-0.3562211798307835,-0.8303351626389408,AKT3;SRP9,age_changes_Proliferating_NK_02062026
Epithelial Mesenchymal Transition,0.007874015748031496,0.42450236140285463,2.1111565960960603,LGALS1;TNFAIP3;ENO2;ID2;TIMP1;COPA;FLNA;VIM;IGFBP3;FAS;IL32;PLOD3;ITGB1;TGFBR3;GADD45B;SGCB;EMP3,age_changes_TH10_02062026
TNF-alpha Signaling via NF-kB,0.017716535433070866,0.3378704965637778,1.7214251705566543,CCL5;DUSP1;MAP3K8;TNFAIP3;PTGER4;PER1;KLF6;CD69;ID2;IL7R;MSC;DUSP2;BTG2;DUSP4;FOS;CCL4;CEBPB;ZFP36;BTG3;IFIH1;PLEK;NFKBIA;ZC3H12A;GADD45B;JUNB;FOSB;PNRC1;SQSTM1,age_changes_TH10_02062026
Apical Surface,0.019685039370078743,0.4938328410089902,1.8646414073920201,CRYBG1;MAL;HSPB1;CROCC;APP;IL2RB,age_changes_TH10_02062026
Coagulation,0.020997375328083993,0.36850921811564236,1.7730883964060935,ANXA1;TIMP1;CAPN2;CFH;USP11;CSRP1;ISCU;PLEK;CLU;SERPINA1;DPP4;PECAM1;CRIP2;F8;FYN,age_changes_TH10_02062026
Apoptosis,0.02230971128608924,0.27999693769702416,1.6036942426534175,ANXA1;TSPO;CD69;ENO2;TIMP1;TXNIP;LMNA;BTG2;DPYD;PMAIP1;HSPB1;FAS;LGALS3;IFITM3;BAX;BTG3;APP;TGFBR3;GADD45B;CLU;F2R;DAP;PRF1;SQSTM1;PDCD4,age_changes_TH10_02062026
Hypoxia,0.023622047244094488,0.2803960360404613,1.6236594262899893,S100A4;DUSP1;CXCR4;TNFAIP3;KLF6;DDIT4;ENO2;IDS;RORA;FOS;IGFBP3;NDRG1;ZFP36;PAM;NR3C1;MYH9;VHL;TPD52;KLHL24,age_changes_TH10_02062026
Allograft Rejection,0.048368953880764905,0.25245105329777284,1.4696347053556278,CCL5;HLA-DQA1;CD8A;SOCS1;HLA-DMA;TIMP1;MAP4K1;HLA-DRA;FLNA;CD8B;CRTAM;CCL4;STAT4;IL4R;MAP3K7;IFNG;FAS;CD40LG;GZMB;HIF1A;IL2RB;TPD52;CD96;RPS19;F2R,age_changes_TH10_02062026
Oxidative Phosphorylation,0.06916438556533004,-0.4293482845519154,-1.4708748741443436,NDUFB8;UQCRC2;DECR1;TIMM17A;PRDX3;MRPL34;ACAA2;NDUFC2;NDUFB3;SLC25A5;MTX2;NDUFA7;ETFB;ECH1;ATP5PO;LDHB;TIMM8B;MTRR;PMPCA;NDUFA2;NDUFS2;UQCRH;HSD17B10;NDUFA8;FXN;HADHB;NDUFB6;ATP5MG;CYB5A;ABCB7;ATP6V0B;SUCLG1;TOMM70;NDUFS8;PDHX;MRPS15;NDUFB5;OXA1L;MRPL15;BDH2;IDH3A;UQCRB;OGDH;MRPL35;COX5A;PDHB;SDHC;ATP5MC3;FH;ATP5PB;MDH2;MTRF1;ECI1;IDH1;NDUFB7;TIMM13;ETFA;NDUFA9;SURF1;NDUFS6;ATP5F1C;NDUFB4;AIFM1;SLC25A20;NNT;COX6C;RETSAT;RHOT1;OPA1;SLC25A3;NDUFA1;ALDH6A1;ATP5F1E;PDP1;ATP5PF;IDH2;ATP5MC2;ATP6AP1;ATP5MF;CYC1;COX7A2L;NDUFS4;TOMM22;GLUD1;ATP6V1G1;COX10,age_changes_TH10_02062026
Myc Targets V1,0.07494549734974333,-0.4337088480661219,-1.4849402987425442,PSMA4;SMARCC1;EIF4A1;PSMC6;EIF3J;TARDBP;PRDX3;MRPL23;SET;SERBP1;TXNL4A;TRIM28;SRSF3;EIF4E;NOP56;RAD23B;PSMA2;NAP1L1;CCT3;AP3S1;KPNA2;CCT5;SSBP1;NME1;EIF3B;EIF2S2;UBE2L3;HDGF;HPRT1;PSMB3;RPS10;LSM7;EXOSC7;TOMM70;YWHAE;SNRPB2;NCBP2;HNRNPD;NHP2;CSTF2;NOP16;CCT2;CDK4;PHB;VBP1;CLNS1A;COX5A;ODC1;ACP1;SYNCRIP;CBX3;PSMA7;COPS5;EIF3D;SNRPG;PSMD3;IMPDH2;PWP1,age_changes_TH10_02062026
Interferon Alpha Response,0.08859727939486385,-0.47115059703475315,-1.5528771583512329,SELL;IRF9;ISG15;EPSTI1;IFI44L;MX1;NMI;USP18;IFI35;LGALS3BP;CMTR1;GBP2;IFI44;PNPT1;IFI27;GBP4;OAS1;STAT2;CASP8;MVB12A;TRIM14;SLC25A28;MOV10;PARP12;RTP4;CCRL2;SAMD9L;IRF2;TAP1;CNP;PSMB8;BST2;LAP3;RIPK2;TRIM21;IRF7;OGFR;CD47;IFI30;PARP14,age_changes_TH10_02062026
PI3K/AKT/mTOR  Signaling,0.08943310278538144,-0.45843291911778117,-1.5037960612393073,MKNK2;PTEN;RPTOR;IL2RG;RPS6KA1;EIF4E;GRK2;GSK3B;CAB39;PRKCB;PPP2R1B;UBE2N;ACTR3;CSNK2B;MAP2K6;PRKAG1;PTPN11;PDK1;LCK;MAPK9;TIAM1;ITPR2;SMAD2;STAT2;ARPC3;CDK4;AKT1;PIKFYVE;TRAF2;TNFRSF1A;TSC2;NFKBIB;ATF1;PIN1,age_changes_TH10_02062026
IL-2/STAT5 Signaling,0.1299212598425197,0.2306558703411916,1.2772381630143788,MAP3K8;HOPX;AHNAK;SERPINB6;SOCS1;KLF6;PTGER2;CST7;GLIPR2;DHRS3;RORA;CISH;ARL4A;NDRG1;IL4R;IFITM3;AHR;PLEC;PRNP;IL2RB,age_changes_TH10_02062026
heme Metabolism,0.19237868371746386,-0.401074548835936,-1.3523220641098763,BLVRA;MARK3;FOXO3;DCAF11;CAT;SLC25A38;SDCBP;ACP5;TFRC;GYPC;KDM7A;EZH1;HDGF;DAAM1;CPOX;KAT2B;UBAC1;RBM38;GLRX5;BACH1;YPEL5;AQP3;CIR1;NUDT4;CDC27;HEBP1;UROD;RCL1;UCP2;CDR2;XPO7;MPP1;BNIP3L;NNT;GMPS;MFHAS1;ALDH6A1;KLF3;CTSB;ATG4A;BSG;SLC25A37;TFDP2;PPOX;TOP1;FBXO7;RBM5;TCEA1;MINPP1;FBXO34;SLC11A2;SLC10A3;SEC14L1;ASNS;BMP2K;FOXJ2;SLC2A1;PICALM;EPOR;LAMP2;TSPAN5,age_changes_TH10_02062026
Bile Acid Metabolism,0.20711703617025723,-0.4308077763060972,-1.363284456086784,IDI1;CAT;SULT1B1;PEX19;PEX6;LCK;PECR;PRDX5;MLYCD;HSD17B4;LIPE;IDH1;PEX26;EPHX2;RETSAT;ISOC1;PNPLA8;RXRA;IDH2;ABCD2;SLC23A2;PFKM;SLC35B2;SLC27A2,age_changes_TH10_02062026
Protein Secretion,0.23709536307961504,0.2173531108087905,1.1302624941409098,CD63;USO1;PAM;TMED2;COG2;ATP1A1;AP2B1;TMED10;LMAN1;TPD52;ANP32E;STX7;AP3B1;YIPF6;STAM;MON2,age_changes_TH10_02062026
Adipogenesis,0.4062101677915456,-0.36778445373389695,-1.2437649965966506,NABP1;DECR1;PRDX3;RNF11;ACAA2;DNAJC15;SQOR;ETFB;ECH1;ATP5PO;PPM1B;CAT;CCNG2;DGAT1;HIBCH;VEGFB;RTN3;DRAM2;MTCH2;SUCLG1;ARAF;MRPL15;IDH3A;CRAT;GADD45A;SDHC;UCP2;ACADS;NMT1;LIPE;MDH2;IDH1;NDUFB7;HADH;GHITM;ATP1B3;PREB;CDKN2C;EPHX2;AIFM1;COQ5;RMDN3;RETSAT;FAH;ELMOD3;TALDO1;AK2;COQ3;CPT2;CYC1;YWHAG;ESYT1;PPP1R15B;PEX14;SLC1A5;MCCC1;REEP6;ECHS1;SLC19A1;IDH3G;PFKFB3;ABCB8;RREB1;GBE1;UQCRC1;ACADM;JAGN1;UQCR10;SLC27A1;CMPK1;DHRS7B;CD302;COX8A;COX7B;MAP4K3,age_changes_TH10_02062026
DNA Repair,0.4429863969743193,-0.3683911970435043,-1.2469338706939967,POM121;ADA;TAF10;ALYREF;NELFB;PNP;SRSF6;RPA2;SDCBP;NME1;NELFCD;POLR2H;HPRT1;ERCC3;ERCC1;RALA;POLB;ARL6IP1;FEN1;NCBP2;TP53;RFC2;RBX1;NT5C3A;CANT1;POLR3GL;POLR2K;RPA3;MRPL40;TAF9;SURF1;IMPDH2;CLP1;NT5C;DGUOK;ZNF707;GTF2B;POLR2G;ERCC8;TAF13;GTF2H1;POLR2J;BRF2;CETN2;TAF12;UMPS;POLR2D;GTF2H3;RFC3;VPS28;CSTF3;NUDT9;SUPT4H1;MPC2;GTF2H5,age_changes_TH10_02062026
Unfolded Protein Response,0.4557625545150881,-0.37920345962782004,-1.2576020712130014,EIF4A1;NABP1;NFYB;EIF4E;NOP56;DCTN1;ARFGAP1;SEC11A;ZBTB17;DNAJA4;IMP3;LSM1;YIF1A;SDAD1;EXOSC5;BAG3;TTC37;POP4;CNOT6;TATDN2;EDEM1;KHSRP;NHP2;DCP2;MTHFD2;CEBPG;ATF6;NFYA;SLC1A4,age_changes_TH10_02062026
Fatty Acid Metabolism,0.6871987948946388,-0.34644169179939877,-1.1603292256579896,BLVRA;DECR1;ACAA2;IDI1;ECH1;RDH11;ALDH3A2;HSD17B10;HIBCH;HADHB;PPARA;CPOX;HSDL2;SUCLG1;MLYCD;ACOT8;CRAT;HSD17B4;PDHB;ODC1;UROD;FASN;SDHC;NTHL1;ACADS;FH;MDH2;ECI1;IDH1;OSTC;ACSS1;ADSL;HADH,age_changes_TH10_02062026
Pperoxisome,0.6917274379923523,-0.35938137394384906,-1.1713328595193526,SMARCC1;IDI1;FIS1;ECH1;RDH11;CAT;PEX6;ERCC3;ERCC1;PRDX5;MLYCD;ACOT8;ITGB1BP1;CRAT;HSD17B4;IDH1;EPHX2;SLC25A17;RETSAT;ISOC1;CLN8;IDH2;ABCD2;SLC23A2;SLC35B2;ESR2;SLC27A2;PEX14;NUDT19;TOP2A;CTBP1,age_changes_TH10_02062026
mTORC1 Signaling,0.8337935337120409,-0.32152294550781685,-1.101087159549338,PSMA4;PSMC6;CACYBP;IDI1;RAB1A;GLRX;PNP;GSK3B;RDH11;ACTR3;LDLR;TFRC;SEC11A;EIF2S2;EEF1E1;PSPH;HPRT1;PDK1;LTA4H;EDEM1;CORO1A;NFYC;MTHFD2;TES;GOT1;TXNRD1;SLC1A4;NMT1;COPS5;IDH1;SORD;LGMN;NFKBIB;SLC6A6;CTSC;ENO1;MTHFD2L;GMPS;GTF2H1;DDX39A;HSPD1;YKT6;ERO1A;IFI30;INSIG1;TCEA1;ACACA;NAMPT;SHMT2;TPI1;SLC1A5;GLA;ASNS;P4HA1;PSMA3;SLC2A1;SC5D;G6PD;PITPNB;TRIB3;CYP51A1;STIP1;SKAP2;ADD3;GBE1;FDXR;UBE2D3,age_changes_TH10_02062026
TGF-beta Signaling,0.8653558169825384,-0.3666069176419541,-1.1181108909395316,ID3;CDK9;TGFBR1;TRIM33;FNTA;SKIL;SMAD7;ARID4B;ENG;SPTBN1;FKBP1A;ACVR1;CTNNB1;SMURF2;TGFB1;BMPR2;UBE2D3;FURIN;RAB31;SLC20A1;IFNGR2;PPP1CA,age_changes_TH10_02062026
Mitotic Spindle,0.8685490909616951,-0.32629839836614427,-1.1059277630641993,BIN1;CYTH2;DLG1;MID1IP1;ARL8A;SASS6;BCL2L11;AKAP13;CEP250;NUMA1;YWHAE;KIF1B;BCR;TIAM1;CDC27;TLK1;SMC4;RANBP9;LATS1;RASA2;PCNT;NDC80;RICTOR;RHOF;RAB3GAP1;TUBGCP3;KIF22;CSNK1D;STK38L;SPTBN1;MARK4;MAPRE1;CKAP5;CEP192;MYO9B;LMNB1;RALBP1;RAPGEF6;NET1;TAOK2;CAPZB;CDC42;FBXO5;KNTC1;TBCD;ARHGEF11;ARHGEF2;PPP4R2;CD2AP;TSC1;FLNB;TOP2A;UXT;CENPE;RASA1;ALMS1;CEP57;PREX1;TPX2;KLC1,age_changes_TH10_02062026
UV Response Up,0.895166851244332,-0.32169426881183905,-1.067052189399564,MGAT1;MRPL23;MARK2;IL6ST;PLCL1;BCL2L11;GLS;TFRC;AGO2;CASP3;DGAT1;POLR2H;AP2S1;CLTB;FEN1;AQP3;CEBPG;STARD3;GCH1;UROD;CDC34;PRPF3;BAK1;PSMC3;RASGRP1;STK25;BSG;TAP1;CNP;DNAJA1;YKT6;RXRB;HSPA13;PPIF;RFC4;CREG1;POLE3;ASNS,age_changes_TH10_02062026
G2-M Checkpoint,0.8980086507720918,-0.31596830135523246,-1.0776843540087813,SMARCC1;CUL3;RAD23B;PRIM2;KPNA2;RPA2;EZH2;NUP50;CTCF;SFPQ;LBR;HMGA1;NUMA1;FOXN3;BARD1;HNRNPD;TACC3;E2F3;CDC27;SMC4;CDK4;ODC1;TENT4A;SYNCRIP;NDC80;MT2A;RBM14;KIF22;YTHDC1;CDKN2C;LMNB1;WRN;STMN1;DDX39A;HIRA;FBXO5;RPS6KA5;CASP8AP2;TOP1;ARID4A;CHMP1A;UBE2S;BCL3;TGFB1;HMGN2;TOP2A;SRSF1;CENPE;ATRX;GSPT1;CDC7;PDS5B;TPX2;MTF2;MCM5;DTYMK;ATF5;SLC12A2;CBX1,age_changes_TH10_02062026
Pancreas Beta Cells,0.9836569737942579,-0.2796218407590239,-0.6713394321291402,SEC11A;SRP9;ELP4;SRP14;FOXO1;VDR,age_changes_TH10_02062026
Myogenesis,0.9861044361326452,-0.17816864539091828,-0.584029709623031,BIN1;MYL6B;ABLIM1;SIRT2;GABARAPL2;PDE4DIP;LPIN1;CRAT;OCEL1;MYOM2,age_changes_TH10_02062026
IL-6/JAK/STAT3 Signaling,0.9922019667720401,-0.31891486251084644,-0.9915047816233739,IRF9;CD38;IL2RG;IL6ST;IL18R1;PTPN11;LTB;TYK2;IL10RB;STAT2;IL12RB1;IL17RA;TNFRSF1A;BAK1,age_changes_TH10_02062026
KRAS Signaling Dn,1.0,-0.2867968741445307,-0.9015992675799684,IFI44L;LFNG;MX1;SLC25A23;SKIL;VPS50;BARD1;KMT2D;PDCD1;PTPRJ;SNN;GAMT;SLC29A3;SPHK2;PLAG1;STAG3;MFSD6;COQ8A;GTF3C5;RYR1;MAST3;SGK1;CHST2;RSAD2,age_changes_TH10_02062026
Apical Junction,1.0,-0.2639836031409665,-0.8662553444026451,LIMA1;GNAI2;PTEN;ACTG1;DLG1;PBX2;DHX16;CRAT;VASP;RHOF;EVL;TRAF1;HADH;FYB1;RSU1;TAOK2;GAMT;MAPK13;CDK8;INSIG1;TSC1;RASA1;RAC2;HRAS;ARPC2;ZYX;SKAP2;MAP4K2;ITGA2;PIK3R3;MPZL1;GTF2F1;MYL12B;NF1;EXOC4;STX4;ACTN1;TUBG1;YWHAH;MSN;ARHGEF6;MAPK14;CAP1,age_changes_TH10_02062026
KRAS Signaling Up,1.0,-0.2579178589289468,-0.8561403288775393,RABGAP1L;TRIB2;IL2RG;MAP3K1;GLRX;ADAM17;GYPC;LY96;AVL9;ZNF277;AMMECR1;SDCCAG8;KCNN4;KIF5C;CCND2;PTBP2;BIRC3;RBM4;ENG;YRDC;FBXO4;PRELID3B;TRAF1;ANKH;HKDC1;ST6GAL1;IKZF1;LAPTM5;PSMB8,age_changes_TH10_02062026
E2F Targets,1.0,-0.3036879992289916,-1.03284533332405,WEE1;NOP56;PRIM2;LUC7L3;NAP1L1;KPNA2;RPA2;TFRC;NME1;EZH2;CTCF;PMS2;LBR;HMGA1;BARD1;HNRNPD;TP53;DNMT1;TACC3;MTHFD2;RFC2;SMC4;CDK4;TUBB;IPO7;SYNCRIP;PAN2;KIF22;RPA3;TIPIN;POP7;PAICS;CDKN2C;NUP153;UBE2T;DCK;PPP1R8;LMNB1;AK2;STMN1;DDX39A;EIF2S1;RFC3;RAD50;UBE2S;POLD2;SHMT1;TOP2A;XRCC6;SRSF1;CENPE;RAD51C;GSPT1;NAA38;RNASEH2A;PDS5B,age_changes_TH10_02062026
Wnt-beta Catenin Signaling,1.0,-0.2463884522487716,-0.6984292415453589,ADAM17;TP53;CCND2;AXIN1,age_changes_TH10_02062026
p53 Pathway,1.0,-0.2301289775535563,-0.7791275970164286,MKNK2;MXD4;POM121;ADA;CTSD;TPRKB;FOXO3;CD81;HEXIM1;LDHB;DGKA;VAMP8;RALGDS;MXD1;HDAC3;IP6K2;PRMT2;TP53;ABAT;WWP1;TRIAP1;GADD45A;CCND2;IRAK1;CTSF;PTPRE,age_changes_TH10_02062026
Spermatogenesis,1.0,-0.27996225537626346,-0.8806557943819303,ZC3H14;EZH2;POMC;CHFR;LPIN1;CSNK2A2;IP6K1;STRBP;PIAS2;SIRT1,age_changes_TH10_02062026
Xenobiotic Metabolism,1.0,-0.27148148639151354,-0.9068518213842653,COMT;ECH1;CAT;MCCC2;HPRT1;CYB5A;SLC35B1;SAR1B;ARPP19;CNDP2;GCH1;ADH5;ACP1;LONP1;ACOX3;MT2A;NMT1;ACP2;IDH1;GART;CSAD;TNFRSF1A;SLC6A6;RETSAT;FAH;ETS2;ABCD2;ASL,age_changes_TH10_02062026
UV Response Dn,1.0,-0.2937438362404611,-0.9661084942367403,PTEN;CELF2;DLG1;GRK5;LDLR;CDK13;ZMIZ1;NFKB1;PIK3CD;SIPA1L1;SMAD7;RASA2;TENT4A;MIOS;ABCC1;YTHDC1;SYNJ2;PRKCA;ATP2B1;DYRK1A;RXRA;DBP;PRDM2;MRPS31;RUNX1;MAP2K5;INSIG1;PEX14;ATP2B4;MT1E;ATRX;GCNT1;ARHGEF9,age_changes_TH10_02062026
Myc Targets V2,1.0,-0.29237354994065573,-0.9208871345765426,NOP56;EXOSC5;NDUFAF4;PPAN;PPRC1;PES1;NOP16;CDK4;PHB;NOP2;RCL1;CBX3;SORD;GRWD1;TFB2M,age_changes_TH10_02062026
Complement,1.0,-0.20353439319603867,-0.6875657189425962,CD59;GNAI2;CTSD;CASP10;PSEN1;CASP3;SPOCK2;USP16;LCK;DOCK9;LTA4H;MSRB1;EHD1;SH2B3;RHOG;RABIF;CD46;CBLB;AKAP10;ATOX1;LGMN;ERAP2;RASGRP1;IRF2;CTSC;CTSB;VCPIP1;PDP1;LAP3;HSPA1A;IRF7,age_changes_TH10_02062026
Notch Signaling,1.0,-0.28925560725360877,-0.7660079200468629,LFNG;RBX1;PRKCA,age_changes_TH10_02062026
Interferon Gamma Response,1.0,-0.2909108030266199,-0.9924313747127859,IRF9;AUTS2;NCOA3;ISG15;EPSTI1;CD38;SAMHD1;IFI44L;MX1;PNP;NMI;USP18;PSMA2;IFI35;LGALS3BP;OAS3;CASP3;VAMP8;CMTR1;IFI44;ST3GAL5;NFKB1;PNPT1;IFI27;GBP4;MTHFD2;XAF1;GPR18;GCH1;DDX58;STAT2;CASP8;PTPN6;TRIM14;SLC25A28;MT2A;PARP12;RTP4;SAMD9L;IRF2;RNF213;ISOC1;OAS2;RAPGEF6;TAP1;IL15RA;IFNAR2;EIF4E3;PSMB8;BST2;LAP3;RIPK2;TRIM21;IRF7;SOCS3;OGFR,age_changes_TH10_02062026
Inflammatory Response,1.0,-0.24513414081324922,-0.8130166111461451,CCR7;SELL;CXCR6;ITGA5;NMI;RELA;PSEN1;LDLR;IL18R1;SEMA4D;LCK;MXD1;NFKB1;KIF1B;GCH1;RHOG;SLC31A1;SLAMF1;PTPRE;RTP4;CCRL2;RASGRP1;GPR183;ATP2B1;IL15RA;BST2;LTA;RIPK2;IRF7;P2RX7,age_changes_TH10_02062026
Cholesterol Homeostasis,1.0,-0.2825566751475121,-0.8920607605989355,ACTG1;IDI1;TP53INP1;ECH1;GSTM2;LDLR;PMVK;FDFT1;FASN;STX5,age_changes_TH10_02062026
Reactive Oxygen Species Pathway,1.0,-0.3374341637830666,-1.0179184510844415,HMOX2;GLRX;CAT;NDUFS2;OXSR1;TXNRD1;GLRX2;ABCC1;ATOX1;NDUFB4;IPCEF1;STK25,age_changes_TH10_02062026
Estrogen Response Late,1.0,-0.23112238907592983,-0.7634271199604453,ABHD2;FAM102A;ETFB;IL6ST;SIAH2;ALDH3A2;HPRT1;FDFT1;TIAM1;PTPN6;SLC1A4;BCL2;CHPT1;SORD;SNX10;BATF;METTL3;COX6C;SLC2A8;IDH2;MAPK13;SLC27A2;PPIF;ATP2B4;FLNB;MOCS2;AMFR;TOP2A;GLA;RNASEH2A;SLC26A2,age_changes_TH10_02062026
Glycolysis,1.0,-0.22794255299390748,-0.7692630367923057,ME2;FUT8;GLRX;ZNF292;CYB5A;POLR3K;CHST12;GALK1;LHPP;ARPP19;B4GALT4;GOT1;SLC35A3;SDHC;MDH2;GYS1;IDH1;ALG1;ENO1;PHKA2;TALDO1;STMN1;AKR1A1;SRD5A3;GFPT1;ERO1A;GLCE;HS2ST1;GMPPB;TPI1;MDH1;P4HA1;G6PD;B3GALT6;PAXIP1;TSTA3;PPP2CB;PDK3;BIK;IRS2;RPE;BPNT1;HDLBP;MED24;ANKZF1;FAM162A;ISG20;CHPF2;TKTL1;CASP6;PSMC4;LDHA;CHST2;HOMER1;GUSB,age_changes_TH10_02062026
Androgen Response,1.0,-0.26791293012935224,-0.863213062905195,ABHD2;IDI1;PTK2B;ZMIZ1;MAF;SLC38A2;UBE2I;AKT1;SORD;ANKH;SAT1;SRF;UAP1;CENPN;STK39;RPS6KA3;INSIG1;XRCC6;ELK4;GPD1L;SLC26A2;IQGAP2;DBI;APPBP2;PGM3;SRP19;NCOA4;TNFAIP8;RRP12;SGK1;ACTN1;ADRM1;ELOVL5;UBE2J1;CAMKK2;ACSL3,age_changes_TH10_02062026
Estrogen Response Early,1.0,-0.30035079400874914,-0.9965955603179478,ABHD2;BCL11B;FAM102A;IL6ST;ABLIM1;SIAH2;LRIG1;TGIF2;FCMR;TIPARP;FDFT1;AQP3;ABAT;TIAM1;FASN;CANT1;SLC1A4;BCL2;CHPT1;RASGRP1;AKAP1;RETREG1;SLC27A2;PPIF;KRT18;FLNB;KDM4B;AMFR;GLA;INPP5F;SLC26A2;SLC2A1;SLC37A1;ADD3;UNC119;MED13L;RARA;JAK2;MED24;FHL2;TMEM164;RAB31;RRP12;SEC14L2,age_changes_TH10_02062026
Hedgehog Signaling,1.0,-0.2710217952119273,-0.6815022804436128,LDB1;ETS2;RASA1;NF1,age_changes_TH10_02062026
Apoptosis,0.0,0.44437373788495155,1.9757251263048077,LGALS3;TSPO;HMGB2;TXNIP;BIRC3;CLU;LMNA;CD2;BAX;ENO2;APP;CASP1;FAS;RHOT2;ATF3;SQSTM1;F2R;GPX4;SOD1;TIMP1;PSEN1;CDKN1B;SOD2;BCL2L1;SAT1;CD69;PEA15;FDXR;ANXA1;RELA;BTG2;MCL1;NEDD9;CASP8;CD44;TGFBR3;IFITM3;BTG3;KRT18;CTNNB1;CREBBP;CDKN1A;PLCB2;PDCD4;CDK2,age_changes_TH17_02062026
TNF-alpha Signaling via NF-kB,0.0009160090191657271,0.42146817854180063,1.9084360136709757,CCL5;RIPK2;BIRC3;PHLDA1;BHLHE40;BTG1;IL15RA;TANK;TRAF1;TIPARP;ZC3H12A;PNRC1;ATF3;SQSTM1;PLAUR;CSF1;TNIP1;PER1;KLF6;PLEK;SOD2;PTPRE;BCL3;MSC;SLC16A6;SAT1;AREG;DUSP4;KLF9;CD69;NFKB2;ZFP36;RELA;NINJ1;BTG2;MCL1;CD83;CD44;PHLDA2;TUBB2A;PDE4B;TNFAIP3;SGK1;CCL20;BTG3;PFKFB3;SERPINB8;ICAM1;BCL6;CCL4;IL7R;TGIF1;CDKN1A;DUSP1;NFKBIA,age_changes_TH17_02062026
Hypoxia,0.0036640360766629085,0.40107001033978307,1.77614388557583,IGFBP3;DDIT4;NR3C1;TPD52;ENO2;BCL2;ANXA2;BHLHE40;IDS;BTG1;WSB1;S100A4;MYH9;PFKP;TIPARP;PNRC1;ATF3;UGP2;RORA;CXCR4;PLAUR;P4HA1;FAM162A;TPBG;ALDOA;PAM;KLF6;CITED2;CDKN1B;GAPDH;PFKL;PIM1;RRAGD;SLC25A1;XPNPEP1;GPI;ZFP36,age_changes_TH17_02062026
Epithelial Mesenchymal Transition,0.004122040586245772,0.4304179498379827,1.819202181344114,LGALS1;IGFBP3;GLIPR1;VIM;VCAN;ENO2;IL15;FLNA;DST;FAS;PLAUR;TIMP1;WIPF1;COPA;ITGB1;PFN2;SAT1;ACTA2;AREG;PLOD3;MAGEE1;CD44;CAPG;IL32;TNFAIP3;TGFBR3,age_changes_TH17_02062026
Coagulation,0.004274708756106726,0.46460587336019443,1.8557564329331508,CFH;CPQ;CLU;CTSH;CAPN2;ISCU;DUSP6;DPP4;CRIP2;TIMP1;CSRP1;PLEK;CTSB;SERPINA1;F12;ANXA1,age_changes_TH17_02062026
IL-2/STAT5 Signaling,0.00439684329199549,0.3935122981767451,1.786525549795032,DHRS3;SERPINB6;CST7;AHNAK;PHLDA1;BCL2;FGL2;BHLHE40;NFKBIZ;PLPP1;IL10RA;TRAF1;PRNP;SYT11;PLEC;GPX4;RORA;TNFRSF1B;CDC42SE2;CSF1;P4HA1;CD48;SNX9;ABCB1;SLC39A8;BATF;KLF6;GALM;XBP1;LRIG1;PTGER2;HUWE1;BCL2L1;ITGA6;PIM1;RRAGD;ANXA4;AHR;TTC39B;EOMES;FLT3LG;CD83;LRRC8C;SYNGR2;CD44;IL2RA;CAPG;MYO1C;PRKCH;TNFRSF18;IFITM3;RGS16;EEF1AKMT1;IL4R;ALCAM;MUC1;IL2RB;CCND3;ADAM19,age_changes_TH17_02062026
Inflammatory Response,0.004710903527138026,0.39235706050529956,1.7400813502166896,CCL5;CD70;RIPK2;ACVR2A;IL15;IL10RA;IL15RA;TAPBP;KCNA3;HIF1A;TNFRSF1B;BST2;PLAUR;CSF1;CD48;TPBG;TIMP1;NLRP3;KLF6;PSEN1;BEST1;PTGER2;CD82;PTPRE;LCP2;CD69;ADGRE1;AHR;RELA;SRI;BTG2;IFITM1;PDE4B;CCL20;RGS16;IL4R;GPR132;GABBR1;ICAM1;IL2RB;IL7R;CDKN1A;CYBB;NFKBIA,age_changes_TH17_02062026
Complement,0.006870067643742953,0.3761508849419431,1.6797703901437862,CCL5;LGALS3;CFH;CPQ;CLU;CTSH;GZMK;S100A9;GATA3;SPOCK2;GZMB;CASP1;DUSP6;PRCP;DPP4;PLAUR;CTSS;GCA;TIMP1;CSRP1;PSEN1;PRKCD;PLEK;FCN1;S100A12;LCP2;ZEB1;FDX1;CTSB;PIM1;SERPINA1;LIPA;CBLB;XPNPEP1;CALM3,age_changes_TH17_02062026
Angiogenesis,0.007735187272955029,0.6078732488652231,1.6667109982892347,VCAN;APP;S100A4;LRPAP1;TIMP1,age_changes_TH17_02062026
p53 Pathway,0.007877677564825254,0.35878510655932727,1.6363703081161347,RPS27L;CCNG1;TXNIP;DDB2;DDIT4;BAX;PERP;STOM;ISCU;APP;CASP1;BTG1;S100A4;CGRRF1;FAS;TOB1;ATF3;F2R;CDKN2A;AEN;PIDD1;PHLDA3;FAM162A;SLC3A2;RB1;S100A10;POLH;CD82;PTPRE;CCP110;XPC;TSPYL2;SAT1;HINT1;FDXR;PVT1;NINJ1;ZFP36L1;BTG2;PLK3;SESN1;ZNF365,age_changes_TH17_02062026
Myc Targets V2,0.00871313672922252,-0.4969591236919975,-1.7202723394918102,PPAN;PHB;BYSL;IPO4;NOP56;DCTPP1;TBRG4;SORD;SLC19A1;TMEM97;AIMP2;SRM;GRWD1;MRTO4;CDK4;GNL3;EXOSC5;UTP20;RABEPK;IMP4;NOP16;TFB2M,age_changes_TH17_02062026
Myc Targets V1,0.010723860589812333,-0.43072493342195983,-1.7720819288384995,PSMA4;NME1;PHB;CCT5;EIF3J;SERBP1;PSMB3;EIF3B;TXNL4A;SRSF3;PSMC6;CYC1;NOP56;PSMA2;SSB;TRIM28;HNRNPD;COPS5;RFC4;PSMA7;PSMB2;IMPDH2;NHP2;LSM7;RAD23B;SET;VDAC3;PSMC4;APEX1;POLD2;EIF2S2;SYNCRIP;SNRPG;HDGF;CCT3;SMARCC1;VBP1;PSMD3;EIF4A1;PSMD8;ABCE1;LSM2;POLE3;AIMP2;VDAC1;SRSF2;SRM;UBE2E1;SSBP1;CCT2;LDHA;TARDBP;CDK4;DDX21;GNL3;ILF2;RUVBL2;KPNA2;SNRPB2;PCBP1;EXOSC7;PRDX3;G3BP1;FAM120A;ERH;C1QBP;PSMD1;RPS10;NDUFAB1;GSPT1;RRM1,age_changes_TH17_02062026
Myogenesis,0.020318745516039766,0.3565871618278413,1.5447866280693023,IGFBP3;SORBS3;CLU;FHL1;APP;BHLHE40;TPM3;FXYD1;AGL;SH2B1;PRNP;MYH9;PTP4A3;LPIN1;RB1;ITGB1;LSP1;SYNGR2;GNAO1;AKT2;MYO1C,age_changes_TH17_02062026
Allograft Rejection,0.055383314543404734,0.3072332951603205,1.399741747662613,CCL5;RIPK2;STAT4;CD96;CD2;TPD52;GZMB;ACVR2A;IL15;FLNA;TAPBP;FAS;SRGN;F2R;CD3E;CDKN2A;HIF1A;CD74;CSF1;SPI1;CCR2;CTSS;HLA-DQA1;TIMP1;NLRP3;STAT1;ITK;BCL3;LCP2;MAP4K1;NCF4;CXCR3;ST8SIA4;CD4,age_changes_TH17_02062026
KRAS Signaling Up,0.0574032318677189,0.3156115293122729,1.4055870429857056,PRDM1;IGFBP3;CFH;PCSK1N;BIRC3;NAP1L2;IL10RA;TRAF1;DUSP6;AVL9;CXCR4;TNFRSF1B;PLAUR;ABCB1;CTSS;WNT7A;ADAM8;LCP1;MAP4K1;PPBP;CDADC1;FBXO4;ENG;AKT2;CCSER2;PRELID3B;TNFAIP3;CCL20;RGS16;ACE,age_changes_TH17_02062026
Oxidative Phosphorylation,0.0627792672028597,-0.3663487612989687,-1.5314022744722844,TIMM13;SLC25A5;FXN;ATP5F1C;TIMM8B;SLC25A20;MRPS11;NDUFC2;MTX2;SDHD;ATP6V1D;ATP5MC3;CYC1;ECH1;BDH2;SLC25A11;NDUFB8;ECI1;MRPS12;ATP5PO;HSD17B10;NDUFA2;ACAA2;UQCRC2;POLR2F;ETFA;NDUFB3;VDAC3;TIMM17A;NQO2;NDUFB2;NDUFB6;ECHS1;NDUFA9;FH;NDUFA7;MRPL15;PDHB;ETFB;MDH1;VDAC1;SUCLG1;ATP5PF;MRPS15;LDHA;ATP5ME;ATP6V1E1;DECR1;CYCS;TIMM10;ATP5MF;HADHB;ATP5F1B;MTRF1;TIMM50;NDUFS4;PRDX3;LDHB;ATP5MC1;NDUFAB1;ATP5PB;ACAT1;TIMM9;VDAC2;DLD;COX5A;UQCRH;ATP6V0B;SLC25A6,age_changes_TH17_02062026
Protein Secretion,0.0644870349492672,0.3262138643125198,1.3575931149280147,CD63;TPD52;STAM;DST;ZW10;ANP32E;TMED2;RAB9A;MON2;AP2B1;TMED10;PAM;SOD1;AP3B1;ATP1A1;ARFIP1;SGMS1;RAB14,age_changes_TH17_02062026
Estrogen Response Early,0.06713037526171686,0.3066039373946941,1.3623668445025023,DHRS3;DYNLT3;SLC7A5;SH3BP5;BCL2;BHLHE40;MYBL1;AFF1;ELF1;CHPT1;ASB13;TIPARP;TOB1;TPBG;FASN;FKBP5;SLC22A5;XBP1;LRIG1;ABHD2;UGCG;ELOVL5;AREG;TJP3,age_changes_TH17_02062026
KRAS Signaling Dn,0.08093163538873996,-0.4056690176251523,-1.4839989009912886,ZBTB16;LFNG;LYPD3;CHST2;TCL1A;SKIL;PDE6B;SNN;RSAD2;MX1;IFI44L;GAMT;PDCD1;COQ8A;STAG3;SPHK2;CELSR2;BARD1;YPEL1;RYR1;EDAR;GPR19;SLC29A3;ASB7;IDUA;CD40LG;CCDC106;C5,age_changes_TH17_02062026
Interferon Gamma Response,0.10076099210822999,0.2807218600493795,1.2899377286208806,CCL5;CFH;RIPK2;STAT4;TXNIP;HLA-DRB1;ZBP1;FGL2;CASP1;BTG1;IL15;IL10RA;IL15RA;STAT3;TAPBP;FAS;PFKP;HIF1A;BST2;CD74;PTPN1;IL18BP;CMTR1;HLA-DQA1;STAT1;SOD2;HELZ2;LCP2;PIM1;MVP;CD69;ST8SIA4;ADAR;SRI;SLAMF7;PSME1;CASP8;TRAFD1;PDE4B;TNFAIP3;IFITM3;ZNFX1,age_changes_TH17_02062026
Apical Junction,0.11154954277840412,0.28984866598146664,1.2626445124146828,SORBS3;VCAN;ADAM23;ZYX;TRAF1;MYH9;CTNNA1;EXOC4;CD99;NECTIN3;ITGB1;EPB41L2;SKAP2;THBS3;CNN2;SYMPK;MPP5;ACTN4;MAPK13;NF1;AKT2;SHC1;PLCG1;ARHGEF6;FYB1;AMIGO2;INPPL1;PIK3CB;YWHAH;ICAM1;ADAM15;TAOK2,age_changes_TH17_02062026
Estrogen Response Late,0.11584819948272432,0.2829818603347711,1.264723976705535,DYNLT3;LSR;SLC7A5;PERP;S100A9;BCL2;AFF1;CHPT1;TOB1;HPRT1;TPBG;BATF;DNAJC1;FKBP5;SLC22A5;XBP1;ABHD2;ELOVL5;AREG;TJP3;SERPINA1;ZFP36;MAPK13;CD44;COX6C;SGK1;BTG3,age_changes_TH17_02062026
TGF-beta Signaling,0.11595174262734584,-0.4235282414189837,-1.4005685457128565,ID3;NOG;SKIL;CDK9;SMURF2;FNTA;ID2;ACVR1;FKBP1A;HDAC1;TRIM33;SMURF1;PMEPA1;TGFB1;SPTBN1;PPP1CA;FURIN;HIPK2;CDKN1C;APC,age_changes_TH17_02062026
PI3K/AKT/mTOR  Signaling,0.12493297587131366,-0.37599983279577043,-1.4133518981449902,IL2RG;MKNK2;LCK;PTEN;MAPK1;PRKAG1;SMAD2;CSNK2B;AP2M1;HRAS;PPP2R1B;GRK2;MAPK9;PIN1;MAPK8;ARPC3;CAB39;RIT1;UBE2N;AKT1;CDK4;FASLG;ACTR3;AKT1S1;RPS6KA3;PDK1;STAT2;TRAF2;PPP1CA;PRKCB;RPS6KA1;E2F1,age_changes_TH17_02062026
DNA Repair,0.14829088471849866,-0.3320801977322085,-1.3412194404312423,ADA;NME1;POLR2G;GTF2H5;TP53;RALA;ITPA;ZNRD1;RPA2;SAC3D1;NELFB;NT5C;RFC4;FEN1;ALYREF;IMPDH2;POLR2F;PDE6G;POLR2H;RBX1;MPC2;POLR2K;TAF10;TSG101;BOLA2;PNP;RPA3;SNAPC4;SRSF6;CLP1;TAF12,age_changes_TH17_02062026
Apical Surface,0.15533584525010385,0.3637107554329425,1.2160286791046153,MAL;GATA3;APP;PLAUR;FLOT2;CRYBG1;AKAP7,age_changes_TH17_02062026
Interferon Alpha Response,0.16238988893144388,-0.36124401144237545,-1.3468294818394833,SELL;ISG15;IRF9;USP18;NMI;IFI44;GBP2;UBE2L6;OAS1;PSME2;SAMD9L;RTP4;PLSCR1;EPSTI1;IFI35;IRF7;PSMA3;RSAD2;MX1;IFI44L;IL7;LGALS3BP;PROCR;PARP14;SP110,age_changes_TH17_02062026
UV Response Dn,0.17151178396950664,0.28220175718634516,1.1888672442851091,INPP4B;NR3C1;SFMBT1;ANXA2;BHLHE40;ACVR2A;BMPR1A;ATXN1;MIOS;PRDM2;ABCC1;CITED2;CDKN1B;PIAS3;SCAF8;ANXA4,age_changes_TH17_02062026
Wnt-beta Catenin Signaling,0.17187965445338102,-0.4217833031326022,-1.3114167336605826,TP53;AXIN1;CCND2;TCF7;GNAI1;FRAT1;CSNK1E;MAML1;SKP2;LEF1;ADAM17;WNT1;RBPJ,age_changes_TH17_02062026
Reactive Oxygen Species Pathway,0.17880496054114992,0.3221384450553352,1.1897080341303232,PRDX6;PRDX2;PRNP;PFKP;GPX4;ABCC1;SOD1;SOD2;CDKN2D;LSP1;FTL;TXN;MSRA;TXNRD2;MBP,age_changes_TH17_02062026
Adipogenesis,0.1876985753817772,0.2583093747335807,1.1683453889899769,RAB34;GPHN;STOM;RNF11;DHRS7;TANK;MGST3;APLP2;LTC4S;BAZ2A;TOB1;BCL2L13;GPX4;MDH2;COX8A;CHUK;ALDOA;PIM3;SOD1;PTCD3;CMPK1;AGPAT3;PFKL;UBC;RMDN3;G3BP2;NDUFA5;BCKDHA;EPHX2;SLC25A1;MCCC1;GPAT4;LIPE;SLC27A1,age_changes_TH17_02062026
Xenobiotic Metabolism,0.23103217158176942,-0.3175008147284338,-1.262015216915833,DDAH2;SERTAD1;ECH1;ASL;CAT;TPST1;BPHL;SAR1B;ID2;ACP2;GSTO1;ESR1;COMT;PINK1;MT2A;TMEM97;PTS;GSTM4;ADH5;FAH;NQO1;ABHD6;CYP2E1;MTHFD1;IRF8;SLC12A4;MAN1A1;LONP1;SMOX;CSAD;CNDP2;PC;ATP2A2;BLVRB;PYCR1;SLC35D1,age_changes_TH17_02062026
Pperoxisome,0.26978456938385376,0.26697546352141055,1.1084168365508968,TSPO;DHRS3;GSTK1;ATXN1;PABPC1;LONP2;ABCB1;SOD1;SOD2;ERCC3;ACSL5;ELOVL5;MVP;EPHX2,age_changes_TH17_02062026
heme Metabolism,0.3362516441187523,0.2354345044123951,1.0668355649186445,NR3C1;CAST;PRDX2;MGST3;LRP10;TENT5C;KHNYN;ADIPOR1;UROS;SLC25A38;CTSB;E2F2;FBXO34;CDC27;EIF2AK1;ENDOD1;NUDT4;DMTN;BTG2;ELL2;ASNS;ARL2BP;VEZF1;DCAF10;TRAK2;BLVRA;TCEA1;TMEM9B;RNF19A;BACH1;HTATIP2;CCND3;HAGH;HBB;LAMP2;OPTN;FN3K;SYNJ1;RIOK3;EZH1;MKRN1,age_changes_TH17_02062026
G2-M Checkpoint,0.35766512308067266,-0.29132359668126584,-1.1883604861711887,SMC4;CKS2;MAPK14;MAP3K20;RBM14;RPA2;SLC12A2;UBE2S;HNRNPD;CKS1B;CUL3;SQLE;RAD23B;EZH2;STMN1;SYNCRIP;SMARCC1;CHMP1A;CTCF;MTF2;MT2A;NDC80;DR1;HIRA;CENPE;PDS5B;SRSF2;DDX39A;KMT5A;TACC3;CDK4;CENPF;NASP;KPNA2;BARD1;TOP1;NUSAP1;G3BP1;CCNF;TGFB1;UPF1;GSPT1;JPT1;PRMT5;KATNA1;TOP2A;E2F1;SFPQ,age_changes_TH17_02062026
Glycolysis,0.3719729425028185,0.2351454282627429,1.0434482912241532,IGFBP3;DDIT4;VCAN;ENO2;AGL;PFKP;UGP2;CXCR4;P4HA1;FAM162A;MDH2;HAX1;TPBG;ALDOA;PAM;SOD1;CITED2;GOT2;RRAGD;GFPT1;PKM,age_changes_TH17_02062026
IL-6/JAK/STAT3 Signaling,0.5081031567080045,0.24797199184205726,0.9774077513119718,IL15RA;STAT3;FAS;TNFRSF1B;CSF1;PTPN1;HAX1;STAT1;PIM1;CD44;IL2RA;PTPN11,age_changes_TH17_02062026
mTORC1 Signaling,0.523149102907816,-0.2677616752042408,-1.0985572304643547,PSMA4;ENO1;GLRX;CFP;ABCF2;EEF1E1;ATP6V1D;PSMC6;PSMD13;SEC11A;CTSC;COPS5;SQLE;PSMC4;EIF2S2;IDI1;PSMA3;ITGB2;PSPH;CORO1A;SORD;MLLT11;PNO1;TMEM97;PSAT1;PNP;DDX39A;RDH11;GOT1;TM7SF2;CYB5B;LDHA;RIT1;USO1;STIP1;STARD4;G6PD;TOMM40;SCD;ACTR3;PHGDH;CCNF;HMBS;ATP5MC1;HMGCR;ATP2A2;PDK1;HSPA5;CCT6A;PRDX1;ADIPOR2;IFI30;ADD3;GLA;GCLC;YKT6;INSIG1;DHCR24,age_changes_TH17_02062026
Androgen Response,0.550201072386059,-0.26973990909618184,-1.0002767995881205,HPGD;ACTN1;VAPA;GUCY1A1;SRF;MAF;NGLY1;ZMIZ1;IDI1;SORD;TNFAIP8;TMEM50A;MAP7;AKT1;CAMKK2;DBI;SRP19;SCD;RPS6KA3;HMGCR;STK39;PMEPA1;UBE2I;CENPN;ELK4;B4GALT1,age_changes_TH17_02062026
Notch Signaling,0.5568215668751862,-0.35411179622990907,-1.021816944702873,LFNG;DTX1;RBX1;HES1,age_changes_TH17_02062026
E2F Targets,0.5623324396782842,-0.2684547943695858,-1.1000580762639007,NME1;SMC4;CKS2;TP53;SNRPB;NOP56;UBE2T;RPA2;PAICS;DCTPP1;UBE2S;HNRNPD;CKS1B;EZH2;STMN1;POLD2;SYNCRIP;TBRG4;DCK;CTCF;GINS3;CENPE;RPA3;PDS5B;SRSF2;DDX39A;TACC3;CDK4;NASP;POLD3;GINS4;PHF5A;PMS2;KPNA2;BARD1;ASF1B;NAA38;SPAG5;ING3;GSPT1;BRCA1;JPT1;TOP2A;WEE1;SMC3,age_changes_TH17_02062026
Cholesterol Homeostasis,0.5764780584168195,-0.2822660063514184,-1.0014695984305158,PCYT2;STX5;TP53INP1;ECH1;FDPS;SQLE;PLSCR1;IDI1;ATXN2;TMEM97;GNAI1;ACTG1;HSD17B7;TM7SF2;ETHE1;CHKA;STARD4;SCD;CPEB2,age_changes_TH17_02062026
Pancreas Beta Cells,0.5780633969405456,-0.3953894130220481,-1.025989430753186,SRPRB;SEC11A;SRP9;FOXO1,age_changes_TH17_02062026
UV Response Up,0.5860422252010724,-0.26367519104985876,-1.0354603656214316,AP2S1;DGAT1;BCL2L11;CDC34;RFC4;FEN1;FKBP4;RHOB;HYAL2;DNAJA1;POLR2H;EIF5;BAK1;POLG2;POLE3;PPAT;PLCL1;IL6ST;CASP3;CYB5B;STK25;STIP1;CHKA;WIZ;DDX21;GLS;PSMC3;PRKACA;TST;RXRB;CDC5L;HSPA2;KLHDC3;AQP3;PPT1;BID;FURIN;YKT6;MRPL23;CDKN1C;RASGRP1;CNP;RAB27A,age_changes_TH17_02062026
Fatty Acid Metabolism,0.6081769436997319,-0.2621363967893802,-1.0412267365431607,HPGD;OSTC;NTHL1;SDHD;ECH1;ALDH3A2;UBE2L6;ECI1;MGLL;HSD17B10;ACAA2;HMGCL;APEX1;HSD17B4;IDI1;BPHL;ECHS1;FH;PDHB;PTS;MDH1;RDH11;HSD17B7;SUCLG1;KMT5A;LDHA;ACADS,age_changes_TH17_02062026
Bile Acid Metabolism,0.6187603727818205,-0.2637916120405507,-0.9605273391972462,LCK;SULT1B1;PXMP2;PEX6;SLC27A5;HSD17B4;CAT;IDI1;PECR;ABCD3;PRDX5,age_changes_TH17_02062026
Unfolded Protein Response,0.6426656453466104,-0.27343993356768936,-1.0442761721124099,BANF1;SRPRB;IFIT1;NOP56;SEC11A;NFYB;CKS1B;NHP2;TATDN2;GOSR2;PDIA5;ARFGAP1;EIF4A1;ATF4;PSAT1;ATP6V0D1;LSM4;DDX10;LSM1;CNOT6;KHSRP;SLC30A5;YIF1A;EXOSC5,age_changes_TH17_02062026
Spermatogenesis,0.647392152083841,-0.260204482287495,-0.9358427321318149,POMC;SLC12A2;RFC4;EZH2;VDAC3;STRBP;NEFH;SIRT1;CHFR;BRAF;MAP7;PIAS2;GMCL1;TLE4;TALDO1;ARL4A;HSPA2;CSNK2A2;IDE;HSPA1L,age_changes_TH17_02062026
Mitotic Spindle,0.7386933208998717,-0.21634955401526573,-0.8830209903523175,SMC4;RALBP1;BCL2L11;FLNB;CAPZB;ARL8A;SAC3D1;CNTROB;BIN1;MID1IP1;RAPGEF6;NET1;RANBP9;NDC80;CYTH2;CENPE;DLG1;ECT2;CDC42;PCNT;KNTC1;WASF2;PALLD;CENPF;BCR;TRIO;STK38L;MARK4;NUSAP1;PPP4R2;ARHGEF11;ALS2;CEP57;SPTBN1;CEP72;KATNA1;TOP2A;RABGAP1;EPB41;SMC3;MYH10;PAFAH1B1;KATNB1;FARP1;APC;ARHGEF12;MYO1E;RASA2;TPX2;MYO9B;RACGAP1;CEP250;GEMIN4;NCK1;NCK2;PKD2;RHOF;CDC42EP4,age_changes_TH17_02062026
Hedgehog Signaling,0.8819258266309205,-0.2833024120914405,-0.7862788824092946,DPYSL2;LDB1,age_changes_TH17_02062026
Allograft Rejection,0.0020214271275520515,0.4363219982593878,1.888986446386785,CD8B;F2R;CCL5;CD8A;STAT4;FAS;IL2RB;TPD52;RIPK2;FLNA;CDKN2A;ACVR2A;HLA-DQA1;CD3E;CD96;CD2;NCF4;MAP4K1;GZMB;TAPBP;CTSS;GZMA;TIMP1;CD74;PRF1;IFNG;IL15;STAT1;ICAM1;CCND3;APBB1;HLA-DRA;SRGN;CXCR3;SOCS5;HCLS1;CCL4;IL12RB1;CCR2;ZAP70;GPR65;HLA-DMB;CSF1;WAS;BCL10;ITK;HLA-DMA;IL2,age_changes_TH22_02062026
Epithelial Mesenchymal Transition,0.002021427127552052,0.4761803678794139,1.936747330248782,IGFBP3;LGALS1;GLIPR1;FAS;FLNA;ENO2;TGFBR3;VCAN;VIM;ITGB1;TIMP1;DST;IGFBP4;ACTA2;WIPF1;IL15;TGFBI;PPIB;IL32;PFN2;PLOD3;CXCL8;AREG;EMP3;SGCB,age_changes_TH22_02062026
TGF-beta Signaling,0.0034130663556983984,-0.5441663532481696,-1.7908612628268517,NOG;ID3;PMEPA1;SPTBN1;SMURF2;TRIM33;SKIL;HIPK2;CDK9;BMPR2;FURIN;FNTA;HDAC1;SMAD7;IFNGR2,age_changes_TH22_02062026
Apoptosis,0.004042854255104104,0.43547095981168493,1.8236374633138295,CLU;F2R;LGALS3;TSPO;FAS;ENO2;CASP1;TXNIP;TGFBR3;HMGB2;LMNA;CD2;BAX;SQSTM1;TIMP1;PRF1;NEDD9;FDXR;IGFBP6;SOD1;GPX4;DNAJC3;BTG3;CDKN1B;ISG20;RHOT2;ATF3;KRT18;CTNNB1;RELA;PEA15;DPYD;CDK2;EMP1;BCL10,age_changes_TH22_02062026
Coagulation,0.004042854255104104,0.5084664026713605,2.0112749414697335,CLU;CPQ;CFH;CAPN2;PLEK;F8;DPP4;CTSH;TIMP1;CSRP1;ISCU;CRIP2;SERPINA1;ADAM9;ANG;F12;BMP1;PRSS23;LTA4H;USP11;LRP1;CFD;DUSP6;MAFF;ANXA1;LAMP2;PDGFB,age_changes_TH22_02062026
IL-2/STAT5 Signaling,0.007681423084697797,0.3835999471868772,1.712104725722797,CST7;IL2RB;SYT11;IL10RA;SLC39A8;PHLDA1;GLIPR2;XBP1;AHNAK;PLPP1;BHLHE40;SERPINB6;PRNP;PTCH1;MUC1;FGL2;PLEC;PTGER2;EOMES;LRRC8C;ALCAM;BATF;GPX4;CCND3;HOPX;FLT3LG;GALM;CDC42SE2;TRAF1;MYO1C;DHRS3;CD48;PIM1;PRKCH;TWSG1;RORA;TNFRSF1B;GPR65;CSF1;EMP1;COL6A1;RRAGD;NFKBIZ;SYNGR2;BCL2;ANXA4;P4HA1;BCL2L1;IFITM3;IL18R1;CD44,age_changes_TH22_02062026
Complement,0.009433326595242908,0.38757385548388973,1.676925775703492,CLU;CCL5;LGALS3;GZMK;CPQ;CASP1;CFH;PLEK;GATA3;SPOCK2;F8;GZMB;DPP4;CTSH;CTSS;GZMA;S100A9;TIMP1;PSMB9;ANXA5;S100A12;CSRP1;SERPINA1;CD36;APOBEC3G;CALM3;ADAM9;RNF4;FCN1;PIM1;ANG;VCPIP1;LIPA;XPNPEP1;RBSN;WAS;GNGT2;KIF2A;LTA4H;LRP1;LCP2;CDA;EHD1;DUSP6;PRKCD;JAK2;GMFB;MAFF;HSPA1A;CBLB;HSPA5;LAMP2;PDGFB,age_changes_TH22_02062026
Hypoxia,0.009529585029888243,0.38615238430821647,1.6667358381707222,IGFBP3;TPD52;ENO2;NR3C1;ANXA2;PAM;PFKP;BHLHE40;CITED2;S100A4;UGP2;GPI;DDIT4;TGFBI;MYH9;CDKN1B;CXCR4;PFKL;RBPJ;ISG20;MIF;TPI1;PIM1;ALDOA;ATF3;FAM162A;NEDD4L;GRHPR;RORA;PNRC1;AKAP12;GAPDH;ERRFI1;XPNPEP1;BTG1;SLC25A1;VHL;IDS;RRAGD;BCL2;ZFP36;SAP30;JMJD6;P4HA1;TPBG,age_changes_TH22_02062026
p53 Pathway,0.011875884374368303,0.3717744316426812,1.6264262459706846,F2R;DDB2;RPS27L;FAS;STOM;AEN;CASP1;TXNIP;CGRRF1;CCNG1;CDKN2A;PERP;BAX;ZNF365;S100A4;TOB1;PHLDA3;RB1;FDXR;RRP8;PVT1;DDIT4;ISCU;DRAM1;PMM1;CCND3;CD82;XPC;SLC3A2;SEC61A1;S100A10;ABHD4;ATF3;FAM162A;GLS2;TRAFD1;BTG1;POLH;CCNK,age_changes_TH22_02062026
Interferon Gamma Response,0.025829346629831773,0.34554974091607077,1.5335685905389194,CCL5;HLA-DRB1;STAT4;ZBP1;FAS;IL2RB;RIPK2;CASP1;TXNIP;CFH;IL10RA;HLA-DQA1;IL18BP;PFKP;SRI;SLAMF7;TAPBP;XCL1;GZMA;CD74;FGL2;PSMB9;VAMP5;IL15;STAT1;IL15RA;ICAM1;PTPN1;MVP;ADAR;PSME1;ISG20;FPR1;PIM1;BST2;MYD88;TRIM26;TRAFD1,age_changes_TH22_02062026
Angiogenesis,0.041641398827572264,0.5294857552102518,1.4745877334226412,VCAN;S100A4;TIMP1;LRPAP1,age_changes_TH22_02062026
Myogenesis,0.051086976496315495,0.3428744881978624,1.439303827929904,IGFBP3;CLU;SORBS3;FXYD1;TPM3;BHLHE40;ITGB1;PRNP;RB1;FHL1;CD36;MYH9;MYO1C;CHRNA1;GNAO1;DAPK2,age_changes_TH22_02062026
Inflammatory Response,0.05424162792264672,0.3277445943414893,1.4229999633928403,CCL5;CD70;IL2RB;RIPK2;ACVR2A;IL10RA;SRI;TAPBP;NOD2;KCNA3;TIMP1;GPR132;PTGER2;IL15;IL15RA;ICAM1;CD82;SLC31A2;CD48;FPR1;CXCL8;SCN1B;BST2;BEST1;TNFRSF1B;EMP3;RELA;CSF1;PDE4B;IFITM1;LCP2;TPBG;CDKN1A;IL18R1;C5AR1;CD69;IL18RAP;IL7R;ADGRE1;LY6E,age_changes_TH22_02062026
TNF-alpha Signaling via NF-kB,0.05737743154359285,0.3178009810450793,1.4054200765906437,CCL5;RIPK2;PLEK;PHLDA1;MSC;SERPINB8;SQSTM1;BHLHE40;TANK;CLCF1;DUSP4;SLC16A6;TNIP1;IL15RA;DRAM1;ICAM1;KLF9;LITAF;TRAF1;BTG3;CCL4;AREG;ATF3;ZC3H12A;PNRC1;PHLDA2;BCL2A1;RELA;BTG1;CSF1;PDE4B;ZFP36;MCL1;EHD1;TUBB2A;CDKN1A;CD44;B4GALT5;CD69;IL7R;MAFF;KLF6;TNIP2;PER1;SDC4;TNF;TAP1;DUSP2;G0S2;PTGER4;BIRC3;DUSP1;MAP3K8;TNFSF9;BTG2;CEBPD;CEBPB;SAT1;EGR1;TGIF1;TNFAIP3;TRIB1;CD80;MYC;NINJ1,age_changes_TH22_02062026
Protein Secretion,0.08013514684224204,0.34284601981130164,1.3563139304634853,CD63;TPD52;PAM;TMED10;TMED2;DST;ARF1;STAM;ANP32E;SOD1;M6PR;RAB9A;ATP1A1;RAB14;KRT18;AP3S1;AP2B1,age_changes_TH22_02062026
Unfolded Protein Response,0.08301327403813759,0.3298612743304868,1.3431923315949215,HSP90B1;XBP1;SPCS1;SSR1;HERPUD1;DDIT4;EEF2;DCP1A;DCTN1;DNAJC3;BAG3;YWHAZ;DNAJB9;SLC7A5;PDIA6;ATF3;EXOC2;MTREX;SHC1;CALR;XPOT;SRPRA;EXOSC10;EXOSC9;HYOU1;HSPA9;NPM1;TUBB2A;SERP1;ASNS;ALDH18A1;EIF2AK3;PARN;EIF4G1;NABP1,age_changes_TH22_02062026
KRAS Signaling Up,0.08401556498888216,0.31076539025877065,1.3346590978427302,IGFBP3;PRDM1;NAP1L2;PCSK1N;CFH;IL10RA;LCP1;MAP4K1;CDADC1;CTSS;ADAM8;TRAF1;CXCR4;SCN1B;ACE;AKAP12;TNFRSF1B;CD37;WNT7A;HSD11B1;KCNN4;EMP1;CCSER2,age_changes_TH22_02062026
Glycolysis,0.11129739949345414,0.2947059428324736,1.2895547704024732,IGFBP3;ENO2;PAM;PFKP;VCAN;CITED2;UGP2;DDIT4;SOD1;TGFBI;PKM;CXCR4;PYGL;AK3;ISG20;MDH2;MIF;TPI1;ANG;CHPF2;ALDOA;FAM162A;EGLN3;ALDH9A1;RRAGD;NOL3;COG2;KIF2A;GLCE;SAP30;P4HA1;TPBG;HAX1;AGL;G6PD;ECD;CD44,age_changes_TH22_02062026
Pancreas Beta Cells,0.12476697437279609,0.4723739085780866,1.264256102973034,DPP4;SPCS1;STXBP1;SRP14;PAK3;MAFB;AKT3,age_changes_TH22_02062026
Estrogen Response Late,0.12575404551402763,0.2935540812561299,1.2556681642322067,DYNLT3;PERP;XBP1;LSR;FKBP5;TOB1;S100A9;IGFBP4;BATF;SERPINA1;BTG3;ISG20;SLC7A5;TJP3;DNAJC1;AREG;NMU;AFF1;CHPT1;PRSS23;PPIF;BCL2;ZFP36;TPBG;ELOVL5;NCOR2;NBL1;ATP2B4;CD44;RNASEH2A;JAK2;MICB;FABP5;ABHD2;SNX10,age_changes_TH22_02062026
Fatty Acid Metabolism,0.17091166363452598,0.2876195156275403,1.207875611946751,LGALS1;PRDX6;GLUL;ENO2;LTC4S;PCBD1;ERP29;SUCLG2;ACSL5;SERINC1;CD36;PSME1;MDH2;HSD17B11;MIF;S100A10;ALDOA;SDHA;ACOT2;GRHPR;NCAPH2;ACSM3;ALDH9A1;DLST;UROS;ELOVL5;CPT2,age_changes_TH22_02062026
UV Response Dn,0.17760993807082348,0.29389196404331247,1.1906196895222838,SFMBT1;NR3C1;ACVR2A;ANXA2;TGFBR3;INPP4B;SRI;KALRN;BHLHE40;CITED2;ATXN1;CDKN1B;PIAS3;PRKCE,age_changes_TH22_02062026
Adipogenesis,0.18221721678362066,0.27886627149412824,1.1939010038142772,RAB34;STOM;LTC4S;DHRS7;MGST3;REEP5;COX8A;TOB1;GPHN;TANK;SOD1;ELOVL6;GPX4;CD36;SOWAHC;BAZ2A;PFKL;MDH2;RNF11;DNAJB9;ALDOA;CD302;PHYH;GPAT4;COX6A1;CDKN2C;CMPK1;SLC25A1;BCL2L13;RIOK3;SLC27A1;UQCR11;UBC;NDUFB7;CS;APLP2;PIM3;CPT2;CHCHD10;GRPEL1;CD151;RMDN3,age_changes_TH22_02062026
Myc Targets V1,0.19027844933018573,-0.3281279357409967,-1.3126055861551498,CCT2;PSMA4;SERBP1;CCT5;EIF3J;VDAC1;PSMC6;NOP56;TRIM28;MCM7;COPS5;NME1;POLD2;PSMA7;TXNL4A;HDGF;GNL3;HNRNPD;PSMA2;PHB;SRM;RAD23B;LSM2;PSMC4;APEX1;PCNA;DDX21;EIF3B;MCM5;SET;CCT3;PRPF31;GSPT1;PSMA1;SRSF3;CYC1;EIF2S1;TCP1;SNRPG;NOP16;IMPDH2;TYMS;TARDBP;EIF2S2;LSM7;SMARCC1;PPM1G;DHX15;CTPS1;HDAC2;EIF4A1;RFC4;NDUFAB1;VDAC3;SRSF2;RPS10;LDHA;NHP2;CCT4;SLC25A3;NCBP2;IFRD1;PSMD8;HNRNPA2B1;POLE3;MRPS18B;PSMB2;PA2G4,age_changes_TH22_02062026
KRAS Signaling Dn,0.20506840353821212,-0.3883485007473381,-1.4266833879203957,ZBTB16;LYPD3;LFNG;CHST2;IFI44L;MX1;TCL1A;EDAR;SKIL;BARD1;RSAD2;STAG3;CCDC106;ENTPD7;PLAG1;GTF3C5;PDCD1;CELSR2;PDE6B;YPEL1;PTPRJ;KCNMB1;CD40LG;SLC16A7;MAST3;COPZ2,age_changes_TH22_02062026
Notch Signaling,0.21802992934140009,-0.43093360091028315,-1.278444908159775,LFNG;HES1;DTX1;RBX1;MAML2;NOTCH1;ARRB1;KAT2A,age_changes_TH22_02062026
Myc Targets V2,0.21980147330697689,-0.39353003983492285,-1.318227233140688,NDUFAF4;BYSL;PPAN;NOP56;IPO4;DCTPP1;GNL3;PHB;SRM;TBRG4;MCM5;MRTO4;EXOSC5;NOP16;UTP20;SORD,age_changes_TH22_02062026
G2-M Checkpoint,0.22184931312039588,-0.3147092551176374,-1.2593778832824398,SMC4;CKS2;STMN1;MTF2;MAP3K20;E2F3;SMC2;CASP8AP2;CTCF;BARD1;RBM14;NASP;HNRNPD;UBE2S;KMT5A;CUL3;PRMT5;RAD23B;TOP1;HIRA;DR1;UPF1;CKS1B;MCM5;CHMP1A;SLC12A2;GSPT1;PRPF4B;TENT4A;UCK2;PAFAH1B1;ABL1;KIF23;CENPF;RPA2;SMARCC1;TNPO2;MT2A;KATNA1;SFPQ;JPT1;TACC3;PDS5B;GINS2;EZH2;AURKA;SRSF2;MAPK14;LIG3;SS18,age_changes_TH22_02062026
Oxidative Phosphorylation,0.23973630902155604,-0.3065945437605126,-1.2346997471349486,ATP5F1C;FXN;SLC25A5;TIMM8B;TIMM13;VDAC1;ECH1;UQCRC2;ATP6V1D;NDUFA2;SLC25A11;BDH2;CYB5A;PDHB;NDUFA7;ETFDH;NDUFS2;MRPS11;ACADM;MRPL15;ACAA2;NDUFA8;NDUFB5;NDUFA9;SUCLG1;NDUFC2;AIFM1;NDUFB8;NDUFS6;IDH1;ETFA;DECR1;ATP5PO;CYC1;MTX2;SLC25A20;NDUFB3;ATP5PF;MRPS22;VDAC2;PDHA1;SDHD;DLD;COX7B;PDHX;ECI1;LDHB;ATP5MC3;ATP5MF;IDH3A;NDUFB1;RHOT1;TIMM17A;NDUFAB1;VDAC3;TIMM9;NDUFB2;MDH1;LDHA;HCCS;NDUFS4;IMMT;ATP5ME;SLC25A3;ATP5F1B,age_changes_TH22_02062026
Interferon Alpha Response,0.2416166557638158,-0.36598344470505323,-1.3321626306799177,SELL;ISG15;USP18;IRF7;IRF9;IFI44L;EPSTI1;PLSCR1;SAMD9L;MX1;SP110;SAMD9;STAT2;IFI35;RSAD2;CMPK2;LGALS3BP;NMI;EIF2AK2;TENT5A;IFIT3;PARP14;UBE2L6;CNP;IFI44;IFIT2;CCRL2;OAS1,age_changes_TH22_02062026
Apical Junction,0.24195603835438254,0.26841985941782276,1.139067682838228,SORBS3;ACTN4;CD99;VCAN;CTNNA1;ITGB1;ZYX;SKAP2;ICAM1;TGFBI;TRAF1;MYH9;ADAM9;NF1;MYL12B;MSN;SHC1;ARHGEF6;BMP1;ADAM15;GTF2F1;CNN2;ADAM23;WASL;NECTIN3;SYMPK;BAIAP2;AMIGO2,age_changes_TH22_02062026
Reactive Oxygen Species Pathway,0.26143790849673204,0.31709097001479347,1.120872792573888,PRDX6;PRDX2;PFKP;PRNP;SOD1;GPX4;CDKN2D;G6PD;SCAF4;LSP1;TXN;FTL,age_changes_TH22_02062026
Apical Surface,0.26278552658176674,0.3428524407031775,1.114087626699697,IL2RB;MAL;GATA3;CRYBG1;CROCC;FLOT2,age_changes_TH22_02062026
UV Response Up,0.28550300065417106,-0.3152634911768016,-1.196888046011152,BCL2L11;AP2S1;CHKA;DGAT1;GCH1;BAK1;E2F5;POLR2H;MARK2;PLCL1;PRKACA;FKBP4;CDC5L;FURIN;CDC34;WIZ;PPAT;STIP1;DDX21;KLHDC3;PSMC3;TST;DNAJA1;EPHX1;CNP;AGO2;NAT1;RASGRP1;RXRB;NXF1;CCNE1;GLS;EIF5;CASP3;IL6ST;NR4A1;HYAL2;POLG2,age_changes_TH22_02062026
Wnt-beta Catenin Signaling,0.2920067882097519,-0.4228307210540635,-1.3426714327040499,GNAI1;TP53;TCF7;AXIN1;LEF1;CCND2;MAML1;NKD1;NOTCH1;AXIN2;SKP2;KAT2A;HDAC2;CSNK1E;FZD8,age_changes_TH22_02062026
heme Metabolism,0.3263049867052293,0.2497466207428801,1.0758710360478263,NR3C1;PRDX2;ACSL6;MGST3;MFHAS1;CAST;MKRN1;FBXO7;SLC25A38;FN3K;CCND3;CIR1;LRP10;TENT5C;HTATIP2;ARL2BP;NFE2L1;DMTN;GMPS;RIOK3;BSG;E2F2;RNF19A;KHNYN;UROS;ERMAP;TCEA1;ADIPOR1;EZH1;ENDOD1;VEZF1;ASNS;HAGH,age_changes_TH22_02062026
mTORC1 Signaling,0.33682965358728445,0.24074091604766376,1.064816295550582,HSP90B1;CCNG1;XBP1;SQSTM1;BHLHE40;FGL2;SSR1;GPI;SKAP2;CANX;FDXR;DDIT4;ELOVL6;M6PR;CXCR4;PFKL;SLC7A5;SLA;TPI1;ALDOA;TBK1;RPN1;GGA2;EGLN3;GAPDH;TUBA4A;MCM2;CALR;GMPS;PDAP1;LTA4H;RAB1A;HSPE1;TCEA1;P4HA1;ELOVL5;HSPA9;G6PD;CDKN1A;UNG;SERP1;ASNS;ITGB2;PSMD14;UCHL5;GSK3B;FKBP2;HSPA5;ARPC5L;PSMD12;ETF1;CYP51A1,age_changes_TH22_02062026
Cholesterol Homeostasis,0.351872707846025,0.282308323686658,1.0525059394096512,CLU;LGALS3;ANTXR2;ANXA5;ALCAM;CXCL16;ATF3;PNRC1;CTNNB1;ERRFI1,age_changes_TH22_02062026
Androgen Response,0.37833323421650733,-0.31282992273554583,-1.143030466864522,ACTN1;HPGD;MAP7;PMEPA1;MAF;SRF;FADS1;NGLY1;ELK4;TNFAIP8;AKT1;CAMKK2;GUCY1A1;TSC22D1;SLC38A2;HMGCS1;SRP19;SLC26A2;ANKH;IDI1;ZMIZ1;SORD,age_changes_TH22_02062026
PI3K/AKT/mTOR  Signaling,0.4499559145595723,-0.3016354837629036,-1.1013062881681823,MKNK2;LCK;SMAD2;IL2RG;STAT2;MAPK1;PTEN;HRAS;PIK3R3;DDIT3;CSNK2B;GRK2;MAPK9;VAV3;AKT1;PDK1;PRKCB;TNFRSF1A;TSC2;TRAF2;TRIB3;UBE2N;ITPR2;PRKAG1,age_changes_TH22_02062026
E2F Targets,0.5184797852393631,-0.2668701481945262,-1.0619298488614979,SMC4;TP53;CKS2;STMN1;NOP56;MCM7;MSH2;NME1;UBE2T;POLD2;CTCF;BARD1;NASP;DCTPP1;HNRNPD;UBE2S;SNRPB;DONSON;PAICS;TBRG4;PCNA;CKS1B;MCM5;GSPT1;EXOSC8;EIF2S1;PNN;ING3;PSMC3IP;CCNE1;SMC6;GINS3;RPA2;DCK;JPT1;TACC3;PDS5B;BRCA1;NCAPD2;CTPS1;EZH2;AURKA;PPP1R8;SRSF2;LUC7L3;RFC3;BRMS1L;RPA3,age_changes_TH22_02062026
Xenobiotic Metabolism,0.5578467343591494,-0.2645040664544192,-1.0205429282032377,DDAH2;ECH1;PYCR1;GCH1;CYB5A;ETFDH;BPHL;SERTAD1;TPST1;ATP2A2;ETS2;ESR1;CSAD;GCNT2;SLC35D1;GSTM4;IDH1;TNFRSF1A;PINK1;LONP1;EPHX1;CROT;GSTO1;GART;SAR1B;IRF8;MCCC2;MT2A;JUP;NMT1;ASL;IL1R1;BLVRB;MTHFD1;CASP6;AHCY;GCLC;ACOX3;SLC6A6;ENTPD5;TMEM97;DHPS,age_changes_TH22_02062026
DNA Repair,0.5626277360399492,-0.2664061852896482,-1.0327073532077364,TP53;ADA;PDE6G;NELFB;POLR2G;TAF12;GTF2H5;POLR2H;NME1;RALA;BOLA2;SAC3D1;SRSF6;CMPK2;UMPS;UPF3B;RBX1;POM121;ALYREF;ITPA;REV3L;TAF1C;PCNA;GTF2H1;TSG101;ZWINT;ZNF707;TAF10;AK1;GTF3C5;RAE1;IMPDH2;TYMS;RNMT;RPA2;RAD52;POLR1C;ERCC4;POLR1D;RFC4;TAF13;RFC3;RPA3,age_changes_TH22_02062026
Mitotic Spindle,0.5910293239284393,-0.2463785226895413,-0.9938790839549748,SMC4;RALBP1;BCL2L11;FLNB;SPTBN1;CYTH2;PPP4R2;BIN1;PCNT;BCR;SAC3D1;CCDC88A;ARL8A;EPB41;RAB3GAP1;CNTRL;CLIP2;KPTN;TLK1;RANBP9;DLG1;NET1;PAFAH1B1;WASF2;TUBD1;ABL1;ARFGEF1;FARP1;KIF23;CENPF;ARHGEF2;GEMIN4;CD2AP;RAPGEF6;CDK5RAP2;MID1IP1;KATNA1,age_changes_TH22_02062026
Bile Acid Metabolism,0.6079616347072068,0.2365081286470786,0.9467819295691973,GSTK1;NR3C2;ATXN1;ACSL5;FDXR;NPC1;SOD1;PEX7;ABCD2;HSD17B11;PHYH,age_changes_TH22_02062026
Estrogen Response Early,0.6146530969394498,-0.24664977698666274,-0.9713011291756288,IGF1R;HES1;OPN3;RETREG1;ABLIM1;FLNB;ABAT;TGIF2;IL17RB;NRIP1;FAM102A;MED13L;BCL11B;FKBP4;RHOBTB3;MAPT;FHL2;MINDY1;MAST4;KDM4B;KLF4;RASGRP1;FCMR;MREG;FARP1;IL6ST;SLC26A2;CELSR2;SLC19A2;CLDN7;AKAP1;AMFR;RPS6KA2;BLVRB,age_changes_TH22_02062026
Pperoxisome,0.6309432388103567,-0.2624460283993712,-0.9513582447466503,SLC25A19;CLN8;ECH1;FADS1;MSH2;HRAS;PRDX5;FDPS;SLC25A17;PEX6;CTBP1;IDH1;MLYCD;HMGCL;RDH11;SLC23A2;CLN6;ABCD1;SMARCC1;IDI1,age_changes_TH22_02062026
IL-6/JAK/STAT3 Signaling,0.6628534132908995,-0.2629051931905707,-0.9242041615964952,CD38;IRF9;IL2RG;BAK1;IL17RB;STAT2;ITGA4;ACVR1B;IL2RA;CBL;TNFRSF1A,age_changes_TH22_02062026
Hedgehog Signaling,0.7067583046964491,0.2943841526519674,0.9011457302323331,PTCH1;L1CAM;MYH9;ADGRG1;NF1,age_changes_TH22_02062026
Spermatogenesis,0.8422594499274724,-0.23426840688036701,-0.8216768457780306,POMC;MAP7;NEFH;IP6K1;AGFG1;GMCL1;TLE4;STRBP;GFI1;SLC12A2;IFT88;PIAS2;CSNK2A2;SCG5;TKTL1;EZH2;AURKA;RFC4;VDAC3,age_changes_TH22_02062026
Hypoxia,0.029702970297029705,0.2995211728057659,1.8188893542490463,CXCR4;TNFAIP3;IDS;BTG1;DDIT4;DUSP1;PIM1;SLC2A3;TPD52;RORA;NR3C1;CDKN1B;GPI;PPP1R15A;MYH9;CDKN1A;S100A4;BCL2;ZNF292;HK1;ZFP36;BNIP3L;VHL;ENO2;ISG20;UGP2;HEXA;MXI1;ANXA2;ERO1A;ALDOA,age_changes_TH2_02062026
Epithelial Mesenchymal Transition,0.08168316831683169,0.25895327710248045,1.5182099150135822,LGALS1;TNFAIP3;AREG;SAT1;VIM;FLNA;ID2;WIPF1,age_changes_TH2_02062026
Myc Targets V2,0.22288761620185923,-0.4055901092120411,-1.3798676357482034,TBRG4;RABEPK;FARSA;MCM5;DCTPP1;EXOSC5;WDR43;GRWD1;GNL3;RRP12;PES1;AIMP2;PPAN;NOP16;IPO4;UTP20;CBX3;CDK4;RCL1;PPRC1;SRM;SUPV3L1;NDUFAF4,age_changes_TH2_02062026
TGF-beta Signaling,0.27749418990703856,-0.4298670011202551,-1.3803052828389677,SPTBN1;TRIM33;FKBP1A;ID3;XIAP;SMURF2;MAP3K7;CTNNB1;PPM1A;APC;CDK9;PPP1CA;SMAD3;FURIN,age_changes_TH2_02062026
Cholesterol Homeostasis,0.2801709827357238,-0.38105753377276713,-1.2896897069973061,FDPS;ATXN2;ECH1;CTNNB1;STX5;SC5D;TM7SF2;PMVK;FDFT1;SREBF2;ACTG1;PLSCR1;GSTM2;DHCR7;ACAT2;CXCL16;IDI1;ALCAM;EBP;S100A11;CPEB2;HSD17B7;ANXA5;STARD4;TRIB3;HMGCR;PLAUR;SQLE;ABCA2;LSS;LGMN;NSDHL;MVD;CD9;TP53INP1;ETHE1;FABP5;PDK3;FASN,age_changes_TH2_02062026
Notch Signaling,0.2810632470119522,-0.46687606244827606,-1.3395045587066283,LFNG;MAML2;FBXW11;DTX2;PPARD;RBX1;CUL1;APH1A,age_changes_TH2_02062026
Protein Secretion,0.2857228493433673,-0.3698188853473877,-1.2986262261574022,CTSC;RAB5A;ERGIC3;AP2S1;VAMP4;AP2M1;LMAN1;TMX1;SEC22B;VAMP7;BET1;STX7;VPS4B;GBF1;CLTC;AP1G1;NAPG;SEC24D;MAPK1;YKT6;ATP7A;SCAMP3;YIPF6;IGF2R;STX16;COPB1,age_changes_TH2_02062026
Adipogenesis,0.3205459412350598,-0.3492266906091344,-1.2989517640186408,MTCH2;YWHAG;ACAA2;DRAM2;CD151;DNAJC15;MRPL15;TALDO1;ACADM;RREB1;ECH1;UCP2;IDH3G;SQOR;CPT2;PLIN2;NDUFS3;CAT;SCP2;DGAT1;UQCR10;SAMM50;PPM1B;PTCD3;ESYT1;COX6A1;ATP5PO;TKT;IDH1;APLP2;BCL2L13;RETSAT;AGPAT3;HADH;IFNGR1;PEX14;TANK;VEGFB;PPP1R15B;ELMOD3;REEP6;BCKDHA;NDUFA5;DHCR7;SUCLG1;MCCC1;NMT1;RNF11;ARL4A;DLD;CDKN2C;ABCB8;COQ5;IMMT;REEP5;SDHB;PHYH;UCK1;ACO2;COX7B;HIBCH;NABP1;ATL2;MDH2;PRDX3;GHITM;GPAT4;NDUFB7;CCNG2;IDH3A;G3BP2;ACLY;GADD45A;GPD2;ECHS1;JAGN1,age_changes_TH2_02062026
Reactive Oxygen Species Pathway,0.3283532536520584,-0.42340279487634574,-1.3910437871560892,SELENOS;GCLC;NDUFA6;NDUFB4;NDUFS2;PDLIM1;CAT;HMOX2;ATOX1;GCLM;GSR;ERCC2;GLRX;TXNRD1;TXNRD2,age_changes_TH2_02062026
PI3K/AKT/mTOR  Signaling,0.3288631189527604,-0.3717075519899364,-1.309567630897365,IL2RG;MKNK2;ECSIT;UBE2N;AP2M1;LCK;GRK2;MAP3K7;SMAD2;PRKCB;ACTR3;STAT2;AKT1S1;PTEN;SLC2A1;ARPC3;AKT1;RAC1;CLTC;TSC2;RAF1;RPS6KA1;CFL1;PPP1CA;ACTR2;MAP2K3;MAPK1;HRAS;CDK4;PDK1;RPTOR;MAPK9;PTPN11;CAB39L;MAPKAP1;MAPK8;NCK1;PRKAR2A;UBE2D3;RIT1;MKNK1;TNFRSF1A;GSK3B;TRIB3;PLCB1;ARF1;YWHAB;PLA2G12A;ARHGDIA;RALB,age_changes_TH2_02062026
Fatty Acid Metabolism,0.34757749305807073,-0.34399296809370145,-1.2569216471827334,SDHD;OSTC;ACAA2;BLVRA;HPGD;RDH11;NTHL1;METAP1;ACADM;ALDH9A1;PDHA1;ECH1;UBE2L6;IDH3G;CPT2;LDHA;FH;ACOT8;ACAA1;ALAD;IDH1;ECI1;RETSAT;HADH;ACADVL;CPT1A;APEX1;REEP6;PDHB;UROS;HSDL2;SUCLG1;HSPH1;KMT5A;ACAT2;AUH;IDI1;MCEE;HCCS;RAP1GDS1;HADHB;DLD;IL4I1;HSD17B7;PSME1;CCDC58;ACOT2;ALDH3A2;SMS;ACO2;UROD;HIBCH;MDH2;MLYCD;ACSL4;UGDH;HMGCL;GPD2;ECHS1,age_changes_TH2_02062026
Myc Targets V1,0.3922059159196547,-0.3200412914515294,-1.2010065498497593,PSMA2;COX5A;PSMA4;KPNA2;VBP1;NME1;MCM5;PSMD1;PCBP1;EIF4A1;LSM2;PRPF31;EIF3B;LDHA;COPS5;GSPT1;PSMA7;DHX15;PSMB2;GNL3;TFDP1;CCT2;TCP1;PSMD3;SNRPB2;EIF2S1;POLD2;DEK;AIMP2;UBE2E1;KPNB1;SERBP1;SNRPD3;USP1;BUB3;PGK1;RAD23B;RANBP1;TRIM28;MRPS18B;NOP16;TXNL4A;EIF3J;APEX1;HNRNPD;CBX3;HNRNPC;CDK4;CUL1;SET;PSMD14;VDAC1;SRM;ILF2;EIF3D;PTGES3;SSBP1;SNRPD1;EIF1AX;MCM6;HNRNPA2B1,age_changes_TH2_02062026
Xenobiotic Metabolism,0.3977439600572071,-0.34068443759696543,-1.2242063870015916,CYB5A;GCLC;GSS;ALDH9A1;ECH1;SHMT2;MT2A;CAT;SLC35B1;DHPS;MTHFD1;PMM1;CASP6;ALAS1;IDH1;PGRMC1;RETSAT;GSR;ACP2;ATP2A2;ACOX3;PPARD;SLC46A3;NMT1;PDLIM5;NFS1;LONP1;PSMB10;PTGES3;TKFC;ETS2;UPP1;AP4B1;TNFRSF1A;GSTM4;DDAH2;PINK1;NPC1;ACO2;DHRS1;MAN1A1;ARPP19;UGDH;CSAD;TMBIM6;FBP1,age_changes_TH2_02062026
Interferon Alpha Response,0.4033034528552457,-0.411319053041179,-1.4719916570377067,PSME2;CASP8;IRF9;SELL;UBE2L6;PSMA3;EPSTI1;ISG15;LAP3;GBP4;TRAFD1;STAT2;SP110;DDX60;LGALS3BP;TMEM140;GBP2;RNF31;UBA7;TRIM21;IFI35;CD47;IFI44;USP18;CNP;TAP1;PLSCR1;TRIM25;PARP12;MVB12A;TENT5A;IFIT2;RTP4;TRIM5;IRF7;HELZ2;HLA-C;OASL;IFIT3;PSME1;LY6E;TRIM14;IFITM2;NUB1;IL15;CMTR1;EIF2AK2;PARP14,age_changes_TH2_02062026
Pancreas Beta Cells,0.410696499715424,-0.4805346667185395,-1.2113811794503713,ELP4;SRPRB;AKT3;FOXO1;SRP9;STXBP1;SRP14;SEC11A,age_changes_TH2_02062026
Estrogen Response Late,0.41336633663366334,0.17665811906957893,1.1532093892757609,AREG;TOB1;HPRT1;AFF1;DUSP2;S100A9;BCL2;ID2;TIAM1;ELOVL5;ZFP36;CISH;ETFB;ISG20;JAK2;BLVRB,age_changes_TH2_02062026
Wnt-beta Catenin Signaling,0.41668741699867196,-0.39480732426557175,-1.201453398207773,NUMB;NCSTN;CTNNB1;ADAM17;CCND2;FRAT1;PPARD;CUL1;MAML1;SKP2;AXIN2;HDAC2,age_changes_TH2_02062026
Androgen Response,0.42204100265604255,-0.35149316654749385,-1.2268156489411255,MAF;IQGAP2;TMEM50A;HPGD;VAPA;LMAN1;UBE2J1;PTK2B;RRP12;ZMIZ1;STK39;NCOA4;AKT1;UBE2I;SRP19;ELK4;GSR;SEC24D;CAMKK2;PDLIM5;HERC3;IDI1;SLC38A2,age_changes_TH2_02062026
Oxidative Phosphorylation,0.43497883466135456,-0.3724274075353568,-1.4014118548263115,NDUFC2;SDHD;COX5A;ACAA2;MRPL35;CYB5A;TIMM10;MRPL15;TCIRG1;ACADM;NDUFA9;NDUFA6;ATP6V1D;NDUFB4;PDHA1;NDUFB8;ECH1;NDUFS2;ABCB7;IDH3G;ATP5F1C;TIMM8B;ATP5MF;NDUFS3;ETFA;LDHA;BDH2;ACADSB;FH;NDUFA3;CYCS;PDP1;NDUFA7;UQCR10;ACAA1;ATP5ME;ATP6V1C1;ALAS1;COX6A1;ATP5PO;IDH1;LDHB;MRPL34;ECI1;COX11;COX6C;RETSAT;MRPS12;ACADVL;SLC25A20;ATP6AP1;HTRA2;CPT1A;ATP5PB;MTRR;BCKDHA;PDHB;NDUFA5;SUCLG1;ATP5F1B;SLC25A6;ATP5PF;HCCS;VDAC1;HADHB;DLD;ATP5F1A;UQCRB;ACAT1;SUPV3L1;POLR2F;NDUFB3;IMMT;SDHB;TIMM50;COX7A2L;SLC25A12;RHOT1;PHYH,age_changes_TH2_02062026
Spermatogenesis,0.43773435669088356,-0.34901693654327687,-1.1788568253899634,PSMG1;TALDO1;PHKG2;STRBP;MTOR;LPIN1;COIL;NF2;BRAF;POMC;RAD17;GFI1;ARL4A;IFT88;PRKAR2A;GMCL1;PIAS2;PGS1;PARP2,age_changes_TH2_02062026
Interferon Gamma Response,0.4540633761251291,-0.3126787494384183,-1.16702961803655,TNFSF10;AUTS2;PSMA2;PSME2;PNP;OAS2;CASP8;IRF9;UBE2L6;PSMA3;EPSTI1;ISG15;VAMP8;LAP3;MT2A;BPGM;GBP4;TRAFD1;RAPGEF6;STAT2;EIF4E3;PSMB2;ST3GAL5;SP110;DDX60;IFNAR2;NCOA3;LGALS3BP;OAS3;RNF31;SAMHD1;LYSMD2;APOL6;PTPN1;TRIM21;IFI35;IFI44;USP18;ZNFX1;TAP1;PLSCR1;TRIM25;PARP12;HIF1A;IRF5;IFIT2;RTP4;IRF7;HELZ2;XAF1;PSMB10;ARL4A;SPPL2A;PTPN6;RBCK1;OASL;IFIT3;UPP1;PSME1;LY6E;ISOC1;CFH;HLA-DQA1;TRIM14;IFITM2;PELI1;IL15;CMTR1;CASP3;EIF2AK2;PARP14,age_changes_TH2_02062026
Pperoxisome,0.5918060215279234,-0.3166001793462154,-1.1211993569249117,FDPS;RDH11;SLC35B2;PRDX5;ALDH9A1;ECH1;CAT;SCP2;ACOT8;PEX6;ACAA1;MSH2;IDH1;VPS4B;RETSAT;PEX14;HRAS;PEX11B;SLC25A17;ABCD3;IDI1;PEX13;SLC25A19;ISOC1;SLC23A2;CTBP1;ESR2;BCL10;MLYCD;ACSL4;HMGCL;CLN6,age_changes_TH2_02062026
Complement,0.6878019173306773,-0.29890152078582877,-1.0885747732818962,CTSC;CD40LG;CD59;CTSD;RBSN;ITGAM;PIK3CG;APOBEC3G;LCK;RHOG;GNAI2;LAP3;CR1;AKAP10;CTSL;PDP1;ATOX1;RABIF;CTSO;FCER1G;CD46;RAF1;TIMP1;PLSCR1;USP16;CTSH;GCA;CD55;CTSB;PRKCD;SIRT6;CASP9;PRCP;MAFF;IRF7,age_changes_TH2_02062026
TNF-alpha Signaling via NF-kB,0.7035891089108911,0.2879337503392017,1.0,CD69;TNFAIP3;BTG1;AREG;KLF9;TRAF1;SAT1;DUSP1;NFE2L2;DUSP2;SLC2A3;JUNB;PPP1R15A;CDKN1A;TUBB2A;IL23A;SOCS3;EIF1;PHLDA1;ID2;ZFP36;PDE4B;NFKBIA;NR4A2;CCL5,age_changes_TH2_02062026
Hedgehog Signaling,0.7871287128712872,0.23844788645126364,0.8264498979942919,MYH9;PML;RASA1,age_changes_TH2_02062026
Bile Acid Metabolism,0.8284886248656169,-0.3087596894566807,-1.045711629386607,SLC35B2;PRDX5;ALDH9A1;LCK;CAT;SCP2;PEX6;PNPLA8;GCLM;IDH1;RETSAT;SULT1B1;ABCD3;SLC27A5;IDI1;PEX13;ISOC1;SLC23A2;PHYH;NPC1;PXMP2;PEX12;MLYCD,age_changes_TH2_02062026
E2F Targets,0.8431086261016539,-0.2781203961392546,-1.0335104938300783,TBRG4;KPNA2;PAICS;NME1;MCM5;DCTPP1;SLBP;SMC6;LUC7L3;RFC1;MRE11;NAA38;RBBP7;TUBB;GSPT1;NUP205;DDX39A;LBR;MSH2;EIF2S1;POLD2;NASP;CKS1B;DEK;SMC4;NUDT21;KIF22;USP1;RANBP1;CTCF;HNRNPD;CDK4;POLD3;RPA3;RFC2;RNASEH2A;MCM3;SMC3;PAN2;BARD1;DONSON;CDKN2C;PMS2;JPT1;MCM6,age_changes_TH2_02062026
Myogenesis,0.9059405940594059,0.15412906269330717,0.8520385634325678,SORBS3;SH2B1;RB1;AKT2;MYH9;CDKN1A,age_changes_TH2_02062026
Glycolysis,0.9632186832380623,-0.27203829339409924,-0.9940953162390824,ME2;CYB5A;GMPPB;GCLC;ENO1;TALDO1;ALDH9A1;LHPP;LDHA;ANKZF1;SLC35A3;RPE;MED24;CASP6;NASP;PGM2;IDH1;CHPF2;POLR3K;AKR1A1;PGK1;PKP2;GLRX;HS2ST1;FUT8;IER3;PMM2;GLCE;NT5E;PAM;DLD;RBCK1;B3GALT6;BPNT1,age_changes_TH2_02062026
Estrogen Response Early,0.982984727755644,-0.16217346042397804,-0.5813102765396717,ISG20L2;BCL11B;CANT1;RRP12;MED24;MED13L;SLC2A1;SLC39A6;FDFT1;DHCR7;GAB2;MINDY1;ITPK1;ABLIM1;ADD3;NRIP1;AKAP1;FLNB;SLC9A3R1;GLA;SVIL;IL6ST;NBL1;BAG1;ASB13;IGF1R;SLC37A1;PPIF;MAPT;SIAH2;KLF4;OPN3;ABAT;SLC22A5;INPP5F;ADCY9;AMFR;MICB;RAB31;KDM4B;SLC26A2;SNX24;CHPT1,age_changes_TH2_02062026
DNA Repair,0.9864160026560425,-0.2637994198215454,-0.9658042067070922,NME1;TAF10;PNP;ALYREF;POLR3C;POLB;CANT1;SUPT4H1;NT5C3A;GTF2H1;TAF12;GTF2A2;HCLS1;SMAD5;NUDT9;ERCC4;SRSF6;POLR2H;GTF2H5;NUDT21;RAE1;DGCR8;ERCC2;NELFE;TARBP2;RBX1;POLD3;GTF2B;RPA3;UMPS;GTF2H3;EDF1;RFC2;POLR1C;CLP1;POM121;POLR2I;POLR2F;BRF2;POLR2E;TK2;TAF1C;POLH;AAAS,age_changes_TH2_02062026
Apical Surface,0.9872103466475977,-0.2670902283953128,-0.755811217254363,IL2RG;APP;SULF2;CRYBG1;CROCC;PLAUR;NCOA6;IL2RB,age_changes_TH2_02062026
UV Response Up,0.9875956699517718,-0.21537494984476524,-0.7798589610738738,AP2S1;BID;PPAT;DGAT1;ACAA1;ATP6V1C1;POLG2;ALAS1;POLR2H;CEBPG;DNAJA1;CNP;TAP1;EIF5;AGO2;PSMC3;FURIN;BAK1;YKT6;PRKCD;TGFBRAP1;RAB27A,age_changes_TH2_02062026
G2-M Checkpoint,0.9914377981899563,-0.2542219373911978,-0.9417832688811165,KPNA2;RPS6KA5;KIF5B;MCM5;RBM14;YTHDC1;CUL3;MT2A;ARID4A;PAFAH1B1;GSPT1;DDX39A;TFDP1;LBR;NASP;MTF2;CKS1B;SMC4;KPNB1;E2F4;KIF22;BUB3;NSD2;RAD23B;CTCF;MAPK14;SS18;HNRNPD;HIF1A;CDK4;SMAD3;E2F3;KMT5A;CUL1;MCM3;UPF1;PRMT5;BARD1;CDKN2C;SNRPD1;JPT1;MCM6;CASP8AP2;HMGN2;TLE3;NUMA1;KIF20B;BCL3;ODF2;WRN;DBF4;SRSF10;SMC1A;CDC25B;ILF3;LMNB1;CHMP1A;SQLE,age_changes_TH2_02062026
Apical Junction,0.9951720894200974,-0.17544663263851398,-0.622638403499298,GNAI2;ADAM15;PTEN;CAP1;NF2;IKBKG;HADH;ACTG1;MAPK14;RAC2;MAPK13;HRAS;ARHGEF6;SYMPK;CDK8;CLDN15;LDLRAP1;VASP;ARPC2;AKT3;PTPRC;MYL12B;MPP5;ACTN1;STX4;RHOF;ACTB;ICAM1;DLG1;CD274;RSU1;AMIGO2;THBS3;MVD;NF1;VCL;PBX2;INPPL1;ICAM2;PFN1;RRAS;TUBG1;GAMT;CRAT,age_changes_TH2_02062026
UV Response Dn,0.9985743003595374,-0.18931309825614537,-0.6716782678501515,SPOP;YTHDC1;NEK7;PIK3CD;PTEN;ATP2C1;ZMIZ1;PTPRM;DBP;PEX14;MAPK14;MT1E;RUNX1;SMAD3;PDLIM5;ATP2B4;PIAS3,age_changes_TH2_02062026
Inflammatory Response,1.0,-0.2140828042770723,-0.7811734953792688,TNFSF10;SELENOS;PTGER4;LCK;RHOG;SELL;CD82;ATP2C1;GNA15;PTPRE;RAF1;TIMP1;ATP2A2;CD55;HIF1A;RTP4;IRF7;SLC11A2;GPR132;IFNGR2;LY6E;EMP3;ABI1;IRAK2;IL15;EIF2AK2;ATP2B1;SLC31A1;P2RX7;CD14;ICAM1;PLAUR;IL2RB;AHR;ADGRE1;SLC31A2;SLC7A1;KIF1B;IRF1;CSF3R;CSF1;ADRM1;C3AR1;PTGER2;GCH1;RGS16,age_changes_TH2_02062026
heme Metabolism,1.0,-0.2629719058637039,-0.968176246647259,BLVRA;HEBP1;GCLC;MARK3;CCDC28A;UCP2;NEK7;CAT;BPGM;ADD1;TFDP2;SLC2A1;RNF123;ALAD;GCLM;PPOX;NCOA4;FOXJ2;FBXO7;MINPP1;ACSL6;SLC25A38;GDE1;PIGQ;HTRA2;DCAF11;TRAK2;ACP5;MAP2K3;MOSPD1;UROS;RCL1;CTSB;SLC11A2;BACH1;KAT2B;SLC10A3;SEC14L1;FOXO3;TSPAN5;PPP2R5B;GMPS;ALDH6A1;NFE2L1;BTRC;HTATIP2;UROD;FECH;NNT;UBAC1;ATG4A;RANBP10;DMTN,age_changes_TH2_02062026
KRAS Signaling Up,1.0,-0.22419074963393504,-0.8037176380339671,IL2RG;PRELID3B;FUCA1;CBR4;AMMECR1;BPGM;GADD45G;TRIB2;TOR1AIP2;RABGAP1L;ITGB2;ADAM17;AVL9;CCND2,age_changes_TH2_02062026
Allograft Rejection,1.0,-0.24963568597965538,-0.9198323726653386,IL2RG;IL2RA;CD40LG;NME1;TRAT1;IKBKB;CD247;UBE2N;LCK;MAP3K7;GALNT1;PRKCB;CSK;HCLS1;CD3G;ITGB2;CD79A;IFNAR2;CCND2;GBP2;AKT1;LY75;CD47;IFNGR1;TIMP1;CFP;TAP1;EIF3J;ELF4;DEGS1;HIF1A,age_changes_TH2_02062026
IL-6/JAK/STAT3 Signaling,1.0,-0.25398284133526683,-0.8523785219087464,IL2RG;IL2RA;IRF9;ITGA4;STAT2;PTPN1;IFNGR1;IL17RA;MAP3K8;BAK1;PTPN11;IFNGR2;LTB;IL9R;TNFRSF1A;PF4;CD14;IL6ST,age_changes_TH2_02062026
Mitotic Spindle,1.0,-0.2395534667911657,-0.88772755221541,RALBP1;SPTBN1;MID1IP1;KIF5B;RFC1;CDC42;MAP1S;PAFAH1B1;AKAP13;RAPGEF6;CAPZB;CEP192;BCR;CKAP5;TUBGCP6;KIFAP3;SUN2;NEDD9;CEP57;SMC4;CLASP1;DYNC1H1;KIF22;APC;PCNT;CD2AP;ARL8A;SASS6;TUBGCP5;ABR;GEMIN4;ARF6;PDLIM5;SMC3;CNTRL;KIF3B;STK38L;NCK1;MAP3K11;PLEKHG2;CYTH2;ABI1;RICTOR;NUMA1;KIF20B;KATNB1;FLNB,age_changes_TH2_02062026
mTORC1 Signaling,1.0,-0.25486468204204044,-0.9471406171036811,CTSC;PSMA4;PSMG1;PNP;RDH11;GCLC;ENO1;ATP6V1D;PSMD13;PSMA3;SHMT2;LDHA;COPS5;GTF2H1;ACTR3;NUP205;DDX39A;CORO1A;ITGB2;HSPA4;SLC2A1;SC5D;GGA2;TM7SF2;UCHL5;IDH1;MTHFD2L;PGK1;GSR;CFP;ATP2A2;ACTR2;MAP2K3;GLRX;DHCR7;EEF1E1;PDK1;YKT6;NMT1;TXNRD1;PSMD14;IDI1;EBP;PSPH;ADD3;UBE2D3;IMMT;CCT6A;STARD4;RIT1;ACSL3;PSMC4;GMPS;SRD5A1;GSK3B;SLC9A3R1;GLA;HSPD1;IFRD1;GOT1;TRIB3,age_changes_TH2_02062026
IL-2/STAT5 Signaling,1.0,-0.21740614740316166,-0.8055054592857452,TNFSF10;IL2RA;HOPX;PNP;PHTF2;CD81;SELL;PRAF2;PLIN2;GBP4;RABGAP1L;BCL2L1;NCOA3;CCND2;SNX14;ADAM19;CCR4;IFNGR1;PLSCR1;HUWE1;DENND5A;MAP3K8;FURIN;UMPS;SNX9;IGF2R;MAFF;SYT11;MYO1C;CD83;ARL4A;TTC39B;NT5E;ALCAM;GLIPR2,age_changes_TH2_02062026
Apoptosis,1.0,-0.19144104200046533,-0.6995274485500431,TNFSF10;BID;XIAP;CASP8;ADD1;CTNNB1;BCL2L1;PAK1;CASP6;CCND2;GNA15;SC5D;NEDD9;CREBBP;GSTM1;DNAJA1;RETSAT;IFNGR1;GSR;TIMP1;TAP1;APP;RNASEL;CASP2;IER3;IGF2R;CASP9;PLCB2,age_changes_TH2_02062026
KRAS Signaling Dn,1.0,-0.24146585851481953,-0.8020732582991235,CD40LG;LFNG;DTNB;CLSTN3;PLAG1;ASB7;ZBTB16;PDK2;BARD1;COQ8A;SNN;KMT2D;MTHFR;RSAD2;IFI44L;CDKAL1;PDCD1;MFSD6;PRKN;STAG3;SGK1;GTF3C5;CCDC106;SKIL;GAMT;MSH5;SPHK2;SLC16A7;VPS50;PTPRJ;SLC29A3;CCR8,age_changes_TH2_02062026
p53 Pathway,1.0,-0.22907671319579495,-0.8485833217059637,MKNK2;IP6K2;CTSD;SLC3A2;FUCA1;RAD9A;CD81;DEF6;VAMP8;CD82;TRAFD1;SP1;PMM1;EI24;CCND2;CTSF;SERTAD3;PTPRE;LDHB;RETSAT;PLK3;ELP1;TAP1;BLCAP;PITPNC1;APP;ZBTB16;HRAS;BAK1;IER3;NOL8;POM121;TRIAP1;COQ8A;RHBDF2;IRAK1;RAP2B;FOXO3;RCHY1;UPP1;MDM2,age_changes_TH2_02062026
Coagulation,1.0,-0.2379341955563746,-0.7805250944528993,DUSP14;PEF1;RABIF;RAC1;CTSO;TIMP1;CTSH;FURIN;CTSB;CASP9;MAFF;KLF7;CFH;PREP,age_changes_TH2_02062026
Unfolded Protein Response,1.0,-0.2432053279830666,-0.8816375549219404,KIF5B;BANF1;EIF4A1;EXOSC5;ATP6V0D1;DDX10;EIF2S1;TTC37;CKS1B;EIF4EBP1;CEBPG;EIF4G1;NFYB;EXOSC2;ARFGAP1;ZBTB17;LSM1;IMP3;PDIA6;GEMIN4;SRPRB;EXOSC4,age_changes_TH2_02062026
Allograft Rejection,0.0,0.4810946500160362,2.258068546041169,HLA-DRA;CCL5;HLA-DQA1;GZMA;HLA-DMA;CD74;FLNA;NCF4;CD8A;IFNG;TIMP1;F2R;CTSS;STAT4;FAS;TAPBP;IL2RB;GZMB;CDKN2A;MAP4K1;HLA-DMB;CCL4;GPR65;CD3E;ACVR2A;CD8B;STAT1;SRGN;PRF1;CXCR3;BCL3;ITGB2;HLA-E;TAP1;TPD52;FGR;CD2;KLRD1;ST8SIA4;CD96;LCP2;HIF1A;NCK1;HCLS1;ITK;WAS;SPI1;ICAM1;ITGAL;HLA-A;RIPK2;CAPG;JAK2;IGSF6;ELF4;CSF1,age_changes_TPH_02062026
Epithelial Mesenchymal Transition,0.0,0.49551043264665895,2.10298998713665,LGALS1;GLIPR1;FLNA;ITGB1;TIMP1;EMP3;ENO2;FAS;ACTA2;VCAN;IL32;PPIB;VIM;PLOD3;RHOB;SGCB;TGFBI;TNFAIP3;CXCL8;WIPF1;TGFBR3,age_changes_TPH_02062026
IL-2/STAT5 Signaling,0.005718502121379819,0.3916332836449964,1.8878765744437425,HOPX;CST7;BHLHE40;PTGER2;AHNAK;PHLDA1;GLIPR2;MAP3K8;SYT11;PRNP;IL2RB;XBP1;PLEC;SERPINB6;IL10RA;GPR65;SYNGR2;IL18R1;TNFRSF18;PIM1;AHR;FLT3LG;RABGAP1L;RHOB;BATF;TRAF1;KLF6;RNH1;CDC42SE2;MYO1C;NFKBIZ;NDRG1;EOMES;CTLA4;FGL2;ITGAE;ADAM19;GPX4;SLC2A3;BCL2L1;ODC1;SNX14;PLPP1;IFITM3;RORA;BCL2,age_changes_TPH_02062026
Interferon Gamma Response,0.006372045220966085,0.38780011163232114,1.8587416956555227,CCL5;HLA-DRB1;HLA-DQA1;GZMA;HLA-DMA;CD74;TXNIP;PFKP;STAT4;UPP1;FAS;LY6E;TAPBP;IL2RB;STAT3;PDE4B;IL15RA;ITGB7;ZBP1;IL10RA;MVP;STAT1;CASP1;PIM1;IFITM2;BTG1;SOD2;IL18BP;TAP1;ZNFX1;PSME1;TNFAIP3;PELI1;ST8SIA4;LCP2;PSMB9;FGL2;CFH;HIF1A;CASP8;PTPN1;CD274;IFITM3;SLAMF7;CD69;ICAM1;HLA-A;RIPK2;NUP93;NLRC5;HLA-B;JAK2,age_changes_TPH_02062026
Complement,0.006862202545655783,0.40256639119095267,1.8942617122497913,CCL5;CLU;LGALS3;DPP4;GZMA;TIMP1;APOBEC3G;S100A9;CPQ;ANXA5;CTSS;GZMB;GCA;PLEK;GATA3;HSPA5;CSRP1;CASP1;F8;PIM1;SPOCK2;S100A12;GZMK;PRCP;CTSH;KIF2A;SERPINA1;TNFAIP3;ITGAM;DOCK10;EHD1;LCP2;PSMB9;CFH;HSPA1A;GNB2;WAS;LIPA;FCN1;RNF4;JAK2;XPNPEP1;PIK3R5,age_changes_TPH_02062026
Coagulation,0.006862202545655783,0.47012777606333306,1.9538301322502505,CLU;DPP4;TIMP1;CPQ;CAPN2;CRIP2;ANXA1;PLEK;CSRP1;F8;CD9;CTSH;SERPINA1;RAC1;CFH;ISCU;GNB2,age_changes_TPH_02062026
Apoptosis,0.006862202545655783,0.4198674157704926,1.9433493806683215,CLU;TSPO;LGALS3;TXNIP;TIMP1;F2R;ENO2;FAS;SLC20A1;HMGB2;ANXA1;LMNA;BTG3;CASP1;BAX;DPYD;PRF1;EBP;SOD2;DNAJC3;CDC25B;TAP1;RHOB;CD2;PPP2R5B;PEA15;NEDD9;SQSTM1;RARA;TGFBR3;CASP8;SOD1;GPX4;BCL2L1;DAP;FDXR;IFITM3;PPT1;CD69;RHOT2;BIRC3;RELA;CTNNB1;MCL1;ATF3;GADD45B;MADD,age_changes_TPH_02062026
Hypoxia,0.014036323388841372,0.35345969715614006,1.6733155565783968,BHLHE40;S100A4;ANXA2;RBPJ;PFKP;CITED2;ENO2;PFKL;DDIT4;HSPA5;TPI1;CXCR4;MYH9;PIM1;MIF;GPI;BTG1;TPD52;ALDOA;IDS;TGFBI;KLF6;TNFAIP3;DUSP1;LDHA;WSB1;SLC2A1;ZFP36;NDRG1;FOSL2;TPST2;PAM;SLC2A3;PGK1;NR3C1;PNRC1;RORA;BCL2;HK1,age_changes_TPH_02062026
Reactive Oxygen Species Pathway,0.014753735473159934,0.44727888357550794,1.684408031031425,TXN;PFKP;PRNP;CDKN2D;FTL;LSP1;PRDX6;PRDX2;SOD2;PRDX1;PRDX4;SOD1;GPX4,age_changes_TPH_02062026
TNF-alpha Signaling via NF-kB,0.015868843386829,0.3554169297349128,1.707570614972146,CCL5;BHLHE40;PHLDA1;MAP3K8;MSC;LITAF;PDE4B;IL15RA;PLEK;CCL4;BTG3;IL7R;DUSP4;ZC3H12A;BTG1;BCL3;SOD2;TAP1;NINJ1;RHOB;TRAF1;TUBB2A;KLF6;TNFAIP3;DUSP1;CLCF1;ZFP36;TANK;SQSTM1;TGIF1;FOSL2;EHD1;SLC2A3;PNRC1;DUSP2;NFE2L2;CD69;ICAM1;KLF10;RIPK2;BIRC3;CSF1;RELA;SDC4;MCL1;ATF3;NR4A3;GADD45B;TNF;BCL6;TNIP1;PER1;PDLIM5;SOCS3;TIPARP,age_changes_TPH_02062026
Angiogenesis,0.016011805939863493,0.6181249733469975,1.6897521013014614,S100A4;TIMP1;VCAN;LRPAP1,age_changes_TPH_02062026
Inflammatory Response,0.02401770890979524,0.34075804778048063,1.5878914693462374,CCL5;CD70;PTGER2;TIMP1;EMP3;LY6E;TAPBP;CD82;IL2RB;PDE4B;IL15RA;IL10RA;CYBB;ACVR2A;IL7R;IL18R1;NOD2;KCNA3;AHR;OSM;KLF6;CXCL8;KIF1B;LCP2;IFITM1;HIF1A;CD69;ICAM1;RIPK2;CSF1;PIK3R5;RELA;BEST1;BST2,age_changes_TPH_02062026
mTORC1 Signaling,0.027712741049763737,0.3179394183473722,1.5580807143622695,BHLHE40;TUBA4A;CANX;XBP1;CALR;PFKL;DDIT4;HSP90B1;SKAP2;HSPA5;PSMD14;HSPA9;TPI1;CXCR4;RPN1;SLC7A5;GPI;EBP;CCNG1;ITGB2;YKT6;ELOVL6;ACSL3;PRDX1;UCHL5;SLC9A3R1;ELOVL5;HPRT1;ALDOA;CD9;IDH1;GGA2;LDHA;SLC2A1;SQSTM1;M6PR;FGL2;SLC2A3;PGK1;UFM1;FDXR;SSR1;DHCR7;ACLY;UBE2D3;HSPA4;HSPE1;MTHFD2L;PSME3;SLC1A4;TFRC,age_changes_TPH_02062026
p53 Pathway,0.042153529923314094,0.3149894792404438,1.4934942265200195,TXNIP;STOM;S100A4;S100A10;F2R;UPP1;FAS;CD82;DDB2;ZNF365;CDKN2A;DDIT4;SEC61A1;RPS27L;TOB1;PERP;CASP1;BAX;AEN;PVT1;RHBDF2;MAPKAPK3;BTG1;CCNG1;SLC3A2;TAP1;NINJ1;CCP110;PMM1;SERTAD3;NDRG1;KIF13B;DNTTIP2;ISCU,age_changes_TPH_02062026
Protein Secretion,0.050780298837852796,0.33604134723550066,1.4537502700790537,CD63;TMED2;STAM;ATP1A1;RAB9A;YKT6;AP3S1;TPD52;ARF1;RAB5A;AP1G1;TMED10;ARFIP1;NAPA;KIF1B;GALC;SCAMP3;RAB14;M6PR;PAM;SOD1;AP2B1;PPT1;ZW10;ARCN1;YIPF6,age_changes_TPH_02062026
Fatty Acid Metabolism,0.05511206419479801,0.3098164973164451,1.4358190967768045,LGALS1;GLUL;S100A10;PCBD1;ENO2;ACADVL;ACO2;ERP29;PRDX6;MIF;FASN;HSD17B11;PSME1;ELOVL5;ALDOA;IDH1;PPARA;LDHA;SERINC1;DLST;ACSL5;IDH3G;BLVRA;ODC1;BCKDHB;NBN;NCAPH2;ACOT2;UGDH;CBR3;RAP1GDS1;SLC22A5;MDH2,age_changes_TPH_02062026
TGF-beta Signaling,0.05766711420318158,-0.45413229305048886,-1.5211369693426455,ID3;SPTBN1;SKIL;TRIM33;CDK9;HIPK2;NOG;HDAC1;FNTA;ARID4B;CDKN1C;SMURF2;SKI;FURIN,age_changes_TPH_02062026
Myogenesis,0.06252228986041936,0.318354192754952,1.3976147566841937,CLU;BHLHE40;ITGB1;SORBS3;PRNP;DAPK2;FXYD1;TPM3;SYNGR2;LSP1;MYH9;SH2B1;AGL;GNAO1;MYO1C,age_changes_TPH_02062026
Estrogen Response Late,0.06276897034408672,0.2968326218036052,1.4059504922768888,S100A9;FKBP5;XBP1;TOB1;LSR;BTG3;PERP;SLC16A1;SLC7A5;SLC9A3R1;ELOVL5;BATF;SNX10;HPRT1;CD9;SERPINA1;NCOR2;ZFP36;FABP5;NBL1;DYNLT3;DUSP2;ATP2B4;BCL2;DHCR7;MAPK13;JAK2;UGDH;CISH;SLC1A4;ITPK1;SLC22A5,age_changes_TPH_02062026
Unfolded Protein Response,0.07241429528442023,0.3036462221405652,1.3672525236781228,HERPUD1;PDIA6;XBP1;ERN1;CALR;DDIT4;HSP90B1;EEF2;HSPA5;HSPA9;SLC7A5;DNAJC3;EXOC2;HYOU1;SRPRA;TUBB2A;DCTN1;YWHAZ;SSR1;EIF4EBP1;POP4;SPCS1;NHP2;SLC1A4;EXOSC10;ATF3;SPCS3;XPOT,age_changes_TPH_02062026
Notch Signaling,0.08510923959477604,-0.5470125608005179,-1.5230111395575012,LFNG;MAML2;RBX1;PRKCA;DTX1;HES1;NOTCH1;KAT2A,age_changes_TPH_02062026
G2-M Checkpoint,0.09310997192725498,-0.35881999903157213,-1.4438199234238511,SMC4;STMN1;MTF2;RBM14;CKS2;CENPF;HNRNPD;MKI67;NASP;MAPK14;HMGA1;MT2A;TOP1;CCNB2;CUL3;BIRC5;MNAT1;UPF1;CHAF1A;SNRPD1;DDX39A;TROAP;RPA2;CTCF;CENPE;UBE2S;PAFAH1B1;HIRA;HMGB3;SRSF2;TOP2A;CDK4;ARID4A;CDKN3;KPNA2;FOXN3;TLE3;CDC20;TACC3;PRPF4B;LBR;RAD23B;NUP50;CASP8AP2;FBXO5;G3BP1;E2F3;ORC6;ORC5;GSPT1;SRSF1;AURKA;KMT5A;CKS1B;SMC1A;SFPQ;KIF5B;SMARCC1;SS18;KNL1;GINS2;ABL1;FANCC;KATNA1;TENT4A;TPX2;MYBL2;NOLC1;CDC27;PRIM2,age_changes_TPH_02062026
Oxidative Phosphorylation,0.10373896415639368,-0.3427611587198396,-1.389038985046201,TIMM8B;DECR1;NDUFA7;NDUFB3;TIMM13;FXN;NDUFV2;ATP6V1D;ACADM;NDUFB8;SUCLG1;NDUFC2;NDUFA2;NDUFS2;ATP5PO;ATP5F1C;TIMM17A;ETFB;MRPS11;NDUFA9;PDHB;SLC25A5;SDHD;MRPL15;UQCRH;MTX2;ECH1;ECI1;MRPL35;ATP6V1C1;NDUFS8;LDHB;PDHX;NDUFS6;MDH1;SURF1;HSD17B10;TOMM70;CYCS;CYB5A;ATP5MF;PDHA1;UQCRQ;ATP5PF;SUCLA2,age_changes_TPH_02062026
Myc Targets V1,0.10714024166971806,-0.38495964857169074,-1.5639443325856692,HDDC2;PSMA4;YWHAE;HNRNPD;HDGF;IMPDH2;EIF4A1;TRIM28;EIF3B;PSMC6;TCP1;SNRPG;NME1;TARDBP;SET;SNRPB2;TXNL4A;RFC4;EIF4E;SERBP1;NOP56;FAM120A;PCNA;PSMA2;SNRPD1;DDX18;GNL3;TYMS;SRM;PSMC4;CSTF2;CCT2;PSMA1;CBX3;HDAC2;PRPF31;SRSF2;TOMM70;CDK4;ERH;KPNA2;APEX1;CDC20;RSL1D1;NOP16;NAP1L1;MRPL23;EIF3J;CCT5;SRSF3;ACP1;RAD23B;EIF2S1;G3BP1;C1QBP;LSM2;CLNS1A;RPS10;PRDX3;GSPT1;POLE3;SRSF1;CTPS1;EIF2S2;CYC1;MRPL9;DDX21;COPS5;PSMD3;SMARCC1,age_changes_TPH_02062026
PI3K/AKT/mTOR  Signaling,0.11548883192969608,-0.3782637011531498,-1.3981007301966466,MKNK2;IL2RG;CSNK2B;ATF1;HRAS;PRKAG1;MAP2K6;LCK;MAP2K3;EIF4E;PRKCB;AKT1S1;ECSIT;SMAD2;ACTR2;PPP2R1B;MAPK9;MAPK8;ITPR2;CDK4;RPS6KA3;MAPKAP1;PDK1;PIKFYVE;MAPK1;RAF1;UBE2N;VAV3;AKT1;GRK2;CAB39,age_changes_TPH_02062026
Apical Surface,0.11734366353071389,0.3702953018155447,1.2852477614550935,MAL;IL2RB;GATA3;CRYBG1;FLOT2;CROCC,age_changes_TPH_02062026
Cholesterol Homeostasis,0.1619153029224972,0.3037171457374518,1.2307534989282938,CLU;LGALS3;ANXA5;ANTXR2;EBP;FASN;CD9;LSS;FABP5;PNRC1;MVK;DHCR7,age_changes_TPH_02062026
Pancreas Beta Cells,0.18256318022505075,0.42094799893031315,1.1898760259138843,DPP4;SRP14;AKT3;SPCS1,age_changes_TPH_02062026
KRAS Signaling Up,0.1830960406499975,0.2642441437748612,1.2044272662408524,PRDM1;ADAM8;CTSS;MAP4K1;IL10RA;LCP1;ACE;IL7R;CXCR4;KIF5C;CDADC1;PCSK1N;ITGB2;RABGAP1L;TRAF1;TNFAIP3;NAP1L2;MMD;CFH;FBXO4;CROT,age_changes_TPH_02062026
Pperoxisome,0.19035153148384304,0.2808971493327963,1.1900613381093588,TSPO;GSTK1;ABCD2;MVP;SOD2;PRDX1;HSD17B11;CNBP;ELOVL5;SLC25A4;ATXN1;IDH1;ACSL5;PABPC1;SOD1,age_changes_TPH_02062026
KRAS Signaling Dn,0.21938239960942268,-0.36109177374347035,-1.2873721475213533,LFNG;CHST2;STAG3;MX1;SKIL;SNN;GAMT;LYPD3;CCDC106;PDK2;IFI44L;PDCD1;ZBTB16;KCNMB1;PTPRJ;GTF3C5;RSAD2;KRT1;RYR1;CD80;COQ8A;OXT;VPS50;SPHK2;CAMK1D;TCL1A;SLC5A5;BARD1;NR4A2;ZC2HC1C;C5;COPZ2;SLC16A7,age_changes_TPH_02062026
IL-6/JAK/STAT3 Signaling,0.2691355838406198,0.27618619619020485,1.1247537106166277,MAP3K8;FAS;STAT3;IL15RA;STAT1;IL18R1;PIM1;CD9;IL9R;PTPN1;STAM2;CSF1;PIK3R5;TNFRSF1B;TNF;SOCS3;CSF3R,age_changes_TPH_02062026
DNA Repair,0.2907576928814571,-0.3094482024933215,-1.2178451614918546,GTF2H5;TSG101;NELFB;IMPDH2;SRSF6;ZNRD1;NME1;ADA;RFC4;UMPS;TAF10;SDCBP;RBX1;TAF12;PCNA;UPF3B;RNMT;ZWINT;RPA2;TYMS;USP11;TP53;POLR2G;SURF1;RPA3;POM121;POLR2C;TAF13;POLR2H;ALYREF;BOLA2;CETN2,age_changes_TPH_02062026
E2F Targets,0.2973953374832174,-0.2953775158253911,-1.2003183404335962,SMC4;STMN1;CKS2;HNRNPD;MKI67;NASP;NME1;HMGA1;CCNB2;BIRC5;NOP56;PCNA;DDX39A;RPA2;CBX5;CTCF;CENPE;TP53;UBE2S;RPA3;TK1;HMGB3;PAICS;SRSF2;RRM2;TOP2A;DCK;CDK4;CDKN3;LUC7L3;KPNA2;DCTPP1;CDC20;DLGAP5;NAP1L1;UBE2T;NCAPD2;TACC3;MRE11;SNRPB;TUBG1;LBR;PNN;EIF2S1;CCNE1;RPA1;NUP107;ORC6;GSPT1;SRSF1;AURKA;CTPS1;CKS1B;CENPM;SMC1A;TIPIN;MELK;ING3;CHEK2;EXOSC8,age_changes_TPH_02062026
Estrogen Response Early,0.30389754130761326,0.23102674145637722,1.0895936391386964,BHLHE40;SH3BP5;FKBP5;MREG;XBP1;TOB1;SLC16A1;MYBL1;SLC7A5;FASN;SLC9A3R1;ELOVL5;SLC39A6;NCOR2;SLC2A1;NBL1;RARA;DYNLT3;GAB2;BCL2;KLF10;DHCR7;MYBBP1A;JAK2;CISH;SLC1A4;ITPK1;SLC22A5,age_changes_TPH_02062026
Apical Junction,0.30468179302711673,0.2351562638748599,1.0770935395941086,ACTN4;ITGB1;SORBS3;VCAN;CD99;SKAP2;PIK3CB;MYH9;CTNNA1;AMIGO2;VCL;ZYX;NECTIN3;TRAF1;TGFBI;MSN;MYL12B;PLCG1;CD274;AKT3;ICAM1;MAPK13;EXOC4,age_changes_TPH_02062026
Glycolysis,0.30477644409671206,0.23533253908198712,1.0834064517483022,TXN;PFKP;CITED2;ENO2;VCAN;DDIT4;HSPA5;TPI1;CXCR4;MIF;GFPT1;AGL;CHPF2;ALDOA;TGFBI;PGAM1;IDH1;KIF2A;ARPP19;LDHA;PKM;PAM;SOD1;PGK1,age_changes_TPH_02062026
Xenobiotic Metabolism,0.30827125282022905,0.23675515291331298,1.0989113720168688,DHRS7;UPP1;FAS;ABCD2;SSR3;ACO2;CES1;NINJ1;ELOVL5;HPRT1;SLC35B1;PTGDS;IDH1;PMM1;ARPP19;ASL;MTHFD1;POR;NPC1;CROT,age_changes_TPH_02062026
Adipogenesis,0.31324683842669454,0.23145933380222145,1.0903780235611642,MGST3;STOM;DHRS7;RAB34;REEP5;PFKL;TOB1;ACO2;RNF11;ELOVL6;UBC;RIOK3;ALDOA;COX8A;PHYH;IDH1;TANK;IDH3G;CHCHD10;CMPK1;SOWAHC;PTCD3;SOD1;GPX4;POR;YWHAG;DHCR7;ACLY;G3BP2;MCCC1;ESYT1;CD151;MDH2;GPHN;BCL6;BCKDHA;BAZ2A;SLC19A1;AK2;APLP2;UQCR11;PREB;QDPR,age_changes_TPH_02062026
Wnt-beta Catenin Signaling,0.32252227511290127,-0.40494763145708274,-1.2198999098268324,TCF7;LEF1;CSNK1E;TP53;HDAC2;FRAT1;NOTCH1;SKP2;KAT2A;CCND2;MAML1,age_changes_TPH_02062026
Androgen Response,0.49036372513120957,-0.29977008540918954,-1.0912110812549267,ACTN1;TNFAIP8;ELK4;ZBTB10;MAF;VAPA;SRF;IDI1;SLC38A2;RAB4A;HPGD;STK39;HERC3;RPS6KA3;HMGCS1;MAP7;AKT1;CENPN;TSC22D1,age_changes_TPH_02062026
Spermatogenesis,0.49043329671670943,-0.29618514182655503,-1.0474282617442803,POMC;STRBP;IP6K1;CSNK2A2;CCNB2;RFC4;ARL4A;TKTL1;SIRT1;TLE4;CDKN3;AGFG1;RPL39L;HSPA2;MAP7,age_changes_TPH_02062026
UV Response Up,0.49945262841637794,-0.28138124547005294,-1.0721349405957363,BCL2L11;BAK1;CDC34;PLCL1;AGO2;CYB5B;MARK2;IL6ST;RFC4;BID;AP2S1;CDC5L;RASGRP1;DGAT1;PRKACA;ATP6V1C1;EIF5;TST;AQP3;CDKN1C;POLR2H;MRPL23;HSPA2;IRF1;FURIN;CCNE1;STK25;SULT1A1;GLS;CASP3;POLE3;APOM;KCNH2,age_changes_TPH_02062026
Mitotic Spindle,0.5127215028350143,-0.2728393407081793,-1.0985262941067593,SMC4;BCL2L11;SPTBN1;DLG1;PLEKHG2;BIN1;YWHAE;CENPF;RANBP9;FLNB;RALBP1;CCNB2;BIRC5;PPP4R2;MID1IP1;RABGAP1;BCR;RAB3GAP1;CENPE;MYO1E;PAFAH1B1;RASA2;TUBD1;TLK1;TOP2A;HDAC6;ARFGEF1;EPB41;PREX1;STK38L;ARHGAP27;DLGAP5;PCNT;PCM1;FBXO5;RICTOR;TAOK2;CEP192;RAPGEF6;ALS2;MYH10;AURKA;RHOF;CNTRL;PIF1;SMC1A;MARK4;LRPPRC;KIF5B;MAPRE1;ABL1;KATNA1;CDK5RAP2;SAC3D1;DYNLL2;TPX2;NCK2;CENPJ;CDC27;GSN,age_changes_TPH_02062026
Interferon Alpha Response,0.5144238984498963,-0.2770858328443262,-1.021779626519741,SELL;PLSCR1;ISG15;IRF9;IRF7;MX1;USP18;IFIT3;SAMD9;LGALS3BP;NMI;PSMA3;IFIT2;IFI44L;TRIM25;MVB12A;IRF1;IFIH1;GBP2;RSAD2;SAMD9L;SLC25A28;EPSTI1;CCRL2;RTP4;OAS1;HERC6,age_changes_TPH_02062026
Myc Targets V2,0.5232114522850517,-0.30417886748808215,-1.0481659552862608,PPAN;NOP56;DDX18;GNL3;SRM;CBX3;BYSL;PRMT3;CDK4;IPO4;DCTPP1;NOP16;SLC29A2;NIP7,age_changes_TPH_02062026
Bile Acid Metabolism,0.5421140011068069,0.22650820030695146,0.9628658426639836,GSTK1;ABCD2;ABCA5;HSD17B11;ATXN1;OPTN;PHYH;IDH1;ACSL5;SOD1;NPC1;FDXR;CROT,age_changes_TPH_02062026
heme Metabolism,0.5886301792778628,-0.2479645884862843,-0.9725704270163671,KLF3;TNRC6B;UBAC1;HDGF;MPP1;KDM7A;DAAM1;GYPC;TOP1;CCDC28A;ANK1;HMBS;RBM38;SDCBP;MAP2K3;GLRX5;PGLS;CPOX;ACP5;FOXO3;AQP3;CDR2;EPB41;SLC30A1;RNF123;MARK3;BNIP3L;YPEL5;BLVRB;NEK7,age_changes_TPH_02062026
UV Response Dn,0.7847674844379348,-0.2336465948982989,-0.8600472927406418,DLG1;NFKB1;ICA1;MAPK14;MT1E;SPOP;CDK13;FYN;DBP;PRKCA;FBLN5;MIOS;MRPS31;ATP2B1;RASA2;TOGARAM1;LDLR;MGMT;NEK7;IGF1R;TGFBR2,age_changes_TPH_02062026
Hedgehog Signaling,0.9924325643842304,-0.2141265178612149,-0.5847559076559752,LDB1;TLE3;ETS2,age_changes_TPH_02062026
TGF-beta Signaling,0.0006402212604676176,-0.579100888255785,-1.911407778188009,NOG;ID3;TGIF1;SMAD7;ID2;HIPK2;PMEPA1;IFNGR2;SKI;SMAD3;SKIL;ARID4B;TRIM33;SPTBN1;FURIN;SMURF2,age_changes_Tregs_mem_02062026
Apoptosis,0.015980275773901927,0.4008915209139811,1.850008106484874,TSPO;LGALS3;BAX;TXNIP;CASP8;LMNA;BCL2L1;PMAIP1;FAS;ENO2;CASP1;BTG3;ATF3;SPTAN1;ETF1;HMGB2;SAT1;CDKN1B;DAP;BCL10;TAP1;SOD1;DNAJC3;ISG20;CD44;CDC25B;SQSTM1;MGMT;FDXR;TIMP1;DPYD;PLCB2;CREBBP;RHOT2;PEA15;NEDD9;MCL1;TOP2A;RNASEL;RETSAT;SOD2;RARA;CTNNB1,age_changes_Tregs_mem_02062026
Complement,0.048511551456487986,0.32232180030723906,1.4896335429875673,LGALS3;ANXA5;CCL5;CPQ;LIPA;S100A9;F5;CTSS;CSRP1;FCN1;SPOCK2;APOBEC3G;PSMB9;CASP1;PLEK;GZMB;PIK3R5;EHD1;CTSC;LCP2;SERPINA1;GCA;TIMP1;F8;VCPIP1,age_changes_Tregs_mem_02062026
Fatty Acid Metabolism,0.048919211552760994,0.3374788635922776,1.510316406560478,LGALS1;ELOVL5;PCBD1;ENO2;ERP29;ALDOA;PRDX6;ACSL5;RAP1GDS1;MIF;FH;SDHA;CPT2;ALDH9A1;UROS;MDH2;YWHAH;GRHPR;ECI2;ACSL4;HSD17B10;SERINC1;PSME1;ALAD;NCAPH2;PTS;ACOT2;S100A10;HADHB;HSD17B11;RETSAT;ODC1;BLVRA;ACSM3;ACSL1;HMGCS1,age_changes_Tregs_mem_02062026
Interferon Gamma Response,0.04931056524518308,0.32732723727878904,1.5544166165048843,HLA-DRB1;HLA-DQA1;HLA-DMA;CD74;TXNIP;CCL5;CD40;CASP8;PFKP;ST8SIA4;TAPBP;IL10RA;IL7;ZBP1;ARID5B;SRI;FAS;PSMB9;CASP1;IL18BP;RIPK1;VAMP5;PTPN2;SELP;TRIM26;TAP1;IL15RA;STAT1;ISG20;MTHFD2;MVP;TRIM14;NAMPT;OGFR;LCP2,age_changes_Tregs_mem_02062026
Allograft Rejection,0.05326758591300643,0.34042207653653883,1.616666210507161,HLA-DRA;HLA-DQA1;HLA-DMA;CD74;FLNA;CCL5;CD40;ST8SIA4;CXCR3;CTSS;TAPBP;HCLS1;CD96;HLA-DMB;GPR65;CDKN2A;IL7;SRGN;FAS;NCF4;GZMB;TPD52;BCL10;SPI1;TAP1;STAT1;MAP4K1;LCP2;APBB1;TIMP1;IL2RB;CD3E;IFNG;CCL4;HLA-DOA;ICAM1;PSMB10;IL12RB1,age_changes_Tregs_mem_02062026
IL-2/STAT5 Signaling,0.0551699996956138,0.3206556285655791,1.5142231579147938,CST7;AHNAK;TNFRSF9;PRNP;PLEC;CTLA4;BCL2L1;CDC42SE2;IL10RA;FLT3LG;GPR65;PHLDA1;GLIPR2;SYNGR2;RNH1;TIAM1;RORA;P4HA1;SELP;PLPP1;ALCAM;SYT11;LRRC8C;TRAF1;ANXA4;CD44;TNFRSF1B;XBP1;BATF;CCR4;FAM126B;IL2RB;NOP2;MYO1C,age_changes_Tregs_mem_02062026
Epithelial Mesenchymal Transition,0.057072413478221166,0.3630314020768256,1.5641960441140785,LGALS1;ITGB1;FLNA;VIM;EMP3;GLIPR1;FAS;ENO2;CADM1;SAT1;VCAN;WIPF1;CD44;IL32;TIMP1;COPA;CALU;SGCB;PLOD3,age_changes_Tregs_mem_02062026
KRAS Signaling Dn,0.06050090911418986,-0.4220418919204624,-1.5163645451073118,LFNG;CHST2;IFI44L;MX1;SNN;LYPD3;CAMK1D;SKIL;CCDC106;STAG3;PDK2;GAMT;VPS50;CD40LG;KCNMB1;SLC25A23,age_changes_Tregs_mem_02062026
Reactive Oxygen Species Pathway,0.07191124098255867,0.43399961868957426,1.6314585894292757,PRNP;TXN;PFKP;LSP1;PRDX1;PRDX6;TXNRD2;G6PD;SOD1;CDKN2D;PRDX2;PTPA;SCAF4;NQO1;OXSR1;SOD2;PRDX4;MBP,age_changes_Tregs_mem_02062026
Notch Signaling,0.07469248038788871,-0.5423800011234418,-1.5243336092282331,LFNG;HES1;PRKCA;RBX1;NOTCH1;DTX1,age_changes_Tregs_mem_02062026
Wnt-beta Catenin Signaling,0.09347230402827217,-0.5088440161263986,-1.5436982334349014,TCF7;FRAT1;TP53;LEF1;NOTCH1;AXIN2;CSNK1E;RBPJ;HDAC2;HDAC11;NUMB;PTCH1;MYC;MAML1;NKD1,age_changes_Tregs_mem_02062026
mTORC1 Signaling,0.10196937874775515,0.28203945732692726,1.3781198297826533,SLC1A4;ELOVL5;PRDX1;CCNG1;HPRT1;ALDOA;ETF1;P4HA1;G6PD;YKT6;SKAP2;RPN1;GAPDH;SLC9A3R1;PSME3;SDF2L1;MTHFD2;HSPE1;PFKL;NAMPT;HSP90B1;XBP1;CTSC;QDPR;SLC7A5;SQSTM1;FDXR;GPI;TPI1;TBK1;SSR1;GSK3B;CALR;MCM4;GTF2H1;DDX39A;SLA;PPA1;DHFR;FGL2;PNO1;ASNS;ACTR2;PIK3R3;PSMD14;HMGCS1;NUFIP1;DDIT4,age_changes_Tregs_mem_02062026
Unfolded Protein Response,0.10667352919202067,0.30470310999116884,1.3426967004789752,HERPUD1;SLC1A4;EEF2;PDIA6;ATF3;SPCS1;YWHAZ;DNAJC3;MTHFD2;SPCS3;HSP90B1;XBP1;SLC7A5;DNAJB9;PARN;SSR1;ATP6V0D1;LSM1;CALR;DCTN1;ASNS;EXOSC10;TUBB2A;DDIT4;ZBTB17;XPOT;EIF4G1;ALDH18A1;HYOU1;EIF4A2;EXOSC9;EDC4,age_changes_Tregs_mem_02062026
Pperoxisome,0.11391653730252944,0.3170271180542701,1.3478575094684613,TSPO;GSTK1;ELOVL5;PRDX1;ABCD2;CADM1;ACSL5;ABCC5;BCL10;SOD1;MVP;ALDH9A1;YWHAH;ECI2;ACSL4;ERCC3;TOP2A;HSD17B11;RETSAT;ATXN1;SOD2;SCP2;CNBP;ABCD1;ACSL1,age_changes_Tregs_mem_02062026
p53 Pathway,0.13012510273034425,0.27652614070646137,1.302200866364909,DDB2;BAX;RPS27L;S100A4;TXNIP;SLC3A2;AEN;PVT1;CCNG1;CDKN2A;FAS;STOM;CASP1;ATF3;CD82;SAT1;ABCC5;ANKRA2;TAP1;RB1;NINJ1;TM7SF3;TOB1;ZMAT3,age_changes_Tregs_mem_02062026
Protein Secretion,0.15866130946945484,0.2946764211986678,1.2547679759344283,STAM;CD63;SGMS1;PAM;SEC24D;TPD52;TMED2;YKT6;SOD1;ANP32E;ARF1;CTSC;ARFGAP3;AP2B1;RAB5A;ATP1A1;VAMP3,age_changes_Tregs_mem_02062026
Glycolysis,0.16138322457380078,0.2712746049969883,1.2615646414819717,TXN;PFKP;UGP2;ENO2;PAM;GOT2;ALDOA;P4HA1;PKM;G6PD;VCAN;CHPF2;SOD1;MIF;GLCE;ISG20;CD44;ALDH9A1;PGAM1;BPNT1;GMPPB;MDH2;AGL;TPI1,age_changes_Tregs_mem_02062026
Inflammatory Response,0.18887164033725992,0.2656135681183008,1.2219690580360145,CD70;TNFRSF9;CCL5;CD40;EMP3;TAPBP;IL10RA;SRI;ADRM1;KCNA3;CD82;PIK3R5;IL15RA;NAMPT;TNFRSF1B;LCP2;GPR132;CYBB;TIMP1;IL2RB,age_changes_Tregs_mem_02062026
Mitotic Spindle,0.21196694365811342,0.24262709083666625,1.1639174381808466,FLNA;EZR;ACTN4;ARHGDIA;PCGF5;CENPE;NUSAP1;TIAM1;SPTAN1;HOOK3;ARHGAP10;MYH9;NDC80;RABGAP1;CNTROB;PRC1;LATS1;KIFAP3;KIF20B;RHOT2;PXN;BRCA2;NEDD9;CEP250;STK38L;CEP57;INCENP;CD2AP;STAU1;TOP2A;ALMS1;CLASP1;ABR;CKAP5,age_changes_Tregs_mem_02062026
Bile Acid Metabolism,0.2163945614195291,0.2796978617835609,1.1678404983740247,GSTK1;PEX16;OPTN;ABCA2;ABCD2;ACSL5;SOD1;ALDH9A1;FDXR;PAOX;HSD17B11;RETSAT;ATXN1;SCP2;PHYH;ABCD1;PECR;ACSL1;LIPE,age_changes_Tregs_mem_02062026
Coagulation,0.2168751712172404,0.29613143405022896,1.1834898636196094,CAPN2;CPQ;CSRP1;PLEK;WDR1;SERPINA1;TIMP1;CRIP2;F8;PREP;ISCU;ADAM9;RAC1;CTSO;LAMP2;GNB2,age_changes_Tregs_mem_02062026
Angiogenesis,0.22258241256506256,0.46346770241056745,1.1710322517173657,S100A4;LRPAP1;VCAN;TIMP1,age_changes_Tregs_mem_02062026
Myogenesis,0.22415190393571363,0.2724456968909199,1.1869285398125156,ITGB1;PRNP;TPM3;LSP1;SYNGR2;SPTAN1;FXYD1;MYH9;DMPK;RB1;SORBS3;AGL;PKIA;ATP6AP1;NQO1;FLII;MYO1C,age_changes_Tregs_mem_02062026
Apical Junction,0.23057255045201352,0.2542722582489796,1.1439486768412686,ITGB1;ACTN4;ZYX;CTNNA1;CD99;ARHGEF6;MYH9;CNN2;VCAN;SKAP2;ADAM15;TRAF1;SORBS3;YWHAH;PIK3CB;SYMPK;ICAM1;ADAM9;PIK3R3;VASP;EVL;MAPK13;CAP1;PLCG1;AKT2;TGFBI;EXOC4;B4GALT1;STX4;NF2;IKBKG;RHOF;HRAS;LAYN;MSN,age_changes_Tregs_mem_02062026
Estrogen Response Late,0.31753015498792136,0.23962157741898174,1.0855715476004475,SLC1A4;S100A9;ELOVL5;HPRT1;RNASEH2A;BTG3;DYNLT3;TIAM1;SLC9A3R1;ISG20;AFF1;TOB1;CD44;XBP1;SLC7A5;BATF;SERPINA1;FKBP5;SNX10,age_changes_Tregs_mem_02062026
Myc Targets V1,0.3751696586340239,-0.31867045419814855,-1.3014630985470435,PSMA4;EIF4A1;SRSF3;SNRPG;SERBP1;EIF3J;FAM120A;PSMC6;DDX18;HDDC2;GSPT1;CCT2;EEF1B2;RPS10;EIF3B;TRIM28;PSMA2;RSL1D1;NOP56;DHX15;TARDBP;HNRNPD;PHB;SMARCC1;COPS5;GNL3;RPL22;PRDX3;IMPDH2;CLNS1A;TCP1;SRSF2;RPS5;SNRPB2;HDGF;PSMD8;SRM;POLE3;RPS6;C1QBP;HNRNPA2B1;CCT4;CYC1;RPL6;DDX21;IFRD1;MRPL23;CCT5;RPS2;ABCE1;HDAC2;SET;SYNCRIP;CCT7;RACK1;NOP16;YWHAE;TRA2B;CCNA2;CDK4;CSTF2;RPL34;PSMD3;MYC;NAP1L1;USP1;SRSF7;APEX1;SNRPD3,age_changes_Tregs_mem_02062026
Cholesterol Homeostasis,0.394643332155491,0.2605537534768521,1.0414933164727125,LGALS3;ANXA5;ABCA2;ATF3;PMVK;ALCAM;LSS;ETHE1;ANTXR2;SREBF2;GUSB;CTNNB1;FABP5;HMGCS1,age_changes_Tregs_mem_02062026
Interferon Alpha Response,0.43012198349082775,-0.33642059792493517,-1.2594634876594348,IFIT2;IRF9;PLSCR1;IFI44L;IRF7;USP18;MX1;ISG15;IFI27;IFIT3;IRF1;SAMD9L;NMI;SP110;CNP;IFI44;RTP4;SAMD9;IL4R;EPSTI1;NCOA7;BST2;PNPT1;SELL;SLC25A28;HERC6;IFI35;RSAD2;OAS1;EIF2AK2;HELZ2,age_changes_Tregs_mem_02062026
E2F Targets,0.46932548016923875,0.20643770240299456,1.0016989728794043,PTTG1;POLD1;ATAD2;CDKN2A;SHMT1;RNASEH2A;CENPE;POLE;HELLS;HMGB2;CDKN1B;ASF1A;MCM6;TCF19;RBBP7;SMC6;MTHFD2;ANP32E;EED;RAD21;CDC25B;BRCA2;MMS22L;MCM4;CDKN3;POLD3;DDX39A;TOP2A;MAD2L1;PRDX4;LBR;TK1;DUT;XPO1;CSE1L;ILF3;UNG;PRIM2;DONSON;ASF1B;WEE1;STAG1;MXD3;SMC1A;RFC2;UBE2T;BARD1;TMPO;DEK;RFC1;PHF5A;TFRC;LYAR;SSRP1;JPT1;EZH2;CHEK1;KIF22;CCP110,age_changes_Tregs_mem_02062026
IL-6/JAK/STAT3 Signaling,0.5854366126076028,-0.33580663655297033,-1.1934747267403443,CD38;IL6ST;IRF9;IL2RG;ITGA4;TNFRSF1A;IFNGR2;IRF1;LTB;IL17RB;BAK1,age_changes_Tregs_mem_02062026
Xenobiotic Metabolism,0.6056493124023663,-0.2828196966780562,-1.097354426936375,DDAH2;CSAD;LONP1;SERTAD1;ID2;FBP1;TNFRSF1A;ECH1;GSTO1;SPINT2;LPIN2;ACP2;GABARAPL1;PGRMC1;SLC35B1;CYB5A;IDH1;AKR1C3;IRF8;BPHL;SHMT2;ITIH4;UPP1;ETS2;MT2A;CAT;ARG1;POR;NDRG2;GCNT2,age_changes_Tregs_mem_02062026
heme Metabolism,0.6189979256831161,-0.24784621331409323,-0.9859580813616713,KLF3;MARK3;GYPC;ANK1;SDCBP;RBM38;TOP1;MPP1;FOXO3;LPIN2;TFDP2;MXI1;HEBP1;CPOX;GCLM;FBXO9;HDGF;GLRX5;YPEL5;DAAM1;ACSL6;TSPAN5;PSMD9;MINPP1;AGPAT4;DCUN1D1;EPOR;CAT;CDR2;TNRC6B;FBXO34;FECH;UROD;NEK7;SLC25A37;UBAC1;CDC27;CCND3;VEZF1;SLC11A2;MOSPD1;NCOA4,age_changes_Tregs_mem_02062026
Estrogen Response Early,0.6288657570582709,-0.2561971348497,-0.9946649449300123,RETREG1;IL6ST;HES1;NRIP1;DHRS3;IGF1R;FAM102A;ABLIM1;BCL11B;TGIF2;FKBP4;FLNB;NXT1;MED13L;IL17RB;OPN3;RPS6KA2;KDM4B;UNC119;SVIL;SLC37A1,age_changes_Tregs_mem_02062026
Adipogenesis,0.6296728530332464,-0.24024901846652733,-0.9692713957077913,CCNG2;ATP5PO;RREB1;ETFB;ARL4A;EPHX2;PEX14;ECH1;DBT;UQCRQ;VEGFB;DGAT1;LPCAT3;JAGN1;PPM1B;COQ5;ACADM;UQCR10;PRDX3;PFKFB3;MAP4K3;IDH1;DNAJC15;DHRS7B;DRAM2;COQ3;CYC1;PDCD4;PREB;SLC19A1;CAT;DECR1;MRPL15;SDHB;POR,age_changes_Tregs_mem_02062026
TNF-alpha Signaling via NF-kB,0.6316655763504595,-0.27347815159273364,-1.1049326107618895,ZBTB10;NFKB1;TGIF1;IFIT2;IL6ST;HES1;NFKB2;SNN;BCL2A1;ID2;RELB;GADD45B;PMEPA1;TNFAIP8;IL23A;IER5;IFNGR2;IER2;IRF1;SMAD3;IER3;KLF2;PFKFB3;NFE2L2;MARCKS;SLC2A6;NR4A3;PLK2;CD83;SLC2A3;TNF;ETS2;JUN;KLF4;NFKBIA;NR4A1;RCAN1;FOSB;IL7R;BTG1;MXD1;IRS2;CLCF1;LDLR;BCL6;KDM6B;DENND5A;GADD45A,age_changes_Tregs_mem_02062026
Pancreas Beta Cells,0.6403990997066364,-0.39624340252088075,-1.0036104232629173,FOXO1;SRP9;SRPRB;SEC11A,age_changes_Tregs_mem_02062026
UV Response Dn,0.643614433148096,-0.2977400349505661,-1.1187267014733453,ICA1;NFKB1;IGF1R;PRKCA;TGFBR2;SMAD7;MRPS31;DBP;PEX14;ZMIZ1;SMAD3;SPOP;PTEN;MTA1;MAPK14;BCKDHB,age_changes_Tregs_mem_02062026
Hypoxia,0.6469435837025276,-0.24140471714223272,-0.9484061551751384,PLAC8;CHST2;CCNG2;KLF7;PRKCA;HEXA;FBP1;LXN;JMJD6;PDK1;ENO1;FOXO3;ETS1;MXI1;IER3;HDLBP;PFKFB3;GLRX;RBPJ;B3GALT6;ANKZF1;PYGM;DDIT3;SLC2A3;JUN;MT2A;MAP3K1;PGM2,age_changes_Tregs_mem_02062026
DNA Repair,0.6575072345002433,-0.25760310086559524,-1.010521739399348,SRSF6;GTF2H5;NELFCD;POLR1C;NME4;RBX1;RPA2;SDCBP;TP53;AGO4;TAF10;ERCC4;RAE1;ALYREF;RPA3;NUDT9;TSG101;NELFB;ADA;IMPDH2;POLR2G;AK1;RAD52;NT5C3A;APRT;PNP;POLR2H;UPF3B;PDE6G;TAF12;ZNRD1,age_changes_Tregs_mem_02062026
KRAS Signaling Up,0.6671105534072576,-0.27366067680078193,-1.0636611345803242,SATB1;FCER1G;IL2RG;GYPC;ID2;RGS16;GADD45G;TRIB2;CBR4;ST6GAL1;ETS1;PECAM1;SPON1;CPE;DUSP6;CBX8;WDR33;IRF8;GLRX;SDCCAG8;FBXO4;DNMBP;KLF4;MAP3K1;AMMECR1;PRKG2;ARG1,age_changes_Tregs_mem_02062026
Androgen Response,0.66732396049408,-0.28100088587197364,-1.0349717715914692,ACTN1;ZBTB10;ELK4;HPGD;IDI1;PMEPA1;TNFAIP8;RPS6KA3;ZMIZ1;CAMKK2;ITGAV;GNAI3;STK39;AKT1,age_changes_Tregs_mem_02062026
Apical Surface,0.6714720607441932,-0.3422802090992195,-1.0193285956955875,APP;IL2RG;LYPD3;AKAP7;SULF2;HSPB1;GHRL,age_changes_Tregs_mem_02062026
PI3K/AKT/mTOR  Signaling,0.6763480315940046,-0.27637441342947966,-1.045837758057152,MKNK2;PRKCB;IL2RG;MAPK1;ATF1;TNFRSF1A;RPS6KA3;MKNK1;PDK1;CAB39;UBE2N;PTEN;TRAF2;AKT1;CSNK2B;MAPK8;SMAD2;DDIT3;MAPK9,age_changes_Tregs_mem_02062026
Oxidative Phosphorylation,0.6835057848166239,-0.22314101229105543,-0.9195123293934604,ATP5PO;TIMM8B;NDUFB8;ETFB;NDUFC2;NDUFA7;UQCRC2;ATP5MC3;ECH1;UQCRQ;MRPS22;MRPL35;ACADM;UQCR10;PRDX3;ATP6V1C1;FXN;LDHB;MRPL11;ABCB7;NDUFS2;CYB5A;IDH1;TIMM13;PDHB;NDUFV2;NDUFS4;NDUFB2;SLC25A20;CYC1;ATP5MC1;MRPS11;IDH2;UQCRH;ATP5PF;SLC25A6;DECR1;MRPL15;ATP5F1E;SDHB;POR;OAT;SLC25A11;SUCLG1;NDUFA2;TIMM9;SLC25A5;MTX2;ECI1;COX11,age_changes_Tregs_mem_02062026
UV Response Up,0.7060929146001748,-0.2912429123470784,-1.120896559159757,IL6ST;AGO2;DNAJA1;CDC34;AP2S1;BCL2L11;CASP3;FKBP4;MARK2;TGFBRAP1;IRF1;KLHDC3;DGAT1;CNP;EIF5;BAK1;ATP6V1C1;HSPA2;FURIN;TUBA4A;POLE3;POLR2H;DDX21;MRPL23;WIZ;NFKBIA;NR4A1;HYAL2;NAT1;FOSB;BTG1;PPT1;UROD;NUP58;PLCL1;CCND3;NXF1;GLS;CDC5L;SULT1A1,age_changes_Tregs_mem_02062026
Myc Targets V2,0.7112858203795231,-0.3265710339601725,-1.1402067372657716,PPAN;IPO4;DDX18;NDUFAF4;NOP56;PHB;GNL3;EXOSC5;SRM;WDR74;SLC19A1;NOC4L;RRP12;NOP16;NIP7;CDK4;FARSA;MYC,age_changes_Tregs_mem_02062026
G2-M Checkpoint,0.720809111628979,-0.2170209440073405,-0.8879155964190648,RBM14;STMN1;SMC4;NASP;MTF2;RPA2;GSPT1;FANCC;TOP1;CKS2;CUL3;UBE2S;HNRNPD;SMARCC1;SMAD3;MAP3K20;CTCF;TACC3;KATNA1;UPF1;AURKA;SRSF2;MARCKS;MAPK14;SFPQ;KIF11;SLC12A2;CKS1B;NOTCH2,age_changes_Tregs_mem_02062026
Spermatogenesis,0.9086841384348461,0.19067838903831616,0.7799090122501295,RPL39L;MLF1;PRKAR2A;PHKG2;PCSK1N;DBF4;MTOR;TOPBP1;CDKN3;IL12RB2,age_changes_Tregs_mem_02062026
Hedgehog Signaling,0.9985402955261339,-0.1940808862185746,-0.5108527750540264,LDB1;ETS2;PTCH1,age_changes_Tregs_mem_02062026
Epithelial Mesenchymal Transition,0.0,0.5482169331599062,1.981974076306498,LGALS1;ITGB1;VIM;FLNA;GLIPR1;FAS;ACTA2;TIMP1;ENO2;SAT1;IL32;EMP3;CD44;TPM4;WIPF1;VCAN;QSOX1;ADAM12;PLAUR;TGFBR3;SGCB;CADM1;CAPG,age_changes_Tregs_naive_02062026
Myc Targets V1,0.00038424591738712776,-0.4123917942864197,-2.0055930497420515,EEF1B2;NHP2;GNL3;C1QBP;RPS5;EIF3J;IMPDH2;NME1;EIF3B;RPL22;PHB;HNRNPA2B1;HNRNPD;CCT5;HDGF;TRIM28;FBL;MYC;EIF4A1;RSL1D1;SERBP1;UBE2E1;NCBP2;RPL6;RPS10;RANBP1;RACK1;MRPS18B;HDDC2;PSMC6;PSMA4;EIF2S1;SSBP1;APEX1;CCT2;NAP1L1;HDAC2;PSMA2;CLNS1A;NOP56;ABCE1;SRSF3;PCBP1;RPS6;SMARCC1;COPS5;SET;ERH;IFRD1;CAD;DDX21;VDAC1;RAD23B;RPS2;PCNA;TXNL4A;RPL34;RPLP0;SNRPG;SRM;GSPT1;LDHA;RPL18;NOP16;CYC1;NPM1;FAM120A;TARDBP;SRSF2;POLD2;SRPK1;LSM2;RPL14;SYNCRIP;EIF2S2;RPS3;MCM7;HNRNPR;HSP90AB1;XPO1;NDUFAB1;PPIA;CDK4;PSMD3;EIF1AX;TOMM70;PSMD7;SNRPB2;EXOSC7,age_changes_Tregs_naive_02062026
TGF-beta Signaling,0.0005123278898495037,-0.5241071814649202,-1.9861429587436028,NOG;ID2;ID3;SPTBN1;IFNGR2;SMURF2;SKIL;TGFBR1;SMAD3;TGIF1;PMEPA1;FKBP1A;TRIM33;HIPK2;SMAD7;ARID4B,age_changes_Tregs_naive_02062026
IL-2/STAT5 Signaling,0.0005304369790351099,0.48998397983026026,1.937077781492325,CST7;TNFRSF18;PRNP;CDC42SE2;AHNAK;IL10RA;PHLDA1;TNFRSF4;CCR4;GPR65;RORA;ADAM19;GALM;SLC1A5;ANXA4;TNFRSF9;CTLA4;CD44;MAP3K8;CSF1;SYT11;KLF6;SYNGR2;BATF;GLIPR2;PHTF2;PTGER2;P4HA1;BHLHE40;HOPX;TRAF1;IL2RB;FLT3LG;ODC1;ALCAM;PLEC;RABGAP1L;MYO1C;AHR;SELP;DCPS;TNFRSF1B;CISH;PLPP1;BCL2L1;TIAM1,age_changes_Tregs_naive_02062026
Wnt-beta Catenin Signaling,0.0007684918347742555,-0.6034700800845753,-2.061291806313009,TCF7;LEF1;TP53;MYC;FRAT1;AXIN2;AXIN1;HDAC2;NOTCH1;SKP2,age_changes_Tregs_naive_02062026
Myc Targets V2,0.0013448607108549472,-0.45390252616100346,-1.8101429997058787,GNL3;PPAN;MRTO4;PHB;TBRG4;NDUFAF4;MYC;EXOSC5;TFB2M;GRWD1;NOP56;WDR74;DCTPP1;LAS1L;SRM;NOP16;NPM1;RABEPK;IPO4,age_changes_Tregs_naive_02062026
Interferon Gamma Response,0.0023339227077544835,0.45860431635523846,1.8453350450877843,HLA-DRB1;ARID5B;CASP1;IL10RA;FAS;HLA-DQA1;CASP8;ZBP1;IL15RA;HLA-DMA;STAT4;CCL5;PSMB9;CD74;SRI;ADAR;TAPBP;TRIM26;NLRC5;VAMP5;LY6E;MYD88;PELI1;IL2RB;CD40;ST8SIA4;IL18BP;TXNIP;CASP4;MVP;NOD1;IL7;IRF5;TAP1;BST2;JAK2;APOL6;SELP;CSF2RB;STAT1;CDKN1A;PSME2;PFKP;PSME1;FGL2;TRIM21;NUP93;ICAM1,age_changes_Tregs_naive_02062026
Complement,0.0026521848951755497,0.4587924350712897,1.796634312531994,LGALS3;CASP1;ANXA5;F5;CTSS;TIMP1;PIK3R5;GATA3;CPQ;APOBEC3G;SPOCK2;CCL5;PSMB9;GZMK;CSRP1;CTSH;LIPA;S100A9;CTSC;S100A12;GCA;EHD1;CTSO;CASP4;HSPA1A;FCN1;XPNPEP1;GNB2;JAK2;RABIF;PLEK;PLAUR;VCPIP1;WAS;CTSB;RHOG;CPM;LAMP2;PDP1;GZMA;DOCK9;CD59;CD36;HSPA5;F8;CLU;GPD2;LCP2;FDX1;CASP7;RNF4,age_changes_Tregs_naive_02062026
Apoptosis,0.0028289972215205864,0.4828126189032149,1.8670671244659307,LGALS3;TSPO;CASP1;LMNA;FAS;ANXA1;CASP8;TIMP1;ENO2;HMGB2;SAT1;CDC25B;PMAIP1;RHOT2;CD2;CD44;BTG3;CFLAR;SQSTM1;FDXR;RARA;CD14;DAP3;BCAP31;TXNIP;PLCB2;CASP4;SPTAN1;TAP1;SOD1;TNF;CDKN1B;TGFBR3;BCL2L1;GNA15;CDKN1A;ANKH;BAX;CYLD;MCL1;RELA;IFNGR1;DAP,age_changes_Tregs_naive_02062026
Angiogenesis,0.0029174033846931045,0.7953506764836029,1.8520475552346287,S100A4;TIMP1;LRPAP1;VCAN;FGFR1,age_changes_Tregs_naive_02062026
Reactive Oxygen Species Pathway,0.008790098509724679,0.5050567878683573,1.6886158431577518,PRNP;TXN;PRDX6;PRDX4;LSP1;PRDX1;PRDX2;MBP;SCAF4;SOD1;CDKN2D;PFKP;TXNRD1;PTPA,age_changes_Tregs_naive_02062026
Pancreas Beta Cells,0.009375600384245918,-0.6198815845093075,-1.6516026209707402,FOXO1;AKT3;SRPRB;SRP9,age_changes_Tregs_naive_02062026
Inflammatory Response,0.011537004294013642,0.4292827128135121,1.6604219971890448,IL10RA;CD70;GPR183;CD82;TIMP1;PIK3R5;IL15RA;EMP3;TNFRSF9;CCL5;SRI;CSF1;KCNA3;TAPBP;KLF6;ATP2B1;LY6E;PTGER2;IL2RB;CD40;CD14;NOD2;OSM;BST2;AHR;PLAUR;TNFRSF1B;GNA15;CDKN1A;CXCR6;ADGRE1;CYBB;RHOG;SLAMF1;RELA,age_changes_Tregs_naive_02062026
Protein Secretion,0.01779910751873369,0.43674760664901463,1.6151414795868575,CD63;STAM;TPD52;CTSC;PAM;SGMS1;RER1;AP2B1;RAB9A;RAB14;ANP32E;RAB2A;SOD1;ARF1;SNX2;TMED2;AP3B1;TMED10;SNAP23;ATP6V1H;ARCN1;LAMP2;GBF1;USO1;SEC24D;ERGIC3;M6PR;TMX1;ATP1A1;STX12;VAMP3;KRT18;PPT1;VAMP7,age_changes_Tregs_naive_02062026
Coagulation,0.037342763324071736,0.4410631847690325,1.5384923099470884,CAPN2;CRIP2;ANXA1;TIMP1;CPQ;ISCU;CSRP1;CTSH;CTSO;GNB2;RABIF;PLEK;WDR1;CTSB;LAMP2,age_changes_Tregs_naive_02062026
Hypoxia,0.044942478587338394,0.39125383658396756,1.512509384042967,S100A4;ANXA2;GAPDH;RORA;ENO2;IDS;TPI1;TPD52;DDIT4;KLF6;P4HA1;PAM;BHLHE40;TPST2;SLC6A6;WSB1;FAM162A;MYH9;XPNPEP1;UGP2;PGM1;GPI;CITED2;CDKN1B;PLAUR;MT1E;ALDOA;CDKN1A;PFKP;MIF,age_changes_Tregs_naive_02062026
IL-6/JAK/STAT3 Signaling,0.04552917403384693,0.4352401573528664,1.5016977628260433,FAS;PIK3R5;IL15RA;CD44;MAP3K8;CSF1;MYD88;CD14;IL7;IL17RA;TNF;IL12RB1;CSF2RB;IL10RB;TNFRSF1B;STAT1,age_changes_Tregs_naive_02062026
Fatty Acid Metabolism,0.0656925797112713,0.3772588343956691,1.459778761972605,LGALS1;S100A10;PCBD1;ENO2;BLVRA;YWHAH;PRDX6;ELOVL5;ERP29;SERINC1;ACSL5;ODC1;SUCLG2;MDH2;ALDH3A2;METAP1;LTC4S;ACSL4;ALDOA;MCEE;HPGD;PSME1;MIF;SDHA;RAP1GDS1;HCCS;CRAT;UROS;FASN;CPT2;ACOX1;NCAPH2;GRHPR,age_changes_Tregs_naive_02062026
Notch Signaling,0.07736151136727505,-0.43133085747346633,-1.3288436360722924,LFNG;HES1;NOTCH1;MAML2;RBX1,age_changes_Tregs_naive_02062026
mTORC1 Signaling,0.08140439504925485,0.352693197306032,1.4240256431798657,SLA;GAPDH;TPI1;SLC1A5;HPRT1;ELOVL5;TBK1;PRDX1;DDIT4;CTSC;SQSTM1;P4HA1;BHLHE40;CANX;EDEM1;TCEA1;FDXR;DAPP1;RPN1;SLC6A6;CCNG1;MAP2K3;ARPC5L;SLC7A5;PGM1;GGA2;GPI;SYTL2;SLC9A3R1;ALDOA;HSP90B1;CDKN1A;SKAP2;GMPS;FGL2;ASNS;HSPA4;TXNRD1;USO1;SLC1A4;ERO1A;PSAT1;SSR1;PFKL;ACTR2;NUP205;ACACA;M6PR;HSPA5;INSIG1;BUB1;MTHFD2;ETF1;HSPA9;UBE2D3,age_changes_Tregs_naive_02062026
Allograft Rejection,0.08706744127304876,0.36109614956594865,1.4241814381915137,FLNA;SRGN;FAS;HLA-DRA;CTSS;HLA-DQA1;GPR65;TIMP1;NCF4;HLA-DMA;STAT4;CXCR3;CCL5;CD2;CD74;CSF1;HCLS1;TAPBP;TPD52;MAP4K1;CDKN2A;DEGS1;IL2RB;CD40;ST8SIA4;IL7;TAP1;JAK2;MTIF2;GCNT1;TNF;IL12RB1;STAT1;EIF3A;HLA-DMB;WAS;CAPG;ITK;ZAP70;IFNGR1;ICAM1;MAP3K7,age_changes_Tregs_naive_02062026
Myogenesis,0.09318009598383431,0.3712734350031322,1.3875901695111181,ITGB1;PRNP;FXYD1;TPM3;LSP1;SYNGR2;BHLHE40;MYH9;SPTAN1;RB1;SORBS3;MYO1C;AGL;ADAM12;FHL1;CDKN1A;PTP4A3;SH2B1;GAA;DMPK;CRAT;GSN;ATP6AP1;TNNC2;CD36;BAG1;CHRNA1;CLU,age_changes_Tregs_naive_02062026
Interferon Alpha Response,0.09329450395970461,0.3780934309427853,1.3937150472423998,CASP1;CASP8;MOV10;PSMB9;CD74;CSF1;ADAR;TRIM26;LPAR6;LY6E;TXNIP;IL7;TAP1;BST2;PSME2;PSME1;OAS1;TRIM21;TMEM140,age_changes_Tregs_naive_02062026
p53 Pathway,0.09461669613538773,0.35464557462503754,1.3993580303390205,S100A4;CASP1;S100A10;RPS27L;FAS;DDB2;CD82;SAT1;ISCU;PMM1;DDIT4;CGRRF1;HINT1;CDKN2A;PVT1;STOM;AEN;FDXR;RCHY1;MDM2;CCNG1;FAM162A;TXNIP;TAP1;RB1;RALGDS;POLH;CDKN1A;SLC3A2;BAX;ZBTB16;DNTTIP2;SEC61A1;ZNF365;DRAM1;DCXR;TOB1;GLS2;PIDD1;TRAFD1;XPC;PRKAB1;F2R;VWA5A;ATF3;SERTAD3;BAIAP2;RHBDF2;EPS8L2;PLXNB2;ANKRA2;BLCAP;WWP1,age_changes_Tregs_naive_02062026
TNF-alpha Signaling via NF-kB,0.10371305885324576,0.3384475128957606,1.3546080436111452,PHLDA1;GPR183;SAT1;IL15RA;ZC3H12A;TNFRSF9;CCL5;CD44;MAP3K8;CSF1;BTG3;TNIP1;CFLAR;KLF6;ATP2B1;DUSP4;SQSTM1;BHLHE40;EHD1;SLC16A6;TRAF1;TANK;MAP2K3;TAP1;PANX1;CEBPD;STAT5A;TNF;PLEK;PLAUR;CDKN1A;SERPINB8;TRIB1;PHLDA2;PDLIM5;MCL1;RELA;ICAM1;DRAM1;MSC,age_changes_Tregs_naive_02062026
Androgen Response,0.10379814147644939,0.3824001600866691,1.3674814008244311,ARID5B;MAF;SAT1;IQGAP2;INPP4B;ELOVL5;TPD52;UBE2J1;TMEM50A;FKBP5;PLPP1;ANKH;HPGD;CDC14B;PDLIM5;ABCC4;CENPN;ABHD2;HERC3;ADRM1;SEC24D,age_changes_Tregs_naive_02062026
Bile Acid Metabolism,0.10868653700429401,0.3821470056303641,1.3548601878333486,GSTK1;OPTN;PEX16;PEX26;FDXR;GNPAT;NPC1;ACSL5;SOD1;NR3C2;ABCA2;ATXN1;SCP2,age_changes_Tregs_naive_02062026
Cholesterol Homeostasis,0.11254488946484069,0.37927434499078483,1.333130387276566,LGALS3;ANXA5;S100A11;ALCAM;PMVK;FDFT1;ABCA2;PLAUR;CPEB2;LSS;FASN;FABP5;TP53INP1;ALDOC;CLU;ATF3;ETHE1;LDLR;MVD;MVK;GUSB;PCYT2,age_changes_Tregs_naive_02062026
Mitotic Spindle,0.11524948908126477,0.3357513163333978,1.3351980663366971,EZR;FLNA;ARHGAP5;ARHGDIA;TBCD;RHOT2;ACTN4;VCL;MAP3K11;NDC80;PCGF5;PRC1;MYH9;SPTAN1;MAPRE1;MAP1S;ARHGAP10;KATNB1;TIAM1;KIF3B;NUMA1;CLIP1;KIF5B;RACGAP1;KNTC1;PXN;ABR;KIF20B;PDLIM5;BRCA2;DYNC1H1;CNTROB;CENPE;STAU1;KIF22;ARHGAP27;GSN;ARFIP2;CAPZB;PREX1;ARHGAP4;CDC27;TUBGCP5;ALMS1;CENPF;BUB1;LMNB1;PLEKHG2;ARHGEF12;PPP4R2;INCENP;NEDD9;RHOF;RASA1;CEP72;TSC1;TPX2;CENPJ;ARAP3;SUN2;HOOK3;HDAC6;TOP2A,age_changes_Tregs_naive_02062026
heme Metabolism,0.13809042687547363,0.3323503576516921,1.3017360947208527,OPTN;BLVRA;LRP10;KAT2B;TENT5C;ADIPOR1;PRDX2;AQP3;TCEA1;RIOK3;TMEM9B;BSG;HTATIP2;MFHAS1;MAP2K3;NEK7;CIR1;SLC10A3;CAST;DMTN;MGST3;ARL2BP;DCAF11;GMPS;CTSB;GDE1;ASNS;LAMP2;TRAK2;MINPP1;UROS;NFE2L1;RCL1;DCUN1D1;FBXO7;CDC27;ACP5;RNF19A;FN3K;ARHGEF12;FOXJ2;NR3C1;HTRA2;ADD1;KHNYN;AGPAT4;ENDOD1;BTG2;RAD23A;PPP2R5B;SLC11A2;E2F2;HAGH;NFE2,age_changes_Tregs_naive_02062026
UV Response Dn,0.1496680980045466,0.3480882150691873,1.2854747916276956,ANXA2;SFMBT1;BMPR1A;ANXA4;ATP2B4;SRI;INPP4B;ATP2B1;BHLHE40;PIAS3;NEK7;GCNT1;KALRN;CITED2;CDKN1B;NR1D2;TGFBR3;MT1E;ATXN1;RUNX1,age_changes_Tregs_naive_02062026
Apical Junction,0.18316396914527755,0.32840002405662855,1.2554027789316649,ITGB1;CD99;CTNNA1;ZYX;YWHAH;ACTN4;VCL;TRAF1;VCAN;MYH9;ICAM2;SORBS3;CNN2;ADAM15;SKAP2;GTF2F1;SYMPK;CRAT;ICAM1;ARHGEF6;SHC1;EXOC4;ITGA3;THBS3;NF2;INSIG1;IKBKG;PIK3CB;BAIAP2;RHOF;SYK;RASA1;TSC1;PIK3R3;MPP5,age_changes_Tregs_naive_02062026
Estrogen Response Late,0.23060256518200445,0.31567592883378315,1.2160324319172022,TJP3;ATP2B4;CD44;HPRT1;BTG3;ELOVL5;CHPT1;LSR;S100A9;BATF;DYNLT3;SLC7A5;FDFT1;JAK2;ALDH3A2;SNX10;FKBP5;SLC9A3R1;CISH;TIAM1;ARL3;METTL3;ABHD2;DCXR;SLC1A4;TOB1;FABP5;RNASEH2A;MICB,age_changes_Tregs_naive_02062026
Unfolded Protein Response,0.24373579186663302,0.32045848522115866,1.2022155365626352,HERPUD1;PDIA6;YWHAZ;DDIT4;NABP1;EEF2;EDEM1;EXOC2;SLC7A5;XPOT;DCP1A;HSP90B1;KIF5B;DCTN1;SLC30A5;EIF4EBP1;EXOSC9;ASNS;ERN1;BAG3;SHC1;SRPRA;SLC1A4;ERO1A;PSAT1;SSR1;MTREX;SPCS1;EXOSC10;HSPA5;TUBB2A;DNAJB9;ATF3;MTHFD2;WIPI1;HSPA9,age_changes_Tregs_naive_02062026
Glycolysis,0.28230221842854775,0.302620627617745,1.1741323572410476,TXN;ENO2;TPI1;FUT8;CD44;PKM;PGAM1;CHST12;DDIT4;P4HA1;PAM;VCAN;QSOX1;FAM162A;UGP2;MDH2;SOD1;AGL;CITED2;PAXIP1;ALDOA;PFKP;MIF,age_changes_Tregs_naive_02062026
KRAS Signaling Dn,0.30113901468368326,-0.26286185715561805,-1.0988699264891497,CHST2;LFNG;SKIL;SNN;SPHK2;IFI44L;CAMK1D;LYPD3;TCL1A;ASB7;PTPRJ,age_changes_Tregs_naive_02062026
Adipogenesis,0.32218742106592574,0.2899854075488329,1.1453579532678124,DHRS7;REEP5;SLC1A5;STOM;NABP1;UBC;RIOK3;GPHN;TANK;NDUFB7;BAZ2A;MDH2;UQCR11;COX8A;SOD1;STAT5A;PGM1;RNF11;MGST3;LTC4S;ALDOA;RAB34;G3BP2;SCP2;UQCRC1;YWHAG;CRAT;IFNGR1;ATP1B3;CHUK;CMPK1;TOB1;PEX14;CPT2;ACOX1;PFKL,age_changes_Tregs_naive_02062026
Pperoxisome,0.3378028012939077,0.3087608123156484,1.131994755734297,TSPO;GSTK1;YWHAH;ELOVL5;PRDX1;GNPAT;ACSL5;MVP;SOD1;IDE;SLC25A4;ATXN1;ACSL4;SCP2;CADM1;ERCC3;CRAT;PEX14;ACOX1;NUDT19;CDK7;PEX11A;LONP2;ESR2;PEX11B;SOD2;BCL10;ABCB9;ACOT8;ALDH1A1;TOP2A,age_changes_Tregs_naive_02062026
Estrogen Response Early,0.3710406668350594,0.2865901664291022,1.109544156812918,SH3BP5;TJP3;PMAIP1;CD44;ELOVL5;CHPT1;MYBL1;DYNLT3;BHLHE40;AQP3;RARA;SLC7A5;FDFT1;JAK2;FKBP5;NADSYN1;SLC9A3R1;CISH;TIAM1;ARL3;ABHD2;FASN;SLC1A4;KLF10;TOB1;ISG20L2;SLC39A6;MICB;BAG1;ASB13;NCOR2;UGCG;SNX24;MINDY1;ELF1;PEX11A;LRIG1;KRT18;MAST4;RAB31;AFF1;MREG,age_changes_Tregs_naive_02062026
Xenobiotic Metabolism,0.43955544329376106,0.27967853125387604,1.069239293110694,FAS;DHRS7;SLC1A5;PMM1;PTGES3;HPRT1;ELOVL5;NPC1;SLC6A6;SSR3;TMBIM6;PGD;PDLIM5;TKFC;ACP1;DCXR;SLC35B1;ACOX1;DHRS1;MCCC2;CD36;CROT;MT2A;PSMB10;CNDP2;NQO1;NDRG2;GSS;NINJ1;NFS1;GCH1;HMOX1;IL1R1;PTS;PEMT;PPARD;SLC12A4,age_changes_Tregs_naive_02062026
PI3K/AKT/mTOR  Signaling,0.44890569513988976,0.28625390245765014,1.0589488047982816,SLA;ARHGDIA;TBK1;MYD88;SQSTM1;DAPP1;MAP2K3;NOD1;ARF1;PRKAR2A;CDKN1B;YWHAB;TIAM1;HSP90B1;CDKN1A;PIKFYVE;MAP3K7;PPP2R1B;ACTR2;ACACA;PAK4,age_changes_Tregs_naive_02062026
KRAS Signaling Up,0.4660183548034016,0.2706634651554647,1.0378506039766728,PRDM1;IL10RA;CTSS;LCP1;NAP1L2;MAP4K1;ADAM8;KCNN4;HKDC1;PCSK1N;TRAF1;RABGAP1L;PLAUR;TNFRSF1B;TRIB1;ANKH;KIF5C;USP12;ENG;ERO1A;CCSER2;FBXO4;GALNT3;AMMECR1;CROT;WNT7A;VWA5A;PSMB8;HDAC9,age_changes_Tregs_naive_02062026
E2F Targets,0.4703612023238191,0.2622383398527263,1.0419045285457509,PTTG1;HELLS;HMGB2;CDC25B;ATAD2;PRDX4;EED;CDKN2A;MCM6;ASF1A;NUDT21;LIG1;EZH2;ANP32E;SMC6;CDKN1B;CBX5;CENPM;CDKN1A;NCAPD2;RACGAP1;POLE4;BRCA2;SHMT1;TIMELESS;CENPE;JPT1;KIF22;DNMT1;UBR7;RNASEH2A;NUP205;ILF3;CHEK2;TCF19;PSMC3IP;LYAR;DONSON;WEE1;RAD21;LMNB1;MTHFD2;MMS22L;POLE;CHEK1;NAA38;CIT;PDS5B;MXD3;MAD2L1;NBN;SSRP1;ASF1B;UNG;RFC3;POLA2;TOP2A;CDKN3;MCM4;MCM3;CCNE1;CDKN2C,age_changes_Tregs_naive_02062026
Spermatogenesis,0.5890717694203423,0.28042594469507254,0.9746931104398545,PEBP1;DBF4;PCSK1N;EZH2;MLF1;PHF7;TOPBP1;PRKAR2A;IDE;TSN;PARP2;MAST2;NF2;BUB1;NCAPH;PHKG2;IL12RB2;CDKN3;HSPA2;PSMG1;JAM3;AURKA,age_changes_Tregs_naive_02062026
G2-M Checkpoint,0.6275906994057511,0.2378123561678564,0.9483905345304229,PTTG1;CDC25B;DBF4;CUL4A;MCM6;NDC80;EZH2;PRC1;ODC1;KPNB1;SLC7A5;NSD2;CDKN1B;NUMA1;KIF5B;RACGAP1;KNL1;SNRPD1;CCNT1;CDC7;KIF20B;BRCA2;CENPE;JPT1;KIF22;TRAIP;HNRNPU;CDC27;ILF3;HSPA8;CENPF;MT2A;BUB1;TENT4A;RAD21;LMNB1;SLC7A1;POLE;CHEK1;INCENP;SLC38A1;PDS5B;UCK2;MAD2L1;E2F3;TPX2;NUP98;GINS2;POLA2;DTYMK;RBL1;TFDP1;PURA;TOP2A;E2F2;CDKN3;CHMP1A;MCM3;CDKN2C;PML,age_changes_Tregs_naive_02062026
Oxidative Phosphorylation,0.6845357219188996,0.22609892837003126,0.9128011072655116,TCIRG1;ISCU;RHOT2;ATP6V0E1;OGDH;NDUFA4;COX5B;COX11;NQO2;NDUFS7;HADHA;COX17;NDUFB7;NDUFC1;MPC1;CYB5R3;MDH2;UQCR11;COX8A;SUPV3L1;MTRR;GPI;OXA1L;MGST3;SLC25A4;TOMM22;COX5A;BAX;SDHA;UQCRC1;AFG3L2;ATP6V1H;ATP5PD;HCCS;RHOT1;COX10;PDP1;ATP6AP1;GLUD1;NDUFA1;UQCRFS1;NDUFS8;OPA1;GOT2;ATP6V1G1,age_changes_Tregs_naive_02062026
Apical Surface,0.6897537256883052,0.3049671480166625,0.9026772331599725,GATA3;IL2RB;MAL;CRYBG1;PLAUR,age_changes_Tregs_naive_02062026
UV Response Up,0.8036877999494821,0.2138222290613904,0.820334904793379,ENO2;BTG3;RAB27A;CLTB;SQSTM1;AQP3;PPP1R2;BSG;RPN1;TAP1;SELENOW;TMBIM6;SLC25A4;ALDOA;SIGMAR1;ASNS;ICAM1;HNRNPU;CREG1;PARP2,age_changes_Tregs_naive_02062026
DNA Repair,0.815760323806825,0.2094570870871306,0.8250150256770159,DDB2;HCLS1;HPRT1;GUK1;NUDT21;LIG1;EIF1B;SUPT5H;BCAP31;COX17;POLH;POLR2J;POLR2I;TK2;TMED2;VPS37B;NME3;GTF2F1;POLE4;SEC61A1;MPG;ERCC3;ARL6IP1;ADRM1;VPS28;XPC;DDB1;EDF1;TAF6;SURF1;GTF2A2;ERCC4,age_changes_Tregs_naive_02062026
Hedgehog Signaling,0.9243035542747359,-0.2607334128110522,-0.7535341790705247,CDK6;LDB1,age_changes_Tregs_naive_02062026
DNA Repair,0.10395725585416009,-0.420163793321095,-1.4005303971639183,ZNRD1;RBX1;TSG101;TAF10;SF3A3;PCNA;DGUOK;SUPT4H1;REV3L;POLR3C;GTF2A2;RPA2;TAF12;AAAS;POLR3GL;POM121;NELFB;APRT;TP53;POLB;ITPA;EIF1B;VPS28;IMPDH2;SAC3D1;POLR2H;PNP;POLR2E;POLD3;TK2;ADRM1;DDB1;DAD1;SDCBP;ERCC3;NT5C;ERCC1;EDF1;SUPT5H;POLR2G;ALYREF;TARBP2;RRM2B;RNMT;GMPR2;PDE6G;ELL;NFX1;POLA2;RAE1;TAF6;POLD1;RALA,age_changes_cDC1_02062026
Reactive Oxygen Species Pathway,0.11241678885882848,-0.45896413351004456,-1.407164109509998,FES;CAT;SOD2;STK25;LAMTOR5;OXSR1;EGLN2;PRNP;PRDX1;HMOX2;NDUFA6;TXNRD1;LSP1;MBP;ATOX1;TXNRD2;SBNO2;TXN,age_changes_cDC1_02062026
Protein Secretion,0.11423762417133063,-0.4262565003154796,-1.376810200560633,CTSC;TSG101;COPB2;MAPK1;GNAS;NAPA;ATP7A;LAMP2;STX12;BET1;SNX2;CLTC;SEC22B;IGF2R;SEC31A;SCAMP3;GOLGA4;STX7;SCAMP1;ADAM10;COPB1;YKT6;RAB9A;CLCN3;PAM;BNIP3;ARFGAP3;PPT1;VAMP4;M6PR;DNM1L;AP2B1;ARCN1;RAB14;VAMP3;YIPF6;KRT18;CLTA;RPS6KA3;RAB22A;TMED10,age_changes_cDC1_02062026
Interferon Alpha Response,0.11552012556535389,-0.4439617135934133,-1.420814379631886,EPSTI1;STAT2;TRIM26;ISG20;NCOA7;UBE2L6;IFI35;SP110;IRF7;LY6E;PSMB9;TRIM25;GMPR;IFITM2;PSME1;PSMA3;TRIM14;TRAFD1;LAP3;BST2;OAS1;PSMB8;NUB1;PARP14;TRIM21;SELL;NMI,age_changes_cDC1_02062026
Interferon Gamma Response,0.1346626463724417,-0.4272758935884619,-1.4268582441558173,EPSTI1;FGL2;STAT2;TNFAIP2;P2RY14;CIITA;IRF5;TRIM26;PTPN6;ISG20;PML;IDO1;SOD2;NLRC5;UBE2L6;RBCK1;STAT1;IFI35;SP110;MT2A;IRF7;TNFSF10;CD40;LY6E;MTHFD2;ST8SIA4;PSMB10;SAMHD1;PSMB9;TRIM25;IFITM2;PSME1;PIM1;PSMA3;TRIM14;RNF213;PNP;TRAFD1;LAP3;IRF8;BST2;VAMP8;PSMB8;NFKB1;HLA-DQA1;NCOA3;PARP14;MYD88;TRIM21;NMI,age_changes_cDC1_02062026
Myc Targets V1,0.14582515850560707,-0.4337325148449169,-1.4762510122907821,VDAC3;PSMC6;MRPS18B;NOP16;DDX18;TRIM28;KPNA2;ERH;POLE3;MCM5;EIF4A1;PCNA;EIF2S1;CCT2;CDK4;SRSF1;HNRNPA2B1;YWHAE;PSMC4;EIF3B;SYNCRIP;G3BP1;PWP1;SNRPD1;PSMD3;CBX3;CCT5;MYC;HNRNPD;SNRPD3;PSMD14;PCBP1;NOP56;SNRPA;RUVBL2;EIF3J;SRPK1;IMPDH2;SNRPB2;CSTF2;SRSF3;CANX;ILF2;TXNL4A;PSMA1;COPS5;NHP2;DDX21;CNBP;TOMM70;SET;RAN;HSPE1;PHB2;KPNB1;TRA2B;SNRPG;GSPT1;VBP1;U2AF1;CLNS1A;PPIA;SF3B3;TCP1;PA2G4;AIMP2;PSMB3;NDUFAB1;CTPS1;EIF4G2;HSP90AB1;POLD2;MCM7,age_changes_cDC1_02062026
E2F Targets,0.172266853913247,-0.4285134722065785,-1.4297171270976023,PHF5A;LUC7L3;KPNA2;MCM5;PCNA;RFC1;EIF2S1;PPP1R8;CDK4;DDX39A;SRSF1;CKS2;TFRC;SMC1A;RPA2;TACC3;SYNCRIP;STMN1;TUBB;EXOSC8;MTHFD2;MYC;CTCF;NUP107;TP53;HNRNPD;LYAR;TBRG4;PRPS1;NOP56;RAD50;RAD51C;STAG1;DCTPP1;RBBP7;SMC4;ASF1A;MCM3;POLD3;RAD1;RAN;TRA2B;PAICS;GSPT1;NBN;PSIP1;NCAPD2;PA2G4;CHEK2;JPT1;SNRPB;CTPS1;POLD2;POLA2;MCM7;POLD1;RPA1;NUP153;DNMT1;NAP1L1;PAN2,age_changes_cDC1_02062026
Notch Signaling,0.18309110810298312,-0.4808454805027686,-1.305158133652281,RBX1;CCND1;LFNG,age_changes_cDC1_02062026
mTORC1 Signaling,0.18762520394043908,-0.3806931411679371,-1.2944112893141422,NFYC;FGL2;TBK1;XBP1;CTSC;PSMC6;CACYBP;PSME3;ATP6V1D;SLC1A5;PSMC2;DDX39A;TFRC;SQSTM1;CYB5B;PSMG1;IDH1;P4HA1;SKAP2;PSMC4;DAPP1;ACTR3;FKBP2;NMT1;STARD4;ATP2A2;SLC6A6;MTHFD2;CALR;HSP90B1;PRDX1;FADS1;PSMD14;MTHFD2L;PSMD12;CCT6A;SLA;TXNRD1;SSR1;PITPNB;ACLY;SDF2L1;CANX;PSMA3;COPS5;PNP;TES;PSMB5;DDIT3;YKT6;HSPE1,age_changes_cDC1_02062026
PI3K/AKT/mTOR  Signaling,0.19010576219225356,-0.40501829684087104,-1.3207741098637713,UBE2N;TBK1;STAT2;MAPK1;GRK2;CDK4;SQSTM1;ATF1;NCK1;DAPP1;ACTR3;TNFRSF1A;CSNK2B;PPP1CA;CALR;HSP90B1;PTEN;CLTC;SLA;MAP2K6;PRKCB;ECSIT;DDIT3;IRAK4;MYD88,age_changes_cDC1_02062026
Myc Targets V2,0.19095020755457345,-0.4200895199599869,-1.3106950788374383,NOP16;DDX18;MCM5;CDK4;RABEPK;CBX3;MYC;TBRG4;NOP56;DCTPP1;FARSA;PUS1;HSPE1;PES1;MRTO4;NDUFAF4;PA2G4;RRP12;AIMP2;NOP2;WDR74;MPHOSPH10;EXOSC5;NIP7;NPM1;PHB;RCL1;PPAN,age_changes_cDC1_02062026
G2-M Checkpoint,0.19380021065240288,-0.4527816134813259,-1.5103806329654081,KIF20B;CCND1;KPNA2;MCM5;TGFB1;MTF2;PML;CDK4;DDX39A;SRSF1;PRPF4B;CKS2;SMC1A;YTHDC1;PURA;RPA2;TACC3;SYNCRIP;MT2A;STMN1;G3BP1;CUL3;SNRPD1;KATNA1;MYC;CHMP1A;CTCF;SRSF10;CBX1;HNRNPD;MARCKS;STAG1;ODF2;PRMT5;CUL5;SMC4;MCM3;UPF1;MAPK14;MNAT1;HSPA8;SFPQ;KPNB1;TRA2B;GSPT1;NUP50;ABL1;CASP8AP2;NCL;JPT1;CHAF1A;E2F4;TLE3;CDC27;NOTCH2;POLA2,age_changes_cDC1_02062026
Complement,0.2099502282067698,-0.3831854918183185,-1.2767635892510736,GNAI2;CTSC;RNF4;ERAP2;GCA;RHOG;USP8;GNB4;MAFF;HSPA1A;LAMP2;VCPIP1;APOBEC3G;IRF7;CTSO;GMFB;PSMB9;CSRP1;SRC;GNAI3;CTSH;PIM1;DPP4;CD46;MSRB1;LAP3;CPQ;DYRK2;ATOX1;KYNU;GNG2;STX4;PRKCD;TIMP2;CD59;PSEN1;CTSB;PIK3CA,age_changes_cDC1_02062026
Mitotic Spindle,0.26030028293509017,-0.3723501037307604,-1.2406869666762408,CNTRL;KIF20B;EZR;GSN;RICTOR;CEP131;RFC1;SMC1A;ARL8A;NEDD9;WASF2;NCK1;YWHAE;STK38L;DLG1;PREX1;FSCN1;CAPZB;KATNA1;ARHGEF2;CLIP1;PCM1;AKAP13;VCL;RHOT2;MARCKS;ARHGAP27;SAC3D1;TBCD;CCDC88A;CEP250;RHOF;SMC4;PPP4R2;BCL2L11;SPTAN1;CYTH2;ROCK1;ABL1;RASA2;KATNB1;SOS1;TRIO;MYO9B;TUBA4A;LATS1;CDC27;NOTCH2;MAPRE1;RAB3GAP1;CSNK1D;CEP192;BCR,age_changes_cDC1_02062026
IL-2/STAT5 Signaling,0.2643377873236819,-0.3699587000225341,-1.2326644767826718,FGL2;XBP1;AHR;HUWE1;SLC1A5;DHRS3;P4HA1;MAFF;PRNP;CAPG;ITGAE;TNFSF10;CD81;BATF3;MYC;BMPR2;IGF2R;TNFRSF1B;IFNGR1;CYFIP1;PIM1;PNP;GSTO1;RNH1;IRF8;PUS1;LTB;SWAP70;SNX14;NCOA3;IL18R1;FAM126B;PLEC;SELL;BATF;IL10RA;HIPK2;DENND5A;NOP2;TWSG1;EEF1AKMT1;CD79B;PRAF2;IFITM3;MYO1C;SERPINB6,age_changes_cDC1_02062026
Unfolded Protein Response,0.27522887059038725,-0.37533118376495855,-1.242091830140008,XBP1;IMP3;EIF4A1;BANF1;EIF2S1;LSM1;PREB;NFYB;ATP6V0D1;FKBP14;DCP2;EIF4A2;CNOT4;MTHFD2;CALR;HSP90B1;PAIP1;HYOU1;LSM4;TTC37;NOP56;POP4;SEC31A;SPCS3;SSR1;NHP2;SRPRA;TSPYL2;EXOSC10;SLC30A5;SRPRB;ALDH18A1;ERO1A;CEBPG;TUBB2A;DCP1A;EXOSC5;DCTN1;EIF4G1;CNOT6;SLC1A4;NPM1;CEBPB;CKS1B;EXOSC2,age_changes_cDC1_02062026
Apical Junction,0.3540709730950475,-0.36881241322054087,-1.1955474794006586,TIAL1;GNAI2;PIK3CB;VASP;NEGR1;SKAP2;DLG1;FSCN1;RAC2;EXOC4;PTEN;VCL;PTPRC;SRC;PTK2;RHOF;ICAM2;YWHAH;MAPK14;SYMPK;NF2;EVL;MAP4K2;GNAI1;FYB1;STX4;CAP1;ACTG1,age_changes_cDC1_02062026
Pancreas Beta Cells,0.4049115512323624,-0.5018847068253538,-1.174219894843202,SRP9;DPP4;LMO2;SRPRB;SRP14,age_changes_cDC1_02062026
Wnt-beta Catenin Signaling,0.4430004815222625,-0.4037961710683267,-1.1573993934321407,NCSTN;NCOR2;MYC;ADAM17;TP53;DVL2;GNAI1;KAT2A;MAML1;NUMB;PSEN2;CSNK1E;CCND2;FRAT1;NOTCH1;RBPJ,age_changes_cDC1_02062026
Glycolysis,0.4644080047913096,-0.34912273418713446,-1.1457821406524493,COPB2;SDHC;AKR1A1;ISG20;SLC16A3;RBCK1;IDH1;P4HA1;POLR3K;PSMC4;STMN1;FUT8;NSDHL;CYB5A;PRPS1;GLCE;GYS1;UGP2;PKM;PMM2;CHPF2;DLD;GALE;PAM;PPIA;B3GALT6;CASP6;NDUFV3;ARPP19;TXN;GMPPA;ME2;LHPP;SLC35A3;B4GALT4;ERO1A;IER3;ADORA2B;KIF2A;CHST12;AGL;TPI1;TSTA3;GCLC;B4GALT7;GALK2;B3GAT3,age_changes_cDC1_02062026
IL-6/JAK/STAT3 Signaling,0.5317291493950381,-0.35512604317570684,-1.1214450449504443,STAT2;TGFB1;LTBR;STAT1;TNFRSF1A;IFNAR1;TYK2;TNFRSF1B;IFNGR1;PIM1;BAK1;CSF2RA;LTB;IL18R1;IFNGR2;MYD88;STAT3;CD38,age_changes_cDC1_02062026
Apical Surface,0.5872193436960277,0.23509340960467534,0.9268952207075639,FLOT2;B4GALT1;PLAUR,age_changes_cDC1_02062026
Allograft Rejection,0.6231180686065964,-0.32537034732638204,-1.0867641086555053,UBE2N;IL16;TGFB1;PTPN6;CXCR3;ICOSLG;NCK1;STAT1;TLR6;NCF4;CAPG;IRF7;CD40;ST8SIA4;IKBKB;PSMB10;TLR3;ITGAL;EIF3A;LY75;IFNGR1;EIF3J;TLR1;TAP2;MRPL3;PTPRC;PRKCB;MAP4K1;IRF8;LTB;CRTAM;HLA-DQA1;IFNGR2,age_changes_cDC1_02062026
Adipogenesis,0.6395234224068821,-0.321866393799948,-1.0896984828158052,POR;ESYT1;SDHC;YWHAG;SLC1A5;CCNG2;CAT;MGST3;ESRRA;PREB;REEP5;STOM;IDH1;ETFB;DECR1;NMT1;DLAT;PPP1R15B;LTC4S;SULT1A1;IFNGR1;DRAM2;ACLY;ENPP2;ATP5PO;IDH3A;COQ5;DLD;STAT5A;UCP2;GHITM;SQOR;MGLL;SUCLG1;HADH;BCL6;PTCD3;UQCRC1;NDUFAB1;IDH3G;JAGN1;GRPEL1;PPM1B;DNAJC15;TST;MYLK;AIFM1,age_changes_cDC1_02062026
Coagulation,0.7429008075008777,-0.34536499211667965,-1.0521953070036025,GSN;ARF4;MAFF;LAMP2;CTSO;CSRP1;THBD;CTSH;DPP4;CPQ,age_changes_cDC1_02062026
UV Response Up,0.7799128477313563,-0.314595331696787,-1.0363890157733795,HLA-F;POLE3;KLHDC3;SOD2;TFRC;SQSTM1;CYB5B;STK25;BSG;CDC5L;SULT1A1;ALAS1;ATP6V1F;BAK1;POLR2H;DDX21;YKT6;BCL2L11;SELENOW;PPT1;RPN1;CDC34;PRKCD;TUBA4A;GRPEL1;TST;TMBIM6;DNAJB1;CEBPG;PRPF3;SLC25A4;STIP1;GLS;NUP58;HSPA13;PPAT;AP2S1;NXF1;RFC4;CHKA;DNAJA1,age_changes_cDC1_02062026
Fatty Acid Metabolism,0.8064777996832272,-0.3097214597159489,-1.0225233270209502,SDHC;UBE2L6;IDH1;PDHB;DECR1;PDHA1;OSTC;NSDHL;ALDH3A2;HSD17B4;LTC4S;ACSL1;HSP90AA1;PCBD1;BLVRA;SUCLA2;ETFDH;SERINC1;HADHB;PSME1;ACAT2;METAP1;HSDL2;YWHAH;HSPH1;GLUL;DLD;BPHL;NBN;MGLL;SUCLG1;ACSS1;HADH;GRHPR;IDH3G;ACSL4;CD1D;DLST;GCDH,age_changes_cDC1_02062026
Oxidative Phosphorylation,0.8311805330867307,-0.2971532714472541,-1.0083327995901057,VDAC3;NDUFA7;POR;NDUFB3;SDHC;ATP6V1D;AFG3L2;MGST3;NDUFA8;IDH1;PDHB;ETFB;DECR1;ATP6V0E1;MRPS12;PDHA1;BAX;TCIRG1;DLAT;ACAT1;CYB5A;TIMM10;ATP5PB;ATP5F1C;RHOT1;ATP6V1G1;RHOT2;NDUFA6;SUCLA2;ETFDH;ALAS1;ATP6V1F;HADHB;SLC25A11;CYCS;ATP5PO;TOMM70;IDH3A;ATP6V1E1;COX15;PHB2;DLD;GLUD1;OGDH;MRPS11;TIMM9;NDUFB2;SUCLG1;TIMM8B;UQCRC1;NDUFAB1;IDH3G;GRPEL1;ATP5PF;UQCRC2;NDUFA9;AIFM1;DLST;NDUFV2;NDUFA1;SLC25A4;COX6A1;NDUFA3;HTRA2;FXN;GPI;NDUFB7;NNT;ECI1;ATP5MC2,age_changes_cDC1_02062026
Apoptosis,0.8362384089547923,-0.30311941129925174,-0.9989858679624712,GSN;CCND1;CASP2;ISG20;SOD2;DAP3;SQSTM1;NEDD9;PLCB2;BAX;PEA15;SLC20A1;TNFSF10;ADD1;IGF2R;IFNGR1;RHOT2;CFLAR;PTK2;HSPB1;DFFA;DDIT3;BCL2L11;SPTAN1;ROCK1;PPT1;CASP6;SATB1;CD38;TIMP2;PSEN1;BIRC3;DNM1L;IER3;IFITM3;RARA;KRT18;XIAP;BCAP31;SC5D;DAP;MADD;CASP8,age_changes_cDC1_02062026
Angiogenesis,0.8626943005181348,0.2764228873198218,0.9337669317401435,S100A4;TIMP1;LRPAP1,age_changes_cDC1_02062026
TGF-beta Signaling,0.9331320953550977,-0.2986230337369372,-0.8836841728118376,TGFB1;NCOR2;ARID4B;CDK9;PPP1CA;SLC20A1;BMPR2,age_changes_cDC1_02062026
UV Response Dn,0.9470982516768435,-0.27785057740287483,-0.8890486302388523,SPOP;YTHDC1;DLG1;MYC;PTEN;TGFBR2;NIPBL;MAPK14;NFKB1;RASA2;WDR37;MIOS;PIK3CD;AGGF1;MGLL;SYNE1;NOTCH2;CELF2;DBP;SRI;ADD3;ADORA2B;PEX14;ATXN1;PHF3;ID1;GCNT1;PRKAR2B;MAP2K5;MTA1,age_changes_cDC1_02062026
Spermatogenesis,0.9515527009630806,-0.30936194509801695,-0.9494807475133035,VDAC3;PSMG1;PHKG2;MLLT10;ACRBP;NF2;BRAF;SPATA6;LPIN1;RAD17;STAM2;RFC4;PGS1;STRBP;IP6K1;AGFG1;ZC3H14,age_changes_cDC1_02062026
Bile Acid Metabolism,0.9567165571506805,-0.3096779648624064,-0.9571746837143301,CAT;IDH1;PRDX5;HSD17B4;FADS1;ACSL1;PEX26;GNPAT;ABCA5;PNPLA8;SLC27A5;EFHC1;ATXN1;GSTK1;LIPE;LCK;PEX6;FADS2;PEX19;ISOC1;PXMP2;ABCD3;PEX16;CROT;GCLM;PAOX;SLC23A2;HACL1;ACSL5;BCAR3;SLC22A18;PIPOX,age_changes_cDC1_02062026
Cholesterol Homeostasis,0.9569465957148987,-0.2270737756343867,-0.7181696271881185,NSDHL;STARD4;STX5;ATXN2;ACAT2;S100A11;GNAI1;ACTG1;FABP5;HMGCR;SC5D;SCD;FBXO6;PLSCR1;CHKA;EBP;FDFT1;PNRC1;FASN;ANXA5,age_changes_cDC1_02062026
Xenobiotic Metabolism,0.965418192224743,-0.27229893863974897,-0.8930493410503608,POR;SLC1A5;CAT;IDH1;MT2A;TNFRSF1A;NMT1;ATP2A2;SLC6A6;PSMB10;CYB5A;SLC46A3;ADH5;ETFDH;ALAS1;GSTO1;IRF8;DDAH2;SSR3;BLVRB;KYNU;BPHL;MCCC2;CASP6;ARPP19;BCAT1;TMBIM6;DHRS7;NFS1;PINK1;FAH;SAR1B;GSTM4;ACOX1;GCLC,age_changes_cDC1_02062026
Pperoxisome,0.9663745798189167,-0.28462618619879476,-0.9040237861145609,DHRS3;CAT;SOD2;IDH1;PRDX5;HSD17B4;PRDX1;FADS1;SIAH1;ACSL1;CNBP;CDK7;YWHAH;ERCC3;ERCC1;GNPAT;ACSL4;CTPS1;ECI2;SLC25A4;PEX14;ACOX1;SLC25A19;CRAT;PEX11B;ATXN1;GSTK1,age_changes_cDC1_02062026
Estrogen Response Late,0.9693521406001528,-0.19872754323576336,-0.6486942367114256,XBP1;CCND1;ST14;PTPN6;ISG20;NCOR2;ETFB;AMFR;ALDH3A2;RAB31;SIAH2;BLVRB;GALE;BATF;ITPK1;CKB;HOMER2;TST;FABP5;METTL3,age_changes_cDC1_02062026
Hypoxia,0.973513558166911,-0.22041544097844917,-0.7263315860331996,WSB1;PLAC8;HEXA;CCNG2;ISG20;NAGK;ATP7A;P4HA1;MAFF;MT2A;SLC6A6;PRDX5;ILVBL;GYS1;PIM1;UGP2;LXN;TES;DDIT3;SIAH2;PAM;HK1;B3GALT6;CASP6,age_changes_cDC1_02062026
Inflammatory Response,0.9907071374616448,-0.2756541593206705,-0.9059151225230255,AHR;SCARF1;RHOG;SLC31A2;ICOSLG;IFNAR1;IRF7;PTPRE;TNFSF10;CD40;ATP2A2;LY6E;MYC;TLR3;TNFRSF1B;TLR1;GNAI3;CALCRL;BST2;ADRM1;NFKB1;IL18R1;IFNGR2;SELL;NMI,age_changes_cDC1_02062026
KRAS Signaling Up,0.9920661946118899,-0.22866476343333944,-0.7322066501380136,WDR33;GUCY1A1;CD37;RBM4;PRELID3B;CLEC4A;ADAM17;TNFRSF1B;ATG10;MAP4K1;CSF2RA;IRF8;PSMB8;IL10RA;SATB1;FBXO4;BIRC3;MMD;TOR1AIP2;ERO1A;CBL;EVI5;FUCA1;GNG11;ETS1;ID2;PECAM1;ADAM8,age_changes_cDC1_02062026
Estrogen Response Early,0.9921510784250853,-0.2566662293753031,-0.8398532329012158,XBP1;CCND1;SYNGR1;DHRS3;NCOR2;AMFR;UGCG;CBFA2T3;MYC;NADSYN1;UNC119;GAB2;RAB31;SIAH2;BLVRB;INPP5F;MED13L;ITPK1;RRP12;AKAP1;ELF1;ADD3;ISG20L2;RARA;KRT18;MICB;KDM4B;SLC1A4;SLC39A6;FDFT1;FASN;SH3BP5,age_changes_cDC1_02062026
KRAS Signaling Dn,1.0,-0.25562532947760597,-0.756906375221627,LFNG;KCNMB1;PTPRJ;MTHFR;SPHK2;COQ8A,age_changes_cDC1_02062026
heme Metabolism,1.0,-0.27638495089575194,-0.9101496377162853,UBAC1;NCOA4;CCDC28A;CAT;MGST3;TFRC;LAMP2;VEZF1;DAAM1;BSG;MARK3;ADD1;NARF;BLVRA;ARL2BP;SLC10A3;FBXO34;KHNYN;EZH1;SLC25A37;BLVRB;FBXO9;CLCN3;CIR1;LMO2;UCP2;SDCBP;RBM5;CTSB;CDC27;GDE1;DCAF11;SIDT2;RBM38;HTRA2;MKRN1;GCLC;NNT;PICALM;EPB41;XPO7;MBOAT2,age_changes_cDC1_02062026
Epithelial Mesenchymal Transition,1.0,-0.25753845426471383,-0.7958694965156295,ANPEP;TGFB1;GLIPR1;BASP1;CAPG;TPM1;FBLN2;P3H1;SERPINH1;ITGA5;CD59;MYLK;NOTCH2;MCM7;CALU,age_changes_cDC1_02062026
p53 Pathway,1.0,-0.22281398040069716,-0.7431932031446868,TGFB1;PCNA;ST14;STOM;EI24;IER5;BAX;BLCAP;KIF13B;PTPRE;CD81;POM121;TRIAP1;TP53;WRAP73;RAD51C;MXD4;BAK1;COQ8A;DGKA;TRAFD1;DDIT3;VAMP8;RNF19B;TSPYL2;PITPNC1,age_changes_cDC1_02062026
Myogenesis,1.0,-0.2564376121881856,-0.8150899248330478,GSN;TGFB1;PICK1;PRNP;EIF4A2;ACSL1;MEF2C;CHRNB1;LSP1;SPTAN1;CKB;CFD;RYR1;MYLK;GABARAPL2;MYO1C;LPIN1;AGL;SCD;TSC2;GAA;CRAT;PDLIM7;APP;SH2B1,age_changes_cDC1_02062026
Androgen Response,1.0,-0.28662354517541155,-0.9177051932578525,CCND1;NCOA4;TNFAIP8;GUCY1A1;VAPA;XRCC5;FADS1;UBE2I;SPCS3;GNAI3;TMEM50A;CDK6;ZBTB10;ADRM1;SRF;PA2G4;RRP12;HOMER2;HERC3;HMGCR,age_changes_cDC1_02062026
TNF-alpha Signaling via NF-kB,1.0,0.2854359459738096,1.0,PTGER4;SLC2A3;AREG;MAP3K8;NAMPT;PLK2;SOCS3;RIPK2;NR4A2;CD69;MCL1;KLF4;DUSP1;ATF3;REL;PPP1R15A;IL1B;CDKN1A;DUSP4;ZFP36;DUSP2;CD83;BCL3;ATP2B1;B4GALT1;BTG2;IL6ST;NR4A3;BIRC2;MAP2K3;TNFAIP3;RELA;PLAUR;KLF6;FOSL2;CCNL1,age_changes_cDC1_02062026
Hypoxia,0.0,0.2789486223801417,1.9093641442297176,MT2A;DDIT4;PIM1;IRS2;CHST2;ALDOA;GPI;HMOX1;TNFAIP3;MT1E;SLC2A3;MIF;MYH9;CAVIN3;S100A4;TPI1;PFKP;SLC6A6;PFKL;BNIP3L;ADORA2B;SCARB1;PFKFB3;CDKN1A;FBP1;GRHPR;NEDD4L;DTNA;FOS;PLAUR;GAPDH,age_changes_cDC2_02062026
Angiogenesis,0.0,0.6429769620657864,2.220628555640642,VCAN;TIMP1;THBD;S100A4;LRPAP1,age_changes_cDC2_02062026
Reactive Oxygen Species Pathway,0.0,0.4052520840466006,1.8792946458937654,PRDX2;CDKN2D;MGST1;GPX4;GPX3;G6PD;MSRA;PRDX6;PRNP;ATOX1;PFKP;LSP1;HHEX;TXN;ERCC2,age_changes_cDC2_02062026
Coagulation,0.0,0.3841018559682447,2.1697132031573685,SERPINA1;C1QA;CD9;TIMP1;THBD;LTA4H;LRP1;CSRP1;DUSP6;CTSO,age_changes_cDC2_02062026
Complement,0.018064516129032256,0.2956649949896556,1.6571179843601622,FCN1;SERPINA1;S100A12;C1QA;S100A9;PIM1;TIMP1;LTA4H;CCL5;LRP1;TNFAIP3;CSRP1;WAS;DUSP6;CTSO;ITGAM;C1QC;PLA2G7;LGALS3;ATOX1;CALM3;CTSL;PLSCR1;L3MBTL4;CTSH;GRB2;CASP4;GNGT2;CD36;SERPING1,age_changes_cDC2_02062026
Wnt-beta Catenin Signaling,0.019135234590616376,-0.5564560475091785,-1.6513847048017631,MYC;TP53;MAML1;TCF7;NCOR2;HDAC2;DVL2;RBPJ;HDAC5;NOTCH4;PPARD;LEF1;AXIN1;CSNK1E;KAT2A;NUMB,age_changes_cDC2_02062026
IL-6/JAK/STAT3 Signaling,0.023655913978494626,0.31870406033349863,1.5997834344438322,CD14;MAP3K8;PIM1;IL1R2;CD9;HMOX1;STAT1;IL1R1;IL12RB1;SOCS3;EBI3;STAT3;ACVR1B;GRB2;IFNGR2;CXCL3;CD36;IL17RA;CD44;IL15RA;TNFRSF1B,age_changes_cDC2_02062026
Inflammatory Response,0.05898617511520737,0.23908110543133818,1.4595460797504554,CD14;FPR1;MARCO;RNF144B;CHST2;HIF1A;TIMP1;CCL5;RIPK2;ADGRE1;IL18;PTGER2;IL1R1;ICOSLG;EBI3;P2RY2;ADORA2B;ACVR1B;CDKN1A;EMP3;SRI;ADRM1;IFNGR2;C5AR1;PLAUR;IL10RA;CYBB;IFITM1;IL15RA;TNFRSF1B;NFKBIA;LDLR;CSF3R;SCN1B;ABCA1,age_changes_cDC2_02062026
Apoptosis,0.06451612903225806,0.2351459888722353,1.4236415748077689,CD14;TIMP1;DPYD;HMOX1;MGMT;HSPB1;GPX4;GPX3;IL18;MCL1;TSPO;LGALS3;BCL2L1;EMP1;HMGB2;BNIP3L;PMAIP1;CDKN1A;IFITM3;SAT1;CASP4;CTNNB1;PSEN2;TXNIP;CD44;CDC25B;EGR3,age_changes_cDC2_02062026
Estrogen Response Late,0.14480286738351253,0.2782326324937582,1.2976204952113253,SERPINA1;S100A9;ALDH3B1;CD9;AREG;FKBP4;RAB31;SCARB1;COX6C;SGK1;DCXR;SLC2A8;OLFM1;BLVRB;TOB1;SLC16A1;FOS;ELOVL5;ITPK1;CD44;SLC22A5;MYOF;EGR3;TST;FKBP5;MEST;RBBP8;HPRT1;ADD3;SLC1A4;ALDH3A2;RNASEH2A;NAB2;CHPT1,age_changes_cDC2_02062026
Fatty Acid Metabolism,0.1870967741935484,0.21318864137784765,1.2271895814707987,SUCLG2;ALDOA;HSD17B11;GSTZ1;G0S2;MIF;BLVRA;UBE2L6;IDH3B;PRDX6;PTS;ACOT8;PSME1;ACSL1;DLD;GRHPR;SDHA;ACOT2;CD36;D2HGDH;ELOVL5;ACO2;SLC22A5;HADHB;ALDH9A1;AUH;MDH2;VNN1;IDH3G;ACADVL;ALDH3A2;ADSL;DECR1;UROD;SMS,age_changes_cDC2_02062026
Glycolysis,0.3645161290322581,0.19510941145361815,1.0801240626795785,DDIT4;IRS2;CHST2;VCAN;ALDOA;G6PD;LHPP;MIF;PKM;FKBP4;TPI1;ECD;PFKP;ADORA2B;PGAM1;QSOX1;PGLS;DLD;AKR1A1;TXN;PYGL,age_changes_cDC2_02062026
Adipogenesis,0.38709677419354843,0.2297307406263991,1.0881082090328653,CDKN2C;ALDOA;SULT1A1;RNF11;UQCRC1;GPX4;GPX3;COX8A;SLC5A6;PIM3;AIFM1;STOM;PEMT;CMPK1;UQCR11;TKT;PFKL;SCARB1;PFKFB3;ATL2;GPAT4;DLD;TOB1;CAVIN2;CD36;ACLY;DNAJB9;ACO2;COX6A1;TST;COX7B;APLP2;MDH2;UQCRQ;SLC19A1;ABCA1;NABP1;BCKDHA;IDH3G;NDUFS3;CS;ATP1B3;DECR1;SQOR;TALDO1,age_changes_cDC2_02062026
Myc Targets V2,0.3904323827046918,-0.43477847479186565,-1.3719438372391894,PPAN;MYC;NOP56;WDR43;MAP3K6;MCM5;IPO4;DCTPP1;LAS1L;MRTO4;GRWD1;NOC4L;NOP16;DDX18;CDK4;SRM;HSPE1;TBRG4,age_changes_cDC2_02062026
Oxidative Phosphorylation,0.4952853598014888,0.23134224585908628,1.0,GPI;UQCRFS1;TCIRG1;UQCRC1;GPX4;OXA1L;COX8A;IDH3B;AIFM1;HADHA;COX5B;ATP5PB;UQCRH;ATP5F1D;NQO2;UQCR11;COX4I1;ATP6V0C;ATP5MG;COX6C;ATP5PD;DLD;SDHA;NDUFS8;COX6B1;NDUFA4;COX5A;NDUFA1;ATP5MC1;VDAC1;ATP6AP1;ISCA1;LDHB;NDUFA2;ACO2;HADHB;COX6A1;ATP5MC2;COX7A2;COX7B;MPC1;NDUFS7;COX10;MDH2;UQCRQ;ATP5F1A;NDUFS6;BCKDHA;IDH3G;ACADVL;BAX;MRPS12;COX7C;NDUFS3;MRPS15;CS;DECR1;SURF1;CYB5R3;GLUD1;GOT2;LDHA;ABCB7;MRPL34;ETFB;NDUFS4;PDK4;ALDH6A1;NDUFB2;HSPA9;MTRF1;NDUFA3;RHOT1;ATP5F1E,age_changes_cDC2_02062026
E2F Targets,0.600429316160687,-0.3595394991901437,-1.2296442583689757,STMN1;SRSF2;MYC;HNRNPD;TP53;NOP56;RANBP1;UBE2S;NME1;NUP107;GSPT1;PCNA;RFC3;CKS2;MSH2;PAN2;RAN;ASF1A;MAD2L1;CTCF;RBBP7;MCM5;BRMS1L;EED;DCTPP1;TFRC;POLD3;NUP153;SMC6;BARD1;RAD1;MCM6;NUDT21;RPA3;MRE11;NAP1L1;BIRC5;MCM2;CDK4;MMS22L;STAG1;POLD2;HELLS;TBRG4;ING3;SNRPB;PRIM2;TRA2B;BRCA1;CSE1L;MYBL2;UNG;DCK;CBX5;RFC2;LYAR;DDX39A;SUV39H1;CCP110;GINS4;ORC6;SMC4;CTPS1;KPNA2;RAD50;IPO7;DONSON;ATAD2,age_changes_cDC2_02062026
PI3K/AKT/mTOR  Signaling,0.610855565777369,-0.39760794137554295,-1.2962682948492972,IL2RG;MAPK9;SLA;HRAS;MAPK1;TIAM1;DDIT3;AKT1;UBE2N;ATF1;PLA2G12A;TNFRSF1A;CAB39;MAP2K6;CAB39L;CSNK2B;PRKCB;RPS6KA3;PLCB1;TBK1;TRAF2;RPTOR;ACACA;PAK4;CDK4;CAMK4;THEM4;NFKBIB,age_changes_cDC2_02062026
Notch Signaling,0.6296964121435142,-0.4193683190877656,-1.1679098099460437,LFNG;ST3GAL6;HES1;RBX1;PPARD;KAT2A;TCF7L2;MAML2;ARRB1;SAP30,age_changes_cDC2_02062026
IL-2/STAT5 Signaling,0.6716957988347133,-0.34385737732003435,-1.1730295701134816,SCN9A;IRF8;LTB;MYC;XBP1;ST3GAL4;GADD45B;IL3RA;CD81;CTSZ;MAPKAPK2;AGER;BATF3;RABGAP1L;CCND3;TIAM1;CD48;CD79B;ODC1;LRRC8C;CA2;PNP;RRAGD;IL18R1;RHOH;SNX9;BHLHE40;ALCAM;DCPS;SOCS1;PLAGL1;BMPR2;IGF1R;SNX14;ADAM19;NDRG1;LCLAT1;IL4R;PDCD2L;CISH;TNFRSF8;CD83;TLR7;CAPN3;UMPS;GUCY1B1,age_changes_cDC2_02062026
Interferon Alpha Response,0.7137442502299908,-0.3724303551250465,-1.2306222283499657,IFI30;IRF9;USP18;IFIT2;IFI27;SAMD9;CMPK2;CNP;TMEM140;HERC6;PARP14;IFI35;IFI44L;IRF7;SP110;ISG15;TENT5A;LPAR6;OAS1;DDX60;MX1;IL4R;TRIM14;IFIT3;EPSTI1;EIF2AK2;CASP8;RSAD2;TRIM25;TRIM5;ISG20;IRF2;DHX58;IFIH1;NMI;HELZ2;OGFR;CCRL2;NCOA7;CD47;SLC25A28;TAP1;HLA-C;OASL;MVB12A;IL7,age_changes_cDC2_02062026
G2-M Checkpoint,0.7205151793928243,-0.3459340933180605,-1.178840907974642,RBM14;PURA;STMN1;SRSF2;MYC;HNRNPD;E2F4;MARCKS;MAPK14;UPF1;UBE2S;GSPT1;ODC1;CKS2;NSD2;ARID4A;CASP8AP2;SLC7A1;CDC27;DR1;MAD2L1;CTCF;MCM5;HIRA;RPS6KA5;E2F3;AMD1;CBX1;BARD1;PRMT5;MCM6;BIRC5;MCM2;CDK4;STAG1;NUSAP1;E2F2;RBL1;PRIM2;LIG3;TGFB1;KPNB1;TRA2B;GINS2;MYBL2;NUP50;KIF5B;FOXN3;TNPO2;SLC7A5;PAFAH1B1;SFPQ;DDX39A;ATF5;SUV39H1;CUL3;ORC6;SMC4;YTHDC1;PRPF4B;KPNA2;SMARCC1,age_changes_cDC2_02062026
TGF-beta Signaling,0.7433971732039808,-0.3718537633177486,-1.1350979642226429,ID3;ARID4B;CDK9;NCOR2;FNTA;SMURF1;PMEPA1;SMURF2;CDH1;BMPR2;XIAP;SLC20A1;SPTBN1;SMAD7;BCAR3;TGFB1;TRIM33,age_changes_cDC2_02062026
Androgen Response,0.7583256669733212,-0.3304697407235522,-1.0774139296499916,SRF;GUCY1A1;STK39;CCND3;AKT1;PDLIM5;SLC38A2;TSC22D1;HMGCR;LMAN1;PMEPA1;TPD52;ELK4;TNFAIP8;RPS6KA3;MYL12A;NDRG1;TMEM50A;SCD;SRP19;APPBP2,age_changes_cDC2_02062026
Protein Secretion,0.7586629868138609,-0.3410437237243686,-1.1199929418271808,BET1;RAB22A;MAPK1;GOSR2;TSG101;RER1;GNAS;ATP6V1H;STX7;ARFGEF2;SNX2;ARFGEF1;LMAN1;TPD52;CLN5;VAMP4;CLCN3;YKT6;YIPF6;RPS6KA3;OCRL;USO1,age_changes_cDC2_02062026
UV Response Dn,0.7998160073597056,-0.37707512661329917,-1.2422291475618294,MYC;FZD2;DBP;MAPK14;TOGARAM1;PDLIM5;NFKB1;MRPS31;SPOP;ATP2B1;SLC7A1;BHLHE40;ABCC1;NR3C1;FYN;BCKDHB;DAB2;CDK13;IGF1R;MTA1;SFMBT1;PRDM2;CITED2;DYRK1A;SMAD7;ACVR2A;PHF3,age_changes_cDC2_02062026
Pancreas Beta Cells,0.8032592981995005,-0.4799934249158412,-1.1815812827099987,ELP4;SRP9;DPP4;LMO2,age_changes_cDC2_02062026
Unfolded Protein Response,0.8068690585709904,-0.32485214992428824,-1.0778520253672037,EIF4A1;XBP1;NFYB;PAIP1;NOP56;CNOT6;EIF4A2;GOSR2;TSPYL2;MTREX;EIF4A3;IFIT1;DNAJA4;ERN1;TTC37;FUS;TATDN2;WIPI1;DDX10;EDEM1;PARN;CNOT2;ZBTB17;SHC1;SLC30A5;PREB;IMP3;LSM1;KHSRP;KIF5B;DCP2;SLC7A5;CNOT4;NFYA;CXXC1;EXOSC9,age_changes_cDC2_02062026
Hedgehog Signaling,0.8202764976958525,0.21153279199612424,0.8048015606042025,TLE3;MYH9;ETS2,age_changes_cDC2_02062026
Pperoxisome,0.84557760546721,-0.33485814557165805,-1.0812617164098595,CTBP1;HRAS;SLC25A19;YWHAH;MLYCD;SLC35B2;CLN8;PEX6;MSH2;ISOC1;HMGCL;FDPS;RETSAT;IDH2;IDH1;PEX2;ABCB4;SIAH1;CLN6;ECI2;ACAA1;RDH11;CDK7;DHCR24,age_changes_cDC2_02062026
KRAS Signaling Dn,0.9041681409666691,-0.3388597992487949,-1.0824137907184754,LFNG;TCL1A;RYR1;NR6A1;MAST3;IFI44L;PTPRJ;RIBC2;BARD1;SNN;MX1;KCNMB1;ASB7;ENTPD7;RSAD2;YPEL1;PDK2;VPS50;GP1BA;SPHK2;SKIL;GPRC5C;GAMT;PDE6B;CPEB3;GTF3C5;C5;MFSD6;STAG3;CAMK1D;MEFV;ZC2HC1C;CLSTN3;PLAG1;PRKN;CACNA1F;CCDC106;TENT5C;MSH5,age_changes_cDC2_02062026
Myc Targets V1,0.949770009199632,-0.2884140471059838,-0.9902538514624202,EIF4A1;SRSF2;MYC;HNRNPD;NOP56;RANBP1;PSMA1;NME1;PSMC6;GSPT1;TRIM28;EIF3J;PCNA;ODC1;PSMA2;TXNL4A;RAN;MAD2L1;MCM5;HDAC2;TARDBP;SSB;IFRD1;SNRPB2;PSMA4;HDGF;MCM6;EIF3B;NAP1L1;NOP16;DDX18;MCM2;CDK4;SRM;RPS10;POLD2;ERH;HSPE1;GLO1;VBP1;SRSF7;KPNB1;SNRPG;PSMD3;TRA2B;COPS5;PSMC4;TOMM70;YWHAE;TYMS;RUVBL2;HSP90AB1;EIF2S2;SRSF3;CTPS1;HNRNPA2B1;KPNA2;SMARCC1,age_changes_cDC2_02062026
Spermatogenesis,0.970131861392211,-0.20239443305345856,-0.645523953708964,POMC;STRBP;RPL39L;CSNK2A2;GMCL1;CCT6B;CAMK4;AGFG1;IFT88;PGS1;CHFR;TSN;PIAS2;ARL4A;RFC4;BRAF,age_changes_cDC2_02062026
DNA Repair,0.9735341112671282,-0.2930544425578757,-0.996339783241548,NELFB;TP53;NME1;TSG101;EIF1B;PCNA;COX17;PNP;ALYREF;SRSF6;CMPK2;RFC3;REV3L;UPF3B;TAF12;POLD3;ERCC4;TAF1C;RBX1;TAF10;GTF2H5;POLR2K;GTF2A2;ZNRD1;BOLA2;POM121;FEN1;NUDT21;RPA3;SNAPC5;GTF2B;NUDT9;SNAPC4;ZWINT,age_changes_cDC2_02062026
Apical Junction,0.9773478775134709,-0.20575309058443375,-0.6916390579257862,TMEM8B;HRAS;MAPK14;YWHAH;ICAM4;LIMA1;PBX2;JUP;ACTG1;RRAS;GNAI2;RASA1;CLDN15;CDH1;MVD;LDLRAP1;INPPL1;SHC1;PIK3CB;TGFBI,age_changes_cDC2_02062026
Myogenesis,0.9798758049678014,-0.23769493030926925,-0.7915947110109935,RYR1;GADD45B;BIN1;TPM2;EIF4A2;GABARAPL2;TNNI2;MYLPF;ABLIM1;BHLHE40;ITGB5;PPFIA4;FDPS;HDAC5;IFRD1;SVIL,age_changes_cDC2_02062026
Allograft Rejection,0.9813518047513394,-0.2987302556372687,-1.0189072479290617,CD79A;IRF8;TAP2;LTB;IFNAR2;IL2RG;IL1B;LY75;CCND3;NME1;AKT1;UBE2N;EIF3J;CXCR3;ETS1;HLA-DOB;SIT1;IKBKB;CCR5;CCR1;GZMB;DEGS1;TPD52;TLR3;HLA-DMB;IRF7;CD3G;SOCS1;CD3D;PRKCB;TLR1;EIF3A,age_changes_cDC2_02062026
UV Response Up,0.98996872125115,-0.2729439384787457,-0.9128056681328852,CDC34;DNAJA1;CYB5B;GLS;CCND3;CA2;CNP;HYAL2;DGAT1;STK25;MARK2;RXRB;STIP1;POLG2;TFRC;AGO2;YKT6;AMD1;E2F5;FOSB;GCH1;PLCL1;FEN1;PPP1R2;AQP3;GGH;PRKCD;KLHDC3;ATP6V1C1;CTSV;ACAA1;CASP3;PPAT,age_changes_cDC2_02062026
Bile Acid Metabolism,0.9929192509718965,-0.25157194612713063,-0.8054787225233686,PAOX;MLYCD;SLC35B2;PEX6;FDXR;ISOC1;PXMP2;RETSAT;IDH2;IDH1;PEX7;PNPLA8;BCAR3;DHCR24;ABCA2;GNPAT;AMACR;PECR;PEX26;SLC23A2;NUDT12;HACL1;LIPE;ACSL5;PEX1;NEDD4;ABCD1;ABCD2;ABCA5;NPC1;AR;ABCD3,age_changes_cDC2_02062026
Epithelial Mesenchymal Transition,0.9939839982158291,-0.2286948312572212,-0.7490505640931608,FBLN2;GEM;GADD45B;TPM1;TPM2;JUN;PMEPA1;ITGB5;PTX3;BASP1;GPX7;TNFRSF12A;CXCL8;DAB2;TGFBI;CD59;SNTB1;PVR;P3H1;TGFB1;TPM4,age_changes_cDC2_02062026
Apical Surface,0.9956148420729838,-0.3320875634985123,-0.925160879447972,TMEM8B;IL2RG;SULF2,age_changes_cDC2_02062026
Cholesterol Homeostasis,0.9996933455995093,-0.30365858589957256,-0.9645389752215865,LGMN;ACTG1;SC5D;ALCAM;HMGCR;PMVK;HSD17B7;FDPS;SREBF2;TNFRSF12A;ATXN2;MVD;ACAT2;FBXO6;SCD;STX5;S100A11;TM7SF2;ALDOC,age_changes_cDC2_02062026
Mitotic Spindle,1.0,-0.25863149404543834,-0.887513347595689,BIN1;MARCKS;RICTOR;TIAM1;PDLIM5;PLEKHG2;ABR;CYTH2;MYO9B;ARL8A;TRIO;PCNT;MID1IP1;CDC27;KLC1;NCK2;MAP3K11;ARFGEF1;PPP4R2;RASA1;SASS6;RAPGEF6;PKD2;KIFAP3;PREX1;FGD6;BIRC5;RABGAP1;ARHGEF11;SPTBN1;CLIP2;RALBP1;CNTRL;KNTC1;EZR;KATNB1;LLGL1;NUSAP1;SUN2;KIF5B;YWHAE;CEP250;CLASP1;PAFAH1B1;RAB3GAP1;TAOK2;KIF3B;TUBD1;RHOF;CEP131;RANBP9;SMC4;STK38L,age_changes_cDC2_02062026
mTORC1 Signaling,1.0,-0.24806171486526793,-0.8542885478665604,IFI30;SLA;XBP1;CYB5B;GCLC;ATP2A2;ABCF2;EEF1E1;PSMC6;DDIT3;PITPNB;NMT1;PNP;LGMN;CORO1A;ATP6V1D;FDXR;SC5D;BHLHE40;HMGCR;STIP1;TFRC;GGA2;YKT6;UFM1;IFRD1;IDH1;PSMA4;EDEM1;PSPH;PSMB5;TBK1;ACACA;USO1;MCM2;SCD;GOT1;NFKBIB;NUFIP1;HSPE1;TM7SF2;RDH11;MLLT11;DHCR24;PNO1;COPS5;PSMC4;GLRX;SLC37A4;UNG;SLC7A5;SERPINH1;DDX39A;TXNRD1;CTSC;EIF2S2,age_changes_cDC2_02062026
TNF-alpha Signaling via NF-kB,1.0,-0.24383430961379465,-0.8304435052312529,MYC;GEM;GADD45B;IER3;MARCKS;RCAN1;IL1B;IFIT2;PTPRE;PDLIM5;B4GALT5;NFKBIE;NFKB1;JUN;ATP2B1;TSC22D1;PHLDA2;NFE2L2;HES1;IER5;BHLHE40;DUSP5;PMEPA1;TIPARP;NFKB2;PTX3;TNFAIP2;TANK;FOSB;GCH1;TNFAIP8;SNN;GPR183,age_changes_cDC2_02062026
heme Metabolism,1.0,-0.20693139910936892,-0.700702938803048,DAAM1;GCLC;CPOX;CCND3;ICAM4;KDM7A;MARK3;TNRC6B;CA2;CDC27;NR3C1;TFRC;SLC10A3;LMO2;CLCN3;RNF19A;HDGF;ENDOD1;PIGQ;AQP3;DCUN1D1;RBM38;SYNJ1;EZH1;FBXO34;MBOAT2;E2F2;DCAF10;CDR2;PPP2R5B;BMP2K;HTRA2;NFE2L1;ALAD;MGST3,age_changes_cDC2_02062026
Xenobiotic Metabolism,1.0,-0.2751575722840046,-0.9283357231136468,IRF8;CES1;NFS1;GCLC;SERTAD1;ATP2A2;PDLIM5;NMT1;JUP;SLC35D1;CA2;POR;NDRG2;TNFRSF1A;ABHD6;GCNT2;SAR1B;PINK1;CYP2E1;RETSAT;IDH1;GCH1;CYFIP2;PPARD,age_changes_cDC2_02062026
Estrogen Response Early,1.0,-0.24392492201624127,-0.8188707868855976,MYC;XBP1;CBFA2T3;CLIC3;FCMR;TIAM1;RPS6KA2;FAM102A;KDM4B;ABLIM1;HES1;NCOR2;AKAP1;BHLHE40;SYNGR1;TIPARP;SLC39A6;RARA;ABAT;SVIL;IGF1R;ENDOD1;AQP3,age_changes_cDC2_02062026
p53 Pathway,1.0,-0.29579494869012596,-1.0023098385031464,IFI30;ST14;HRAS;IER3;CD81;TP53;CD82;CCND3;PTPRE;DDIT3;RAD9A;PCNA;TSPYL2;SLC35D1;JUN;TSC22D1;CEBPA;ZMAT3;FDXR;WRAP73;RCHY1;PITPNC1;IER5;MXD4;SOCS1;FBXW7;HDAC3;RETSAT;CYFIP2;TRAF4;ABAT;CTSD;POM121;SP1;TPRKB;NDRG1,age_changes_cDC2_02062026
KRAS Signaling Up,1.0,-0.27477489471002053,-0.9299015298602522,GNG11;IRF8;IL2RG;GUCY1A1;IL1B;ST6GAL1;RABGAP1L;CCSER2;CSF2RA;JUP;ETS1;CA2;C3AR1;GADD45G;ADAM8;TSPAN13;CAB39L;LAT2;CLEC4A;FCER1G;WDR33;ZNF639;LY96;CD37;RBM4;TMEM176A;BIRC3;SATB1,age_changes_cDC2_02062026
Interferon Gamma Response,1.0,-0.23598391880177136,-0.8077574133212514,IFI30;IRF9;IRF8;IFNAR2;SLAMF7;USP18;LYSMD2;P2RY14;IFIT2;GPR18;IFI27;NFKB1;PNP;CMPK2;PSMA2;IFIT1;ST3GAL5;BANK1;ISOC1;HERC6;PARP14;IFI35;IFI44L;IRF7;TNFAIP2;SOCS1;SP110;ISG15;GCH1;DDX60;RAPGEF6;OAS3;MX1;MX2;IL4R;TRIM14;IFIT3;EPSTI1;EIF2AK2;CASP8;CASP7;HLA-G;RSAD2;TRIM25;HLA-DRB1;ITGB7;CASP3,age_changes_cDC2_02062026
IL-2/STAT5 Signaling,0.0,0.544868113506464,1.9871949768515211,KLF6;CST7;PTGER2;AHNAK;SYT11;PHLDA1;RORA;IL2RA;TNFRSF18;FLT3LG;BHLHE40;HOPX;PRNP;IL10RA;GLIPR2;TRAF1;P4HA1;ADAM19;GPX4;CISH;CCR4;SLC39A8;NOP2;RNH1;IL18R1;PHTF2;CTLA4;XBP1;LRRC8C;LRIG1;BCL2;IFNGR1;SNX14;TNFRSF4;BATF;GPR65;PRKCH;SLC1A5;AHR;SERPINB6;ANXA4;MAFF;TNFRSF1B;PIM1;EEF1AKMT1;CD48;PLEC;SNX9;SYNGR2;CCND3;MAP3K8;CD44;RABGAP1L;CDC42SE2;GALM;CAPG;BCL2L1,age_changes_doublets_02062026
Epithelial Mesenchymal Transition,0.0,0.5935726807601844,1.9991947380806288,LGALS1;ITGB1;ENO2;VIM;IL32;GLIPR1;FAS;CD59;FLNA;IGFBP3;ACTA2;SAT1;EMP3;TIMP1;TGFBR3;WIPF1;PPIB;SGCB;AREG;PLOD3;CXCL8;QSOX1;PLAUR;CD44;CAPG;DST,age_changes_doublets_02062026
Apoptosis,0.00031950873583641153,0.5255746192585959,1.865436486915911,TSPO;HMGB2;LGALS3;ENO2;LMNA;ANXA1;CASP1;FAS;BIRC3;SAT1;BTG3;PEA15;TIMP1;TGFBR3;PMAIP1;SQSTM1;TXNIP;BAX;CDKN1A;CD2;GPX4;MCL1;SOD1;TNF;IFNGR1;BIK;ETF1;ISG20;DAP;MADD;CFLAR;RELA;GSR;RNASEL;CD14;CASP4;CD69;PLCB2;CYLD;CDKN1B;BTG2;BCAP31;TAP1;F2R;CD44;CDC25B;SPTAN1;BCL2L1;NEDD9;CASP7,age_changes_doublets_02062026
Hypoxia,0.0009585262075092345,0.5029856182650113,1.8139171165734616,S100A4;KLF6;ENO2;ANXA2;RORA;NR3C1;TPD52;BHLHE40;IGFBP3;UGP2;SLC25A1;ZFP36;IDS;DDIT4;P4HA1;CDKN1A;GAPDH;ERO1A;TPI1;WSB1;BCL2;ZNF292;XPNPEP1;BTG1;ISG20;GPI;MIF;MAFF;PAM;GRHPR;CDKN1B;ALDOA;VHL;PIM1;SLC2A1;MYH9;MT1E;PFKP;JMJD6;DUSP1;HDLBP;PLAUR,age_changes_doublets_02062026
Coagulation,0.004025810071538786,0.5257778320479418,1.7317102135514852,CAPN2;CRIP2;ANXA1;DPP4;CTSH;ISCU;TIMP1;CPQ;PLEK;LAMP2;SERPINA1;MAFF;CFH;GNB2;DUSP14;CSRP1;DUSP6;CTSB;LTA4H;WDR1,age_changes_doublets_02062026
Myogenesis,0.005431648509218996,0.4985020855430132,1.6902154414437405,FXYD1;ITGB1;BHLHE40;PRNP;FHL1;IGFBP3;SORBS3;CDKN1A;ATP6AP1;RB1;LPIN1;TPM3;PTP4A3;LSP1;PFKM;SH2B1;MYH9;EIF4A2;SYNGR2;MYH11;GNAO1;VIPR1;SPTAN1;NQO1;CRAT;PDLIM7,age_changes_doublets_02062026
Angiogenesis,0.01246084069762005,0.7252571735185955,1.6178937473132906,S100A4;TIMP1,age_changes_doublets_02062026
Complement,0.013556299220487745,0.4491630075776064,1.621123138167232,LGALS3;ANXA5;CCL5;CASP1;DPP4;S100A9;CD59;CTSH;GZMK;PIK3R5;GATA3;TIMP1;GNG2;EHD1;SPOCK2;CTSS;APOBEC3G;LCP2;WAS;CPQ;XPNPEP1;PLEK;PSMB9;LAMP2;HSPA1A;CASP4;BRPF3;ZEB1;SERPINA1;CD40LG;MAFF;GZMB;CFH;ATOX1;AKAP10;PIM1;GNB2;PLAUR;CTSC;CSRP1;PRKCD;DUSP6;CASP7;CTSB;HSPA5;LTA4H;IRF2;APOBEC3F;S100A12;SIRT6;GNAI3;MSRB1;CBLB;PDGFB;F5;RNF4;TNFAIP3;F8;CD46,age_changes_doublets_02062026
TNF-alpha Signaling via NF-kB,0.014803904760420402,0.43838762327973707,1.592945091921445,KLF6;CCL5;PHLDA1;BHLHE40;RIPK2;DUSP4;BIRC3;SAT1;BTG3;EHD1;ZFP36;TANK;SQSTM1;TRAF1;CDKN1A;MCL1;IFIT2;PER1;TNF;IL15RA;EIF1;BTG1;PLEK;KLF4;CFLAR;RELA;AREG;CD69;SERPINB8;MAFF;NFAT5;KLF10;ZC3H12A;BTG2;BCL3;TAP1;DUSP1;PLAUR;MAP3K8;CD44;NINJ1;DNAJB4;DUSP2;PDE4B;REL;RELB;IL7R;TIPARP;TNIP1;PNRC1;PANX1;TRIB1;TNIP2;CSF1;ATF3;G0S2;MSC;SLC16A6;HBEGF;TNFAIP3;MYC;PHLDA2;B4GALT5,age_changes_doublets_02062026
Protein Secretion,0.018882966287931922,0.46475532786511414,1.564475899181529,CD63;TPD52;ATP1A1;ARF1;TMED10;ANP32E;AP2B1;TMED2;M6PR;SOD1;VPS45;VAMP3;LAMP2;AP1G1;SGMS1;VAMP4;PAM;RAB14;YKT6;RAB9A;CLTC;USO1;RAB5A;MON2;SCAMP3;GOLGA4;CTSC;DST;AP3B1;CLTA;LMAN1;STAM;SEC24D;KRT18;NAPA,age_changes_doublets_02062026
Allograft Rejection,0.0194319403885963,0.42893054531106267,1.549686417346748,SRGN;CCL5;IL2RA;TPD52;FAS;FLNA;STAT4;RIPK2;IL12RB1;TIMP1;CD2;CTSS;NCF4;LCP2;CD3E;KRT1;WAS;HLA-A;IFNG;TNF;IFNGR1;PSMB10;GPR65;HLA-DMA;ITK;HCLS1;HLA-DRA;MAP4K1;CD74;EIF5A;ACVR2A;TAPBP;CD40LG;TRAF2;GZMB;MAP3K7;LY75;HLA-DQA1;ZAP70;BCL3;CD8A;TAP1;F2R;ITGAL;CCND3;CXCR3;ITGB2;CAPG;HLA-DMB;APBB1,age_changes_doublets_02062026
Reactive Oxygen Species Pathway,0.031631364847804745,0.49845644251621857,1.5076744325582716,PRNP;CDKN2D;PRDX6;PRDX2;GPX4;FTL;SOD1;SCAF4;TXNRD1;NDUFA6;GSR;ERCC2;LSP1;ATOX1;PFKP;TXN;NQO1,age_changes_doublets_02062026
Myc Targets V1,0.03861057293108221,-0.35720976502804913,-1.676833802034319,PSMA2;HDAC2;NOP56;TRIM28;CCT2;SRM;TXNL4A;HDGF;UBE2E1;EIF3B;SRSF3;COPS5;CCT5;EIF3J;C1QBP;CCT3;EEF1B2;PSMA7;PSMD8;EIF2S1;PSMA4;NME1;KPNA2;SERBP1;IMPDH2;SSBP1;RPL22;DDX18;PA2G4;RPS10;CDK4;SNRPG;HNRNPD;RACK1;PSMC6;RPS5;SNRPB2;DHX15;LSM7;POLE3;RPS2;RPL6;SET;NHP2;CLNS1A;HDDC2;RPS6;HNRNPA2B1;TRA2B;CBX3;FBL;TOMM70;LSM2;PHB;FAM120A;KPNB1;TARDBP;POLD2;CCT7;GOT2;ABCE1,age_changes_doublets_02062026
IL-6/JAK/STAT3 Signaling,0.04046349918842554,0.4536722896402722,1.4726573697469125,IL2RA;FAS;MYD88;PIK3R5;IL12RB1;IL18R1;TNF;IFNGR1;IL15RA;BAK1;STAT2;PTPN1;CD14;TNFRSF1B;PIM1;MAP3K8;CD44;ACVR1B,age_changes_doublets_02062026
Estrogen Response Late,0.04070049742654596,0.42416986261387096,1.478419829722574,S100A9;LSR;MICB;DYNLT3;BTG3;ZFP36;ATP2B4;CISH;PERP;FDFT1;XBP1;FKBP5;CHPT1;BCL2;DCXR;BATF;ISG20;KLF4;AREG;MAPK13;SERPINA1,age_changes_doublets_02062026
p53 Pathway,0.04358099156808653,0.3974729783539561,1.4605875147127727,S100A4;S100A10;CASP1;FAS;RPS27L;CGRRF1;CCNG1;ISCU;CD82;SAT1;DDB2;DDIT4;TXNIP;BAX;CDKN1A;STOM;PERP;RB1;SLC3A2;AEN;HINT1;RRP8;PVT1;DCXR;UPP1;BAK1;BTG1;ERCC5;KLF4;BLCAP;RPL36;SEC61A1;PRKAB1;APAF1;HDAC3,age_changes_doublets_02062026
Wnt-beta Catenin Signaling,0.04857459175200665,-0.4762079645448856,-1.559659442787321,TCF7;HDAC2;AXIN1;LEF1;TP53,age_changes_doublets_02062026
TGF-beta Signaling,0.0489897592028785,-0.39999151167547975,-1.5089953888063883,NOG;SKIL;SMURF2;ID3;TRIM33;ID2;ARID4B;ID1;FNTA;FURIN;SMAD7;SPTBN1;PMEPA1,age_changes_doublets_02062026
Interferon Gamma Response,0.051640599429560015,0.38817491075551214,1.4392174942151676,CCL5;CASP1;ZBP1;FAS;MYD88;STAT4;SRI;RIPK2;IL10RA;PELI1;TXNIP;CDKN1A;LCP2;IFIT2;MVP;HLA-DRB1;LY6E;RIPK1;OGFR;HLA-A;IL15RA;UPP1;BTG1;PSMB10;STAT2;ARID5B;ITGB7;PSMB9;ISG20;ZNFX1;HLA-DMA;PTPN1;CD74;CASP4;CD69;TAPBP;IFITM2;CFH;HLA-DQA1;PSME1;PIM1;HLA-B;PFKP;TAP1;APOL6;LYSMD2;CASP7;PDE4B;BST2;IRF2;CASP8;TRIM21;STAT3;TRIM26;OAS2;IL18BP;IFI44;B2M;NOD1;NLRC5;OASL,age_changes_doublets_02062026
Inflammatory Response,0.05841371476350394,0.40617345160117346,1.4223279726403137,KLF6;PTGER2;CCL5;SRI;RIPK2;CD82;PIK3R5;IL10RA;EMP3;TIMP1;KCNA3;CDKN1A;LCP2;LY6E;IL18R1;CYBB;IL15RA;SLAMF1;AHR;RELA;CD14;CD69;CXCL8;ACVR2A;TAPBP;CD70;TNFRSF1B;OSM;CD48;BTG2;BEST1;IFITM1;PLAUR;ATP2A2;ACVR1B;PDE4B;IL7R;BST2;P2RX4;ABI1;CSF1;TLR1;SLC7A1;GNAI3,age_changes_doublets_02062026
KRAS Signaling Up,0.10533137991407032,0.38407848561753055,1.3533755294861458,PRDM1;PCSK1N;IGFBP3;BIRC3;IL10RA;TRAF1;LCP1;CTSS;ERO1A;NAP1L2;ADAM8;PRELID3B;CD37;KLF4;CDADC1;MAP4K1;LY96;KCNN4;CFH;TNFRSF1B;KIF5C;ACE;MMD;HKDC1;PLAUR;RABGAP1L;ITGB2;WNT7A;CCSER2;DUSP6,age_changes_doublets_02062026
Fatty Acid Metabolism,0.13913764633212994,0.3755131562153394,1.3166027269150962,LGALS1;ENO2;S100A10;RAP1GDS1;BLVRA;GLUL;PRDX6;YWHAH;PCBD1;ACOT2;ACADVL;ACSL5;SERINC1;CPT1A;DLD;MIF;METAP1;GRHPR;ALDOA;SDHA;PSME1;PTS;CPT2,age_changes_doublets_02062026
Adipogenesis,0.17933568901446584,0.3513479878899125,1.27484841532639,DHRS7;REEP5;APLP2;RNF11;SLC25A1;TANK;SULT1A1;STOM;GPX4;DNAJB9;CD151;SOD1;GPAT4;NABP1;RIOK3;BAZ2A;UBC;IFNGR1;SCP2;NDUFA5;DLD;YWHAG;SLC1A5;LIPE;RAB34;DRAM2;MGST3;SDHB;NDUFB7;ALDOA;CMPK1;PIM3;CPT2;CDKN2C;MIGA2;RMDN3;UQCRC1;CRAT;COQ3;BCL2L13,age_changes_doublets_02062026
Glycolysis,0.18619371580866884,0.3534606706763761,1.2764406210564898,ENO2;IGFBP3;UGP2;DDIT4;P4HA1;ARPP19;ERO1A;TPI1;SOD1;GMPPA;GFPT1;ZNF292;B4GALT7;BIK;ISG20;DLD;MIF;GMPPB;PAM;ECD;ALDOA;PKM;QSOX1;PFKP;TXN;HDLBP;PMM2;CD44,age_changes_doublets_02062026
Pperoxisome,0.18878609350625059,0.3755797323766211,1.262128812339601,TSPO;GSTK1;YWHAH;PABPC1;ATXN1;SOD1;MVP;SCP2;ACSL5;ABCD2;PEX11B;CNBP;ERCC3;CDK7,age_changes_doublets_02062026
mTORC1 Signaling,0.2416319543973279,0.3300562880868871,1.2221911722369985,BHLHE40;CCNG1;SLA;RPN1;SQSTM1;DDIT4;P4HA1;HSP90B1;CDKN1A;GAPDH;ERO1A;M6PR;TPI1;XBP1;TXNRD1;ETF1;GPI;TBK1;SLC1A5;CALR;GSR;PSMG1;PDAP1;GSK3B;PSMD14;RRP9;ALDOA;NFYC;YKT6;CANX;USO1;SLC2A1;BTG2;ATP2A2;SSR1;ITGB2;CTSC;UNG;SLC9A3R1;CYB5B;TUBG1;ASNS;HSPA5;LTA4H;SKAP2;GTF2H1;SYTL2;DDX39A;ACACA;ACTR2;PSAT1;PFKL,age_changes_doublets_02062026
heme Metabolism,0.24797871760103493,0.3368860756812225,1.2128557198508503,EIF2AK1;CAST;NR3C1;BLVRA;PRDX2;TENT5C;OPTN;MKRN1;RIOK3;GAPVD1;AQP3;ENDOD1;LRP10;PICALM;LAMP2;HTATIP2;PPOX;MGST3;DMTN;EZH1;KAT2B;SLC10A3;RNF19A;HAGH;SLC2A1;BTG2;FOXJ2;KHNYN;BTRC;FBXO7;CCND3;ATG4A;ERMAP;FBXO9;TRAK2;CTSB;ARL2BP;ASNS;TSPAN5;BSG;GDE1,age_changes_doublets_02062026
Cholesterol Homeostasis,0.27038107261420485,0.36748345114771486,1.1943150162741893,LGALS3;ANXA5;ANTXR2;FDFT1;S100A11;FBXO6;TP53INP1;PLAUR;ACSS2;ALCAM;PNRC1;ABCA2;GUSB;ATF3;PMVK;GSTM2;DHCR7,age_changes_doublets_02062026
PI3K/AKT/mTOR  Signaling,0.2720002445770436,0.34685456984573604,1.1873703503971373,MYD88;ARF1;SLA;SQSTM1;HSP90B1;CDKN1A;ARHGDIA;RIPK1;MKNK1;PRKAR2A;STAT2;TBK1;CALR;TRAF2;GSK3B;MAP3K7;CDKN1B;ATF1;CLTC;SLC2A1;YWHAB;THEM4;IRAK4;PPP1CA;RPS6KA1;ACACA;ACTR2;NCK1;NOD1;UBE2D3;ECSIT,age_changes_doublets_02062026
Myc Targets V2,0.2833517852200388,-0.3085617949467733,-1.2048703049483684,NOP56;PPAN;SRM;TBRG4;DCTPP1;DDX18;PA2G4;CDK4;PUS1;CBX3;UTP20;EXOSC5;IPO4;PHB;NDUFAF4;TMEM97;MRTO4,age_changes_doublets_02062026
Pancreas Beta Cells,0.30275227769032415,0.4966220550927528,1.1661334936573426,DPP4;SRP14;PAK3;SPCS1;AKT3;MAFB,age_changes_doublets_02062026
Estrogen Response Early,0.31079385962790806,0.3261883194962313,1.1508217230941777,BHLHE40;MICB;DYNLT3;SH3BP5;PMAIP1;CISH;FDFT1;XBP1;FKBP5;CHPT1;AQP3;LRIG1;ENDOD1;BCL2;MYBL1;NADSYN1;KLF4;AREG;KLF10;SLC2A1;CD44;ARL3;SLC9A3R1;MAST4;TIPARP;NBL1;KRT18;SLC22A5;AKAP1;SLC16A1;SLC26A2;MYC;MED24;DHCR7;ELOVL5,age_changes_doublets_02062026
UV Response Dn,0.31384886680159507,0.3400146635934237,1.1549897054570715,ANXA2;SFMBT1;NR3C1;INPP4B;BHLHE40;SRI;TGFBR3;ATXN1;ATP2B4;TOGARAM1;ACVR2A;ANXA4;CDKN1B;WDR37;BMPR1A;PIAS3;MT1E;DUSP1,age_changes_doublets_02062026
E2F Targets,0.32486853030722396,-0.248046575138534,-1.121948449749329,SMC4;CKS2;STMN1;NOP56;MSH2;TBRG4;DCTPP1;CKS1B;TP53;EIF2S1;DCK;PAICS;NME1;UBE2S;KPNA2;LMNB1;PA2G4;RPA3;SNRPB;CDK4;HNRNPD;SMC1A;PDS5B;CTCF;LUC7L3;TACC3;PMS2,age_changes_doublets_02062026
Unfolded Protein Response,0.3340144324433846,0.32714085958305944,1.1332686233358442,EEF2;DDIT4;HSP90B1;ERO1A;SRPRA;DNAJB9;EXOC2;HERPUD1;NABP1;ERN1;XBP1;YIF1A;NOLC1;BAG3;YWHAZ;CALR;PDIA6;CXXC1;RRP9;DCTN1;EXOSC10;EIF4A2;SSR1;KIF5B;POP4;SDAD1;TTC37;ASNS;EXOSC9;HSPA5;PSAT1;FUS;EXOSC4;ATF3;EDEM1;ZBTB17;NPM1;CEBPG;SPCS1;DCP1A;HSPA9;EDC4;CNOT2;EIF2AK3;SEC31A;MTHFD2;SERP1;HYOU1;DCP2;ALDH18A1,age_changes_doublets_02062026
KRAS Signaling Dn,0.3527262662607251,-0.28796030918171367,-1.1381028606744334,LYPD3;SKIL;LFNG;IFI44L;CHST2;GTF3C5;STAG3,age_changes_doublets_02062026
G2-M Checkpoint,0.37703135502748014,-0.22972146495249424,-1.0762773671062158,SMC4;CKS2;STMN1;MTF2;RBM14;CUL3;CKS1B;DTYMK;UBE2S;KPNA2;LMNB1;CDK4;HNRNPD;SMC1A;PDS5B;CTCF;ARID4A;YTHDC1;TACC3;DKC1;TRA2B;CUL5;MT2A;TLE3;KPNB1;CDC27;KMT5A;E2F3;SMARCC1;RPA2;NASP;E2F4;STAG1;TMPO;UPF1;PRMT5,age_changes_doublets_02062026
Apical Surface,0.378009964018821,-0.3135871461879279,-1.0530241945993164,LYPD3;IL2RG;SULF2,age_changes_doublets_02062026
Xenobiotic Metabolism,0.3799165003763215,0.31492876690449073,1.1061154190329046,DHRS7;FAS;ARPP19;SSR3;DCXR;UPP1;PSMB10;ABCD2;PTGES3;SLC1A5;GSR;NPC1;SAR1B;MTHFD1;PTS;ATP2A2;TMBIM6;NQO1;NINJ1;DHPS;ACP2;PGD;GABARAPL1;PTGDS;NDRG2;ABHD6;CNDP2;LEAP2;ELOVL5;MAN1A1;SLC46A3;ETS2;CD36;ALDH9A1;CYFIP2;ALDH2;PDLIM5;DDT;ASL,age_changes_doublets_02062026
Bile Acid Metabolism,0.43687827301631826,0.3273994570566471,1.0730706939471026,GSTK1;ATXN1;OPTN;SOD1;SCP2;ACSL5;ABCD2;NR3C2;LIPE;NPC1;PFKM;PAOX;IDH2;ABCA2;PEX26;PXMP2;PHYH;LONP2,age_changes_doublets_02062026
Spermatogenesis,0.48414287353830066,0.32517223095189063,1.0454582599490203,PCSK1N;PEBP1;LPIN1;PRKAR2A;DBF4;PSMG1;TSN;ACE;PGS1;RFC4;RAD17;MLF1;TOPBP1;PHKG2,age_changes_doublets_02062026
Apical Junction,0.4942330277601292,0.2964041607077269,1.0348706518199564,ITGB1;YWHAH;SORBS3;VCL;TRAF1;CD99;ARHGEF6;ZYX;ACTN4;ADAM15;MAPK13;PIK3CB;MYH9;MYL12B;MPP5;CNN2;CRAT;EXOC4;SYMPK;TUBG1;SKAP2;NF1;CTNNA1,age_changes_doublets_02062026
UV Response Up,0.509744237153411,0.28898958298801825,1.0215677972662702,ENO2;BTG3;RPN1;SQSTM1;SULT1A1;AQP3;GRINA;BAK1;BTG1;MGAT1;PDAP1;ALDOA;YKT6;PRPF3;BTG2;HSPA13;TAP1;CCND3;SLC25A4;TMBIM6;NXF1;SELENOW;PRKCD;CYB5B;ASNS;RFC4;EIF2S3;CREG1;BSG,age_changes_doublets_02062026
Interferon Alpha Response,0.5590337848017747,0.29128817319605915,0.9935119584634152,LPAR6;CASP1;RIPK2;TXNIP;IFIT2;LY6E;OGFR;STAT2;PSMB9;ISG20;CD74;IFITM2;UBA7;PSME1;IFITM1;TAP1;BST2;IRF2;CASP8;TRIM21;TRIM26;CSF1;IFI44;B2M;GBP2;TMEM140;CD47;OASL;HLA-C,age_changes_doublets_02062026
Mitotic Spindle,0.6585075045588441,0.25735423982416095,0.9393234760614885,EZR;FLNA;VCL;PCGF5;ARHGAP5;KATNB1;ARHGDIA;PXN;TUBGCP6;CLIP1;ACTN4;DYNC1H1;PREX1;KIF22;YWHAE;LLGL1;CSNK1D;LATS1;MYH9;PKD2;ARHGAP4;KIF5B;SPTAN1;SUN2;DST;NEDD9;LRPPRC;ATG4B;NUMA1;CEP192;MYO9B;ARF6;NF1;ABI1;KATNA1;NCK1;TUBGCP5;MAPRE1;MAP3K11;RHOF;KIFAP3;STK38L;PCNT;CAPZB;RACGAP1;ARHGAP27;STAU1;ARL8A;NDC80;ARFGEF1,age_changes_doublets_02062026
Androgen Response,0.7237881841649993,0.26847303988917054,0.8988057085376301,TPD52;INPP4B;SAT1;GPD1L;DNAJB9;FKBP5;ARID5B;CDC14B;GSR;TMEM50A;CDK6;CCND3;PIAS1;IQGAP2;MYL12A;HERC3;MAF;LMAN1;SEC24D;GNAI3;B2M;PLPP1,age_changes_doublets_02062026
DNA Repair,0.8088486535674081,0.23414538017497344,0.8443450882057115,DDB2;NUDT21;TMED2;GPX4;NME3;GUK1;POLR3GL;SSRP1;NFX1;ERCC5;POLD1;ERCC3;SMAD5;HCLS1;ELL;SEC61A1;POLR2E;ERCC2;RRM2B;BCAP31;SF3A3;ARL6IP1;POLR3C;PDE4B;LIG1;RFC4;SUPT4H1;GTF2H1;AK3;POLR2K;POLE4;DAD1;SUPT5H;POLD4;RFC2;NCBP2;ERCC1;AGO4;UPF3B;CLP1;POLR2I;TK2;POLR1C;GTF2F1;RFC3,age_changes_doublets_02062026
Notch Signaling,0.8174647107666759,-0.2744930242291542,-0.844765739387216,LFNG;PRKCA;MAML2;HES1,age_changes_doublets_02062026
Oxidative Phosphorylation,0.8612118342918595,0.21466633877395513,0.8000429480897144,ISCU;BAX;ATP6AP1;NDUFC1;GPX4;SUPV3L1;NDUFA3;PDHX;ACADVL;ATP6V0E1;MTRR;HADHA;NDUFA6;NDUFA5;OXA1L;GPI;CPT1A;DLD;MPC1;NDUFV1;MGST3;SDHB;NDUFB7;ACADSB;SDHA;TCIRG1;ATP5MC2;SLC25A3;OGDH;CYB5R3;SLC25A4;UQCRC1;NDUFA4;NDUFV2;NQO2;CASP7;LRPPRC;OPA1;IDH2;MTRF1;ATP5PB;COX5B;ACAT1;COX7A2;DLAT;SLC25A20;PHYH;ATP5F1D;GRPEL1;MFN2;ATP6V0C;COX8A;ACAA2;NDUFS8;UQCR11,age_changes_doublets_02062026
Hedgehog Signaling,0.9493150044419507,0.2931133559361355,0.7031613855429777,CDK6;MYH9;NF1;ETS2,age_changes_doublets_02062026
Complement,0.13933018462859598,0.26191702706225517,1.3130096358865209,GZMK;CASP1;HSPA5;GZMA;CFH;TNFAIP3;CD55;LTA4H;S100A12;SPOCK2;GCA;CCL5;CPQ;GNG2;SERPINA1;ZEB1;ANXA5;STX4;F8;LIPA;CTSS;CLU;CALM1;CASP7;GMFB;FYN;S100A9;RBSN;CALM3;KIF2A;XPNPEP1;PLAUR;CTSC;CTSH;AKAP10,age_changes_gdT_Vd1_KLRF1_02062026
Wnt-beta Catenin Signaling,0.1431688028361058,-0.5463969469549728,-1.47840838723353,TCF7;LEF1;RBPJ;NOTCH1;AXIN1;NCOR2;MAML1;KAT2A;CTNNB1;FRAT1;MYC;TP53;CSNK1E,age_changes_gdT_Vd1_KLRF1_02062026
Apoptosis,0.14995706311721768,0.26178390777135024,1.372229631159525,CD69;CASP1;PEA15;CD2;FEZ1;PMAIP1;TNF;PLCB2;HMGB2;BCL10;PDCD4;SATB1;JUN;SAT1;F2R;FDXR;TSPO;TGFBR3;CLU;RHOB;GPX4;IFNGR1;ISG20;CASP7;CYLD,age_changes_gdT_Vd1_KLRF1_02062026
KRAS Signaling Up,0.1551861620560633,0.28054463027513965,1.2656273727251184,PECAM1;CXCR4;IGFBP3;ID2;CFH;NIN;TNFAIP3;ENG;PRDM1;SATB1;CDADC1;AVL9;AKT2;CTSS;NAP1L2;LAT2;CAB39L;BPGM;C3AR1;HDAC9;IL7R;MAP4K1;PLAUR,age_changes_gdT_Vd1_KLRF1_02062026
Oxidative Phosphorylation,0.15969457322061634,-0.4168930050803057,-1.39525217960268,NDUFA7;ATP5PO;NDUFB8;CPT1A;ATP6V1F;ACADM;NDUFC2;FXN;ATP5F1C;COX7A2L;SDHD;ACO2;NDUFB3;ECH1;ATP5MC3;SLC25A20;NDUFB4;ATP5PB;HADHA;NDUFA2;VDAC3;ATP5PD;VDAC1;AIFM1;TIMM8B;TIMM13;OPA1;ATP6V1C1;COX15;NDUFA6;NDUFV2;PRDX3;LDHA;FDX1;COX6A1;IMMT;GRPEL1;ATP5ME;MRPS22;IDH3B;NDUFS4;SUCLA2;TIMM10;TIMM17A;COX10;MRPL34;MTRR;MRPS12;NDUFB5;OAT;ABCB7;NDUFB7;NDUFS2;ETFB;MRPL11;NDUFS1;IDH3G;CYB5A;HTRA2;ATP5MG;NDUFA9;COX6C;ATP6V1H;VDAC2;NDUFA5;NDUFB6;ACAT1;NDUFAB1;ATP6V0B;NDUFS3;TOMM70;DECR1;ATP5PF;ECI1;HADHB;HSD17B10;COX4I1;LRPPRC;OXA1L;NDUFA1;GLUD1;ALAS1;ETFDH;MRPL35;ATP5MC2;NDUFB2;NDUFC1;ATP5MC1;SLC25A11;NDUFS8;HCCS;COX6B1;SLC25A3;DLD,age_changes_gdT_Vd1_KLRF1_02062026
Hypoxia,0.16373264634320883,0.23502973517158846,1.2124431698647262,CXCR4;IGFBP3;PFKP;HSPA5;DUSP1;TNFAIP3;ZFP36;GPI;HK1;TPD52;JUN;KLF6;VHL;SLC6A6;GAPDH;BCL2;ISG20;GRHPR;ENO2,age_changes_gdT_Vd1_KLRF1_02062026
Coagulation,0.1643623872906827,0.3245884795463046,1.3139692988844984,PECAM1;CFH;LTA4H;ISCU;CPQ;SERPINA1;F8;CLU;WDR1;FYN;SIRT2,age_changes_gdT_Vd1_KLRF1_02062026
TGF-beta Signaling,0.16505317698391056,-0.48081158877708663,-1.410629428701343,TGFBR1;TRIM33;SMAD7;FURIN;TGFB1;SMURF2;CDK9;SMAD3;KLF10;MAP3K7;NCOR2;SPTBN1;HIPK2;CTNNB1,age_changes_gdT_Vd1_KLRF1_02062026
Glycolysis,0.17711464147702877,0.24851634717095133,1.21724497662463,CXCR4;IGFBP3;BPNT1;PFKP;HSPA5;VCAN;PLOD1;B4GALT4;GNPDA1;MED24;ECD;PYGB;ISG20;SRD5A3;GALE;CLN6;GMPPB;ENO2;PKM;CHPF2;GOT2;B4GALT7,age_changes_gdT_Vd1_KLRF1_02062026
Allograft Rejection,0.18262487476742523,0.26088004667438025,1.3979792069379582,CDKN2A;HLA-DRA;HLA-DMA;HLA-DQA1;CD74;CCL4;CD2;HLA-DMB;GZMA;IL15;TNF;HIF1A;BCL10;CCL5;CCR5;RPS19;STAT4;TPD52;IFNG;F2R;NCR1;GPR65;CTSS;RPS3A;IFNGR1;RPL39;CRTAM;FAS;HLA-G;ICAM1;TAPBP;TLR6;RIPK2,age_changes_gdT_Vd1_KLRF1_02062026
UV Response Dn,0.21870739023725116,-0.4400044105448218,-1.4109819527884941,DYRK1A;DBP;MAPK14;SCAF8;DLG1;CDK13;SMAD7;DAB2;MTA1;AKT3;PTEN;ATP2B1;PIK3CD;BHLHE40;CDKN1B;ABCC1;SPOP;MGMT;NFKB1;SMAD3;RASA2;WDR37;ADD3;NR3C1;NOTCH2,age_changes_gdT_Vd1_KLRF1_02062026
TNF-alpha Signaling via NF-kB,0.2219836839845427,0.28157440570663167,1.4413825531366191,CD69;CCL4;DUSP1;ID2;TNFAIP3;PTGER4;ZFP36;MXD1;TNF;TUBB2A;MSC;MAP3K8;CCL5;DUSP2;RELB;JUN;SAT1;ETS2;EIF1;KLF6;RHOB;IFIT2;PDLIM5;NR4A3;JUNB;ICAM1;BIRC2;FOSB;AREG;NR4A2;RIPK2,age_changes_gdT_Vd1_KLRF1_02062026
Notch Signaling,0.27488410144532316,-0.582545967010334,-1.4830453681070526,MAML2;LFNG;NOTCH1;RBX1;NOTCH2;KAT2A;PRKCA;ARRB1;TCF7L2;SAP30;PPARD,age_changes_gdT_Vd1_KLRF1_02062026
Epithelial Mesenchymal Transition,0.2786603692571919,0.33281460894931936,1.5157548469748687,IGFBP3;VCAM1;VIM;VCAN;ID2;TNFAIP3;IL15;PLOD1;JUN;SAT1;GLIPR1;SGCB;TGFBR3;RHOB;CADM1;ENO2;LGALS1;FAS;AREG;PLAUR;TPM1;IL32;CAPG;COLGALT1;ACTA2,age_changes_gdT_Vd1_KLRF1_02062026
Estrogen Response Late,0.3188063546586518,0.219815261095654,1.0816844680078603,ID2;ZFP36;SLC22A5;LSR;DUSP2;PDCD4;SERPINA1;DNAJC1;TJP3;FABP5;GLA;FKBP5;BCL2;ISG20;DYNLT3;GALE;DCXR;SLC1A4;S100A9;AREG,age_changes_gdT_Vd1_KLRF1_02062026
Angiogenesis,0.38170888793473595,0.3660032346610265,1.031128257204586,VCAN;LRPAP1;ITGAV,age_changes_gdT_Vd1_KLRF1_02062026
Mitotic Spindle,0.40319061903463316,-0.3870176686650889,-1.2916328907651724,PREX1;BIN1;CDC42;ARL8A;DLG1;PALLD;ABL1;SMC4;ARHGEF12;NCK1;RICTOR;MAP3K11;FLNB;RALBP1;KATNA1;EPB41;CEP250;ARHGEF2;CD2AP;EZR;RASA2;SMC1A;VCL;ARHGEF7;MARK4;NOTCH2;SPTBN1;NCK2;NF1;WASF2;CKAP5;RAPGEF6;ABI1;GSN;ARFGEF1;PKD2;ARF6;GEMIN4;PCM1;SAC3D1;TUBA4A;NEDD9;ABR;CEP192;PCNT;SSH2;TBCD;MAP1S;LRPPRC;TSC1;SASS6;ARHGAP27,age_changes_gdT_Vd1_KLRF1_02062026
PI3K/AKT/mTOR  Signaling,0.4767228953212046,-0.3926753232346103,-1.2588480538879168,IL2RG;GRK2;MKNK2;AKT1;RPS6KA3;CAB39;ACTR3;NCK1;PTEN;MAPK1;CDKN1B;PRKCB;ATF1;CSNK2B;NOD1;MAP3K7;MKNK1;TNFRSF1A;TRAF2;SLA;MAPK9;SLC2A1;MAP2K6;FASLG;THEM4;AKT1S1;ACACA;CFL1;RPS6KA1;CAMK4;PRKAG1;CDK4;EIF4E;SMAD2;RPTOR,age_changes_gdT_Vd1_KLRF1_02062026
Myc Targets V1,0.5830038178347423,-0.3652344159824212,-1.221936960458321,EIF4A1;EIF3B;NOP56;HDGF;SF3B3;SET;PSMA2;EIF3D;TRIM28;TXNL4A;SRSF7;TARDBP;PSMA1;XPO1;UBE2E1;EIF3J;PSMC6;FAM120A;VDAC3;SSBP1;HNRNPD;VDAC1;SNRPG;NME1;EIF2S2;SERBP1;SRSF3;MRPS18B;ERH;HNRNPA1;EXOSC7;PRDX3;LDHA;RPS10;TFDP1;SNRPB2;PSMB2;RUVBL2;SMARCC1;MRPL9;PGK1;TCP1;SRSF2;CBX3;RNPS1;YWHAQ;CCT3;PSMA7;CCT2;HNRNPC;SRSF1;CCT7;MYC;DDX18;NDUFAB1;G3BP1;TOMM70;CDK4;MCM2;AIMP2;EIF4E;PRPS2;PCNA;RSL1D1;HSPE1;RRP9;SYNCRIP;SRM;HSPD1;EIF2S1;ACP1;PCBP1;PSMA4;SNRPD2;HDDC2;NCBP1;PSMA6;SNRPD1;NOP16,age_changes_gdT_Vd1_KLRF1_02062026
G2-M Checkpoint,0.6011271702572493,-0.36697942016430274,-1.2051329056089382,CTCF;PURA;MAPK14;CUL3;STMN1;ABL1;SMC4;TGFB1;CKS1B;RBM14;XPO1;CDKN1B;KATNA1;HNRNPD;TNPO2;SMAD3;UPF1;TACC3;SMC1A;AMD1;NSD2;SFPQ;NOTCH2;MCM3;ATF5;UBE2S;SUV39H1;TMPO;ODF2;RBL1;HSPA8;NASP;TFDP1;DDX39A;PDS5B;SMARCC1;LBR;SRSF2;SMC2;TLE3;CDC25B;SRSF1;MYC;HMGN2;G3BP1;HIRA;RPA2;CDK4;CKS2;NUP50;SAP30;MCM2;TENT4A;MTF2;BCL3;SYNCRIP;ARID4A;CBX1;YTHDC1,age_changes_gdT_Vd1_KLRF1_02062026
Interferon Alpha Response,0.8335151349877282,-0.3550481954442359,-1.1236382594512433,SELL;OASL;IRF9;IRF7;PNPT1;LY6E;ISG15;SAMD9;DDX60;OAS1;LGALS3BP;EPSTI1;CD47;PLSCR1;CASP8;IFITM2;TDRD7;HELZ2;IFI44L;GBP4;BST2;IFI27;RTP4;OGFR;MX1;TAP1;PSMA3;TRIM25;CCRL2;PARP14;SLC25A28;TRIM21;MVB12A;SAMD9L;IRF1;GBP2;IL4R,age_changes_gdT_Vd1_KLRF1_02062026
UV Response Up,0.8444127456944474,-0.338083872467964,-1.1087721924689127,ATP6V1F;RASGRP1;GLS;FURIN;DGAT1;PSMC3;SULT1A1;GCH1;PRKACA;CDC34;MARK2;LYN;AP2S1;EIF5;AGO2;AMD1;ATP6V1C1;STK25;GRPEL1;MGAT1;TFRC;POLG2;TUBA4A;CYB5B;NAT1;TAP1;SELENOW;DNAJA1;BTG1;FEN1;PPT1;PPAT;APOM;ALAS1;CASP3;IRF1;E2F5,age_changes_gdT_Vd1_KLRF1_02062026
Spermatogenesis,0.8825891861070482,-0.37185048317726044,-1.1281470905240594,CSNK2A2;AGFG1;SIRT1;MTOR;VDAC3;IDE;HSPA1L;IFT88;TLE4;GFI1;NF2;POMC;IP6K1;CHFR;CAMK4;ZC3H14;RAD17,age_changes_gdT_Vd1_KLRF1_02062026
Protein Secretion,0.9193891464412327,-0.359911478698078,-1.1357327714266812,ARFGEF2;GNAS;DNM1L;RPS6KA3;BET1;SCAMP3;RAB22A;MAPK1;AP2S1;GOSR2;BNIP3;COPB1;STX7;AP1G1;CLTA;VAMP3;SCAMP1;YIPF6;USO1;ARFGEF1;IGF2R;STAM;TSG101;CLCN3;ATP6V1H;SEC31A;STX12;ARFGAP3;PPT1;RAB2A;ARCN1,age_changes_gdT_Vd1_KLRF1_02062026
mTORC1 Signaling,0.9766265267750779,-0.20549450902639735,-0.6844292813298681,TES;ACTR3;RPA1;PSMC6;BHLHE40;EIF2S2;ITGB2;GCLC;ADD3;SLA;PNP;LDHA;MLLT11;IMMT;QDPR;SYTL2;TFRC;SLC2A1;DDX39A;PSMD13;TOMM40;CORO1A;CYP51A1;XBP1;USO1;CFP;ACACA;PGK1;ELOVL6;SC5D;TUBA4A;CYB5B;EDEM1;ENO1;GOT1;RDH11;NFIL3;MTHFD2L;PSMA3;DHFR;MCM2;RAB1A;TMEM97;PRDX1;NFYC;HSPE1;RRP9;HSPD1;SLC1A5;ABCF2;PITPNB;PSMA4;UNG;ATP5MC1;TRIB3;FADS2;SEC11A;PSMC4;CACYBP;EEF1E1;CCNF;SLC9A3R1;SLC37A4;SLC2A3;CD9;COPS5,age_changes_gdT_Vd1_KLRF1_02062026
Bile Acid Metabolism,0.9899763412171376,-0.2259905222624765,-0.7043175930066308,LONP2;HSD17B4;PXMP2;GCLM;SCP2;PEX13;GSTK1;SLC23A2;ACSL5;SLC29A1;PRDX5;LIPE;PECR;ABCD3;SULT1B1;ABCD2;CAT;PEX16;PEX6;ABCA3;CROT;HACL1,age_changes_gdT_Vd1_KLRF1_02062026
Hedgehog Signaling,0.9900358708648864,-0.24313954208622016,-0.5824869589252211,NF1;LDB1;TLE3;TLE1,age_changes_gdT_Vd1_KLRF1_02062026
Unfolded Protein Response,0.9954095082265249,-0.22651502107134103,-0.7316651830619275,EIF4A1;NOP56;TATDN2;EIF4A2;CKS1B;EIF4G1;ZBTB17;GOSR2;SRPRB;BANF1;LSM1;ATF4;NFYA;IMP3;PAIP1;XBP1;FUS;GEMIN4;EDEM1;DNAJA4;CNOT4;SEC31A;EEF2;EIF4E;EDC4;EXOSC5;RRP9;EIF2S1;DDX10;EIF2AK3;TTC37;SEC11A;NFYB;FKBP14;DCP2;MTHFD2;IFIT1;ARFGAP1;SPCS3;EXOC2;NPM1;DCP1A,age_changes_gdT_Vd1_KLRF1_02062026
Myc Targets V2,0.9977170906540963,-0.25229351240143333,-0.7579050199538854,NOP56;TBRG4;DCTPP1;PPAN;CBX3;BYSL;NIP7;RABEPK;MYC;DDX18;CDK4;AIMP2;EXOSC5;IPO4;TMEM97;HSPE1;RRP9;SRM;HSPD1;UNG;NOP16,age_changes_gdT_Vd1_KLRF1_02062026
Xenobiotic Metabolism,1.0,-0.28379214275305387,-0.9197618404265133,GSTO1;ACO2;ECH1;SLC35D1;GCH1;SPINT2;NQO1;MCCC2;PGRMC1;MAN1A1;PINK1;ADH5;GCLC;TNFRSF1A;FBP1;CES1;GART;SLC46A3;PTS;NINJ1;ABHD6;DHRS1;GSTM4;CYB5A;CASP6;LPIN2;ABCD2;CAT;TMEM97;AP4B1;SLC35B1;PPARD;ALAS1;CROT;ETFDH;HACL1;SLC1A5;ACP1;BLVRB,age_changes_gdT_Vd1_KLRF1_02062026
Cholesterol Homeostasis,1.0,-0.3296347322177771,-1.003076625363776,TP53INP1;ECH1;STX5;ACTG1;HSD17B7;ATF5;FBXO6;CTNNB1;PLSCR1;CYP51A1;S100A11;ATXN2;NSDHL;MVK;SC5D;NFIL3,age_changes_gdT_Vd1_KLRF1_02062026
Apical Surface,1.0,-0.29516975692197633,-0.8020987447684118,IL2RG;LYN;NCOA6;MAL;GATA3;AKAP7;IL2RB;APP;B4GALT1;SULF2,age_changes_gdT_Vd1_KLRF1_02062026
KRAS Signaling Dn,1.0,-0.33411214679340473,-0.9928128361580427,CHST2;PDCD1;LFNG;PDE6B;YPEL1;MTHFR;SIDT1;IFI44L;RYR1;COQ8A;MSH5;ASB7;KMT2D;MX1,age_changes_gdT_Vd1_KLRF1_02062026
p53 Pathway,1.0,-0.22852447564384007,-0.758633849889687,CTSD;MXD4;CD81;IER5;MKNK2;SLC35D1;TGFB1;TSC22D1;PRMT2;VAMP8;NOTCH1;SLC3A2;APAF1;RALGDS;ERCC5;WWP1;S100A4;POM121;HDAC3;PTPRE;S100A10;NOL8;WRAP73;RAP2B;NINJ1;TOB1;RAD51C;ELP1;ADA;COQ8A;CD82;ZFP36L1;TAP1;FBXW7;RCHY1;CTSF;TP53;SEC61A1;BTG1;PCNA;FOXO3;IRAK1;PITPNC1;STOM;RNF19B;ABCC5;HINT1;POLH;APP;TRIB3;IP6K2,age_changes_gdT_Vd1_KLRF1_02062026
Apical Junction,1.0,-0.2793421806644426,-0.904871221283633,ITGB1;MAPK14;GNAI2;DLG1;EVL;LDLRAP1;AKT3;PTEN;ACTG1;PKD1;CRAT;RRAS;RSU1;PBX2;VCL;PCDH1;NF1;HADH;ACTN1;ATP1A3;NF2,age_changes_gdT_Vd1_KLRF1_02062026
IL-6/JAK/STAT3 Signaling,1.0,-0.34305059097317603,-1.0374156788816495,IL2RG;IRF9;LTB;TGFB1;IL17RA;TNFRSF1B;PIK3R5;TNFRSF1A;PIM1;IL12RB1,age_changes_gdT_Vd1_KLRF1_02062026
Pancreas Beta Cells,1.0,-0.3962078513739428,-0.8878539841751136,AKT3;SRPRB;SRP9,age_changes_gdT_Vd1_KLRF1_02062026
Adipogenesis,1.0,-0.28677881607104994,-0.9469997081703848,ATP5PO;APLP2;ACADM;ACO2;ECH1;ESRRA;DGAT1;PPM1B;SULT1A1;RREB1;AIFM1;CRAT;ABCB8;DNAJC15;SCP2;PRDX3;COX6A1;IMMT;GRPEL1;HADH;QDPR;MTCH2;REEP5;DRAM2;NDUFB7;TOB1;ELOVL6;ETFB;UCP2;IDH3G;LIPE;CAVIN2;PTCD3;NDUFA5;GHITM;VEGFB;NDUFAB1;NDUFS3;DECR1;CAT;RTN3;STOM;COQ9;UBQLN1;COQ5;CCNG2;SLC1A5;DBT;HIBCH,age_changes_gdT_Vd1_KLRF1_02062026
Androgen Response,1.0,-0.28529574744644715,-0.8932322468243125,STK39;IQGAP2;ELK4;GNAI3;AKT1;RPS6KA3;TSC22D1;NCOA4;MYL12A;TNFAIP8;ARID5B;UBE2I;SLC38A2;ACTN1,age_changes_gdT_Vd1_KLRF1_02062026
Reactive Oxygen Species Pathway,1.0,-0.29690774828565253,-0.875548353297682,EGLN2;NDUFB4;NQO1;ABCC1;GCLC;GCLM;STK25;PRDX2;NDUFA6;NDUFS2;LAMTOR5;FES;MSRA;ATOX1;PRDX6;CAT;PRDX1,age_changes_gdT_Vd1_KLRF1_02062026
heme Metabolism,1.0,-0.3137535734017336,-1.036250840918332,ADD1;TNRC6B;HDGF;KAT2B;ARHGEF12;EZH1;NCOA4;RBM38;PPOX;UBAC1;MARK3;FBXO34;EPB41;RBM5;CCDC28A;BNIP3L;GCLC;NR3C1;HAGH;GCLM;PRDX2;HEBP1;FBXO9;AGPAT4;CDR2;XPO7;TFRC;SLC2A1;KDM7A;SLC30A1;TFDP2;PICALM;GLRX5;DAAM1;UCP2;CLCN3;HTRA2;USP15;MFHAS1;LPIN2;CAT;FOXO3;MKRN1;TSPAN5;GDE1;BLVRB;LAMP2;PSMD9;KLF3;ELL2;FOXJ2;CTSB;MGST3;CTNS;OPTN;RNF123;FBXO7;ALAD;RANBP10;MPP1,age_changes_gdT_Vd1_KLRF1_02062026
Fatty Acid Metabolism,1.0,-0.27244087800438926,-0.8970825381148512,CPT1A;ACADM;ADSL;SDHD;ACO2;ECH1;OSTC;HSD17B4;CRAT;HSD17B7;ACSS1;LDHA;HADH;IDH3B;S100A10;SUCLG2;SUCLA2;PTS;PPARA;NSDHL;ACOT8;ACSL5;RDH11;NBN;IDH3G;CRYZ;ERP29;DECR1;PRDX6;ECI1;HADHB;HSD17B10;BCKDHB;ETFDH;FASN;HMGCL;HIBCH;ACSL4;HCCS;GSTZ1;DLD,age_changes_gdT_Vd1_KLRF1_02062026
IL-2/STAT5 Signaling,1.0,-0.24982337159604734,-0.8215080342657651,SELL;CD81;GSTO1;LTB;FURIN;LRRC8C;CTSZ;IKZF2;MAPKAPK2;GLIPR2;BHLHE40;HOPX;RNH1;CD48;GADD45B;TNFRSF1B;TNFRSF9;PRAF2;PNP;PIM1;HIPK2;UMPS;NT5E;PLSCR1;POU2F1;XBP1;BCL2L1;IGF2R,age_changes_gdT_Vd1_KLRF1_02062026
DNA Repair,1.0,-0.31737006632176923,-1.0385213054526714,RAE1;NELFB;TAF10;POLR2G;GTF2H5;DGUOK;ALYREF;ERCC4;CSTF3;POLB;NUDT21;RPA3;EIF1B;ERCC5;NME1;POLR1D;RBX1;SF3A3;PNP;GTF2B;POM121;VPS28;UMPS;AGO4;ADA;SAC3D1;POLR2K;ZNF707;SNAPC4;PDE6G;PRIM1;POLR2E;TSG101;RFC5;TP53;SEC61A1;USP11;UPF3B;FEN1;RPA2;VPS37B;TAF12;SMAD5;PCNA;POLD4;POLR1C;RAD52;RALA;ADRM1;POLL;POLH;TAF1C;ELOA;DGCR8;MRPL40;POLR2H;BOLA2;CLP1;ERCC8;GTF2F1;MPC2;SRSF6;SURF1;POLR2J;TAF13;DCTN4;RFC2;ERCC1;SUPT4H1,age_changes_gdT_Vd1_KLRF1_02062026
Myogenesis,1.0,-0.27344947115105084,-0.8703235905621226,ITGB1;BIN1;TGFB1;EIF4A2;NOTCH1;BHLHE40;NQO1;GADD45B;OCEL1;CRAT;PTP4A3;PICK1;ABLIM1;KIFC3;GSN;RYR1;CHRNB1;MEF2D;MYOM2,age_changes_gdT_Vd1_KLRF1_02062026
Inflammatory Response,1.0,-0.3050457159026375,-0.9916120029705625,SELL;CHST2;SEMA4D;CMKLR1;RASGRP1;IRF7;GNAI3;LY6E;GCH1;ITGA5;ATP2B1;LYN;CD48;SLAMF1;PSEN1;TNFRSF1B;EMP3;NFKB1;PIK3R5,age_changes_gdT_Vd1_KLRF1_02062026
Interferon Gamma Response,1.0,-0.25696644102210525,-0.8540559071601995,KLRK1;IFNAR2;OASL;IRF9;CMKLR1;IRF7;PNPT1;PSMA2;EIF4E3;ST3GAL5;LY6E;ISG15;OAS2;GCH1;DDX60;SLAMF7;LGALS3BP;VAMP8;GPR18;EPSTI1;AUTS2;NOD1;NFKB1;APOL6;PNP;ARID5B;PIM1;RAPGEF6;SAMHD1;ST8SIA4;RNF213;PLSCR1;CASP8;PSMB2;IFITM2;CD38;TDRD7;PTPN6;HELZ2;IFI44L;OAS3;GBP4;IRF5;IRF4;BST2;IFI27;RTP4;OGFR;MX1,age_changes_gdT_Vd1_KLRF1_02062026
E2F Targets,1.0,-0.28955898894921295,-0.9623270578922164,CTCF;NOP56;WEE1;STMN1;TBRG4;SMC4;CKS1B;LYAR;DCTPP1;RPA1;XPO1;NUDT21;CDKN1B;RPA3;DCK;HNRNPD;MLH1;NME1;TACC3;SMC1A;MCM3;UBE2S;SUV39H1;TMPO;CBX5;TFRC;NASP;DDX39A;RAD50;PPP1R8;PDS5B;RAD51C;LBR;SRSF2;CDC25B;NBN;SRSF1;ING3;MYC;TP53;TIMELESS;RPA2;CDK4;CKS2;MCM2;PSIP1;PCNA;UBE2T;TUBB;SYNCRIP;EIF2S1,age_changes_gdT_Vd1_KLRF1_02062026
Estrogen Response Early,1.0,-0.28724817950056475,-0.9251227059316157,FAM102A;BCL11B;RASGRP1;CLIC3;KDM4B;FLNB;MED13L;BHLHE40;NXT1;MYBL1;SIAH2;KLF10;NCOR2;ADD3;OPN3;PRSS23;ABLIM1;SLC2A1;MAST4;XBP1;TOB1;AMFR;AKAP1;MYC;SLC39A6;SNX24;IGF1R;FCMR;RARA;MREG;NRIP1;ABCA3;FASN;BLVRB;CISH;GAB2;B4GALT1;ITPK1;RHOBTB3;SYNGR1;SLC9A3R1;CD44;SLC26A2,age_changes_gdT_Vd1_KLRF1_02062026
Pperoxisome,1.0,-0.25593467557266975,-0.8215383311166113,LONP2;PEX2;ECH1;CTBP1;HSD17B4;FIS1;CRAT;IDE;SCP2;PEX13;GSTK1;SLC23A2;SMARCC1;ACOT8;ACSL5;RDH11;PRDX5;PEX11B;ABCD3;ABCD2;CAT;PEX6;PRDX1;ABCC5;HMGCL;PEX5;ACSL4,age_changes_gdT_Vd1_KLRF1_02062026
Myc Targets V1,0.0,-0.47855286129085955,-3.0826205188956295,EIF4A1;TXNL4A;C1QBP;LSM2;EIF3J;NOP56;PSMD8;SET;CCT5;CCT2;PSMA7;ILF2;SYNCRIP;PSMA2;POLD2;IMPDH2;PSMC6;SNRPD1;NME1;PGK1;PSMA4;PSMB3;NOLC1;TCP1;CCT7;GSPT1;PPM1G;SLC25A3;COPS5;MRPS18B;PHB;EIF2S2;TRIM28;HNRNPR;YWHAE;APEX1;SRSF3;HNRNPD;SERBP1;RANBP1;CLNS1A;RPL6;EIF2S1;MCM7;DDX21;CCT3;CTPS1;RUVBL2;CYC1;COX5A;NHP2;SSBP1;RACK1;SNRPB2;RPS10;GNL3;MYC;TUFM;SRSF2;VBP1;HSPD1;DHX15;EIF3B;RPS5;TRA2B;LDHA;SRM;PSMD1;PSMC4;CBX3;KPNB1;UBE2L3;PWP1;PRDX3;EIF3D;HNRNPA2B1;PCBP1;PSMA1;VDAC1;SMARCC1;PSMD14,age_changes_gdT_Vd1_Naive_02062026
Epithelial Mesenchymal Transition,0.0016003282724661471,0.4978567285297027,1.9049274118626007,LGALS1;GLIPR1;ITGB1;TIMP1;PFN2;ENO2;TGFBR3;CXCL8;VIM;IL32;CAPG;CD59;IL15;ITGAV;SGCB;ACTA2;LRP1;SERPINH1;TPM2;MEST;PLAUR;PMEPA1;PLOD3;DST;QSOX1;FAS;FLNA;IGFBP4;PCOLCE;PLOD1;TPM1,age_changes_gdT_Vd1_Naive_02062026
Coagulation,0.00960196963479688,0.46532381001553225,1.687250074365261,ANXA1;TIMP1;PLEK;F8;APOA1;CTSH;DPP4;LRP1;MAFF;DUSP6;CFD;PDGFB;CTSB;CLU;CAPN2;CPQ;ISCU;CFH;CTSK;PRSS23;CASP9;F12;FURIN;MST1;S100A13;CAPN5;SPARC;CSRP1;ADAM9;LGMN;GSN;MMP11;CRIP2;A2M,age_changes_gdT_Vd1_Naive_02062026
Angiogenesis,0.012802626179729177,0.6664859090051466,1.6957673420322938,S100A4;TIMP1;ITGAV;FGFR1;APP;PTK2,age_changes_gdT_Vd1_Naive_02062026
Myogenesis,0.019403980303652032,0.4169651947846933,1.599390906934038,ITGB1;BHLHE40;FHL1;ACSL1;PFKM;FXYD1;TPM2;SH3BGR;VIPR1;CFD;ENO3;MAPRE3;DMPK;GNAO1;AK1;FOXO4;NQO1;KLF5;CNN3;PSEN2;APP;CLU;CDKN1A;SORBS3;MYOM1;MYLPF;TNNC2;PRNP;AGL;MYH11;CD36;DAPK2;IGFBP3;PDLIM7;COL1A1;CKB;WWTR1;MYH3;SPARC;PYGM;MYO1C;PLXNB2;ITGB4;SPEG;GSN;NAV2;SYNGR2;PTP4A3;ADCY9;SCD;NOTCH1;FST;TNNT3,age_changes_gdT_Vd1_Naive_02062026
Apical Surface,0.026138695116947067,0.4836992956610137,1.551514738682283,CRYBG1;GSTM3;CD160;PLAUR;LYN;APP;GHRL;BRCA1;GATA3;ATP8B1;DCBLD2;IL2RB;TMEM8B,age_changes_gdT_Vd1_Naive_02062026
IL-2/STAT5 Signaling,0.030246204349610176,0.39052929896729344,1.5551548720223118,CST7;DHRS3;IL10RA;BHLHE40;MAP3K8;PTGER2;HOPX;RORA;GALM;AHNAK;CAPG;CDC42SE2;XBP1;BATF;TNFRSF1B;ITGAV;IL18R1;NFKBIZ;TNFRSF18;SH3BGRL2;TNFRSF4;SLC1A5;RGS16;ADAM19;MAFF;SYT11;ANXA4;CCR4;SOCS2;PHLDA1;IKZF4;ENO3;ETFBKMT;PTCH1;FLT3LG;ALCAM;PLPP1;SLC29A2;CKAP4;CDKN1C;RRAGD;NFIL3;PHTF2;IL2RA;CD48;SNX9;IFNGR1;IRF8;COL6A1;SPRED2;IRF4;IL2RB;SERPINB6;PRNP;FGL2;HK2;AHR;PLAGL1;FAH;FURIN;ODC1;EEF1AKMT1;PTRH2;TWSG1;ST3GAL4;LRIG1;UCK2;CTLA4,age_changes_gdT_Vd1_Naive_02062026
Allograft Rejection,0.06385309807139927,0.35786518047078647,1.4251881300836962,GZMA;STAT4;CCL5;CCL4;PRF1;TIMP1;GZMB;CD40LG;SRGN;CD8A;CD4;IGSF6;TNF;TPD52;SIT1;CFP;CD8B;HLA-DMA;MAP4K1;CAPG;IL15;CD40;F2R;NCF4;CTSS;HLA-DQA1;IL1B;LYN;IL12RB1;FAS;ACVR2A;FLNA;ICOSLG;BRCA1;HLA-DMB;IL2RA;CD74;IFNGR2;CD2;IFNGR1;IRF8,age_changes_gdT_Vd1_Naive_02062026
Apoptosis,0.06626813891893908,0.35772791119577363,1.4110188205553837,ANXA1;PRF1;TIMP1;ENO2;TGFBR3;TNF;HMGB2;FDXR;LGALS3;CTH;KRT18;BIRC3;ATF3;LMNA;CD69;SMAD7;F2R;CASP1;RETSAT;IL1B;CD14;NEFH;FAS;PSEN2;APP;CLU;CDKN1A;GCH1;BRCA1;EGR3;RNASEL;SLC20A1;PTK2;CD2;IFNGR1;FEZ1;CDK2;CYLD;HMOX1;CASP9;MADD;TOP2A;PMAIP1;CASP8;WEE1;ERBB2;IGFBP6;BTG3;TSPO;DIABLO;IL18;BCL2L2;TNFRSF12A;SOD1;GSN,age_changes_gdT_Vd1_Naive_02062026
Cholesterol Homeostasis,0.06819176583230747,0.3908776256397705,1.4300472341841164,ACSS2;S100A11;LGALS3;LSS;ATF3;ERRFI1;PLAUR;GNAI1;ALCAM;CPEB2;ANXA5;CLU;ANTXR2;CXCL16;TMEM97;NFIL3;MVK;DHCR7;GSTM2;TRIB3;STARD4;HMGCR;ALDOC;LDLR;CHKA;TNFRSF12A;LGMN,age_changes_gdT_Vd1_Naive_02062026
KRAS Signaling Dn,0.07108124743537135,0.3843852229805015,1.3967812378980609,TENT5C;CD40LG;MTHFR;ZBTB16;CLSTN3;PTPRJ;CPEB3;PRKN;IDUA;OXT;NUDT11;RSAD2;SLC5A5;PDK2;EFHD1;FGGY;CELSR2;IFNG;MFSD6;DLK2;KCNN1;ZC2HC1C;P2RX6;SLC29A3;EDAR;NR4A2;MSH5;TAS2R4;DTNB;GPR19;IGFBP2;STAG3;ENTPD7;COQ8A;SLC25A23;PLAG1,age_changes_gdT_Vd1_Naive_02062026
UV Response Dn,0.07191475174394749,0.3790504739774421,1.4355386150784912,INPP4B;BHLHE40;ATXN1;PEX14;TGFBR3;MT1E;NR1D2;SMAD3;SFMBT1;CITED2;SMAD7;PIK3R3;ANXA4;BMPR1A;SYNJ2;PIAS3;KALRN;PRKCE;SLC22A18;ACVR2A;IRS1;ATRN;CACNA1A;TENT4A,age_changes_gdT_Vd1_Naive_02062026
Inflammatory Response,0.07418664634503781,0.36631929600022484,1.4432878775613966,CCL5;IL10RA;GPR183;TIMP1;PTGER2;CD82;GABBR1;CXCL8;ACVR1B;IL15RA;TNFRSF1B;IL15;CD69;IL18R1;CD40;PDE4B;RGS16;BEST1;C3AR1;PLAUR;SLC4A4;IL1B;KIF1B;CD14;LYN;ACVR2A;SLC31A2;ICOSLG;CDKN1A;GCH1;OSM;FPR1;CD48;IFNGR2;IRAK2;IL18RAP;CSF3R;LAMP3;DCBLD2;IL2RB,age_changes_gdT_Vd1_Naive_02062026
G2-M Checkpoint,0.0843915343915344,-0.19321293657190813,-1.5470359211250722,SMC4;STMN1;SFPQ;MTF2;SYNCRIP;LBR;TGFB1;CUL3;SNRPD1;HMGA1;NOLC1;SMC1A;GSPT1;CKS2;RAD21;SRSF10;PRPF4B;HNRNPD;HMGN2;NASP;RBM14;CKS1B;CTCF;SS18;DDX39A;YTHDC1;MYC;SRSF2;HIF1A;TOP1;TRA2B;TACC3;KPNB1;UBE2S;KIF22;DR1;ARID4A;CASP8AP2;SMARCC1,age_changes_gdT_Vd1_Naive_02062026
E2F Targets,0.09603174603174604,-0.20838720412338807,-1.4812089496710832,SMC4;STMN1;SMC3;NOP56;SNRPB;SYNCRIP;LBR;POLD2;PNN;ING3;LUC7L3;NME1;HMGA1;NOLC1;SMC1A;GSPT1;MSH2;CKS2;RAD21;DCTPP1;HNRNPD;RANBP1;NASP;AK2;CKS1B;EIF2S1;MCM7;TBRG4;CTPS1;CTCF;DDX39A;TUBB,age_changes_gdT_Vd1_Naive_02062026
PI3K/AKT/mTOR  Signaling,0.1003968253968254,-0.259133032179784,-1.6037089176758417,IL2RG;CAMK4;PIN1;CFL1;MKNK2;PTEN;ITPR2;GSK3B;ARPC3;LCK;GRK2;SMAD2;AKT1;GRB2;TIAM1;RPS6KA3;MAP2K3;PPP1CA;ACTR3;UBE2D3;UBE2N;MAPK1;PFN1;ACTR2;PTPN11;MAPK8;MAPKAP1;DDIT3;CSNK2B;EIF4E;CAB39,age_changes_gdT_Vd1_Naive_02062026
Spermatogenesis,0.10257104021337711,0.36627649660900213,1.3312692477838866,GSTM3;PARP2;MLF1;ACE;PCSK1N;HSPA2;DBF4;IDE;NEFH;CLPB;CCT6B;IL12RB2;PHF7;VDAC3;TKTL1;RAD17;SPATA6;CNIH2;PCSK4;HSPA1L;GFI1;JAM3,age_changes_gdT_Vd1_Naive_02062026
Xenobiotic Metabolism,0.10543701272055807,0.34703564898454914,1.3490250942038673,SSR3;BLVRB;UPP1;ALDH2;NDRG2;SLC6A6;SLC1A5;HES6;RETSAT;PTGDS;MT2A;ENTPD5;FAS;NQO1;ETFDH;PPARD;TMEM97;GCH1;SLC46A3;EPHX1;ACP2;IGFBP4;GCNT2;JUP;PYCR1;BPHL;IRF8;SLC12A4;GCLC;LEAP2;TPST1;PTS;NPC1;ITIH4;SLC35D1;PINK1;ACOX3;HMOX1;CD36;ABCD2;FAH;LONP1;NFS1,age_changes_gdT_Vd1_Naive_02062026
Complement,0.10610176446450553,0.33587865408399276,1.3350471852047345,GZMA;CCL5;TIMP1;GZMB;CD40LG;GZMK;PRKCD;PLEK;LGALS3;F8;PRDM4;DUSP5;CTSH;CD59;DPP4;HPCAL4;LRP1;MAFF;DUSP6;CASP1;CTSS;PLAUR;CTSL;S100A9;PDGFB;CDK5R1;CTSB;LYN;ANXA5;SH2B3;CLU;GATA3;CPQ;HSPA5;GNGT2;GPD2;MT3;CFH;NOTCH4;GNB4;PRSS36;CASP9;CD36,age_changes_gdT_Vd1_Naive_02062026
TNF-alpha Signaling via NF-kB,0.11087988744944018,0.3321352376775881,1.337129511542393,CCL5;CCL4;BCL2A1;BHLHE40;MAP3K8;GPR183;TNF;ZFP36;PLEK;DUSP5;BIRC3;DRAM1;IL15RA;SMAD3;ATF3;CD69;PDE4B;MAFF;PHLDA1;PLAUR;PMEPA1;TIPARP;IL1B;CLCF1;DUSP4;ICOSLG;CDKN1A;NFIL3;GCH1;EGR1;DNAJB4;EGR3;IFNGR2;SLC16A6;PER1;B4GALT5;RCAN1;SIK1;BCL6;EGR2;CEBPD;FUT4;IFIT2;LITAF;F2RL1;KLF4;CXCL2;MARCKS;ETS2;LDLR;BTG3;SERPINB8;NR4A2;HES1;MSC;EFNA1;FOSL2;GEM;IL18;ABCA1;BCL3;CCRL2;EIF1;PANX1;PLK2;G0S2;BTG1;HBEGF;TUBB2A;B4GALT1;RNF19B;ZC3H12A;SLC2A6;TNFAIP2;TLR2,age_changes_gdT_Vd1_Naive_02062026
Estrogen Response Early,0.12190735957903884,0.33420892713173095,1.3091097682721917,DHRS3;BHLHE40;TOB1;TJP3;SLC7A5;MINDY1;BLVRB;KRT18;XBP1;SYNGR1;SH3BP5;RAB31;GLA;ASB13;MICB;TIPARP;ABAT;SEC14L2;SNX24;RPS6KA2;IGFBP4;ENDOD1;EGR3;SLC26A2;MYBL1;SLC22A5;DHCR7;PPIF;CELSR2;NBL1;DEPTOR;DYNLT3;PRSS23;PEX11A;SCARB1;PMAIP1;SLC19A2;KLF4;INPP5F;LRIG1;SLC1A4;MREG;ZNF185;HES1;SLC37A1;RBBP8;NAV2;FARP1;ADCY9;ABHD2;JAK2;BCL2;WWC1,age_changes_gdT_Vd1_Naive_02062026
KRAS Signaling Up,0.25947544795513605,0.3146117271822027,1.2225671423590159,IL10RA;PRDM1;WNT7A;SPON1;NAP1L2;BIRC3;ADAM8;MAP4K1;TNFRSF1B;ACE;PCSK1N;EVI5;RGS16;DUSP6;CTSS;C3AR1;PLAUR;HKDC1;IL1B;KIF5C;FGF9;KCNN4;JUP;GALNT3;IRF8;FLT4;DCBLD2;CFH;PTCD2;DNMBP;MTMR10;BTBD3;IGFBP3;F2RL1;KLF4;ETV5;VWA5A;MALL;AMMECR1;MAFB;CAB39L;CBX8;GADD45G;RETN;MPZL2;MMP11;CA2;MAP7;CLEC4A;LAPTM5,age_changes_gdT_Vd1_Naive_02062026
Interferon Gamma Response,0.29753471697298234,0.2974734863323559,1.1994874372705795,GZMA;STAT4;CCL5;HLA-DRB1;IL10RA;IL18BP;ZBP1;HLA-DMA;TRIM25;IL15RA;UPP1;OASL;IL15;SLAMF7;CD69;CD40;MTHFD2;PDE4B;OAS3;CASP1;HLA-DQA1;IFIT3;MT2A;AUTS2;FAS;XCL1;CMPK2;CDKN1A;GCH1;PELI1;CD274;FPR1;CD74,age_changes_gdT_Vd1_Naive_02062026
Hedgehog Signaling,0.35519286007386136,0.42617840021655623,1.1702327107417994,CDK5R1;PTCH1;NRCAM;TLE1;AMOT;ADGRG1;ETS2;TLE3;LDB1;NF1;RASA1,age_changes_gdT_Vd1_Naive_02062026
Hypoxia,0.41445023282367843,0.28564199062514395,1.1287472508326795,S100A4;BHLHE40;IDS;ENO2;RORA;ZFP36;MT1E;TPD52;PAM;ATF3;CITED2;SAP30;JMJD6;SLC6A6;ERRFI1;MAFF;PLAUR;ENO3;TIPARP;MT2A;PDGFB;CDKN1C;RRAGD;CDKN1A;NFIL3;GALK1;TKTL1;GCNT2;GAPDH;HSPA5;MXI1,age_changes_gdT_Vd1_Naive_02062026
Estrogen Response Late,0.4215046443093222,0.2901714521340464,1.1329250510078686,TOB1;PERP;TJP3;ZFP36;SLC7A5;BLVRB;XBP1;BATF;XRCC3;IMPA2;MEST;RAB31;GLA;S100A9;MICB;RPS6KA2;IGFBP4;GALE;EGR3;SLC26A2;SLC22A5;DHCR7;PPIF;CELSR2;NBL1;DYNLT3;PRSS23;CACNA2D2;SCARB1;TOP2A;KLF4;CKB;SLC1A4;BTG3;HOMER2;SORD;GINS2;SLC29A1;CA2;RBBP8;FARP1;CDH1;ABHD2;JAK2;BCL2;KCNK5;ATP2B4;PLK4;NAB2;SNX10;WFS1;PRKAR2B;DUSP2;DNAJC1;TST;SERPINA1;LLGL2;ARL3;PDCD4,age_changes_gdT_Vd1_Naive_02062026
Bile Acid Metabolism,0.4336508587842195,0.30646330132195576,1.135707300416967,ATXN1;ACSL1;PFKM;FDXR;APOA1;PEX7;SLC35B2;ABCA5;RETSAT;ABCD1;SLC22A18;FADS1;NR3C2;NUDT12;HSD17B11;NPC1;ACSL5;PEX11A;ABCD2;NEDD4;CH25H;RXRA;ABCA1;SOD1;SLC29A1;GCLM;AMACR;DHCR24;PEX13;PEX11G;CROT;PEX12;IDH1;SLC23A2;PAOX;OPTN;HACL1;PEX19,age_changes_gdT_Vd1_Naive_02062026
Interferon Alpha Response,0.44523809523809527,-0.19851656508493878,-1.124994379630931,ISG15;IRF9;LGALS3BP;UBE2L6;IRF7;EPSTI1;NCOA7;PSMB8;ELF1;IRF2;PLSCR1;TRAFD1;SELL;SAMD9;MX1;ISG20;SP110;PSME2;SAMD9L;LAP3;IFI44L;PNPT1,age_changes_gdT_Vd1_Naive_02062026
Myc Targets V2,0.45571428571428574,-0.21410293064310018,-1.159485561913193,NOP56;NOLC1;EXOSC5;PHB;DCTPP1;MPHOSPH10;PPAN;TBRG4;GNL3;MYC;HSPD1;SRM;NDUFAF4;CBX3,age_changes_gdT_Vd1_Naive_02062026
TGF-beta Signaling,0.5786848072562358,-0.20238261216313339,-1.0399097883207058,ID3;FKBP1A;TRIM33;TGFB1;ID2;PPP1CA;ARID4B;SPTBN1;UBE2D3;PPM1A;TGIF1;HDAC1;TGFBR1,age_changes_gdT_Vd1_Naive_02062026
Apical Junction,0.593355047189167,0.27356579362575933,1.0637650070049773,ITGB1;ACTN4;ADAM15;NECTIN3;RRAS;PIK3R3;VCL;DSC1;GNAI1;MAP3K20;BAIAP2;MPP5;MADCAM1;CTNND1;CD99;ITGA3;IRS1;THBS3;SORBS3;CDK8;JUP;CD274;CRB3;ATP1A3;PTK2;SYK;PIK3CB;MYH10;TMEM8B;JAM3;INPPL1;NRTN;VCAN;MAPK11;TSPAN4;MPZL1;LAYN;FSCN1;NLGN2;TAOK2;ITGB4;SPEG;ADAM9;AMIGO1;SRC;MPZL2;EPB41L2;CDH1;CD86;CLDN5;CLDN15;CTNNA1;B4GALT1;PKD1;TGFBI;BMP1;TUBG1;ITGA10,age_changes_gdT_Vd1_Naive_02062026
Oxidative Phosphorylation,0.5958333333333333,-0.4074498875998015,-1.0,SLC25A5;ETFB;NDUFB2;CYB5A;ATP5F1C;NDUFA9;NDUFB8;NDUFS6;COX6C;PDHB;UQCRH;TIMM8B;SDHD;ATP5PO;ATP5MF;UQCRQ;SLC25A6;BAX;MRPS11;IDH3B;ATP5F1B;ATP6V1H;SLC25A3;NDUFC2;ACADM;TIMM13;MRPS12;COX7A2L;ATP5PF;COX7B;NDUFS2;SURF1;MRPS30;ATP6V1D;IDH3G;ATP5ME;NDUFS8;TIMM10;ATP5MC3;OXA1L;UQCRFS1;CYC1;ACAA1;COX5A;TIMM50;NDUFS4;NDUFB1;ATP5F1A;MTX2;HSD17B10;CYCS;ATP6V0B;LRPPRC;SDHB;OPA1;MDH1;NDUFA7;COX7A2;ATP5MG;LDHA;UQCR10;DECR1;NDUFA4;NDUFB5;PRDX3;HTRA2;NDUFB4;ECH1;VDAC1;SDHC;ECHS1;NDUFV2;IDH2;ATP5F1E;FDX1;SUCLG1;NDUFS3;NDUFB3;POLR2F;FH,age_changes_gdT_Vd1_Naive_02062026
IL-6/JAK/STAT3 Signaling,0.655718506360279,0.2831812083700891,1.0377313514818454,MAP3K8;TNF;ACVR1B;IL15RA;TNFRSF1B;IL18R1;IL1B;CD14;IL12RB1;FAS;IL2RA;IFNGR2;IFNGR1;CSF3R,age_changes_gdT_Vd1_Naive_02062026
Pperoxisome,0.6919881001231022,0.27035993001568,1.0186745926232954,DHRS3;SLC25A4;ATXN1;PEX14;ACSL1;SLC35B2;DLG4;RETSAT;ABCD1;NUDT19;IDE,age_changes_gdT_Vd1_Naive_02062026
Wnt-beta Catenin Signaling,0.6992545479414581,0.303641845866339,1.0070825108853096,HDAC11;DLL1;GNAI1;PTCH1;PPARD;PSEN2;CUL1;NKD1;NOTCH4,age_changes_gdT_Vd1_Naive_02062026
p53 Pathway,0.7392688862790598,0.24473449073028425,0.9759433874836893,S100A4;TOB1;CD82;PERP;CGRRF1;CCNG1;FDXR;PLK3;ACVR1B;DRAM1;UPP1;ATF3;ZBTB16;RGS16;F2R;KIF13B;CASP1;RETSAT;BAIAP2;GLS2;CDK5R1;AK1;RPS27L;ABAT;FAS;APP;CDKN1A;EPHX1;RAB40C,age_changes_gdT_Vd1_Naive_02062026
UV Response Up,0.7466388709771967,0.24935312175006288,0.9828380290133776,SLC25A4;ENO2;PRKCD;CREG1;CYB5R1;NPTXR;PARP2;DNAJB1;ATF3;HSPA2;DLG4;LYN;GRPEL1;WIZ;CDKN1C;HYAL2;GCH1;GGH;EPHX1;APOM;NAT1;TGFBRAP1;PPIF;HSPA13;CDK2;HMOX1;FURIN;E2F5;CXCL2;RAB27A;POLE3,age_changes_gdT_Vd1_Naive_02062026
Notch Signaling,0.753381206401313,0.31605876117972487,0.9619781913152322,SAP30;TCF7L2;DLL1;PPARD;PSEN2;CUL1,age_changes_gdT_Vd1_Naive_02062026
DNA Repair,0.8904761904761905,-0.11887039123296049,-0.8149177847247817,POLR2H;NT5C;POLR2G;IMPDH2;NME1;USP11;RBX1;TAF10;RALA;SURF1;DGUOK;POLR1D;REV3L;ADA;POM121;SRSF6;PRIM1;CSTF3;MPC2,age_changes_gdT_Vd1_Naive_02062026
heme Metabolism,0.9156966490299823,-0.12679424956348218,-0.8505336530790581,GYPC;TNRC6B;DAAM1;TFDP2;RBM38;EPB41;MARK3;UCP2;ADD1;PGLS;DCAF11;BNIP3L;GAPVD1;FBXO7;MAP2K3;RIOK3;LRP10;FBXO34;ACP5;CCND3;GMPS;TOP1;PSMD9;ANK1,age_changes_gdT_Vd1_Naive_02062026
mTORC1 Signaling,0.9473169020609687,0.2154185174629379,0.8691275264084101,BHLHE40;GGA2;CCNG1;SLC7A5;FDXR;CFP;CTH;XBP1;HSPA9;SERPINH1;MTHFD2;SLC6A6;SLC1A5;PIK3R3;GLA;RAB1A;POLR3G;ELOVL6;MCM2;DHFR;CDKN1A;TMEM97;NFIL3;GAPDH;DAPP1;FADS1;HSPA5;CCNF;GCLC;DHCR7;SRD5A1;SLC37A4;TRIB3;STARD4;FGL2;HK2;TBK1;HMGCR;IFI30;PSAT1;AURKA,age_changes_gdT_Vd1_Naive_02062026
Reactive Oxygen Species Pathway,0.95,-0.1241032084273495,-0.6673542066501003,MBP;LAMTOR5;NDUFS2;NDUFB4;SELENOS;G6PD;STK25;PRDX1;CDKN2D;PFKP;SOD2;IPCEF1;HMOX2;GSR;NDUFA6;JUNB;LSP1;ATOX1;TXNRD1;PRDX2;SCAF4;EGLN2;PRDX6;CAT;OXSR1;GLRX;MSRA;FTL;ABCC1;TXN;ERCC2;GPX4;PTPA;PDLIM1;SBNO2;SRXN1;TXNRD2;PRDX4;GLRX2;FES;GCLM;SOD1,age_changes_gdT_Vd1_Naive_02062026
Adipogenesis,0.9964505539597867,0.12638379350102877,0.5061374317932241,TOB1;PEX14;NABP1;RAB34;DNAJB9;NKIRAS1;ALDH2;LTC4S;SLC1A5;RETSAT;ELOVL6;SLC27A1;AGPAT3;GRPEL1;CD302;BAZ2A;GPAM;IFNGR1;DHCR7;GPD2;CHUK;ITSN1;MAP4K3;BCL6;CD151;CD36;SCARB1;FAH;SOWAHC;PHLDB1;MGST3;CHCHD10;CAVIN2;SLC25A10;REEP6;ABCA1;SOD1;SLC19A1;RETN;QDPR;MGLL;COQ3,age_changes_gdT_Vd1_Naive_02062026
Protein Secretion,1.0,0.20510633885304255,0.7797428262269098,TPD52;PAM;KRT18;CD63;GALC;GLA;KIF1B;DST;SEC24D;TMED2;SCRN1,age_changes_gdT_Vd1_Naive_02062026
Fatty Acid Metabolism,1.0,0.17750176994107836,0.6969439842333178,LGALS1;ENO2;BLVRA;ACSL1;CBR3;PCBD1;GLUL;LTC4S;RETSAT;MCEE;ENO3;ETFDH;EPHX1;BPHL;SLC22A5;CA6;GPD2;PTS;HSD17B11;TP53INP2;ACSL5;CD36;NCAPH2;ODC1;PPARA,age_changes_gdT_Vd1_Naive_02062026
Mitotic Spindle,1.0,0.1401644985467317,0.5637660784782782,ACTN4;ARHGAP5;CENPF;PLEKHG2;ARHGEF12;INCENP;CEP72;CNTROB;VCL;KNTC1;CLIP1;KIF1B;KPTN;TUBGCP5;DST;LLGL1;TRIO;FLNA;NET1;PKD2;BRCA2;RACGAP1;MID1IP1;ARHGEF11;ITSN1;MYH10;PRC1;FGD4;CEP131;ARAP3;ARHGAP10;AURKA;CENPJ;TOP2A;ALS2;SHROOM1;MARCKS;FSCN1;TUBD1;NDC80;TAOK2;APC;ABL1;FBXO5;WASF1;GSN;EPB41L2;FARP1;TBCD;BUB1;CLIP2;ECT2;CDC42EP4;SASS6;LATS1;PXN;KATNA1;RAPGEF5;NUSAP1;GEMIN4;TPX2;MARK4,age_changes_gdT_Vd1_Naive_02062026
Unfolded Protein Response,1.0,0.20774990183848469,0.8041034809681755,NABP1;BAG3;DNAJB9;SLC7A5;PDIA6;WIPI1;XBP1;HSPA9;ATF3;ERN1;MTHFD2,age_changes_gdT_Vd1_Naive_02062026
Glycolysis,1.0,0.18218794636493385,0.7168843979982872,ENO2;PAM;PAXIP1;CTH;CHPF;HS2ST1;CITED2;SAP30;QSOX1;ALDH7A1;IDUA;RRAGD;GALK1;TKTL1;GALE;PLOD1;HSPA5;MXI1;B4GALT7;GCLC;SLC35A3;TPST1;NANP;SLC37A4;AGL;HK2;GNE;EXT1;AURKA;IGFBP3;VCAN;HOMER1;EFNA3;CAPN5;EGLN3;SLC25A10;SPAG4;SRD5A3,age_changes_gdT_Vd1_Naive_02062026
Pancreas Beta Cells,1.0,0.24288060059754396,0.6580963552045888,DPP4;MAFB;STXBP1,age_changes_gdT_Vd1_Naive_02062026
Androgen Response,1.0,0.20968124599439847,0.7926868918518563,INPP4B;TPD52;DNAJB9;GPD1L;ITGAV;PMEPA1;ABCC4;CDC14B;PLPP1;SEC24D;FADS1;HSD17B14;SLC26A2;NKX3-1;MAF;IQGAP2;HMGCR;ELL2;HOMER2;SORD;PGM3;HERC3;CENPN;MAP7;ABHD2;SCD,age_changes_gdT_Vd1_Naive_02062026
Apical Surface,0.029183114476758237,0.48907655957752827,1.5300793781144455,IL2RB;GSTM3;CRYBG1;GATA3;B4GALT1;GHRL;PLAUR;DCBLD2;LYN;BRCA1;CD160;TMEM8B,age_changes_gdT_Vd1_SOX4_02062026
IL-2/STAT5 Signaling,0.0324256827519536,0.42544649526445005,1.5779111853390289,IL10RA;MAP3K8;CST7;AHNAK;ADAM19;TNFRSF4;TNFRSF1B;ANXA4;RORA;HOPX;SOCS2;IL2RB;BHLHE40;BATF;CDC42SE2;CCR4;RHOB;TNFSF10;SNX9;GBP4;COL6A1;CD48;DHRS3;IL18R1;ST3GAL4;IRF8;EOMES;ENO3;MYO1C;PLAGL1;PLPP1;TWSG1;ICOS;CKAP4;CYFIP1;PDCD2L;ETFBKMT;FGL2;CCNE1;ITGAV;SLC29A2;CDKN1C;IKZF4;NFIL3;MAFF;ODC1;GALM;LRIG1;FLT3LG;IL2RA;PTGER2;SPRED2;TRAF1;P4HA1;UCK2;FAH;NDRG1;PHLDA1;SLC2A3;BMPR2,age_changes_gdT_Vd1_SOX4_02062026
Inflammatory Response,0.034587394935417175,0.41704553411601253,1.5376806238803205,GPR183;CCL5;IL10RA;TNFRSF1B;TIMP1;PDE4B;IL2RB;LDLR;TNFSF10;CCRL2;CD82;BEST1;CD48;ADGRE1;KIF1B;IL18R1;CD14;CYBB;SLC7A1;SLC31A2;GABBR1;PTGIR;PLAUR;OSM;DCBLD2;LY6E;ACVR2A;LYN;CD40;ICAM1;CXCL8;CSF3R;NMUR1;IFNGR2;ICOSLG;PTGER2;RTP4;IL15RA;C5AR1;GP1BA;CALCRL;GCH1;IL18;IRAK2;GNA15;SLC4A4;RNF144B;ABCA1;ACVR1B;IL1B;CD69;GPC3;P2RX7;FPR1;CDKN1A;AHR;IL7R;LTA;ATP2A2,age_changes_gdT_Vd1_SOX4_02062026
Epithelial Mesenchymal Transition,0.0426166116168533,0.45459527071259054,1.6104057012971091,ENO2;TGFBR3;GLIPR1;ITGB1;LGALS1;TIMP1;RHOB;IL32;ACTA2;SNTB1;PLOD1;PLOD3;COL6A3;PLAUR;TAGLN;SGCB;PCOLCE;PMEPA1;COL1A1;ITGAV;VCAN;CXCL8;IGFBP4;BMP1;PFN2;LOXL1;DST;MEST;FUCA1;QSOX1;PPIB;FLNA;SERPINH1;TNFRSF12A;LRP1;FSTL1;TPM2;NOTCH2;CD59;MAGEE1;GEM;MYL9;TPM1;CDH2;SERPINE2;BASP1;COLGALT1;CAPG;IGFBP2;IL15;VIM;ITGA5,age_changes_gdT_Vd1_SOX4_02062026
TNF-alpha Signaling via NF-kB,0.04428421815838234,0.39421947558122983,1.4782884314743627,GPR183;CCL5;BCL2A1;MAP3K8;CCL4;LITAF;PDE4B;BHLHE40;RHOB;LDLR;CCRL2;PLEK;DUSP4;SIK1;B4GALT1;TIPARP;IFIH1;MARCKS;SMAD3;PANX1;ZFP36;RNF19B;PLAUR;CEBPD;BTG1;PMEPA1;NFIL3;ICAM1;KLF9;MAFF;TNFAIP2;DUSP5;FOSL2;IFNGR2;ICOSLG;IFIT2;FUT4;NFKBIE;TRAF1;TAP1;NR4A3;KYNU;IL15RA;PHLDA1;SLC2A3;B4GALT5;HES1;EGR1;PLK2;SLC16A6;GCH1;IL18;TNF;ZC3H12A;CXCL2;PER1;CLCF1;DNAJB4;BIRC3;ATF3;RCAN1;ABCA1;GEM;SERPINB8;G0S2;DUSP1;IL1B;CD69;CDKN1A;SQSTM1,age_changes_gdT_Vd1_SOX4_02062026
Cholesterol Homeostasis,0.10028800451139934,0.3859233912391735,1.3591668212907695,LDLR;S100A11;CPEB2;LSS;TRIB3;STARD4;LGALS3;ALDOC;MVK;PLAUR;LGMN;NFIL3;ANXA5;IDI1;DHCR7;CHKA;CYP51A1;ABCA2;TNFRSF12A;SCD;GSTM2;ACSS2;TMEM97;CXCL16;ATF3;FABP5;CLU;NSDHL;FBXO6,age_changes_gdT_Vd1_SOX4_02062026
Apoptosis,0.10349748535521516,0.3682664844242616,1.3673513170809908,ANXA1;ENO2;TGFBR3;TIMP1;HMGB2;BIK;CASP1;RHOB;ANKH;TNFSF10;SLC20A1;KRT18;LGALS3;CD14;CASP9;CYLD;CDKN1B;DIABLO;RETSAT;SOD1;BRCA1;CASP8;SMAD7;FDXR;PMAIP1;TAP1;WEE1;TNFRSF12A;PEA15;RNASEL;GCH1;HMOX1;PPP2R5B;IL18;TNF;LMNA;GNA15;PTK2;BIRC3;F2R;ATF3;ERBB2;IL1B;BCL2L2;CD69;CDK2;PRF1;CDKN1A;SQSTM1;IGF2R;CLU;EGR3,age_changes_gdT_Vd1_SOX4_02062026
Coagulation,0.11657804989392842,0.39805095880404573,1.3722706134953724,ANXA1;TIMP1;DPP4;PLEK;CTSB;CFD;CASP9;CAPN2;SERPINA1;CTSH;LGMN;S100A13;PDGFB;CPQ;MAFF;APOA1;BMP1;CAPN5;MMP11;GP1BA;LRP1;CRIP2;F12;CLU;PRSS23;F8;FYN;FURIN;ADAM9;P2RY1;PF4,age_changes_gdT_Vd1_SOX4_02062026
Myogenesis,0.2523026934128199,0.35105907674345455,1.2676428395955515,ITGB1;BHLHE40;PYGM;FHL1;ACSL1;CFD;ENO3;FXYD1;PFKM;MEF2C;VIPR1;MYO1C;COL6A3;MAPRE3;TAGLN;AK1;CD36;COL1A1;DMPK;MYH3;SH3BGR;CNN3;KCNH2;NQO1;MYLPF;FOXO4;NOTCH1;SCD;SORBS3;TNNT3;TPM2;MYH11;PRNP;HDAC5;AGL;GAA;PDLIM7;CDKN1A;CLU;KLF5;TNNC2;CTF1;MAPK12;TPM3;PLXNB2;EIF4A2;PC;GNAO1;SIRT2;PICK1;HBEGF;CRAT;SPARC;SSPN;PSEN2;OCEL1,age_changes_gdT_Vd1_SOX4_02062026
Notch Signaling,0.25369236553076074,0.4062083229822685,1.2423456114375493,TCF7L2;SAP30;PPARD;HES1;NOTCH1;CUL1;NOTCH2;ARRB1;DLL1;DTX1;PRKCA;APH1A,age_changes_gdT_Vd1_SOX4_02062026
Angiogenesis,0.2628585866723303,0.47158733509212947,1.2470852936450492,S100A4;TIMP1;ITGAV;VCAN,age_changes_gdT_Vd1_SOX4_02062026
Interferon Gamma Response,0.28886651091597515,0.33088402726497085,1.2471485679676442,MT2A;CCL5;IL10RA;GZMA;CD74;ZBP1;PDE4B;IL2RB;CASP1;TNFSF10;HLA-DRB1;AUTS2;GBP4;SLAMF7;HLA-DQA1;OASL;IL18BP;STAT4;USP18;IRF8;IFIH1;RSAD2;CMTR1;OAS3;TDRD7;MTHFD2;BTG1;CMPK2;LY6E;IRF5;FGL2;IFI30;CD40;ICAM1;TNFAIP2;CIITA;TRIM14;CASP8;IFIT2;IFIT3;IFIT1;TRIM26;IFI44;TAP1;RTP4;LATS2;IL15RA;STAT1,age_changes_gdT_Vd1_SOX4_02062026
Androgen Response,0.31021757586649235,0.34112560910974105,1.2153026948348202,DNAJB9;MAF;INPP4B;ANKH;UAP1;GPD1L;B4GALT1;ELL2;PLPP1;IQGAP2;PMEPA1;SEC24D;ITGAV;GUCY1A1;RRP12;IDI1;CENPN;HOMER2;NDRG1;FADS1;SRF;ABCC4;SCD;SELENOP;HSD17B14;ARID5B;PGM3,age_changes_gdT_Vd1_SOX4_02062026
Apical Junction,0.3332317932812374,0.32202409957350353,1.187525466690669,ITGB1;ACTN4;CTNNA1;PIK3CB;B4GALT1;BAIAP2;MAP3K20;MYH10;ADAM15;RRAS;PIK3R3;TUBG1;CDH1;DSC1;ATP1A3;CLDN5;MAPK11;AMIGO1;NRTN;MADCAM1;VCAN;CTNND1;ICAM1;IRS1;LAYN;JAM3;MDK;BMP1;KCNH2;CAP1;TRAF1;SRC;EPB41L2;TMEM8B;MAP4K2;SORBS3;MPZL2;NEGR1;PTK2;VCL;NEXN;ITGA3;ICAM2;MPP5;MYL9;THBS3;ADAM9;CRB3;JUP;TSPAN4;FSCN1;SYK;ITGA10;CD274;TRO;AMIGO2;INPPL1;TSC1;CLDN15;NF1,age_changes_gdT_Vd1_SOX4_02062026
KRAS Signaling Up,0.34103041378520815,0.31664802966356764,1.1668700577844888,IL10RA;PRDM1;ADAM8;TNFRSF1B;ANKH;EVI5;IRF8;TMEM176B;GALNT3;PLAUR;DCBLD2;LAPTM5;PTCD2;NAP1L2;GUCY1A1;MAP4K1;AMMECR1;TRAF1;FGF9;FUCA1;MAFB;CBX8;MMP11;CAB39L;CROT;TSPAN7;DNMBP;SPON1;MTMR10;MPZL2;VWA5A;GADD45G;BTBD3;BIRC3;CD37;SPRY2;G0S2;WNT7A;IL1B;CDADC1;IL7R;JUP;CLEC4A;F13A1;FBXO4;FLT4;F2RL1;TMEM176A;ERO1A;PCSK1N;LCP1;HDAC9;CFH;ENG;GNG11;HKDC1;PPBP;ETV5;MAP7;HBEGF;KCNN4;AVL9;MMD;RABGAP1L;RGS16;DUSP6;RETN;ZNF639;LY96;FCER1G;CCND2,age_changes_gdT_Vd1_SOX4_02062026
Estrogen Response Early,0.3506333492875117,0.32352289779833937,1.1759518877997615,ENDOD1;BHLHE40;ASB13;TJP3;TOB1;ABAT;SLC7A5;MYBL1;INPP5F;KRT18;BLVRB;DHRS3;MINDY1;SLC22A5;PPIF;B4GALT1;TIPARP;DYNLT3;RPS6KA2;SEC14L2;FHL2;SYNGR1;UGCG;RRP12;SLC19A2;SCARB1;LRIG1;RHOBTB3;IGFBP4;DHCR7;NBL1;PMAIP1;DEPTOR,age_changes_gdT_Vd1_SOX4_02062026
Xenobiotic Metabolism,0.35260613872552965,0.3162750152342183,1.158382853623606,MT2A;PMM1;ESR1;BLVRB;IRF8;NFS1;LEAP2;CBR1;TMEM176B;DHRS7;MAN1A1;NDRG2;CD36;ALDH2;GCNT2;ACOX3;RETSAT;SLC12A4;ABHD6;IGFBP4;PPARD;NQO1;PTGDS;ABCD2;ENTPD5;FAH;KYNU;HES6;ITIH4;SSR3;TPST1;BCAT1;FBP1;CROT;GCH1;HMOX1;BPHL;TMEM97;SLC6A6;UPP1;SLC1A5;ACP2;SHMT2;PTS;PYCR1;UPB1;GSS;ATP2A2;JUP;TMBIM6;NPC1;GCLC;SMOX;EPHX1;PSMB10;UGDH;GSTM4;PC;ASL;SLC35D1;ELOVL5;NINJ1;PINK1;PGRMC1;ETS2;ABCC2;FAS;CDA;PEMT;AP4B1;ALAS1;LPIN2;CYP2J2;ACOX1;TKFC;LONP1;DHPS;MTHFD1;HACL1;ARG2,age_changes_gdT_Vd1_SOX4_02062026
Complement,0.35279142834125515,0.3197218356578196,1.188301357144426,CCL5;GZMA;GZMK;TIMP1;GZMB;CASP1;PRDM4;DPP4;PLEK;GATA3;CD40LG;CTSB;LGALS3;SH2B3;GNB4;CASP9;SERPINA1;GNGT2;PLAUR;CTSH;LGMN;HPCAL4;LYN;S100A13;CD36;L3MBTL4;PDGFB;CPQ;MAFF;ANXA5;DUSP5;S100A9;APOBEC3F;DGKH;SRC;KYNU;FCN1;GPD2;PSMB9;GP1BA,age_changes_gdT_Vd1_SOX4_02062026
Hypoxia,0.35524136881584717,0.3162290191994542,1.1682844969558386,MT2A;S100A4;ENO2;IDS;RORA;BHLHE40;PYGM;SLC37A4;PAM;TIPARP;MT1E;ALDOC;ENO3;CDKN1B;ZFP36;AMPD3;PLAUR;BTG1;NOCT;GCNT2;SAP30;PDGFB;CDKN1C;PGM1;NFIL3;MAFF;EXT1;FOSL2;SCARB1;ANXA2;P4HA1;NDRG1;PHKG1;SLC2A3;FBP1;NEDD4L;HMOX1;HK2;PLIN2;TKTL1;SLC6A6;ATF3;GAA;DUSP1;GPC3;GYS1;RRAGD;JMJD6;CDKN1A;TPI1;TPD52;CSRP2;PRKCA;WSB1;PFKFB3;EFNA3;GALK1;LXN;NDST2,age_changes_gdT_Vd1_SOX4_02062026
Interferon Alpha Response,0.3657484664694847,0.3302742342842686,1.1917056653718818,CD74;CASP1;GBP2;CCRL2;GBP4;OASL;USP18;IFIH1;UBA7;RSAD2;CMTR1;TENT5A;TDRD7;CMPK2;LY6E;IFI30;PROCR;TRIM14;CASP8;IFIT2;IFIT3;TRIM26;IFI44;TAP1;RTP4;TMEM140;PSMB9,age_changes_gdT_Vd1_SOX4_02062026
UV Response Dn,0.3783878652564707,0.3187037057502222,1.1450691243153721,TGFBR3;ANXA4;BHLHE40;INPP4B;LDLR;MT1E;SFMBT1;SMAD3;SLC7A1;PIK3R3;CDKN1B;NR1D2;KALRN;ACVR2A;COL1A1;CACNA1A;FHL2;BMPR1A;IRS1;PRKCE;ID1;SMAD7;ANXA2,age_changes_gdT_Vd1_SOX4_02062026
UV Response Up,0.549636378283764,0.2959336978003552,1.0974254918689974,ENO2;RAB27A;RHOB;SLC25A4;CREG1;PPIF;BTG1;LYN;CCNE1;SULT1A1;PARP2;CDKN1C;ICAM1;RPN1;NAT1;DNAJB1;WIZ;KCNH2;CHRNA5;HYAL2;TAP1;TGFBRAP1;APOM;E2F5;CHKA;HSPA13;SIGMAR1;NPTX2;GCH1;HMOX1;DLG4;CXCL2;ATF3;GGH;TST;CDK2;ATP6V1C1;SQSTM1;ASNS;NPTXR;HLA-F;FURIN,age_changes_gdT_Vd1_SOX4_02062026
Bile Acid Metabolism,0.5669459437686296,0.3089873469455074,1.0880265399850706,NR3C2;ABCD1;ACSL1;GSTK1;PAOX;PFKM;PEX7;PEX19;RETSAT;SOD1;APOA1;IDI1;FDXR;PHYH;NUDT12;ABCD2;ATXN1;FADS1;ABCA2;ACSL5;PEX11A;CROT;AMACR;ABCA1;LIPE;OPTN;CYP46A1;SLC23A2;NPC1;PEX11G;RXRA;FADS2;DHCR24,age_changes_gdT_Vd1_SOX4_02062026
Pancreas Beta Cells,0.648476597115927,0.398256593867684,1.057727424557803,DPP4;MAFB;STXBP1;SPCS1,age_changes_gdT_Vd1_SOX4_02062026
KRAS Signaling Dn,0.6584729718843149,0.30305583140434444,1.061750189745044,ZBTB16;TENT5C;CD40LG;ENTPD7;RSAD2;SLC25A23;MSH5;CPEB3;EDAR;SLC29A3;FGGY;KCNN1;NUDT11;PRKN;GP1BA;SELENOP;COQ8A;SLC6A3;PTPRJ;IFNG;TCL1A;TAS2R4;PLAG1;KMT2D;CCDC106;NR4A2;SIDT1;IGFBP2;CCR8;OXT;KCNQ2;BARD1;CELSR2;ASB7;MAST3;PDE6B;MAGIX;VPS50;ZNF112;FGF22;VPREB1;IFI44L;DTNB;MFSD6;LYPD3;KRT1;CDKAL1;YPEL1;MX1;SNN,age_changes_gdT_Vd1_SOX4_02062026
Allograft Rejection,0.6900612881036631,0.27940839568024217,1.0422866614589912,CCL5;GZMA;CCL4;CD74;IL12RB1;TIMP1;IL2RB;GZMB;GBP2;HLA-DQA1;NCF4;CD40LG;CD4;STAT4;HLA-DMB;IRF8;SRGN;IGSF6;HLA-DOA;ACVR2A;LYN;KLRD1;TRAT1;CD40;TRAF2;ICAM1;LY86;BRCA1;HLA-DRA;IFNGR2;ICOSLG;IL2RA;MAP4K1;TAP1;FLNA;CD1D;STAT1;BCAT1;IL18;TNF;NCR1;IFNG;F2R;HLA-DOB;JAK2;HLA-E;IL1B;SPI1;PRF1;TPD52;SIT1;PF4;HLA-G;ZAP70;TLR2;CAPG;PSMB10;IRF4;IL15;APBB1;TLR6;LY75;IL10;CCR1,age_changes_gdT_Vd1_SOX4_02062026
IL-6/JAK/STAT3 Signaling,0.7296771242130945,0.29679707087248547,1.021405940788617,MAP3K8;IL12RB1;TNFRSF1B;IL18R1;CD14;CD36;DNTT;CSF3R;IFNGR2;IL2RA;IL15RA;STAT1;TNFRSF12A;HMOX1;LEPR;TNF,age_changes_gdT_Vd1_SOX4_02062026
Estrogen Response Late,0.7450358196753105,0.2844648218767336,1.0239747386203675,BATF;TJP3;TOB1;SLC7A5;BLVRB;SLC22A5;PPIF;DYNLT3;SERPINA1;RPS6KA2;ZFP36;CDH1;XRCC3;S100A9;SCARB1;IGFBP4;MDK;GINS2;DHCR7;NBL1;HOMER2;MEST;IMPA2;ALDH3A2;PERP;DNAJC12;CACNA2D2;FARP1;GALE;MICB;JAK2;TST;CISH;FABP5;EGR3;PRSS23;WFS1;PLXNB1;RAB31;KCNK5;NAB2;GLA;UGDH;ATP2B4;LLGL2;XBP1;PTPN6;ELOVL5;OPN3;AMFR;AREG;LSR;CELSR2;SLC26A2;DNAJC1;CD9;RBBP8;FDFT1;AFF1;SLC29A1;PRKAR2B,age_changes_gdT_Vd1_SOX4_02062026
TGF-beta Signaling,0.8275417596124196,0.2910420766961211,0.991726621927665,SLC20A1;SMAD3;CDH1;ACVR1;PMEPA1;CDKN1C;BMPR1A;IFNGR2;ID1;SMAD7;SMURF1;BMPR2;SMAD1,age_changes_gdT_Vd1_SOX4_02062026
Spermatogenesis,0.8603714108257992,0.27493673562179377,0.9697572142963732,GSTM3;HSPA1L;MAST2;ACRBP;PARP2;SPATA6;PHF7;JAM3;PCSK4;MLF1;IDE;GFI1;PRKAR2A;TKTL1;CDKN3;PSMG1;CNIH2;STAM2;AURKA;RAD17;SIRT1;CCT6B;PCSK1N;HSPA2;CLPB;NEFH;LDHC;MAP7;RPL39L;IFT88,age_changes_gdT_Vd1_SOX4_02062026
Reactive Oxygen Species Pathway,0.8764367816091954,-0.1106596005837241,-0.7197557102479525,CDKN2D;LAMTOR5;ATOX1,age_changes_gdT_Vd1_SOX4_02062026
Fatty Acid Metabolism,0.8861784688095813,0.26302404059365925,0.9706419000645604,ENO2;LGALS1;BLVRA;PCBD1;ACSL1;SLC22A5;TP53INP2;PPARA;ENO3;CRYZ;CBR1;ACSM3;CD36;REEP6;LTC4S;RETSAT;ODC1;IDI1;EHHADH;CD1D;ALDH3A2;CPT2;GPD2;ACSL5;S100A10;BPHL;CPOX;CBR3;SERINC1;ACOT2;ADIPOR2;G0S2;PTS;ECI1;NSDHL;FH;MCEE;ACOT8;DHCR24;ERP29;EPHX1;KMT5A;CCDC58;UGDH,age_changes_gdT_Vd1_SOX4_02062026
p53 Pathway,0.8953252134858617,0.255439313702486,0.9528530366239516,S100A4;ZBTB16;DDB2;CASP1;TOB1;ABAT;PMM1;RAB40C;CD82;TRIB3;POLH;BAIAP2;CTSF;RPS27L;EPS8L2;RNF19B;CCNG1;BTG1;AK1;MAPKAPK3;IFI30;RETSAT;PROCR;SLC19A2;FDXR;TAP1;FUCA1;NDRG1;PERP;NOTCH1;AEN;PLK2;S100A10;HMOX1;CGRRF1;VWA5A;COQ8A;RHBDF2;ELP1;CCP110;F2R;ATF3;ABHD4;UPP1;WWP1;ACVR1B;STOM;CSRNP2;PPM1D;CDKN1A;SEC61A1,age_changes_gdT_Vd1_SOX4_02062026
Myc Targets V1,0.9080459770114943,-0.23723736522859798,-1.0,RANBP1;PSMA4;TRIM28;PSMA2;LSM2;ACP1;SRM;PRPF31;TXNL4A;SNRPD1;PPM1G;ILF2;SET;PSMA7;PSMC6;DDX21;EIF4A1;PSMD8;SNRPD3;DUT;CYC1;CBX3;MCM7;HDDC2;RUVBL2;HNRNPD;GSPT1;SRSF3;RAD23B;SNRPB2;POLD2;TRA2B;CCT5;MRPL23;TUFM;C1QBP;AP3S1;PCNA;RPS10;RPS2;G3BP1;SMARCC1;PSMB2;APEX1;PSMD7;RPL6,age_changes_gdT_Vd1_SOX4_02062026
Oxidative Phosphorylation,0.9080459770114943,-0.18700016804183142,-1.0,SLC25A5;ATP5PO;COX6C;NDUFB8;ATP5F1C;ETFB;NDUFC2;NDUFB2;ATP5F1B;NDUFA2;CYB5A;ACAA1;SDHB;TIMM8B;NDUFS6;CYCS;IDH2;PDHB;CYC1;MRPS15;MRPS30;NDUFS4;ATP5MF;NDUFV1;TIMM17A;NDUFB1;NDUFA5;COX7A2;UQCRC2;ATP6V1D;HSD17B10;BAX;SLC25A11;MDH2;NNT;NDUFA6;ATP6V1H;ACADM;ECHS1;ATP6V1G1;ETFA;MRPL34;POLR2F;NDUFA9;TIMM13;ATP5PB;RHOT1;MRPL11;ATP5MG;COX7A2L;SDHC;NDUFS8;NDUFA3;MRPL15;IDH3G;NDUFA7;HADHB;ACADVL;AIFM1;COX6B1;ATP5MC3;VDAC2;TIMM9;SUCLA2;GPX4;SLC25A3;NDUFA1;COX7B;NDUFB7;ATP6V1F;ATP5PF;ATP5F1E;MRPS11;NDUFB3;LRPPRC;SDHD;UQCRQ;NDUFS2;FDX1;ISCA1;ATP6AP1;HTRA2;UQCRC1;NDUFB4;IDH3B;PMPCA;SUCLG1;PDHA1;NDUFB6;MDH1;GLUD1;AFG3L2;ATP5F1D;DLD;PHB2;ATP6V0C;SURF1;ABCB7;MPC1;NDUFA8;DECR1;ACO2;UQCR10;CPT1A;NDUFB5;PRDX3;SLC25A6;ATP6V0B;NDUFV2;NDUFS3;ATP5F1A;COX5A;BDH2;UQCRFS1;COX10;MTX2;ETFDH;COX5B;DLST;COX6A1;SLC25A20;BCKDHA;MRPS22;UQCR11;HSPA9;IDH3A;ATP6V1E1;VDAC1;OPA1;LDHA;POR;ECH1;ATP5PD;COX15;COX4I1;TOMM70;MRPL35;PDHX;MRPS12;GRPEL1;VDAC3;LDHB;IDH1;TIMM50;HADHA;GPI;NDUFS7;CS;COX11;ACAA2;COX7C;UQCRB;NDUFA4;SUPV3L1;ATP5ME;OXA1L;UQCRH;MTRR;HCCS;ALAS1;FXN;ACADSB;DLAT;OGDH;IMMT;TOMM22;CASP7;RHOT2;SDHA;OAT;SLC25A12;NQO2;ISCU;PDP1;ACAT1;NDUFAB1;NDUFS1;ATP5MC2,age_changes_gdT_Vd1_SOX4_02062026
DNA Repair,0.9980262627890115,0.13202480739614464,0.491414523639046,PDE4B;DDB2;ELL;POLH;TK2;POLA1;RFC2;CMPK2;RRM2B;AK1;SNAPC4;POLA2;RFC3;AGO4;COX17;POLD1;ZNF707;RAD52;TYMS;RFC5,age_changes_gdT_Vd1_SOX4_02062026
G2-M Checkpoint,1.0,0.18594224959992028,0.6973239323136334,MT2A;PTTG1;SLC7A5;CHAF1A;CDC7;MAP3K20;MARCKS;SMAD3;HIRA;SLC7A1;CCNF;CDKN1B;POLE;ORC6;CHEK1;INCENP;MCM2;SAP30;POLA2;BRCA2;ODC1;GINS2;SUV39H1;E2F1;UCK2;NDC80;TPX2;FANCC;CENPF;CUL1;RPS6KA5;NOTCH2;TRAIP;CDKN3;CCNA2;ORC5;RBL1;AURKA;NUSAP1;RACGAP1;CDKN2C;LMNB1;TENT4A;HMGB3;NUP98;MKI67;KMT5A;E2F3;TNPO2,age_changes_gdT_Vd1_SOX4_02062026
Glycolysis,1.0,0.18063674705249663,0.665991826370723,ENO2;BIK;SLC37A4;PAM;PLOD1;B4GALT1;GNE;NANP;SAP30;VCAN;SOD1;EXT1;HOMER1;GMPPB;QSOX1;P4HA1;SRD5A3;CAPN5;CHPF;TPST1;XYLT2;PAXIP1;GALE;HK2;PGAM1;TKTL1;AGL;SLC25A10;GNPDA1;PKM;ALDH7A1;EGLN3;GPC3;GYS1;RRAGD;GOT2;AURKA;TPI1;NSDHL;CLN6;EFNA3;B4GALT7;GALK1;GCLC,age_changes_gdT_Vd1_SOX4_02062026
Wnt-beta Catenin Signaling,1.0,-0.1530895534227017,-0.7850902107373183,TCF7;LEF1;NCOR2;MYC;HDAC2;TP53;CTNNB1;RBPJ;FRAT1;CSNK1E;NUMB;MAML1;ADAM17;AXIN1;DVL2;AXIN2;CCND2;SKP2;PSEN2;KAT2A;PTCH1;NKD1;HDAC11;DLL1;HDAC5;CUL1;NOTCH1;PPARD;NCSTN,age_changes_gdT_Vd1_SOX4_02062026
Hedgehog Signaling,1.0,0.3225586655770897,0.9030358075974586,ADGRG1;TLE1;NRCAM;CDK5R1;AMOT;PTCH1;NF1;ETS2;RASA1;MYH9;DPYSL2,age_changes_gdT_Vd1_SOX4_02062026
Adipogenesis,1.0,0.20163139801060767,0.7513108485405374,NKIRAS1;NABP1;DNAJB9;TOB1;CHCHD10;SLC19A1;DHRS7;CD36;ALDH2;CD302;REEP6;LTC4S;SULT1A1;CD151;PGM1;RETSAT;SOD1;SCARB1;GPAM;MGST3;DHCR7;PHYH;RAB34;FAH;ITSN1;CPT2;GPD2;ELOVL6;SLC27A1;COQ3;GPAT4;PLIN2;GPHN;COX8A;ABCA1;SLC25A10;SLC1A5;ADIPOR2;TST;STOM;LIPE;LPCAT3;MAP4K3;MCCC1;CDKN2C;PFKFB3;SQOR;PEX14;CHUK;DHRS7B;UBC;ATL2;CAVIN2;ELMOD3;NDUFAB1;IFNGR1;QDPR;GBE1;ESRRA;PEMT;REEP5;CRAT;IMMT;SSPN;ALDOA;DLAT;CMPK1;ACADS;RETN;SLC5A6;ACOX1;BCL6;AGPAT3;BAZ2A,age_changes_gdT_Vd1_SOX4_02062026
Mitotic Spindle,1.0,0.1660213165628735,0.6227813389249015,ACTN4;NET1;KIF1B;CEP72;MARCKS;ARHGAP10;ARHGEF11;MYH10;KIF3B;LLGL1;PCGF5;INCENP;ARHGAP5;BRCA2;CEP131;PKD2;KNTC1;ALS2;TBCD;MARK4;EPB41L2;DST;NDC80;ITSN1;FLNA;TPX2;FGD4;CENPF;KIF3C;FARP1;NOTCH2;CNTROB;VCL;RAPGEF5;ARHGEF12;KPTN;CENPJ;TUBGCP3;TUBD1;AURKA;NUSAP1;CLIP2;RACGAP1;KIFAP3;LMNB1;PXN;WASF1;ALMS1;FGD6;FSCN1;ECT2;TUBGCP5;MID1IP1;SHROOM1;ARFIP2;ARHGEF3;PLEKHG2;CENPE;TSC1;NF1;KIF11;CLASP1;TRIO;RHOT2;MYO1E;PRC1;BCL2L11;CDC42BPA;GEMIN4;SAC3D1;CEP250;ARHGDIA;KIF20B;FBXO5;BUB1;RABGAP1;GSN;TAOK2;TUBGCP6;ARHGAP27;KATNB1;RASA1;MYH9,age_changes_gdT_Vd1_SOX4_02062026
Myc Targets V2,1.0,0.21969953116098148,0.7680442458181137,SLC19A1;MAP3K6;UTP20;MCM4;SLC29A2;RRP12;PPRC1;IPO4;TMEM97;BYSL;HK2;RCL1;TCOF1,age_changes_gdT_Vd1_SOX4_02062026
mTORC1 Signaling,1.0,0.21143082657574766,0.804166914210775,BHLHE40;TBK1;LDLR;SLC7A5;SLC37A4;TRIB3;STARD4;POLR3G;PIK3R3;TUBG1;MCM4;CCNF;CCNG1;MTHFD2;LGMN;MCM2;FGL2;IFI30;PGM1;NFIL3;RPN1;SRD5A1;IDI1;FDXR;DHCR7;PSMC2;SLA;P4HA1;ACACA;CYP51A1;FADS1;SERPINH1;SLC2A3;ELOVL6;DAPP1;BCAT1;SCD;TMEM97;HK2;SLC6A6;SLC1A5;GGA2;PSMG1;ADIPOR2;SHMT2;ATP5MC1;EGLN3;PSAT1;CDKN1A;SQSTM1;ASNS;AURKA;TPI1;ATP2A2;GCLC;FADS2;DHCR24;GLA;HMBS;XBP1;ERO1A;ELOVL5;PSPH;QDPR;GBE1;CFP;PSME3;PDK1;SLC2A1;CD9;RRP9;NUP205;YKT6;IMMT;TES;ALDOA;CANX;LTA4H;NAMPT;SSR1;ACSL3;DHFR;FKBP2;HMGCR;BUB1;DDIT3;ABCF2;PRDX1;SORD;SKAP2;ETF1;RAB1A;GAPDH;M6PR;EIF2S2;DDIT4,age_changes_gdT_Vd1_SOX4_02062026
Pperoxisome,1.0,0.233734751057276,0.8389304808487829,SLC25A4;DHRS3;ABCD1;ACSL1;GSTK1;ABCB9;PABPC1;RETSAT;SOD1;IDI1;EHHADH;ABCD2;ATXN1;FADS1;ACSL5;IDE;PEX11A;NUDT19;DLG4;CDK7;SLC25A19;CLN6;SLC23A2;ACOT8;CNBP;TSPO;DHCR24;PEX14,age_changes_gdT_Vd1_SOX4_02062026
PI3K/AKT/mTOR  Signaling,1.0,0.18270815304468468,0.6603605598794268,PPP2R1B;TBK1;TRIB3;PIK3R3;CDKN1B;TRAF2;DUSP3;MKNK1;PLCB1;SLA;E2F1;ACACA;RPTOR;DAPP1;CAB39L;PRKAR2A;THEM4;NOD1;CDK2;CDKN1A;SQSTM1;PAK4,age_changes_gdT_Vd1_SOX4_02062026
Unfolded Protein Response,1.0,0.15588976208844768,0.5694111883728886,NABP1;DNAJB9;SLC7A5;BAG3;WIPI1;MTHFD2;FKBP14;IFIT1;PDIA5;XPOT;ZBTB17;EIF4EBP1;DNAJA4;SPCS1;HYOU1;ATF3;EXOSC9;PSAT1;POP4;ATF6;ASNS;WFS1;HERPUD1;DCP1A;ALDH18A1;EDC4;XBP1;TUBB2A;EIF4A2;CEBPB;ERN1;ERO1A;DCTN1;EEF2;EIF2AK3;NPM1;RRP9;EXOSC2;SSR1;GEMIN4;SRPRB;TATDN2;ARFGAP1;SHC1;SRPRA;NFYA;RPS14;DDIT4;NOP14;DNAJC3;PDIA6;CEBPG,age_changes_gdT_Vd1_SOX4_02062026
E2F Targets,1.0,0.2253628834967598,0.850032838256973,LYAR;PTTG1;HMGB2;EED;UBE2T;ASF1B;PRDX4;CENPM;BRMS1L;ATAD2;CHEK2;TUBG1;MCM4;CDKN1B;TIMELESS;POLE;ORC6;CHEK1;MTHFD2;RFC2;TCF19;MCM2;CCNE1;POLA2;RFC3;GINS3;BRCA1;BRCA2;POLD1;SUV39H1;WEE1;USP1;TIPIN;DSCC1;NUP153;GINS4;POLD3;RAD51AP1;WDR90;DONSON;MMS22L;CCP110;CDKN3;PSMC3IP;SPAG5;DCLRE1B;SHMT1;PPM1D;CDKN1A;ZW10;AURKA;RACGAP1;CDKN2C;LMNB1;RAD1;HMGB3,age_changes_gdT_Vd1_SOX4_02062026
heme Metabolism,1.0,0.2073159624940141,0.7691102327368795,BLVRA;ENDOD1;CAST;TENT5C;BLVRB;EPOR;CTSB;FN3K;ERMAP;SLC30A1;ELL2;BMP2K;ANK1;SIDT2;ACSL6;TRAK2;HEBP1;KAT2B;SNCA;ALDH6A1;HTATIP2;MGST3;CTNS;TSPAN5;SLC10A3;PPP2R5B;ATP6V0A1;CPOX;SYNJ1;NFE2L1;MBOAT2;RCL1;ABCG2;ARHGEF12;BTRC;ASNS;OPTN;SLC25A38;TRIM58;SLC25A37;HBB;PPOX;MKRN1;RNF123;GCLC;SMOX;AGPAT4;LMO2;HMBS;XPO7;PSMD9;KHNYN;MXI1;PC;MINPP1,age_changes_gdT_Vd1_SOX4_02062026
Protein Secretion,1.0,0.14297989628338786,0.5112034046296049,KRT18;PAM;KIF1B;VPS45;SEC24D;SOD1;DST;SGMS1;GALC;VAMP3;ABCA1;ZW10;IGF2R;ICA1;TPD52;SCAMP1;STX12;GLA;LMAN1;CD63;TMED2;STX7;SCRN1;RAB14;ATP7A;YKT6;SSPN;ARF1;ANP32E;VAMP7;RAB9A;CLTC;TMX1;YIPF6;LAMP2;M6PR;TMED10;SNAP23;USO1;NAPG;SCAMP3;CLN5;COG2;PPT1;GBF1;ATP1A1;GOLGA4;NAPA;MON2;ARFGAP3;ARFIP1;BET1;SEC31A;CTSC;STAM;AP3B1;AP1G1;VAMP4;DNM1L;RER1;RAB5A,age_changes_gdT_Vd1_SOX4_02062026
Epithelial Mesenchymal Transition,0.0,0.5295127032720305,1.9503687409209265,LGALS1;IGFBP3;VIM;ITGB1;SGCB;SAT1;AREG;IL15;ENO2;PLOD3;FAS;CADM1;FUCA1;FLNA;GLIPR1;NOTCH2;PLOD1;VCAN;TIMP1;QSOX1;COLGALT1;WIPF1;MAGEE1;TNFAIP3,age_changes_gdT_Vd2_GZMB_02062026
Coagulation,0.00048247024766806047,0.5443568039218364,1.8804798993969751,CTSH;CPQ;CLU;CFH;CSRP1;CAPN2;PECAM1;PRSS23;ISCU;TIMP1;RAC1;MAFF;FYN;DPP4;CFD;F8;USP11;SERPINA1;GSN;KLF7;LAMP2;LTA4H;APOA1;WDR1;CASP9;S100A13;F12;CTSB;F2RL2;GNB2;CTSK;SPARC;PREP,age_changes_gdT_Vd2_GZMB_02062026
Myogenesis,0.001286587327114828,0.49117401753252776,1.838794037642704,IGFBP3;ITGB1;GNAO1;NCAM1;CLU;PRNP;KIFC3;AGL;FKBP1B;PDE4DIP;SYNGR2;BHLHE40;FXYD1;FOXO4;TPM3;ACSL1;MEF2D;SORBS3;PFKM;LSP1;DAPK2;SVIL;RB1;SH2B1;CFD;MYH9;TSC2;ABLIM1;COL6A2;HDAC5;MYL6B;MEF2C;SPTAN1;ADAM12;SGCD;GSN,age_changes_gdT_Vd2_GZMB_02062026
Interferon Alpha Response,0.03750393948944217,-0.4135971110193033,-1.7042707213324497,ISG15;SELL;USP18;IRF9;NMI;LGALS3BP;LY6E;EPSTI1;PSME2;RTP4;IRF7;NCOA7;SAMD9;PLSCR1;PSMA3;SAMD9L;PARP14;IRF1;OAS1;RSAD2;IFI35;MX1;PSMB9;CMPK2;HLA-C;PNPT1;SLC25A28;PSMB8;PARP12;TAP1;PSME1;LAP3;GBP4;UBE2L6;B2M;BST2,age_changes_gdT_Vd2_GZMB_02062026
Apoptosis,0.1364425860405275,0.3772062020956369,1.44763161147859,TSPO;CD2;SAT1;F2R;HMGB2;CLU;ENO2;ISG20;BIRC3;FAS;EBP;LMNA;MADD;LGALS3;TIMP1;DPYD;ERBB2;CASP1;FEZ1;ETF1;PPT1;SOD2;PSEN1;IFITM3;CCND2;BCAP31;ROCK1;BAX;CDC25B;BTG3;SPTAN1;PEA15;HMOX1;GSN;DNM1L;CTNNB1;RHOT2;RELA;TGFBR3;FDXR;RETSAT;CD44;PRF1;SLC20A1;CDKN1B;CASP9;PDGFRB,age_changes_gdT_Vd2_GZMB_02062026
Myc Targets V1,0.14450047273873307,-0.3128931684201697,-1.4336094882223755,PSMA4;NOP56;PSMA2;SRSF3;PSMA7;NME1;PSMA1;EIF3B;HDGF;MYC;EIF3J;PRPF31;SRSF2;KPNA2;CCT5;RFC4;RANBP1;EEF1B2;RPS10;TRIM28;EIF3D;CAD;PHB;EIF4A1;POLD2;SRM;PSMC4;DDX21;SET;PSMD8;RPS5;HSP90AB1;APEX1;RACK1;HNRNPD;TXNL4A;PSMB2;C1QBP;COPS5;EXOSC7;TARDBP;LSM2;VBP1;HSPE1;SRSF7;FAM120A;HSPD1;RPS2;IFRD1;RPL6;CCT2;NDUFAB1;MCM7;AIMP2;SLC25A3;RPS6,age_changes_gdT_Vd2_GZMB_02062026
PI3K/AKT/mTOR  Signaling,0.15792100010505306,-0.3074629953815281,-1.2863046403077116,IL2RG;DDIT3;MAPK8;MKNK2;LCK;FASLG;GRK2;SMAD2;SLA;RPS6KA3;MAPK9;NCK1;CSNK2B;PTEN;AKT1;PFN1;CFL1;TRAF2;RALB;MAPKAP1;MAPK1;PRKAG1;ARPC3;TNFRSF1A,age_changes_gdT_Vd2_GZMB_02062026
Interferon Gamma Response,0.16788528206744407,-0.2893495530105503,-1.3021664996877023,ISG15;USP18;PSMA2;IRF9;NMI;LGALS3BP;IFNAR2;CASP4;LY6E;KLRK1;EPSTI1;PIM1;PSME2;RTP4;IRF7;GPR18;SAMHD1;GZMA;PLSCR1;PSMA3;ARL4A;TNFSF10;MX2;SAMD9L;PARP14;PTPN6;SLAMF7;DDX58;IRF1;CASP7;RSAD2;PSMB2;IL15RA;IFI35;IFIT1;MX1;PSMB9;CMPK2;NCOA3;PNPT1;SLC25A28;OAS3;XAF1;NFKB1;PSMB8;PARP12;TAP1;PNP;PSME1;RBCK1;CD69;LAP3;GBP4;HLA-A;UBE2L6;VAMP5;B2M;NFKBIA,age_changes_gdT_Vd2_GZMB_02062026
Fatty Acid Metabolism,0.16958829205532325,0.3810849852338471,1.4487902162851236,LGALS1;GLUL;ODC1;RAP1GDS1;ACSL4;ENO2;SUCLG2;DLST;GABARAPL1;ALAD;ACSL5;ACADVL;ERP29;ELOVL5;ACOX1;CPT1A;LTC4S;HSD17B11;ACSL1;ACSM3;BLVRA;SERINC1;SLC22A5;HSDL2;ETFDH;HMGCL;SMS;CCDC58;ALDOA;D2HGDH;KMT5A;HSD17B7;NBN;MIF;RETSAT;CBR3;CPT2;LDHA;DHCR24;S100A10;DLD;G0S2;ECI2;ACAT2;PCBD1;FH;ENO3,age_changes_gdT_Vd2_GZMB_02062026
TNF-alpha Signaling via NF-kB,0.17317995587771826,-0.29471447639216736,-1.3261161586962074,GADD45B;CCL4;TGIF1;IER2;CEBPD;SMAD3;MYC;TNFAIP8;GPR183;REL;IL23A;NFKBIE;GADD45A;IER5;DUSP5;CD83;BIRC2;KLF10;IRS2;ZBTB10;NR4A1;DDX58;SGK1;IER3;IRF1;NFKB2;IL15RA;KDM6B;JUN;DUSP2;KLF2;CCND1;SNN;NFE2L2;NFKB1;DENND5A;TAP1;EHD1;FOSB;NFAT5;CD69;SPHK1;JUNB;RCAN1;NFKBIA,age_changes_gdT_Vd2_GZMB_02062026
TGF-beta Signaling,0.19377035402878454,-0.37272240517549104,-1.3487827369803087,TGIF1;SMAD7;SMAD3;TRIM33;SKI;KLF10;TGFB1;NCOR2;FKBP1A;PPM1A;SMURF2,age_changes_gdT_Vd2_GZMB_02062026
Protein Secretion,0.20328079768414284,0.3838534111516897,1.3866369461250274,CD63;AP2B1;MON2;SGMS1;GALC;ADAM10;M6PR;AP3S1;ARFIP1;TMED10;RAB2A;VPS4B;AP3B1;ERGIC3;TPD52;PPT1;RAB14;TMED2;VAMP7;SCAMP3;STX12;DNM1L;TMX1;LAMP2;YIPF6;LMAN1,age_changes_gdT_Vd2_GZMB_02062026
UV Response Dn,0.22704482243202848,0.34096924904446113,1.2450804165270775,ANXA4;ANXA2;AKT3;INPP4B;NOTCH2;BHLHE40;SYNE1;BMPR1A;NR1D2;WDR37;ERBB2;PTPRM;INSIG1;FYN;ARHGEF9;GCNT1;PRDM2;SFMBT1;PDLIM5;ABCC1,age_changes_gdT_Vd2_GZMB_02062026
Pperoxisome,0.22756513348343518,0.34385041964996016,1.237354292118457,TSPO;ACSL4;PABPC1;CADM1;ACSL5;ELOVL5;ACOX1;ABCC5;VPS4B;HSD17B11;SIAH1;FADS1;ACSL1;GNPAT;SOD2;SCP2;EPHX2;HMGCL;SLC23A2;STS;CNBP;RETSAT;PEX13;MVP;DHCR24;PRDX1;ECI2;SLC35B2;ABCB9,age_changes_gdT_Vd2_GZMB_02062026
Hypoxia,0.2309716658381824,0.33738941574435966,1.297861617232875,IGFBP3;ANXA2;DDIT4;ENO2;ISG20;BCL2;BTG1;PFKP;ZNF292;IDS;BHLHE40;HK1;SLC37A4;PGM1;PNRC1;MAFF;GPI;ILVBL;TNFAIP3;TPD52;SLC25A1;TKTL1;NDRG1;MYH9;VHL;TPI1;ANKZF1;ALDOA;PLAUR;HMOX1;P4HA1;MXI1;KLF7;GALK1;MIF;WSB1;HSPA5;CDKN1B;PGM2;KLF6;SLC2A1;LDHA;PFKL;ATF3;FBP1,age_changes_gdT_Vd2_GZMB_02062026
p53 Pathway,0.23134448375683497,0.309548337920622,1.2210538156170576,DDIT4;RPS27L;CDKN2A;SAT1;F2R;CCNG1;CGRRF1;TOB1;AEN;ZNF365;FAS;DDB2;BTG1;FUCA1;ZMAT3;ISCU;CEBPA;PERP;CASP1;ABCC5;SP1;GM2A;PITPNC1;NDRG1;KIF13B;RB1;CYFIP2;CCND2;TPRKB;SERTAD3;DCXR;MDM2;RAB40C;BAX;POLH;CD82;ELP1;APAF1;MXD1;HMOX1;SEC61A1,age_changes_gdT_Vd2_GZMB_02062026
Mitotic Spindle,0.23448054036667737,0.32162096181959055,1.274870063802046,PALLD;PCGF5;TUBA4A;FLNA;NOTCH2;NF1;CLASP1;ARHGAP5;KIFAP3;ARHGDIA;MAP1S;LLGL1;SSH2;SUN2;ABR;WASF2;CDC27;MYH9;PDLIM5;ARHGAP10;CDK5RAP2;ROCK1;RABGAP1;LATS1;KLC1;KIF22;TUBGCP6;TUBGCP5;APC;HOOK3;LRPPRC;KATNA1;TLK1;PXN;SPTAN1;RACGAP1;GSN;KIF20B;KIF3C;RHOT2;CKAP5;DYNC1H1;CEP72;CD2AP;TIAM1;PAFAH1B1;TBCD;ABI1;PCNT;STAU1;CEP57;AURKA;CNTROB;MAPRE1;CLIP1;EPB41L2;NUMA1;SMC3;MARCKS;RFC1;ITSN1;ECT2;ARFIP2;ARHGEF7;EPB41,age_changes_gdT_Vd2_GZMB_02062026
Glycolysis,0.2357349630106143,0.3335170869125258,1.3073628787977438,IGFBP3;DDIT4;B3GAT1;ENO2;GOT2;ISG20;GFPT1;PKM;AGL;AK3;PFKP;ZNF292;PLOD1;PHKA2;GUSB;VCAN;ECD;SLC37A4;QSOX1;ARPP19;B3GAT3;TKTL1;HOMER1;TPI1;TXN;ANKZF1;SLC25A13;EXT2;ALDOA;BPNT1;P4HA1;MXI1;GMPPA;GALK1;B4GALT1;MIF,age_changes_gdT_Vd2_GZMB_02062026
Estrogen Response Early,0.23581307724118916,0.31762600248799866,1.2116029329306344,AREG;TOB1;BCL2;IL6ST;SLC7A5;NADSYN1;BHLHE40;PRSS23;JAK2;SLC1A4;ELOVL5;DYNLT3;BLVRB;SLC39A6;RHOBTB3;MYBBP1A;ABHD2;SVIL;AFF1;INPP5F;SLC22A5;ABLIM1;TJP3;DHCR7;SYNGR1;ZNF185;ENDOD1;B4GALT1;PPIF;CD44;ADD3;TIAM1;SLC2A1;AQP3;SLC9A3R1;RRP12;RBBP8;MED24;IGFBP4;CHPT1;ADCY9;FKBP5,age_changes_gdT_Vd2_GZMB_02062026
Complement,0.23779752331939533,0.3208570726637322,1.247188787884461,CTSH;CPQ;GZMB;CLU;CFH;ANXA5;CSRP1;S100A9;LIPA;LGALS3;S100A12;PRDM4;CTSS;JAK2;VCPIP1;TIMP1;CBLB;CASP1;MAFF;TNFAIP3;FYN;ATOX1;PSEN1;DPP4;DGKH;KYNU;FCN1;F8;SPOCK2;PLAUR;LYN;CD46;GRB2;SERPINA1;CALM3;GCA;LAMP2;LTA4H;L3MBTL4;PRKCD;CEBPB;USP16;CDA;CD59;HSPA5;CASP9;RCE1;GNG2;USP15,age_changes_gdT_Vd2_GZMB_02062026
mTORC1 Signaling,0.2382116436153104,0.31501442301857374,1.2557343598304005,SKAP2;FGL2;DDIT4;CCNG1;UCHL5;EBP;TUBA4A;SLC7A5;M6PR;BHLHE40;SLC37A4;PGM1;SLC1A4;ELOVL5;GPI;FADS1;RPN1;UFM1;INSIG1;ETF1;PSME3;ACLY;TPI1;RRP9;ACSL3;DHCR7;TFRC;UNG;PSMC2;EDEM1;SYTL2;TCEA1;ALDOA;SERP1;HSP90B1;P4HA1;PSMD12;FADS2;SHMT2;STARD4;MTHFD2;LTA4H;CYP51A1;FDXR;MCM4;ACACA;ADD3;HSPA5;TRIB3;ACTR2;SLC2A1;LDHA;PFKL;DDX39A;DHCR24;PRDX1;NUP205;SLC9A3R1;AURKA;PPIA;TMEM97;ACTR3;NFKBIB;PSAT1,age_changes_gdT_Vd2_GZMB_02062026
IL-2/STAT5 Signaling,0.23950838821079717,0.31252488708269577,1.2238644292482699,ANXA4;FGL2;ODC1;PLEC;SERPINB6;PRNP;BCL2;CDC42SE2;AHNAK;GABARAPL1;RABGAP1L;PLPP1;SYNGR2;BHLHE40;TNFRSF1B;PTGER2;IL10RA;TWSG1;BATF;EOMES;MAFF;HIPK2;SYT11;TNFRSF18;NDRG1;CTLA4;TRAF1;PRKCH;IFITM3;CCND2;IL4R;MAP3K8;LCLAT1;UCK2;AGER;PHLDA1;MXD1;P4HA1;GPR65;CYFIP1;POU2F1;AHCY;NOP2;ITGAV;CST7;PTRH2;TNFRSF4;CD44;FAH,age_changes_gdT_Vd2_GZMB_02062026
Hedgehog Signaling,0.2419368987397292,0.4541283564934153,1.201603032833342,NF1;MYH9;CDK6;ADGRG1;TLE3,age_changes_gdT_Vd2_GZMB_02062026
KRAS Signaling Dn,0.24661203907973528,-0.29992496887063036,-1.2043218298881704,ZBTB16;LFNG;PDCD1;PDE6B;SPHK2;SGK1;CHST2;RSAD2;CCDC106;MX1;SNN;TFCP2L1,age_changes_gdT_Vd2_GZMB_02062026
heme Metabolism,0.24750723705371502,0.32448111670636637,1.2595547372983944,MGST3;CAST;DCAF11;ADIPOR1;RNF19A;ALAD;ELL2;FBXO7;BPGM;HEBP1;BLVRB;NUDT4;ARL2BP;ERMAP;EIF2AK1;LRP10;BLVRA;SEC14L1;CDC27;CIR1;FOXJ2;NARF;PICALM;YPEL5;RIOK3;KHNYN;TENT5C;TFRC;NFE2L1;ACSL6;SLC10A3;PPOX;TCEA1;SIDT2;MXI1;FBXO9;ENDOD1;MARK3;LAMP2;HTRA2;ISCA1;SLC2A1;USP15;PIGQ;NCOA4;AQP3,age_changes_gdT_Vd2_GZMB_02062026
Allograft Rejection,0.2496783531682213,0.32799405573596024,1.2773719223763382,CD2;HLA-DQA1;CD4;HLA-DRA;CDKN2A;RIPK2;F2R;GZMB;HLA-DMA;NCF4;IL15;CRTAM;FAS;TLR3;CD74;NCR1;FLNA;CTSS;CD8B;FCGR2B;PRKCB;SPI1;JAK2;TIMP1;ABCE1;CD8A;MAP3K7;IFNGR2;TPD52;STAT4;CD40;GCNT1;CCND2;IL4R;MTIF2;ST8SIA4;DEGS1;CD96;HIF1A;EIF5A;ACVR2A;IGSF6;LYN;TAPBP;GPR65;ITGAL;ITK;MAP4K1,age_changes_gdT_Vd2_GZMB_02062026
Apical Surface,0.2526000630318311,-0.3641404287426525,-1.1796185301842474,IL2RG;CD160;APP;SULF2,age_changes_gdT_Vd2_GZMB_02062026
Myc Targets V2,0.25787022446335395,-0.30960952656628055,-1.1614678558151876,PPAN;NOP56;MYC;SORD;PHB;SRM;WDR43;MRTO4;DUSP2;BYSL;PUS1;HSPE1;RCL1;HSPD1;AIMP2;NOP16;EXOSC5;WDR74;NOC4L;IPO4,age_changes_gdT_Vd2_GZMB_02062026
Estrogen Response Late,0.2607483649619385,0.34047305274512785,1.3077224474317206,AREG;TOB1;ISG20;BCL2;S100A9;IL6ST;SLC7A5;METTL3;PRSS23;LSR;JAK2;SLC1A4;ELOVL5;DYNLT3;BLVRB;BATF;PERP;ABHD2;AFF1;CACNA2D2;SLC22A5;DCXR;TJP3;DHCR7;BTG3;TST;SERPINA1,age_changes_gdT_Vd2_GZMB_02062026
KRAS Signaling Up,0.28441621100032166,0.34513244420096656,1.3118786604263213,IGFBP3;PRDM1;CDADC1;CFH;BIRC3;PECAM1;FUCA1;RABGAP1L;NAP1L2;PCSK1N;CTSS;TNFRSF1B;LAT2;IL10RA;BPGM;TMEM176B;CMKLR1;TNFAIP3;LCP1;TRAF1;ADAM8;CCND2;ENG;CAB39L;F13A1;MTMR10;PLAUR;KCNN4,age_changes_gdT_Vd2_GZMB_02062026
Oxidative Phosphorylation,0.2867948313898519,-0.2414513985744752,-1.1120853648868902,ATP5PO;NDUFC2;FXN;NDUFB8;TIMM13;COX11;NDUFB3;SLC25A6;NDUFA7;ECH1;SUCLG1;BDH2;TIMM8B;LDHB;ATP5F1C;SLC25A20;MDH1;IDH1;CASP7;COX6B1;NDUFA2;NDUFB1;UQCRB;NDUFS2;ATP6V1F;SLC25A11;HSD17B10;ALAS1;IDH3G;MRPL34;NDUFB4;CYCS;UQCRQ;TIMM9;ATP6V1C1;MRPS12;CYB5A;ACADM;ACAT1;NDUFB5;SDHB;IDH3B;ATP5MG;UQCRC2;NDUFAB1;SDHD;COX7C;SLC25A3;ATP5F1E,age_changes_gdT_Vd2_GZMB_02062026
Wnt-beta Catenin Signaling,0.28822880554680114,-0.3366608447468932,-1.1264296689216577,TP53;TCF7;MYC;CSNK1E;NCOR2,age_changes_gdT_Vd2_GZMB_02062026
Cholesterol Homeostasis,0.3159490879014842,0.386127099743463,1.315317714385935,CLU;ANXA5;EBP;LGALS3;LSS;GUSB;ETHE1;PNRC1;ANTXR2;ABCA2;DHCR7;MVD;PLAUR;FADS2;STARD4;MVK;HSD17B7;CTNNB1;CYP51A1;TRIB3;ATF5;ATF3;SREBF2;ACSS2;PMVK;TMEM97;ACAT2,age_changes_gdT_Vd2_GZMB_02062026
Xenobiotic Metabolism,0.3509027088257094,0.29861074978970487,1.1390014644864346,PTGDS;CES1;FAS;GABARAPL1;ELOVL5;ACOX1;BLVRB;DHRS7;TMEM176B;ARPP19;MAN1A1;PPARD;HACL1;TMBIM6;CYFIP2;PDLIM5;KYNU;DCXR;ASL;ETFDH;ENTPD5;PEMT;HMOX1;SHMT2;CROT;NDRG2;AHCY;CDA;RETSAT;FAH;AP4B1,age_changes_gdT_Vd2_GZMB_02062026
Androgen Response,0.3655918301704728,0.31272373869940345,1.1246017998812121,SAT1;INPP4B;UBE2J1;CDC14B;PLPP1;ELL2;ELOVL5;MAF;FADS1;TPD52;INSIG1;ABHD2;NDRG1;ADAMTS1;PIAS1;PDLIM5;ADRM1;ACSL3;CDK6;SMS;CENPN;B4GALT1;ITGAV;LMAN1;TMEM50A;NCOA4;DHCR24;UAP1;RRP12,age_changes_gdT_Vd2_GZMB_02062026
IL-6/JAK/STAT3 Signaling,0.36979987393633784,-0.2727164835662008,-1.05929621754127,IL2RG;LTB;IRF9;PIM1;TGFB1;IRF1;CBL;IL15RA;JUN,age_changes_gdT_Vd2_GZMB_02062026
Apical Junction,0.37130910260533934,0.29581169751853065,1.1147444677582947,CTNNA1;SKAP2;ITGB1;AKT3;PECAM1;MAP4K2;NF1;SHC1;EXOC4;VCAN;ZYX;SGCE;SORBS3;INSIG1;TRAF1;MYH9;AMIGO2;MVD;ATP1A3;NF2;MPP5;B4GALT1;MSN;SYMPK;CAP1;ITGA3;MYL9;NECTIN3;CERCAM;EPB41L2;FYB1;MPZL1;SIRPA;VCAM1,age_changes_gdT_Vd2_GZMB_02062026
Inflammatory Response,0.4125862879481406,0.28365837710554376,1.0890488585647267,PROK2;CD70;NMUR1;RIPK2;IL15;BEST1;CYBB;TLR3;TNFRSF1B;PTGER2;IL10RA;TIMP1;SLC4A4;CMKLR1;IFNGR2;CD40;PSEN1;IL4R;IFITM1;ADRM1;C5AR1;HIF1A;OSM;CD82;KCNA3;ACVR2A;PLAUR;CXCL8;LYN;MXD1;TAPBP;CSF3R;GABBR1;PTPRE;RELA;GPR132;KLF6;ABI1;SRI;CD55;MEFV;FPR1;IL18R1;SLAMF1;AHR;TLR1;SELENOS;ITGA5;NOD2;LCP2;PTAFR;PDE4B,age_changes_gdT_Vd2_GZMB_02062026
Adipogenesis,0.46720989242700406,0.27091924369984477,1.0591464445340202,NDUFB7;MGST3;CDKN2C;TOB1;RNF11;SLC5A6;RAB34;CD151;GPAT4;CD302;PGM1;COX8A;ACOX1;DHRS7;APLP2;LTC4S;YWHAG;SLC25A1;ACLY;G3BP2;RIOK3;SCP2;EPHX2;DHCR7;SAMM50;PEMT;ALDOA;TST;COQ9;BCKDHA;PREB;PHYH;BAZ2A;RETSAT;CHUK;FAH;UBC;GPHN;TKT;CPT2,age_changes_gdT_Vd2_GZMB_02062026
E2F Targets,0.4979878300080002,-0.21831076907444685,-0.9965818223927685,NOP56;SMC4;CKS1B;NASP;TP53;NME1;LYAR;EZH2;MYC;CKS2;SRSF2;RPA2;KPNA2;SNRPB;RANBP1;TACC3;DCK,age_changes_gdT_Vd2_GZMB_02062026
Reactive Oxygen Species Pathway,0.5017690575747829,0.3191743170463224,1.0374752914760959,PDLIM1;PRNP;PFKP;LSP1;SCAF4;SOD2;ATOX1;ABCC1;TXN,age_changes_gdT_Vd2_GZMB_02062026
Bile Acid Metabolism,0.5019298809906722,0.2881842649116926,1.0228170814867097,NR3C2;ACSL5;HSD17B11;FADS1;ACSL1;PFKM;GNPAT;HACL1;ABCA2;SCP2;NEDD4;EPHX2;PAOX;SLC23A2;FADS2;CROT;PHYH;APOA1;FDXR;RETSAT;PEX13;DHCR24;PEX11G;PEX26;SLC35B2;SLC29A1,age_changes_gdT_Vd2_GZMB_02062026
Unfolded Protein Response,0.5131819744678963,0.27495192637857907,1.0252953816604387,DDIT4;HERPUD1;SLC7A5;EXOC2;EIF4EBP1;SHC1;EXOSC10;XPOT;MTREX;SLC1A4;EEF2;YWHAZ;CNOT6;PARN;DCTN1;SRPRA;RRP9;POP4;EDC4;EDEM1;SPCS1;SERP1;HSP90B1;MTHFD2;PREB,age_changes_gdT_Vd2_GZMB_02062026
DNA Repair,0.606107139522095,0.253895165448554,0.9719789217644459,STX3;SUPT5H;DDB2;AK3;EIF1B;NELFCD;VPS28;SF3A3;TAF9;LIG1;POLR2I;DDB1;REV3L;POLR3GL;BCAP31;ADRM1;DUT;NELFE;TMED2;TK2;USP11;POLH;NT5C3A;TAF6;POLR3C;SEC61A1;GUK1;GTF2B;NT5C;RFC2;ELL;GMPR2;NFX1;RRM2B;SSRP1;MPG;CDA;NME4;POLE4;POLR2F,age_changes_gdT_Vd2_GZMB_02062026
UV Response Up,0.6484701672563525,0.24774455496618944,0.9461074458692171,ENO2;IL6ST;BTG1;TUBA4A;EIF2S3;GRINA;CYB5R1;RPN1;RAB27A;PPT1;HSPA13;SOD2;TMBIM6;SELENOW;TGFBRAP1;PRPF3;TFRC;BTG3;ALDOA;NUP58;LYN;PPP1R2;TST;HMOX1,age_changes_gdT_Vd2_GZMB_02062026
Pancreas Beta Cells,0.7805491388637095,0.3634800305804088,0.8798917394696466,AKT3;DPP4;SPCS1,age_changes_gdT_Vd2_GZMB_02062026
G2-M Checkpoint,0.8450121766300602,0.2072627127847647,0.8233960264915581,ODC1;FOXN3;CDKN2C;PTTG1;DBF4;RBL1;SLC7A5;NOTCH2;EFNA5;CUL5;NUP98;PURA;CDC27;MCM6;CHAF1A;XPO1;UCK2;KIF22;KPNB1;HIF1A;CDC25B;ODF2;KATNA1;SLC38A1;DR1;UPF1;RACGAP1;CCNT1;SS18;KMT5A;TLE3;KIF20B,age_changes_gdT_Vd2_GZMB_02062026
Notch Signaling,0.8524397858210508,0.31294293599156936,0.8329338386199467,NOTCH2;APH1A;PPARD;SKP1;FBXW11;MAML2;KAT2A;ARRB1;CUL1,age_changes_gdT_Vd2_GZMB_02062026
Angiogenesis,0.8545540497951466,-0.3050906391521806,-0.8292075600918157,FGFR1;APP,age_changes_gdT_Vd2_GZMB_02062026
Spermatogenesis,0.9635466923984132,0.20197099839509844,0.7001693966258685,DBF4;PCSK1N;MLF1;PRKAR2A;MLLT10;TKTL1;CAMK4;PHF7,age_changes_gdT_Vd2_GZMB_02062026
Epithelial Mesenchymal Transition,0.0,0.5245184757437753,2.0072069060834288,LGALS1;IGFBP3;VIM;TIMP1;AREG;ENO2;IL15;FAS;CAPG;ACTA2;SAT1;VCAN;WIPF1;CD44;CADM1;FLNA;SGCB;MAGEE1;PLAUR;NOTCH2;TGFBI;TNFAIP3;VCAM1,age_changes_gdT_Vd2_GZMK_02062026
Coagulation,0.0,0.5579968019876989,2.0261329589472568,CLU;CFH;TIMP1;CAPN2;F8;CRIP2;CPQ;ISCU;CSRP1;SERPINA1;PECAM1;FYN;LTA4H;WDR1;CTSH;CTSO;F12,age_changes_gdT_Vd2_GZMK_02062026
Apoptosis,0.011438576014006422,0.43056125238642623,1.7157225257722308,TSPO;CD2;CLU;F2R;TIMP1;LGALS3;HMGB2;ENO2;FAS;BIRC3;SAT1;ISG20;LMNA;CD44;PDCD4;SOD2;RETSAT;TXNIP;BNIP3L;DNM1L;MADD;GPX4;IFITM3;CDKN1B;BTG3;CDKN1A;CYLD;CDC25B;PPT1;HSPB1;PEA15;PSEN2;GNA15;RNASEL;CASP1;DPYD;CASP9;SQSTM1;RHOT2;ETF1,age_changes_gdT_Vd2_GZMK_02062026
Interferon Alpha Response,0.02432172016836554,-0.4422074455225396,-1.5792334560486971,SELL;ISG15;IRF7;PSME2;IRF9;EPSTI1;UBE2L6;USP18;SAMD9L;PLSCR1;OAS1;NMI;CMPK2;IFI35;MX1;SP110;SLC25A28;LGALS3BP;PARP12;GBP2;SAMD9;IRF1;PSMB8;PROCR;IRF2;PARP9;PARP14;LY6E;DDX60;PSMA3;NCOA7;CCRL2,age_changes_gdT_Vd2_GZMK_02062026
Oxidative Phosphorylation,0.024600638977635782,-0.39887292336548447,-1.5534859638177205,TIMM13;FXN;ECH1;NDUFB8;COX7A2L;TIMM8B;ATP5PO;NDUFB3;ATP5F1C;NDUFC2;BDH2;ACAA2;SLC25A11;NDUFA7;MRPL15;PDHB;VDAC1;NDUFB5;ATP6V1F;UQCRC2;ATP5MF;CYB5A;NDUFA8;HSD17B10;NDUFS2;SLC25A3;MRPS12;PMPCA;ATP5ME;SLC25A6;NDUFA9;LDHB;SLC25A5;IDH3B;MRPS11;ETFB;COX7B;ACADM;SLC25A20;ATP5F1B;NDUFA2;MDH1;NDUFS6;NDUFB7;HCCS;PHB2;SDHD;ATP6V0B;CYCS;MTX2;SUCLG1;ECI1;ACAA1;VDAC3;ATP6V1C1;FH;SURF1;POR;ATP5F1A;TIMM9;SLC25A4;RHOT1;ATP5PF;COX11;NDUFB6;UQCRH;NDUFS8;PHYH;ATP6V1D;ACAT1;MRPL35;NDUFS1;NDUFB1;NDUFA6;CYC1;COX6A1;MRPS15,age_changes_gdT_Vd2_GZMK_02062026
Myc Targets V2,0.0364825802525483,-0.4831757312050469,-1.579372073722957,PPAN;NOP56;DCTPP1;MYC;IPO4;SRM;TMEM97;GNL3;AIMP2;NIP7;BYSL;PHB;SLC19A1;EXOSC5;TBRG4;FARSA;MRTO4;NOP16,age_changes_gdT_Vd2_GZMK_02062026
Myc Targets V1,0.046188954815152894,-0.41936312562951517,-1.622727766948115,PSMA4;TRIM28;NME1;NOP56;PSMA7;MYC;PSMA2;SRSF3;EIF3J;MCM7;SET;CCT2;EIF3B;SNRPB2;TXNL4A;POLD2;SRM;SERBP1;CCT5;VDAC1;PSMC6;EXOSC7;UBE2E1;SLC25A3;EIF4A1;PSMC4;POLE3;PCNA;PCBP1;CCT3;PSMD8;LSM2;HDGF;PSMA1;FAM120A;SSBP1;GNL3;PPM1G;AIMP2;NCBP2;XPO1;YWHAE;HSP90AB1;PHB2;APEX1;HNRNPD;EIF3D;PHB;HNRNPA2B1;SNRPG;DDX21;CCT4;C1QBP;RANBP1;CTPS1;EIF2S2;VDAC3;IMPDH2;RPS10;PSMB2;NHP2;MCM2;EIF2S1;HNRNPR;NOP16;RACK1;CDK2;DHX15;SMARCC1;CYC1;PRPF31;EEF1B2;ABCE1;MRPL23;DEK;SSB;HPRT1,age_changes_gdT_Vd2_GZMK_02062026
Allograft Rejection,0.04738838634374088,0.3729992058570697,1.558992667190362,CD8B;CD2;F2R;CD8A;CDKN2A;HLA-DQA1;TIMP1;HLA-DMA;CD4;NCF4;IL15;HLA-DRA;FAS;CAPG;RIPK2;CTSS;IL4R;CD74;MAP4K1;FLNA;CRTAM;CD40;HIF1A;KLRD1;ITK;MAP3K7;SOCS5;GZMB;SPI1;APBB1;FYB1;HCLS1;IFNG;IRF4;TLR1;STAT1;TPD52;ITGAL;CD3E,age_changes_gdT_Vd2_GZMK_02062026
KRAS Signaling Up,0.05229063320688648,0.3777720162236875,1.5287114685548202,IGFBP3;CFH;PRDM1;NAP1L2;PCSK1N;BIRC3;CTSS;RABGAP1L;IL10RA;LAT2;MAP4K1;TRAF1;TNFRSF1B;PECAM1;CD37;KCNN4;PLAUR;NIN;TNFAIP3;CAB39L;ID2;ZNF639;LY96;HKDC1;F13A1;LCP1,age_changes_gdT_Vd2_GZMK_02062026
Angiogenesis,0.05322439451415232,0.5895568250861344,1.4852901203985809,TIMP1;VCAN;LRPAP1,age_changes_gdT_Vd2_GZMK_02062026
Myogenesis,0.054741756638459295,0.37016973731314595,1.4650594539330934,IGFBP3;CLU;GNAO1;SORBS3;DAPK2;NCAM1;FXYD1;TPM3;RB1;PTP4A3;MYO1C;FHL1;MEF2C;LSP1;KIFC3;MYH9;CDKN1A;IGFBP7;PSEN2;RIT1;PDE4DIP;SVIL;BHLHE40;SYNGR2;AGL;ITGB1,age_changes_gdT_Vd2_GZMK_02062026
Complement,0.05773757416593717,0.3645123713579996,1.4928136347456729,CLU;CFH;TIMP1;LGALS3;S100A9;CBLB;F8;CPQ;ANXA5;CTSS;GCA;CSRP1;CALM3;VCPIP1;FCN1;SERPINA1;S100A12;FYN;GZMK;CDA;LIPA;RBSN;PLAUR;GMFB;TNFAIP3;LTA4H;PRCP;CTSH;GZMB;CTSO;CD55;ME1;WAS;PRKCD;CASP1;MAFF;KYNU;PRDM4;CASP9;L3MBTL4;ZEB1;CCL5;LAMP2;HSPA5;DUSP5;DOCK10;CEBPB;XPNPEP1;GRB2;LCP2,age_changes_gdT_Vd2_GZMK_02062026
IL-2/STAT5 Signaling,0.1162014071264144,0.3231306016527206,1.3566114789243062,GABARAPL1;CAPG;FGL2;MAP3K8;NFKBIZ;PTGER2;AHNAK;CDC42SE2;RABGAP1L;IL10RA;IL4R;TRAF1;CD44;BCL2;SYT11;SERPINB6;TNFRSF1B;COL6A1;PLEC;TWSG1;TNFRSF18;TNFRSF4;MYO1C;TNFRSF9;GPX4;HUWE1;PHLDA1;LRRC8C;IFITM3;ODC1;IRF4;KLF6;SNX9;PRKCH;PLPP1;PHTF2;IL2RA;PLIN2;BHLHE40;SLC39A8;SYNGR2;IL18R1;MAFF;EOMES;CKAP4;RNH1;AHR;BATF3;AGER,age_changes_gdT_Vd2_GZMK_02062026
TGF-beta Signaling,0.12263502205994219,-0.43340861359228094,-1.390007837386528,SMURF2;SMAD7;TRIM33;PPM1A;ID3;TGFB1;TGFBR1;NOG;TGIF1;FURIN;SPTBN1;FNTA;SLC20A1;ACVR1;THBS1;CDK9;ID1;PPP1CA,age_changes_gdT_Vd2_GZMK_02062026
PI3K/AKT/mTOR  Signaling,0.12484405902936255,-0.38892066229695277,-1.3677121920495419,IL2RG;MKNK1;MKNK2;FASLG;MAPK1;MAP2K6;LCK;AKT1;RPS6KA3;HRAS;PTEN;CSNK2B;GRK2;TIAM1;CAB39;NFKBIB;ARPC3;PIN1;DDIT3;PDK1;PRKAG1;SLA;NCK1;PLCB1;AKT1S1;TNFRSF1A;MAP2K3;MAPK9;MAPK8;ACTR3,age_changes_gdT_Vd2_GZMK_02062026
Wnt-beta Catenin Signaling,0.12546564951859338,-0.45066065222766133,-1.3484927410588563,TP53;MYC;TCF7;RBPJ;CSNK1E;AXIN1;FRAT1,age_changes_gdT_Vd2_GZMK_02062026
TNF-alpha Signaling via NF-kB,0.12941931718704405,0.318387101349847,1.3276725587119054,MSC;AREG;BCL2A1;MAP3K8;BIRC3;SAT1;RIPK2;TANK;PER1;PDE4B;TRAF1;CD44;LITAF;BTG1;SERPINB8;SOD2;CLCF1;TNFRSF9;PLAUR;PANX1;PNRC1;TNFAIP3;TIPARP;PHLDA1;DRAM1;TUBB2A;PTGER4;BTG3;CDKN1A;KLF6;DUSP2;RELB;ID2;TNFAIP2;DDX58;PDLIM5;BHLHE40;MAFF;KYNU;IL15RA;CCL5;SQSTM1;KLF9;TNIP1,age_changes_gdT_Vd2_GZMK_02062026
p53 Pathway,0.2280089485458613,0.2873535685384664,1.1980884568117791,F2R;CDKN2A;CCNG1;DDB2;RPS27L;FAS;CGRRF1;SAT1;ISCU;TOB1;AEN;S100A10;CD82;PVT1;BTG1;PERP;DDIT4;PITPNC1;RB1;RETSAT;TXNIP;CCNK;TSPYL2;SEC61A1;NUDT15;DRAM1;PLK3;CEBPA;KIF13B;CDKN1A;UPP1;GM2A;PMM1;ZMAT3;DGKA;CASP1;PPM1D;MAPKAPK3;WWP1;CYFIP2;ACVR1B;ANKRA2;FAM162A;RPL36;RAD51C;FDXR;ZNF365;POLH;SP1,age_changes_gdT_Vd2_GZMK_02062026
Protein Secretion,0.2430113802159323,0.32314649852967725,1.198833336919901,AP2B1;TMED2;ARFIP1;VAMP7;TMED10;ATP1A1;VAMP3;SNX2;SEC31A;DNM1L;SNAP23;SEC24D;MON2;CD63;RAB9A;TPD52;COG2;PPT1;RAB5A;NAPA;KIF1B;AP3B1;LAMP2;ERGIC3;ATP6V1H;USO1;KRT18;GBF1;SOD1,age_changes_gdT_Vd2_GZMK_02062026
heme Metabolism,0.24498664451976387,0.2960214012668888,1.2071712756864206,ACSL6;CAST;SEC14L1;CIR1;ENDOD1;MKRN1;ISCA1;RNF19A;DMTN;FBXO7;ARL2BP;BNIP3L;TENT5C;MGST3;ALAD;MXI1;GDE1;NUDT4;OPTN;HTATIP2;TRAK2;ALDH6A1;SDCBP;ADIPOR1;RIOK3;BACH1;PICALM;VEZF1;TSPAN5;FECH;LAMP2;KHNYN;TMEM9B;SIDT2;LRP10;TFRC;MPP1;ELL2;ASNS,age_changes_gdT_Vd2_GZMK_02062026
Fatty Acid Metabolism,0.2540997957397141,0.29802786973393725,1.1727999085192535,LGALS1;GLUL;ENO2;GABARAPL1;LTC4S;ACSL4;S100A10;RAP1GDS1;SERINC1;RETSAT;HSDL2;SUCLG2;ALAD;PTS;ALDOA;ODC1;MIF;ELOVL5;ME1;SDHA;CBR3;PCBD1;GRHPR;ERP29;LDHA;ACSL5,age_changes_gdT_Vd2_GZMK_02062026
Inflammatory Response,0.2629510747981714,0.29601815049753344,1.2086707087174355,TIMP1;CD70;IL15;RIPK2;PTGER2;GPR132;IL10RA;IL4R;PDE4B;CD82;CD40;TNFRSF1B;HIF1A;BEST1;PROK2;C5AR1;FPR1;TNFRSF9;PLAUR;PTGER4;KCNA3;IFITM1;SLC4A4;CD55;TLR1;CDKN1A;KLF6;CYBB;GNA15;IL18R1;CXCL8;TAPBP;KIF1B;IL15RA;CCL5;ACVR1B;AHR,age_changes_gdT_Vd2_GZMK_02062026
Estrogen Response Late,0.27155476563121733,0.30207423647706083,1.2171674106476413,LSR;AREG;S100A9;TJP3;TOB1;ISG20;ABHD2;CD44;BCL2;PDCD4;PERP;FKBP5;DYNLT3;SERPINA1;SLC7A5,age_changes_gdT_Vd2_GZMK_02062026
Hypoxia,0.28387640631585775,0.28048723012951593,1.1402611498571917,IGFBP3;ENO2;IDS;ISG20;BCL2;BTG1;DDIT4;BNIP3L;PLAUR;PNRC1;TGFBI;TNFAIP3;TIPARP;JMJD6;ANXA2;MXI1;PFKP;GBE1;ZNF292;ALDOA;CDKN1B;MYH9;CDKN1A;MIF;KLF6;TPD52;SAP30;GAPDH;GRHPR;PLIN2;LDHA;BHLHE40;MAFF;TPI1;CXCR4;ERRFI1;GPI;VHL;FAM162A;CITED2;HSPA5;KDM3A;TKTL1,age_changes_gdT_Vd2_GZMK_02062026
Spermatogenesis,0.29701848641411627,0.3152071088579394,1.1423611443459862,PCSK1N;DBF4;PEBP1;TSN;CAMK4;NCAPH;IL12RB2;SLC12A2;MLF1;IDE;NF2;PRKAR2A;CDKN3;PARP2;CHFR;BRAF;TKTL1;CLPB;MLLT10;MAST2;PGS1,age_changes_gdT_Vd2_GZMK_02062026
Apical Surface,0.3445762969724631,-0.41690860507267335,-1.2128305004868787,IL2RG;CD160;SULF2;AKAP7;LYN;BRCA1,age_changes_gdT_Vd2_GZMK_02062026
UV Response Up,0.3499650083675643,-0.31633199301770976,-1.1801061455527149,CYB5B;POLR2H;CDC34;DGAT1;POLG2;AP2S1;ATP6V1F;DNAJA1;POLE3;BAK1;AQP3;RASGRP1;LYN;GLS;FKBP4;STIP1;CA2;WIZ;IRF1;MARK2;PRKACA;NAT1;DDX21;E2F5;CCND3;CDC5L;ACAA1;CASP3;MGAT1;ATP6V1C1;PPAT;KLHDC3;RXRB;FURIN;TST;SLC25A4;TAP1;NR4A1;GCH1;CDK2;RAB27A;AGO2;BID;MRPL23,age_changes_gdT_Vd2_GZMK_02062026
KRAS Signaling Dn,0.3656439643660091,-0.33780466355223,-1.1890501584060984,ZBTB16;LFNG;CCDC106;CHST2;TCL1A;MX1;BARD1;RYR1;IDUA;STAG3;PTPRJ;SGK1;CD40LG;MSH5;MAGIX;COQ8A;SPHK2;IFI44L;RSAD2,age_changes_gdT_Vd2_GZMK_02062026
Pperoxisome,0.3685285580452444,0.2865468100600486,1.0943395758296115,TSPO;PABPC1;ACSL4;CADM1;ATXN1;SOD2;ABCD2;GSTK1;RETSAT;LONP2;SLC27A2;CNBP;ELOVL5;MVP;ACSL5;IDE;PEX5,age_changes_gdT_Vd2_GZMK_02062026
Estrogen Response Early,0.41807995331193465,0.26519980331755266,1.0665584318103527,AREG;TJP3;TOB1;ABHD2;CD44;BCL2;FKBP5;ENDOD1;DYNLT3;SLC7A5;SEC14L2;ELF1;ISG20L2;TIPARP;SLC27A2;CANT1;ELOVL5;KDM4B;SVIL;INPP5F;DHCR7;BHLHE40;RAB31;RHOBTB3;GAB2;SNX24;NCOR2;MYBBP1A,age_changes_gdT_Vd2_GZMK_02062026
Bile Acid Metabolism,0.4732613558992316,0.2788108285342596,1.0389385238018516,NR3C2;ATXN1;ABCD2;GSTK1;RETSAT;LONP2;ABCA2;SLC27A2;OPTN;ACSL5;PEX19;SLC22A18;FDXR;SOD1;GNPAT;HSD17B11;DHCR24;APOA1;PAOX;PEX11G;ABCA3;AMACR;ALDH9A1;GNMT;EPHX2;RXRA;SLC23A2;HACL1;FADS1,age_changes_gdT_Vd2_GZMK_02062026
Cholesterol Homeostasis,0.4823513807464785,0.2917802076930589,1.0285102448276031,CLU;LGALS3;ANTXR2;ANXA5;CXCL16;PLAUR;PNRC1;ABCA2;LSS;STARD4;DHCR7;ACSS2;ETHE1,age_changes_gdT_Vd2_GZMK_02062026
Interferon Gamma Response,0.5230488361478777,-0.28405491964351254,-1.1026916065327959,ISG15;IRF7;PSME2;CASP4;IFNAR2;IRF9;EIF4E3;PSMA2;EPSTI1;ST3GAL5;UBE2L6;USP18;XAF1;SAMD9L;GZMA;KLRK1;PLSCR1;SAMHD1;NMI;IFIT1;CMPK2;PTPN2;CD38;IFI35;MX1;SP110;P2RY14;ARL4A;SLC25A28;GPR18;PIM1;LGALS3BP;NFKB1;PARP12;PNP;PTPN6;IRF1;PSMB8;MT2A;IRF2;PARP14;LY6E;DDX60;BANK1;PSMA3;RNF213;CASP3,age_changes_gdT_Vd2_GZMK_02062026
Apical Junction,0.5251798378604686,0.2498253244725833,1.0056042893184929,SKAP2;SORBS3;VCAN;CTNNA1;AKT3;TRAF1;PECAM1;EXOC4;ARHGEF6;TGFBI;VCAM1;FYB1;MYH9;INPPL1;RSU1;THBS3;GTF2F1;NF2;ITGB1;ZYX;NECTIN3;TSC1;MPZL1;AMIGO2;NEXN;INSIG1;BMP1;CNN2;EPB41L2;MVD;ATP1A3;MPP5;SGCE;RRAS,age_changes_gdT_Vd2_GZMK_02062026
mTORC1 Signaling,0.592925604746691,-0.2733383979274761,-1.066451093680352,GLRX;PSMA4;CYB5B;ENO1;PHGDH;PPA1;CORO1A;ATP2A2;TMEM97;EEF1E1;PSMC6;ABCF2;SLC6A6;GOT1;PSMC4;SEC11A;SLC2A3;PSMD13;NFKBIB;SDF2L1;PSMB5;DDIT3;STIP1;PNP;PDK1;MLLT11;ARPC5L;SLA;XBP1;ERO1A;NFIL3;EIF2S2;CCT6A;PSMA3;RDH11;CTSC;DDX39A;TOMM40;MAP2K3;MCM2,age_changes_gdT_Vd2_GZMK_02062026
Adipogenesis,0.5935803910125474,0.23570462620122695,0.9751277504239044,RAB34;CDKN2C;COX8A;TOB1;TANK;LTC4S;PDCD4;APLP2;SULT1A1;SLC5A6;CMPK1;ACLY;RETSAT;GPAT4;GRPEL1;BAZ2A;GPHN;MGST3;GPX4;BCL2L13;RNF11;GBE1;ALDOA;MCCC1;ME1;RIOK3;UBC;CD302;CD151;PLIN2;DHCR7;UQCRC1,age_changes_gdT_Vd2_GZMK_02062026
Mitotic Spindle,0.6061234856099169,0.22438636593350622,0.9479377785633365,PCGF5;TUBA4A;ARHGAP5;CEP131;TUBGCP6;FLNA;MAPRE1;LLGL1;LATS1;NIN;NOTCH2;STK38L;ARHGDIA;LMNB1;ALMS1;CD2AP;MYH9;SUN2;RACGAP1;CKAP5;EZR;CSNK1D;PDLIM5;KNTC1;PRC1;NUMA1;PIF1;KIF1B;TUBGCP2;TSC1;RHOT2;PLEKHG2,age_changes_gdT_Vd2_GZMK_02062026
G2-M Checkpoint,0.607312967161231,0.22806747779474631,0.954970988608557,PTTG1;BUB3;FOXN3;CDKN2C;E2F3;TLE3;DBF4;RBL1;SLC7A5;HIF1A;HUS1;SUV39H1;SLC38A1;NOTCH2;LMNB1;CDC7;CHAF1A;CDKN1B;SLC12A2;CCNT1;KPNB1;ODC1;HNRNPU;RACGAP1;MCM6;SAP30;POLE;CDC25B;PML;PRIM2;PRC1;NUMA1;CDKN3;NUP98;RAD21;TMPO;MCM5;KIF5B;POLA2;CUL1;BRCA2;LIG3;ATRX;RAD23B;ODF2,age_changes_gdT_Vd2_GZMK_02062026
Glycolysis,0.62363116428363,0.2331334734852696,0.9573417594445975,IGFBP3;ENO2;VCAN;PYGB;ISG20;GNE;CD44;ECD;GFPT1;PKM;DDIT4;TGFBI;AK3;SLC25A13;MXI1;PFKP;ZNF292;TXN;ALDOA;MIF;ME1;COG2;SAP30;GALE;LDHA;MPI;AGL;TPI1;CXCR4;FAM162A;CITED2;HSPA5;TKTL1;DLD;SOD1;HAX1;GLCE;PHKA2;NT5E;CHPF;CAPN5,age_changes_gdT_Vd2_GZMK_02062026
E2F Targets,0.7510307317815305,-0.24689670661791005,-0.9590394840891615,STMN1;NME1;NOP56;DCTPP1;CKS2;TP53;MYC;CKS1B;UBE2S;MCM7;POLD2;SNRPB;RPA2;PAICS;CTCF;PCNA;STAG1;BARD1;NASP;MSH2;DCK;BRCA1;XPO1;IPO7;MCM3;HNRNPD;PMS2;NUP153;RANBP1;CTPS1;CHEK2;DDX39A;PAN2;TBRG4;TIPIN;MCM2;TOP2A;LYAR;RPA3;EIF2S1;SMC4,age_changes_gdT_Vd2_GZMK_02062026
Notch Signaling,0.777230862853866,-0.35380418685451015,-0.9979870402911881,LFNG;PRKCA;RBX1;CCND1;PSENEN,age_changes_gdT_Vd2_GZMK_02062026
Unfolded Protein Response,0.7823114762411888,-0.2688628620744492,-0.9648338079575117,NOP56;TATDN2;CKS1B;BANF1;GOSR2;LSM1;PDIA5;SRPRB;EIF4A1;IFIT1;SEC11A;EIF4A3;NFYB;TTC37;DDX10;YIF1A;FUS;XBP1;ERO1A;NFYA;EXOSC5;ATF4;ARFGAP1;NHP2;CNOT4;EXOSC2;KHSRP;EIF2S1;PSAT1;PREB;DCP2;EIF4A2;EXOSC1;GEMIN4;EXOSC9;DNAJA4;NPM1;IMP3,age_changes_gdT_Vd2_GZMK_02062026
DNA Repair,0.7858338223468301,-0.26161448980968255,-0.9802629827673882,NME1;POLR2G;ADA;SUPT4H1;TP53;POLR2H;GTF2H5;RAE1;CSTF3;PDE6G;RPA2;TAF10;NT5C;SAC3D1;ZNRD1;CMPK2;UPF3B;SRSF6;PCNA;ALYREF;TAF12;BOLA2;RBX1;PNP;AGO4;POM121;NCBP2;DAD1;POLR1C;AK1;TAF1C;IMPDH2;SURF1;ITPA;ERCC4;CETN2;ERCC1;RPA3,age_changes_gdT_Vd2_GZMK_02062026
Reactive Oxygen Species Pathway,0.7992996790195507,0.2575570559258624,0.8628605610720337,PDLIM1;SOD2;GPX4;PFKP;LSP1;TXN;MSRA;SCAF4;FES;PRDX4,age_changes_gdT_Vd2_GZMK_02062026
IL-6/JAK/STAT3 Signaling,0.8225807895043001,-0.2729596130742295,-0.9196743988198668,IL2RG;LTB;IRF9;IFNGR1;TGFB1;PTPN2;CD38;BAK1;PIM1,age_changes_gdT_Vd2_GZMK_02062026
Xenobiotic Metabolism,0.9019118616562705,-0.23571291848179549,-0.8758447613382206,DDAH2;GSTO1;ECH1;SLC35D1;ATP2A2;MAN1A1;SERTAD1;TMEM97;ABHD6;CYB5A;SLC6A6;AHCY;CA2;ETS2;LPIN2;MT2A;GSS;SAR1B;NFS1;ACP2;TNFRSF1A;POR,age_changes_gdT_Vd2_GZMK_02062026
Hedgehog Signaling,0.9385972919519245,-0.288442421293754,-0.7583013795016542,TLE1;LDB1;ETS2,age_changes_gdT_Vd2_GZMK_02062026
Androgen Response,0.954289878049757,-0.23654096046866757,-0.8344814306681957,HPGD;MAF;SRF;ELK4;DBI;STK39;TNFAIP8;AKT1;RPS6KA3;SLC38A2;CCND1;SRP19;SLC26A2;MYL12A;CCND3;GNAI3;ACTN1;VAPA;SGK1;ANKH;GPD1L;IQGAP2;HOMER2;IDI1;UBE2I;UAP1;HERC3,age_changes_gdT_Vd2_GZMK_02062026
Pancreas Beta Cells,0.9584925343939492,-0.32013417734796173,-0.7788518993201308,SRPRB;SEC11A;FOXO1,age_changes_gdT_Vd2_GZMK_02062026
UV Response Dn,0.9775323292256201,-0.22355042425625304,-0.7980549185406033,DBP;MYC;IGF1R;SMAD7;MRPS31;PRKCA;MTA1;DLG1;PTEN;NFKB1;FBLN5;SPOP,age_changes_gdT_Vd2_GZMK_02062026
TNF-alpha Signaling via NF-kB,0.0,0.5554540091551824,2.808418158221023,CDKN1A;ID2;MXD1;IER2;NFKBIA;AREG;NAMPT;IRS2;SGK1;FOS;DUSP1;KLF10;PER1;MCL1;BHLHE40;SLC2A3;SOCS3;MAP3K8;TNFAIP3;PPP1R15A;RIPK2;VEGFA;SAT1;PDE4B;CD83;CCNL1;CD44;HBEGF;NR4A2;IFIH1;PLAUR;SERPINB8;NR4A1;RELA;TIPARP;CD69;BCL2A1;PHLDA2;KLF6;BTG1;KLF4;IER3;RNF19B;REL;DUSP2;KYNU;EIF1;BIRC3;KLF9;NFIL3;BTG2;NR4A3;EGR1;ETS2;TGIF1;PTGS2;CEBPD;RELB;SOD2;G0S2;IL18;JUNB;ATP2B1;KDM6B;TANK;NINJ1;FOSL2;GADD45B,age_changes_moDC_02062026
Hypoxia,0.018486186710485776,0.37015486293262034,1.8105826325281769,CDKN1A;MT2A;IRS2;FOS;DUSP1;BHLHE40;SLC2A3;TNFAIP3;PPP1R15A;VEGFA;JMJD6;IDS;ZNF292;PLAUR;DDIT4;UGP2;TIPARP;KLF6;BTG1;SLC6A6;FBP1;IER3;NFIL3;TES;LDHA;ISG20;CXCR4;FOSL2;SAP30;NDRG1;HMOX1;PLIN2;ZFP36;PGM2;MT1E;KLHL24,age_changes_moDC_02062026
Protein Secretion,0.025880661394680086,0.35204292810343996,1.660376553203538,GLA;CD63;ANP32E;SNX2;AP3B1;ARFIP1;VAMP3;TMED2;VAMP4;ATP1A1;NAPG;STX12;RAB2A;VPS4B;SCAMP1;COPE;LMAN1;STX16;RAB9A;ADAM10,age_changes_moDC_02062026
Inflammatory Response,0.029783300811338197,0.35198562715938736,1.71363189725648,CD55;CDKN1A;MXD1;HIF1A;NFKBIA;FPR1;NAMPT;RIPK2;PDE4B;HBEGF;PLAUR;RELA;CD69;KLF6;C5AR1;EREG;TNFSF10;BTG2;OSM;TIMP1;EMP3;CD14;IL18;EIF2AK2;SELENOS;PTGIR;PIK3R5;ATP2B1,age_changes_moDC_02062026
Apoptosis,0.03004005340453939,0.34012501542923684,1.6639495258606725,CDKN1A;PMAIP1;ANXA1;MCL1;SAT1;CD44;IFNGR1;CTNNB1;HMGB2;EBP;RELA;CD69;DPYD;IER3;ANKH;VDAC2;EREG;TNFSF10;CYLD;BIRC3;GSR;BTG2;CASP4;TIMP1;SC5D;SOD2;CD14;ISG20;IL18;LMNA;CD2;GADD45B;LGALS3;DNAJC3;HMOX1;GPX4;EMP1;RARA;BAX;CDKN1B;DAP;CASP1;PSEN1,age_changes_moDC_02062026
Estrogen Response Late,0.03953989935298346,0.3363421839934162,1.5978794737311215,TOB1;ID2;AREG;GLA;SGK1;FOS;NXT1;CD44;FKBP5;KLF4;CD9;ALDH3B1;DUSP2;ARL3;PPIF;RBBP8;JAK2;ISG20;COX6C;DYNLT3;METTL3;SLC1A4;NRIP1;FKBP4;HPRT1;ZFP36;TST;SNX10,age_changes_moDC_02062026
Oxidative Phosphorylation,0.051497234407781804,0.29716638160181447,1.5465804834637507,ACAT1;MRPS11;FH;OXA1L;TIMM17A;ABCB7;ATP6V1D;NQO2;MFN2;ATP5F1C;SUCLG1;VDAC2;ATP5ME;NDUFB4;UQCRB;NDUFS4;SUPV3L1;PDP1;LDHA;NDUFB3;ACADVL;DLD;VDAC1;ISCA1;MRPS15;ACO2;COX6C;COX5B;HADHB;OGDH;UQCRH;NDUFS6;VDAC3;SLC25A3;ATP5MG;MTX2;OAT;HCCS;LDHB;GPX4;NDUFA1;NDUFS2;UQCRFS1;TIMM50;COX7C;SLC25A5;ATP5F1D;HSPA9;UQCR10;ATP5MC1;BAX;PRDX3;NDUFC1;NDUFA4;COX5A;COX7A2L;TOMM70;CS;HSD17B10;MPC1;ATP6V1G1;TIMM10;COX7A2;ATP5F1E;ATP5PF;TOMM22;SLC25A11;ATP6V1F;NDUFS1;SDHA;IDH1;SDHB;PHB2;COX6B1;FDX1;NDUFA5;TIMM8B;ECHS1;SUCLA2,age_changes_moDC_02062026
mTORC1 Signaling,0.05160727123343946,0.291278450239601,1.525217657104014,CDKN1A;NAMPT;GLA;BHLHE40;SLC2A3;PPA1;PPP1R15A;TBK1;FKBP2;MTHFD2L;EBP;DDIT4;ATP6V1D;EIF2S2;SLC6A6;CD9;SERP1;IDI1;NFIL3;GSR;BTG2;HMGCR;SC5D;RAB1A;EEF1E1;TES;LDHA;CALR;PDAP1;CACYBP;CXCR4;RPN1;SLC1A4;SSR1;NUFIP1;CFP;HPRT1;FGL2;TUBA4A;UBE2D3;HSPA9;ACSL3;ATP5MC1;PSMC2;SQLE;HSPE1;TOMM40;INSIG1,age_changes_moDC_02062026
Cholesterol Homeostasis,0.06162062236828592,0.34618667432159317,1.4907780498549958,CXCL16;PLSCR1;CTNNB1;PLAUR;EBP;ATXN2;CD9;IDI1;NFIL3;HMGCR;ALCAM;SC5D;LGALS3;ETHE1;FDPS;SQLE;TP53INP1;GSTM2;STARD4;ANXA5;MVD;ACSS2;LGMN;ATF3;LDLR;CLU;ANTXR2,age_changes_moDC_02062026
TGF-beta Signaling,0.0778660591744704,0.36255070206565976,1.4318465452179208,ID2;KLF10;ID1;PPP1R15A;CTNNB1;TGIF1;ARID4B;HDAC1;JUNB;FKBP1A;THBS1;UBE2D3;SKIL;SKI,age_changes_moDC_02062026
Estrogen Response Early,0.08380404642086885,0.29868292069901325,1.4344167818117803,TOB1;PMAIP1;AREG;GLA;FOS;NXT1;KLF10;BHLHE40;CD44;FKBP5;TIPARP;KLF4;ALDH3B1;ISG20L2;ARL3;PPIF;SH3BP5;RBBP8;JAK2;DYNLT3;SLC1A4;NRIP1;NADSYN1;FKBP4,age_changes_moDC_02062026
Interferon Gamma Response,0.09140392317962412,0.27168945116837867,1.3959811282501098,CDKN1A;HIF1A;MT2A;NFKBIA;FPR1;NAMPT;ARL4A;UPP1;SOCS3;PSMB2;TNFAIP3;RIPK2;PDE4B;PLSCR1;PNPT1;IFIH1;CD69;IFITM2;BTG1;TNFSF10;CASP4;PTGS2;SERPING1;NCOA3;SOD2;VAMP5;JAK2;ISG20;TRIM25;EIF2AK2;STAT3;FCGR1A;APOL6;IL10RA,age_changes_moDC_02062026
Apical Surface,0.10952984129349526,-0.5339546810564912,-1.5169740516644459,IL2RG;TMEM8B;CROCC;SULF2;FLOT2;CRYBG1,age_changes_moDC_02062026
Epithelial Mesenchymal Transition,0.11139112505036301,0.30535200878877294,1.355302654209454,ID2;AREG;TNFAIP3;VEGFA;SAT1;CD44;DAB2;PLAUR;ANPEP;TIMP1;ACTA2;EMP3;QSOX1;ITGB1;GLIPR1;GADD45B;IL32;BASP1;THBS1;CXCL8,age_changes_moDC_02062026
Notch Signaling,0.1216998236594392,-0.48456057662424246,-1.4679911862307853,LFNG;CUL1;ARRB1;PRKCA;KAT2A;TCF7L2;NOTCH2;FZD1;APH1A,age_changes_moDC_02062026
Xenobiotic Metabolism,0.12488446133305946,0.2698961491170768,1.3176841569004214,ID2;MT2A;UPP1;GABARAPL1;SLC6A6;FBP1;CDA;PTGES3;SLC35B1;KYNU;MCCC2;SERTAD1;GSR;ETS2;ARPP19;SPINT2;COMT;ACO2;DDAH2;CSAD;NINJ1;ACP2;DHPS;SAR1B;HMOX1;HPRT1;CNDP2;ALDH2;TMBIM6,age_changes_moDC_02062026
Reactive Oxygen Species Pathway,0.12632227585498612,0.32466001286248186,1.3271375459393007,OXSR1;PDLIM1;PRDX2;NDUFB4;GLRX2;GSR;SOD2;SELENOS;JUNB;CDKN2D;MSRA;PRDX6;GPX4;NDUFS2;ABCC1,age_changes_moDC_02062026
IL-2/STAT5 Signaling,0.13813289514224095,0.25814251911399483,1.2745192797196456,MXD1;ARL4A;BHLHE40;GABARAPL1;SLC2A3;SNX14;MAP3K8;CD83;PLSCR1;CD44;IFNGR1;NFKBIZ;KLF6;CDC42SE2;TNFSF10;NFIL3;ANXA4;CKAP4;ALCAM;NCOA3;GALM;GLIPR2;IL10RA;GADD45B;NDRG1;GPX4;PLIN2;GPR65;FGL2;EMP1,age_changes_moDC_02062026
p53 Pathway,0.1444459883162467,0.2519840992369011,1.2754880454994768,TOB1;CDKN1A;MXD1;RAP2B;FOS;UPP1;PLK3;PPP1R15A;SAT1;HBEGF;XPC;DDIT4;ZMAT3;BTG1;KLF4;GM2A;IER3;RNF19B;RRP8;BTG2,age_changes_moDC_02062026
KRAS Signaling Up,0.14865975146348978,0.265197016895462,1.280400008989375,ID2;F13A1;TNFAIP3;PPP1R15A;ADAM17;HBEGF;PLAUR;KLF4;CCSER2;HDAC9;ANKH;EREG;BIRC3;AVL9;PTGS2;ZNF277;G0S2;MAFB;WDR33;CXCR4;IL10RA;ATG10;FBXO4;STRN;EMP1;LAPTM5,age_changes_moDC_02062026
heme Metabolism,0.15194348199758925,0.2523788757785951,1.2542482317831627,SEC14L1;USP15;BLVRA;CIR1;KLF3;YPEL5;SDCBP;NEK7;FBXO9;ALAD;RIOK3;PRDX2;CAST;RBM5;BTG2;EPB41;EIF2AK1;RNF19A;ADIPOR1;SNCA;ISCA1,age_changes_moDC_02062026
Glycolysis,0.15959741193386054,0.2507297105576425,1.2395062994304353,IRS2;VEGFA;AK3;CD44;ZNF292;ME2;DDIT4;UGP2;NASP;IER3;IL13RA1;PYGL;CHPF2;AGL;NDUFV3;SLC25A13;ARPP19;LDHA;QSOX1;DLD;ISG20;GNPDA1;CXCR4;SAP30;FKBP4;PYGB,age_changes_moDC_02062026
E2F Targets,0.16032089014728163,-0.337288701329849,-1.405980920243059,CDK4;HNRNPD;NME1;POP7;MCM7;CBX5;GSPT1;MLH1;PRKDC;RNASEH2A;PPM1D;PRPS1;STMN1;PAN2;DDX39A;PMS2;SRSF1;NCAPD2;CHEK2;RAD50;NOP56;RAN;ORC2;SLBP;XPO1;RPA1;PA2G4;PAICS;MSH2;SMC4;RFC3;RPA2;CTCF;MRE11;MCM5;RAD1;POLA2;CCNB2;POLD2;TP53;BARD1;CKS2;SSRP1;CSE1L;BRCA2;PRIM2;CTPS1;STAG1;UBE2S;SMC1A,age_changes_moDC_02062026
Fatty Acid Metabolism,0.16285450197332707,0.2464139232479621,1.2286170178868987,BLVRA;GLUL;GABARAPL1;HIBCH;FH;ALAD;ECI2;SUCLG1;CRAT;HSD17B11;IDI1;SUCLG2;LDHA;ACADVL;G0S2;SMS;DLD;ACO2;HADHB;HCCS;PRDX6;PSME1;SERINC1;HSD17B4;XIST;HADH;UBE2L6;ACSL1;HSD17B10;ODC1;NTHL1;ERP29;PCBD1;METAP1;SDHA;CBR1;IDH1;GRHPR;ECHS1;SUCLA2;ACOT8;ALDH3A2;ACOT2;MCEE,age_changes_moDC_02062026
UV Response Dn,0.20334805381534352,0.25576518122565234,1.1802511199002819,DUSP1;BHLHE40;ID1;NEK7;DAB2;PRKCE;ATRX;MRPS31;ANXA4;RUNX1;NIPBL;CELF2;TENT4A;SIPA1L1;PEX14;ATP2B1;SYNJ2;MIOS;MT1E;ABCC1;CDKN1B;INSIG1;PHF3;SCAF8,age_changes_moDC_02062026
Adipogenesis,0.2057288505886637,0.23038068600381695,1.1852696142433676,TOB1;ATP1B3;ARL4A;PIM3;HIBCH;UBC;RNF11;IFNGR1;G3BP2;NABP1;CMPK1;DNAJB9;RIOK3;SULT1A1;SUCLG1;CRAT;APLP2;BCL2L13;DLD;SQOR;ACO2;PEX14;RTN3;TANK;ARAF;TKT;MTCH2;GPX4;PLIN2;ALDH2;BAZ2A;TST;UQCR10;HADH;PRDX3,age_changes_moDC_02062026
Myc Targets V2,0.21210540694930827,-0.4246525372784913,-1.5206555556228154,NDUFAF4;CDK4;PRMT3;BYSL;NOP16;PPAN;AIMP2;GNL3;NOP56;RABEPK;HK2;PA2G4;GRWD1;RCL1;MCM5;MYBBP1A;EXOSC5;IPO4;SRM,age_changes_moDC_02062026
Allograft Rejection,0.2666633551068392,-0.3144451062349436,-1.2971682068980785,IL2RG;IKBKB;TGFB1;IFNAR2;NME1;CD74;PRKCB;ITGAL;TAP1;TAP2;IRF7;STAB1;CCR2;CXCR3;PTPN6;AKT1;CCR5;CD4;CD7;TLR6;CCL4;IL15;MAP4K1;ITGB2;LTB;IL27RA;TLR1;TRAF2;CSK;IRF8;FLNA;TLR2;CD79A,age_changes_moDC_02062026
Complement,0.271772619903461,0.22066453399569222,1.127646038452266,CD55;USP15;APOBEC3G;TNFAIP3;PLSCR1;PLAUR;CDA;GNG2;S100A12;KYNU;PLA2G7;CASP4;TIMP1;GRB2;SERPING1;PDP1;USP16;JAK2;WAS;PIK3R5;CPQ;LGALS3;AKAP10;VCPIP1;ADAM9;CALM1;CTSS;CASP1;C1QA;PSEN1;CD46;LAP3;GNAI3;PIM1;SERPINA1;SH2B3;ANXA5,age_changes_moDC_02062026
G2-M Checkpoint,0.28949656011722924,-0.3147343594472119,-1.3106182842256238,ATF5;CDK4;HNRNPD;TGFB1;E2F4;UPF1;CUL1;GSPT1;MARCKS;RAD23B;MTF2;STMN1;PML;RBM14;DDX39A;SRSF1;SFPQ;MAPK14;KPNB1;CDC27;CHAF1A;XPO1;SLC38A1;SMC4;ORC5;RPA2;CTCF;MCM5;RBL1;NSD2;POLA2;CCNB2;PURA;TFDP1;NOTCH2;BARD1;CKS2;BRCA2;PRIM2;ABL1;STAG1;UBE2S;SMC1A;MCM6;NUP50,age_changes_moDC_02062026
Androgen Response,0.3074869056177467,0.24445183972268203,1.1017250540617536,SGK1;SAT1;VAPA;FKBP5;DBI;DNAJB9;ANKH;CAMKK2;IDI1;GSR;HMGCR;TMEM50A;UAP1;SMS;IQGAP2;LMAN1;NDRG1;ZBTB10,age_changes_moDC_02062026
PI3K/AKT/mTOR  Signaling,0.3226287161910439,-0.3192503501787768,-1.2340496497739493,IL2RG;CDK4;PRKCB;SLA;PIKFYVE;HRAS;GRK2;AKT1;PLA2G12A;PFN1;MAP2K3;MKNK2;SLC2A1;PPP1CA;HSP90B1;CSNK2B;MAPK8,age_changes_moDC_02062026
Interferon Alpha Response,0.3286959668749401,-0.3246756265102769,-1.2501167901778436,IFI30;CD74;TAP1;IRF9;IRF7;SLC25A28;MOV10;CASP8;IFIT2;TRIM21;NCOA7;TRIM14;TXNIP;IFIT3;ADAR;IL15;LGALS3BP;DDX60;UBA7,age_changes_moDC_02062026
Angiogenesis,0.379796335942993,0.3418835491368767,1.05984665125791,VEGFA;LRPAP1;TIMP1,age_changes_moDC_02062026
DNA Repair,0.3820478586833727,0.20892056482730723,1.0523549039283633,MPC2;SDCBP;PDE4B;AK3;POLR2J;POLR1D;UPF3B;NCBP2;GMPR2;XPC;VPS28;CDA;TMED2;MPG;SF3A3;EIF1B;GTF2H3;POLR2G;ERCC8;DCTN4;POLD3;VPS37B;REV3L;NELFE;POLR2E;APRT;POLR3GL;POLE4;GPX4;HPRT1;RFC2,age_changes_moDC_02062026
Mitotic Spindle,0.4047278035803481,-0.2855844370013303,-1.1828387610200028,MAP3K11;MYO1E;LRPPRC;DOCK2;DLG1;RANBP9;BIN1;ARL8A;MAP1S;SPTBN1;MARK4;ARHGAP4;HDAC6;ARHGEF2;MARCKS;ARFIP2;CDK5RAP2;GEMIN4;CDC27;NCK2;TUBGCP6;SASS6;SMC4;RHOF;CCDC88A;CLASP1;TRIO;FGD4;FLNA;ACTN4;CCNB2;ALS2;NOTCH2;PREX1;OPHN1;BRCA2;PCNT;ABL1;FGD6;SMC1A;CDC42EP2;ABR;KATNB1,age_changes_moDC_02062026
Bile Acid Metabolism,0.4613665151628046,-0.30928066249777597,-1.1443695099812174,PAOX;PEX7;FADS2;HACL1;PEX13;RXRA;ABCD3;PXMP2;ABCA5;MLYCD;NPC1;SLC27A5;SOD1;ALDH1A1;CAT;CYP27A1;ACSL5;GCLM;GNPAT;DHCR24,age_changes_moDC_02062026
Myc Targets V1,0.5472766559868862,-0.25209702258235966,-1.079593343384539,EIF4A1;CDK4;HNRNPD;NME1;MCM7;CUL1;GSPT1;NOP16;RAD23B;RNPS1;TARDBP;HDGF;AIMP2;SRSF1;GNL3;RPLP0;NOP56;RAN;ORC2;KPNB1;XPO1;SNRPA;PA2G4;SRPK1;PPIA;GOT2;PSMD3;TXNL4A;UBA2;CSTF2;CAD;MCM5;XPOT;POLD2;SET;TFDP1;SRM;CCT5,age_changes_moDC_02062026
Apical Junction,0.5547163761901859,-0.2754611887944219,-1.093899296117058,TMEM8B;TGFBI;DLG1;PTK2;INPPL1;ACTN1;CTNND1;HRAS;PFN1;ACTB;LDLRAP1;MAPK14;GNAI2;ICAM2;PBX2;RHOF;SORBS3,age_changes_moDC_02062026
IL-6/JAK/STAT3 Signaling,0.7147292267626073,-0.2655305563763559,-0.9839684799517423,IL2RG;IL3RA;TGFB1;IL6ST;IRF9;TNFRSF21;IL18R1;IL10RB;CSF2RB;LTB;TYK2;TLR2,age_changes_moDC_02062026
Pperoxisome,0.7216398334794877,-0.2629635448935266,-1.0008537232877324,CTBP1;HMGCL;HRAS;PEX11B;PEX13;DLG4;MSH2;DHRS3;ABCD3;MLYCD;CLN6;SLC25A19;SOD1;ALDH1A1;CAT;ACSL5;CTPS1;GNPAT;DHCR24;SLC25A17;SIAH1;EHHADH;MVP;ATXN1;ACOX1;FADS1;ABCC5;ELOVL5,age_changes_moDC_02062026
Pancreas Beta Cells,0.8363899118238236,0.29717548444026914,0.8573316026313118,FOXO1;SRP14;MAFB;ELP4;SRPRB,age_changes_moDC_02062026
UV Response Up,0.8628269130467179,-0.22464012385155113,-0.9086319074423628,DNAJB1;MARK2;PRKCD;GLS;IL6ST;TAP1;DGAT1;PRKACA;GRPEL1;AGO2;UROD;NAT1;DLG4;GCH1;RHOB;CDC34;MGAT1;KLHDC3;CASP3;EIF5,age_changes_moDC_02062026
Coagulation,0.9042826332545959,0.18213630494044947,0.773356883138515,ANXA1;CD9;TIMP1;SERPING1;CPQ;THBS1;ADAM9;CRIP2;ARF4;CAPN2;C1QA;SERPINA1;SH2B2;LGMN;CFD;CLU;SPARC;CTSH,age_changes_moDC_02062026
Myogenesis,0.9125164233124271,0.1771946630529122,0.7923603665383533,CDKN1A;MEF2A;BHLHE40;PDLIM7;HBEGF,age_changes_moDC_02062026
Unfolded Protein Response,0.9348222934207585,-0.21662478489918968,-0.8534183741241493,EIF4A1;SRPRA;PREB;NOP14;HSP90B1;NOP56;GEMIN4;EIF4G1;EEF2;NFYB;TTC37;ERO1A;KHSRP;IMP3;ARFGAP1;XPOT;ERN1;EXOSC5;EXOSC10;LSM4,age_changes_moDC_02062026
Spermatogenesis,0.9825149641109704,-0.18243051782981745,-0.6318865577517855,MAST2;TOPBP1;LPIN1;STRBP;SIRT1;CCNB2;RPL39L;CCT6B;RFC4;TSN;PARP2;BRAF;NEFH,age_changes_moDC_02062026
Wnt-beta Catenin Signaling,1.0,-0.2237304592651171,-0.7135404023645697,MAML1;CUL1;KAT2A;DVL2;TP53;FZD1;NOTCH4;MYC;NOTCH1;PPARD;FRAT1;PSEN2;LEF1;CSNK1E;GNAI1;HDAC11;NCOR2;TCF7;WNT6,age_changes_moDC_02062026
KRAS Signaling Dn,1.0,-0.1845253339230279,-0.6672309986308,LFNG;PTPRJ;VPS50;TCL1A;BARD1;CCDC106;RYR1;CPEB3;GAMT;MAST3;SPHK2;YPEL1,age_changes_moDC_02062026
Hedgehog Signaling,1.0,-0.26246395209254025,-0.7161012526435867,PML;RTN1;OPHN1;CDK6,age_changes_moDC_02062026
Interferon Alpha Response,0.0,-0.6005731607911818,-2.378242863230823,IRF9;IRF7;SAMD9L;IRF1;UBE2L6;SAMD9;IFI44L;ISG15;NCOA7;OAS1;BST2;DHX58;MX1;PARP14;EPSTI1;PSMA3;SELL;IFIH1;IFI44;STAT2;LY6E;PLSCR1;TRAFD1;IFI35;SP110;USP18;PSME2;CNP;LAP3;TRIM5;TRIM25;ADAR;PNPT1;EIF2AK2,age_changes_pDC_02062026
Interferon Gamma Response,0.014485269436339692,-0.4118858676557586,-1.7722716999279249,IRF9;IRF7;SAMD9L;IRF1;UBE2L6;IFI44L;XAF1;NOD1;ISG15;VAMP8;BST2;VAMP5;DHX58;MX1;IRF8;NAMPT;MX2;IFNAR2;PARP14;EPSTI1;PSMA3;IFIH1;IFI44;PSMA2;STAT1;LYSMD2;SECTM1;STAT2;LY6E;P2RY14;PLSCR1;TRAFD1;CMKLR1;IFI35;SP110;USP18;PSME2;CASP4;LAP3;ITGB7;RIPK1;OAS2;TRIM25;ADAR;PNPT1;MTHFD2;EIF2AK2;BANK1;SRI;CD38;IFIT2;BTG1;SLAMF7;IL4R;HLA-DRB1;PTPN2;SLC25A28,age_changes_pDC_02062026
Coagulation,0.06711915535444947,0.36063962128452975,1.5859302972144211,CD9;DUSP6;ANXA1;THBD;S100A13;PECAM1;CTSH;APOA1;LTA4H;PLAU;ANG,age_changes_pDC_02062026
Estrogen Response Late,0.07088989441930618,0.333631262302822,1.6370793180800787,CD9;ALDH3B1;S100A9;RBBP8;SGK1;MDK;NXT1;TST;TOB1;XBP1;BTG3;SCARB1;SLC22A5;AREG;SLC7A5;ELOVL5;DHCR7;PPIF;COX6C;LSR;BATF;SERPINA1;JAK1;FKBP5;ABHD2;ZFP36;SLC16A1;HPRT1;CD44;BCL2;PLK4;CCND1;FLNB;ALDH3A2;RPS6KA2;ITPK1;TSPAN13;DNAJC12;FABP5;DLG5;GINS2;KCNK5,age_changes_pDC_02062026
PI3K/AKT/mTOR  Signaling,0.07988200056804977,-0.3901940152812192,-1.545538243845311,IL2RG;NOD1;ATF1;CSNK2B;MKNK2;AKT1;STAT2;RIT1;EIF4E;PIKFYVE;IRAK4;RIPK1;ITPR2;ECSIT;PTEN;MAPK1;DDIT3;CDK4;PIN1;HRAS;RPS6KA1;CAB39;GRK2;MYD88;CALR;TBK1;RPS6KA3;LCK;CLTC;HSP90B1;CDK2;RAF1;GRB2;PLCB1;MAPKAP1;TNFRSF1A;SLC2A1;MAPK9;PTPN11;GSK3B;MAP3K7;TSC2;MAP2K6,age_changes_pDC_02062026
Oxidative Phosphorylation,0.08236721836350021,-0.3379699170295659,-1.4999204281429197,SLC25A4;ATP5PO;COX17;HCCS;NDUFB3;POR;UQCR10;CYCS;ATP6V1D;NDUFA7;NNT;NDUFB8;ATP6V0E1;ECHS1;MTX2;ATP6V1C1;SDHD;ATP5F1B;TIMM8B;MRPL34;COX15;ACADM;NDUFS1;MGST3;NDUFS6;PDHB;SDHA;POLR2F;ATP6V1F;MRPS30;BDH2;NDUFS4;MDH1;NDUFC2;IDH1;ATP5MC3;SLC25A11;NDUFB1;HTRA2;TIMM13;MRPS11;NDUFB4;ISCU;SURF1;NDUFB6;OAT;FH;NDUFA9;SUCLG1;NDUFB5;MRPS12;PMPCA;MRPL35,age_changes_pDC_02062026
Myc Targets V1,0.08321929303622608,-0.3601115367254029,-1.5707487155303566,HSPE1;EIF4A1;EIF3B;PSMA7;TRIM28;SSB;PSMA1;RANBP1;PSMB3;TXNL4A;RFC4;PSMA2;PSMC6;RAN;PRPF31;PTGES3;XPO1;SRSF2;RRM1;COPS5;CUL1;EIF2S2;PSMD7;EIF4E;PSMA4;CCT2;NCBP2;SNRPG;EIF3J;MCM6;SERBP1;ORC2;EIF2S1;RPS10;ILF2;NOP16;SNRPB2;RRP9;IFRD1;SRPK1;ABCE1;CDK4;HSPD1;PCBP1;MCM7;MRPS18B;AIMP2;CCT7;PSMD8;PSMD14;PPIA;NAP1L1;HNRNPD;PSMB2;CBX3;POLE3;TOMM70;HNRNPA2B1;G3BP1;YWHAE;CCT5;CDK2;HSP90AB1;EXOSC7;MCM5;DDX18;HDGF;IMPDH2;PCNA;CCT4;CTPS1;PA2G4;SSBP1;DDX21;SRSF1;BUB3;GNL3;TARDBP;SRM;PHB2;PPM1G;APEX1;NME1;FAM120A,age_changes_pDC_02062026
TGF-beta Signaling,0.09105026502842092,-0.4198844930422956,-1.4742333966822432,PMEPA1;XIAP;FURIN;CDK9;SMAD3;ARID4B;TGFB1;ID3;BMPR2;FNTA;TRIM33;SMURF2;ID1;SLC20A1;IFNGR2;SKIL;JUNB;RAB31;MAP3K7;CDH1,age_changes_pDC_02062026
UV Response Up,0.09594360814893232,-0.3628341837791304,-1.504023197266712,SLC25A4;IRF1;MARK2;TGFBRAP1;FURIN;CYB5R1;POLG2;RFC4;E2F5;DNAJB1;HYAL2;TFRC;CTSV;ATP6V1C1;CYB5B;AGO2;DNAJA1;CDC5L;CNP;ATP6V1F;CCND3;PRKCD;TMBIM6;BTG1;CDC34;FEN1;PRKACA;FOSB;PRPF3;DGAT1;POLR2H;SIGMAR1;AP2S1;POLE3;HSPA13;KLHDC3;CASP3;UROD;CDK2;NUP58;PARP2;STIP1;RXRB;JUNB;PPP1R2;FKBP4;ALAS1;DDX21;BSG;BAK1;NR4A1;GLS,age_changes_pDC_02062026
Androgen Response,0.10158623598165029,-0.3658038663467129,-1.4332398265607842,PMEPA1;UAP1;NGLY1;TNFAIP8;AKT1;ELK4;SLC26A2;ITGAV;ACSL3;HMGCR;SLC38A2;CCND3;PGM3;IQGAP2;GNAI3;VAPA;UBE2I;XRCC5;CAMKK2;HERC3;APPBP2,age_changes_pDC_02062026
DNA Repair,0.10746791809754964,-0.34261935458622056,-1.4409642189629612,RPA2;COX17;SAC3D1;ALYREF;RBX1;REV3L;RAE1;TAF10;RFC4;ADA;RPA3;PRIM1;SMAD5;ARL6IP1;TSG101;SNAPC5;USP11;POLR2G;NELFB;POLR2F;NCBP2;DGUOK;NUDT9;UPF3B;GTF2F1;POM121;NME3;ITPA;BCAP31;SUPT4H1;POLR2D;FEN1;GMPR2;TAF12;GTF2H5;SURF1;GTF2A2;POLR2H;CMPK2;EIF1B;BRF2;NELFCD;CSTF3;TP53;POLE4;NT5C;ELL;POLR2K;BOLA2;NFX1;IMPDH2;PCNA;SDCBP,age_changes_pDC_02062026
Wnt-beta Catenin Signaling,0.12823723824524258,-0.4342118991352787,-1.3728359244559771,CCND2;CSNK1E;CUL1;NOTCH1;RBPJ;NUMB;NCSTN;ADAM17;HDAC5;TP53;MAML1,age_changes_pDC_02062026
Myc Targets V2,0.12889565958325802,-0.3758601410715756,-1.3840967458733486,HSPE1;PPAN;NDUFAF4;GRWD1;IPO4;DCTPP1;PUS1;RABEPK;NOP16;RRP9;CDK4;HSPD1;TBRG4;AIMP2;PES1;CBX3;MCM5;DDX18;PA2G4;NIP7;EXOSC5;GNL3;SRM;BYSL,age_changes_pDC_02062026
Unfolded Protein Response,0.12994138759069432,-0.34069243900411783,-1.3935965284292893,GOSR2;NFYB;SEC11A;EIF4A1;EIF4A2;KIF5B;CKS1B;NABP1;POP4;EIF4E;PREB;ATF4;BANF1;IMP3;PAIP1;ZBTB17;MTHFD2;EIF2S1;LSM1;ATF6;EXOC2;RRP9;KHSRP;GEMIN4;PARN;EIF4G1,age_changes_pDC_02062026
Angiogenesis,0.13092006033182504,0.4588965076165924,1.3855696560027113,THBD;S100A4;JAG1;APP;TIMP1,age_changes_pDC_02062026
Hypoxia,0.13373554550025138,0.29365483975586776,1.445515544934186,ANXA2;DDIT4;ALDOC;PLAUR;S100A4;PIM1;PLIN2;IDS;TNFAIP3;FOSL2;CITED2;SLC2A3;ALDOA;SCARB1;SLC6A6;NEDD4L;ATF3;CDKN1A;PPP1R15A;JMJD6;TGFBI;HMOX1;ENO2;MIF;MT2A;GCNT2,age_changes_pDC_02062026
Reactive Oxygen Species Pathway,0.1372549019607843,0.3525962686989885,1.4074177101882621,MGST1;PRDX2;PDLIM1;PRDX4;LSP1;MSRA,age_changes_pDC_02062026
TNF-alpha Signaling via NF-kB,0.13800904977375567,0.2639049248139287,1.3473736895720185,MAP3K8;CCL5;NINJ1;PLAUR;PER1;ICAM1;DUSP4;CEBPD;SGK1;JAG1;PTGER4;MAP2K3;B4GALT1;PLK2;CEBPB;TNFAIP3;CCL4;ICOSLG;TNFAIP2;BIRC3;FOSL2;SLC2A3;BTG3;PLAU;PDE4B;ATF3;CDKN1A;PPP1R15A;DNAJB4;AREG;EDN1;RIPK2;MSC;ABCA1;MXD1;EHD1;ZFP36;SIK1;IL18;EGR1;CD44;CCND1;SOD2;CD69;ZBTB10;DDX58;SERPINE1;TNF;CXCL3;TGIF1;TLR2,age_changes_pDC_02062026
IL-6/JAK/STAT3 Signaling,0.23718107140090666,-0.34150511575650677,-1.27450050338124,LTB;IRF9;IL2RG;IRF1;IL3RA;STAT1;STAT2;TGFB1;CSF2RA;IL13RA1;CD38;LTBR;IL4R;IFNGR1;PTPN2;CD36;MYD88;PF4;IL18R1;JUN;CBL;IFNAR1;HAX1;IFNGR2;IL12RB1;GRB2;TNFRSF1A;PTPN11;BAK1;TYK2,age_changes_pDC_02062026
Protein Secretion,0.24028505770869377,-0.3288475685450374,-1.2831113362706679,GOSR2;GNAS;BET1;STX16;RAB2A;SEC22B;TSG101;VPS45;RAB22A;VPS4B;NAPA;CD63;RAB9A;MAPK1;SNX2;SNAP23;ARFGEF2;COPB1;TMX1;GOLGA4;AP2S1;GBF1;RPS6KA3;STAM;CLTC;SCAMP1;CLN5;DNM1L;SOD1;STX12;ATP7A;AP3B1;ARFGEF1;SEC24D;GLA;BNIP3;CLCN3;SGMS1;CLTA,age_changes_pDC_02062026
Cholesterol Homeostasis,0.28223981900452494,0.28232513407126636,1.1984570339801215,CD9;ETHE1;ALDOC;PLAUR;JAG1;CXCL16;FDPS;ATF3;DHCR7;FADS2;TRIB3;GUSB,age_changes_pDC_02062026
Pancreas Beta Cells,0.2958403263704201,-0.458523627069217,-1.2319166880962782,SEC11A;ELP4;SRP9,age_changes_pDC_02062026
Allograft Rejection,0.30110188747450234,-0.28686610884858693,-1.2199722459783013,LTB;TAP2;IL2RG;IRF7;CCR5;HDAC9;IGSF6;CCND2;IRF8;IFNAR2;AKT1;IL27RA;IKBKB;SIT1;FYB1;STAT1;UBE2D1;CD3D;LY75;TGFB1;CCND3;HLA-DMB;EIF3J;CD3E;ITGAL;IL4R;BCL10;IFNGR1;ABCE1;CCR2;BCAT1;CTSS;CD247;BRCA1;SPI1;DYRK3,age_changes_pDC_02062026
Epithelial Mesenchymal Transition,0.31157078215901746,0.2646548232783327,1.2028936633746934,LGALS1;NTM;PLAUR;BASP1;TNFAIP3;CXCL8;TGFBR3;PMP22;TPM1;ITGA5;TGFBI;FLNA;AREG;TIMP1;LOXL2;ENO2;TPM4,age_changes_pDC_02062026
Adipogenesis,0.33707071612243755,-0.2776776671199995,-1.1933794491197558,ENPP2;ATP5PO;CCNG2;ABCB8;VEGFB;NMT1;ESRRA;POR;RREB1;UQCR10;TANK;ARAF;ECHS1;LPCAT3;NABP1;ACADM;MGST3;PREB;HIBCH;ELMOD3;MCCC1;JAGN1;PTCD3;IDH1;UCP2;IFNGR1;UBC;DGAT1;QDPR;ACOX1;CD36;DDT;SUCLG1;ACLY;CHCHD10;DLD;MTCH2;UCK1;HADH;SQOR;REEP5;PPP1R15B;DNAJC15;MIGA2;PDCD4;SOD1;ECH1;PFKFB3;SCP2;GPD2;IDH3A;COX7B;SLC1A5;SDHC;CAT,age_changes_pDC_02062026
p53 Pathway,0.4107591754650578,0.21364304158639777,1.0818398224586223,DDIT4;S100A10;RAP2B;NINJ1;ZFP36L1;S100A4;CDK5R1;RGS16;CCNK;PLK2;ACVR1B;ANKRA2;ABCC5;TOB1;FDXR;APP;IFI30;ATF3;CDKN1A;PPP1R15A;VWA5A;RPL18;HMOX1;WRAP73;TRIB3;RAD51C;COQ8A;RPL36;CCNG1;MXD1;CYFIP2;HINT1,age_changes_pDC_02062026
Inflammatory Response,0.43219525572466744,0.22221047675153602,1.0884626179203527,CCL5;PLAUR;IL10RA;ICAM1;BEST1;PTGER4;RGS16;TAPBP;ACVR1B;CD14;CXCL8;ICOSLG;CSF3R;NLRP3;PDE4B;ITGA5;DCBLD2;CDKN1A;LCP2;EDN1;TIMP1;RASGRP1;SLC31A2;RIPK2,age_changes_pDC_02062026
Apoptosis,0.43785822021116133,0.22220114364190954,1.100675420025557,HMGB2;ANXA1;TSPO;NEDD9;CD14;MADD;TGFBR3;BIRC3;FDXR;BTG3;APP;ATF3;CDKN1A;PAK1;CDC25B;CD2;HMOX1;TIMP1;WEE1;PRF1;ENO2;BCL2L11;DAP;HSPB1;IL18;ANKH;CD44;GSR;BMF;BID;CCND1;SOD2;ETF1;CD69;FAS;CYLD;TNF;SMAD7,age_changes_pDC_02062026
Estrogen Response Early,0.485838779956427,0.22752663586808122,1.10104273546398,ALDH3B1;RBBP8;B4GALT1;NADSYN1;NXT1;ZNF185;TOB1;XBP1;SCARB1;SLC22A5;ADCY9;SLC37A1;AREG;SLC7A5;ELOVL5;AKAP1;RETREG1;DHCR7;MINDY1;RASGRP1;PPIF;FKBP5;ABHD2;SLC16A1;CD44;MYBBP1A;BCL2;AQP3;CANT1;CCND1;LRIG1;FLNB;SH3BP5;BCL11B;RPS6KA2;ITPK1,age_changes_pDC_02062026
G2-M Checkpoint,0.5010672450446264,-0.25653585880538765,-1.1133453258730392,RPA2;CKS2;SLC12A2;MNAT1;TNPO2;KIF5B;CKS1B;STAG1;UPF1;UBE2S;DR1;KMT5A;XPO1;SRSF2;CUL1;SMAD3;NSD2;NUP50;CTCF;MCM3;TGFB1;PDS5B;RBM14;DDX39A;MCM6;E2F4;YTHDC1;FOXN3;HSPA8;PURA;TOP1;UCK2;CDK4;SS18;STMN1;PAFAH1B1;CHMP1A;BARD1,age_changes_pDC_02062026
mTORC1 Signaling,0.5698137258765701,-0.24639254143447642,-1.0779712334103946,HSPE1;SEC11A;NMT1;NAMPT;ATP6V1D;PSMA3;TUBG1;PSMC6;TFRC;EGLN3;ENO1;DHFR;CYB5B;COPS5;RIT1;PSMB5;EIF2S2;ACSL3;SKAP2;NFYC;HMGCR;PSMA4;TOMM40;ARPC5L;DDX39A;HMBS;PSMD13;MTHFD2;IDH1;RPA1;RRP9;IFRD1;DDIT3;HSPD1;GGA2;QDPR;BCAT1;TXNRD1;LGMN;PSMD14;PPIA;ACLY;SRD5A1,age_changes_pDC_02062026
Notch Signaling,0.57034780138914,-0.3432913483255361,-1.0464332798652147,RBX1;CUL1;NOTCH3;NOTCH1;MAML2;PRKCA,age_changes_pDC_02062026
Apical Surface,0.5846936404244881,-0.33532707414433316,-1.0619823473368744,TMEM8B;IL2RG;FLOT2,age_changes_pDC_02062026
KRAS Signaling Up,0.5863490997886412,-0.2541351591518991,-1.050494069971452,GNG11;IL2RG;HDAC9;LY96;CCND2;IRF8;FCER1G;IL7R;TOR1AIP2;CMKLR1;SDCCAG8;PLVAP;CSF2RA;MAP3K1,age_changes_pDC_02062026
IL-2/STAT5 Signaling,0.6210313480059665,-0.23346962780330874,-0.9870015114103668,LTB;GADD45B;IL3RA;CTSZ;CCND2;FURIN;IRF8;CD81;PLAGL1;CD83;SELL;FAM126B;ITGAV;MAPKAPK2;PUS1;PLSCR1;GSTO1;CD48;DCPS;CCND3;AGER;BMPR2;ST3GAL4;UCK2;IL4R;IFNGR1;POU2F1;PHTF2;TRAF1;PLPP1;PRNP;NCOA3;CD79B;TLR7;TNFSF10;IL18R1,age_changes_pDC_02062026
heme Metabolism,0.6303989258695035,-0.23352638824016894,-0.9939444244872546,BLVRB;DAAM1;SLC25A38;NNT;KHNYN;FBXO9;BMP2K;MARK3;TFRC;NARF;SLC10A3;EPB41;FECH;HAGH;TNRC6B;MGST3;ADD1;CCND3;CCDC28A;SLC30A1;HMBS;SLC11A2;MPP1;UCP2;TOP1;HTRA2;DCUN1D1;ACP5,age_changes_pDC_02062026
E2F Targets,0.6459466953760074,-0.23302443741676515,-1.0082195845368644,RPA2;CKS2;RANBP1;CKS1B;STAG1;LYAR;UBE2S;RPA3;TUBG1;RAN;TFRC;XPO1;SRSF2;NUP153;DCTPP1;CTCF;MCM3;PAICS;DNMT1;PDS5B;DDX39A;MSH2;MCM6;SMC3;MTHFD2;ORC2;EIF2S1;EXOSC8;LUC7L3;RPA1;RBBP7;SMC6;CDK4;TBRG4;STMN1;DCK;MCM7;TUBB;MRE11;BARD1;BRCA1;POLE;NAP1L1;SMC4;ASF1A;PSMC3IP;HNRNPD,age_changes_pDC_02062026
Complement,0.6546418704330088,-0.23580071354510915,-0.9946433736433796,IRF7;IRF1;USP8;PPP2CB;MSRB1;CD59;FCER1G;CTSV;CD55;GNAI2;PLSCR1;PLEK;CTSD;MMP15;CASP4;LAP3;CASP10;PIK3CG;PRDM4;PRKCD;HSPA1A;GNAI3;KYNU;RHOG;PHEX;APOBEC3G;DUSP5;CD36;LGMN;STX4;CTSS;PSEN1;TIMP2;PREP;IRF2;ERAP2;CASP3;LCK;LIPA;FYN;RAF1;GRB2;PDGFB;GNB4;CALM1;CASP9;RCE1;AKAP10;RABIF;GPD2;CALM3,age_changes_pDC_02062026
Apical Junction,0.7176677826836623,-0.22709359971879936,-0.9361998499694536,TMEM8B;ACTG1;PBX2;MVD;TUBG1;ICAM2;FYB1;GNAI2;SYMPK;ITGB1;SKAP2;GTF2F1;MAP4K2;EVL;AMIGO2;RAC2;PTEN;DLG1;CAP1;HRAS;TRAF1;STX4;RHOF;VCL;MAPK14;VASP;TAOK2,age_changes_pDC_02062026
Pperoxisome,0.7485787214294002,0.20493113570519314,0.9522424430973944,PABPC1;TSPO;FIS1;ITGB1BP1;NUDT19;ABCC5;LONP2;FDPS;PEX5;ELOVL5;GNPAT;SEMA3C,age_changes_pDC_02062026
Xenobiotic Metabolism,0.7501908868585003,-0.21987538470927254,-0.9103684078517758,BLVRB;ABHD6;NMT1;IRF8;POR;MAN1A1;CNDP2;PTGES3;GSTM4;ETS2;GSTO1;GSS;GART;SERTAD1;TMBIM6;KYNU;IDH1;DDAH2;ALDH9A1;BCAT1;ACOX1;CD36;DDT,age_changes_pDC_02062026
Glycolysis,0.8247789013133703,-0.20212753950693177,-0.8639244128531385,PPP2CB;CHST12;POLR3K;GMPPB;EGLN3;GALK2;ENO1;BIK;SLC16A3;B3GAT3;GALK1;MDH1;IL13RA1;IDH1;B3GALT6;ALDH9A1;GFPT1;GYS1;STMN1;SRD5A3;PPIA;HS2ST1;AGL;DLD;UGP2;FAM162A;HAX1;FKBP4;PAXIP1;B4GALT7;SOD1;QSOX1;GCLC;GMPPA;SDHC;TXN;PMM2;ANKZF1;ISG20;AKR1A1;NASP;ARPP19;RBCK1;PGM2;SLC35A3;MXI1,age_changes_pDC_02062026
Fatty Acid Metabolism,0.8460461107519931,0.18504471625538832,0.9002128039382912,LGALS1;SUCLG2;S100A10;MGLL;UROS;ACOT2;GLUL;PCBD1;DLST;ALDOA;TP53INP2;BLVRA;SLC22A5;IDH3B;ELOVL5;ADIPOR2;ENO2;MIF,age_changes_pDC_02062026
Bile Acid Metabolism,0.8673642533936652,0.19105652745386786,0.8410146556041533,ABCA6;APOA1;AMACR;LONP2;FDXR;CROT;GNPAT;FADS2;GNMT;NEDD4;ABCA1;EFHC1;OPTN,age_changes_pDC_02062026
Myogenesis,0.8989441930618401,0.1783129157451473,0.8536127676224557,TNNI2;DAPK2;DMD;LSP1;APP;FDPS;CDKN1A;ADCY9;SORBS3;MYL4;IGFBP7;AKT2;FOXO4;SYNGR2;MYOM1;MYH9;PDLIM7;FKBP1B;PFKM;MAPK12;PC;NQO1;ACSL1;AGRN,age_changes_pDC_02062026
Hedgehog Signaling,0.9167775707568095,0.2469397651052303,0.7629627795092438,CDK5R1;OPHN1,age_changes_pDC_02062026
UV Response Dn,0.9909628443801803,-0.18780142542837117,-0.7524146957631572,DBP;SMAD3;SPOP;DYRK1A;MRPS31;ATP2C1;WDR37;RASA2;PRKCA;YTHDC1;SRI;PTEN;DLG1;CDK13;MTA1;ID1;NFKB1;MAPK14;ZMIZ1;FYN;NEK7;PTPRM;SCAF8;PHF3;LAMC1;SLC7A1,age_changes_pDC_02062026
Spermatogenesis,0.9933899661752176,-0.15532837698410246,-0.5783199471143236,SLC12A2;RFC4;POMC;CSNK2A2;SIRT1;TLE4;MLLT10;STRBP,age_changes_pDC_02062026
KRAS Signaling Dn,1.0,-0.17542023263654188,-0.6696425041853707,ARPP21;IFI44L;MX1;YPEL1;ASB7;PLAG1;PDK2,age_changes_pDC_02062026
Mitotic Spindle,1.0,-0.15315991263156295,-0.6641755248176332,CYTH2;SAC3D1;KIF5B;RALBP1;EPB41;ARL8A;SUN2;CLASP1;CNTRL;RASA2;SMC3;PCNT;ARHGAP5;DLG1;RANBP9;PPP4R2;PAFAH1B1;GEMIN4;TUBGCP5;RHOF;MARK4;MID1IP1;SMC4;VCL;SOS1;PCM1;CSNK1D;TAOK2;NCK2;CENPE;CEP250;YWHAE;KIF20B;ATG4B;TUBD1;RAB3GAP1;STK38L;HDAC6;KPTN;ARFIP2;ACTN4;EZR;KLC1;BCR;MYO1E;ARFGEF1;CLIP1;RICTOR,age_changes_pDC_02062026
