Term,fdr,es,nes,lead_genes,subset
IL-6/JAK/STAT3 Signaling,0.012054688173898043,-0.556766047548221,-1.618281527981483,TGFB1;CSF2RA;IRF1;IL3RA;CBL;ITGA4;PTPN1;IRF9;STAT2;IL1B;IFNAR1;STAT1;LTBR;IFNGR1;IL6ST;BAK1;CD36;TNFRSF1A;JUN,age_changes_AXL_DC_02202026
Interferon Alpha Response,0.018545674113689296,-0.5460809586269749,-1.6434918665879574,OAS1;UBE2L6;MX1;IRF1;PLSCR1;OGFR;IFI30;ELF1;IRF9;SP110;CNP;STAT2;TAP1;SAMD9;LY6E;PSMB8;PSME1;TXNIP;PSMA3;ADAR;PSME2;LAP3;IRF2;SAMD9L;NUB1;PARP14;CASP1;BST2;SELL;CD47;TRIM26;EIF2AK2;PSMB9,age_changes_AXL_DC_02202026
Protein Secretion,0.03029126771902585,-0.4978706927502999,-1.527022134258499,COPB1;GNAS;TMX1;RPS6KA3;ARCN1;RAB9A;ATP6V1H;TSG101;STX7;MAPK1;BET1;M6PR;DNM1L;STX16;USO1;SOD1;SNAP23;AP3B1;CLTC;RAB14;SCRN1;VPS4B;TMED10;LAMP2;STX12;ADAM10,age_changes_AXL_DC_02202026
Interferon Gamma Response,0.05248425774174071,-0.4600238839448464,-1.4543286743591695,NFKB1;UBE2L6;MX1;LYSMD2;IRF1;PLSCR1;OGFR;PNP;IFI30;CIITA;AUTS2;PTPN1;SLAMF7;PFKP;IRF9;IRF8;SP110;STAT2;STAT1;TAP1;CASP3;VAMP8;LY6E;JAK2;MTHFD2;MX2;PSMB8;PSME1;BANK1;NCOA3;TXNIP;PSMA3;ADAR;IL10RA;PSME2;SAMHD1;RNF213;LAP3;PSMA2;IRF2;TNFAIP2;SAMD9L;LCP2;P2RY14;PARP14;CASP1;BST2;NFKBIA;XAF1;MT2A;PML;ICAM1;TRIM26;OAS2;EIF2AK2;PSMB9,age_changes_AXL_DC_02202026
Complement,0.05625521147819086,-0.45753994039587215,-1.4399245753172516,CTSB;IRF1;GNAI2;LGMN;PLSCR1;MSRB1;CTSD;LYN;TIMP2;STX4;PRKCD;PLEK;PRCP;CD46;DOCK10;CASP3;LIPA;CTSS;JAK2;GNAI3;KYNU;ZEB1;AKAP10;CD36;LAP3;LAMP2;GNB2;CASP9;RHOG;PPP4C;IRF2;APOBEC3G;LCP2;CALM3;ANG;XPNPEP1;CASP1;RAF1;CD59;CALM1;FCER1G;GMFB,age_changes_AXL_DC_02202026
UV Response Dn,0.061664366428016905,-0.4830870902713765,-1.4597786530337682,NFKB1;DAB2;PIK3CD;SPOP;ADD3;PHF3;ZMIZ1;NEK7;CDK13;RXRA;ATRX;PTEN;NIPBL;MIOS;RUNX1;ATP2B4;NR3C1;DYRK1A;AGGF1;MGMT;YTHDC1;SMAD3;PRKAR2B;FYN;RASA2;NRP1,age_changes_AXL_DC_02202026
IL-2/STAT5 Signaling,0.10054404751635838,-0.44786744705101783,-1.3845740211710327,ALCAM;CTSZ;PRNP;IL3RA;PLSCR1;GADD45B;PNP;SLC1A5;RABGAP1L;AHNAK;IRF8;AHCY;SERPINB6;IFNGR1;HUWE1;CASP3;CD81;DENND5A;ITGAE;DCPS;SCN9A;NDRG1;NCOA3;RNH1;IL10RA;CCND3;MAPKAPK2;LRRC8C;GSTO1;ST3GAL4;PDCD2L;MYO1E;XBP1;SELL;PLEC,age_changes_AXL_DC_02202026
Notch Signaling,0.1258787630466661,-0.5666901989373284,-1.3561520510422385,PSENEN;RBX1;APH1A;SKP1;CUL1;ST3GAL6;LFNG;FBXW11;DTX2,age_changes_AXL_DC_02202026
Hypoxia,0.15605095541401273,0.23752856488393476,1.3101899990040322,DDIT4;CDKN1A;PLAUR;FBP1;CXCR4;ZNF292;HK1;ZFP36;TNFAIP3;PPP1R15A;IDS;BNIP3L;KLHL24;GPI;FOS;TIPARP;ALDOA;ILVBL;KLF6;GAA;ATF3;FOXO3;MIF;PIM1;RBPJ;CDKN1B;TPI1;GBE1;DUSP1;SLC2A3;PFKL,age_changes_AXL_DC_02202026
PI3K/AKT/mTOR  Signaling,0.1748444942829485,-0.4308314221383034,-1.3206346451452795,ACTR2;DAPP1;RPS6KA3;RALB;PRKCB;STAT2;ACTR3;CSNK2B;MAPK1;EIF4E;CAB39;MAPKAP1;ITPR2;PTEN;CLTC;PIN1;MKNK2;VAV3;TSC2;TNFRSF1A;AKT1;HSP90B1;UBE2N;MAP2K6;NFKBIB;CALR;SQSTM1;RAF1;UBE2D3;GRK2,age_changes_AXL_DC_02202026
Allograft Rejection,0.26028853618562925,-0.4085291061659299,-1.2748514956889616,TGFB1;IGSF6;LYN;FYB1;CXCR3;IRF8;PRKCB;TAP2;IL1B;STAT1;CSK;TAP1;EIF4G3;NME1;IL16;IFNGR1;ABCE1;CTSS;JAK2;LY75;GALNT1;CCND3;EIF3J;AKT1;UBE2N;ABI1;EIF5A;IKBKB;LCP2;TNF;DEGS1;EIF3A;FGR;CD47;ICAM1;ETS1,age_changes_AXL_DC_02202026
TNF-alpha Signaling via NF-kB,0.267515923566879,0.261763596094205,1.326203123005362,CDKN1A;AREG;SOCS3;PLAUR;MAP3K8;BCL3;SNN;GADD45A;BCL2A1;NR4A2;JUNB;KLF4;ZFP36;TNFAIP3;SAT1;BTG2;SIK1;PPP1R15A;RELB;SGK1;KDM6B;TRIB1;MCL1;CEBPD;FOS;EHD1;TIPARP;TRIP10;CD69;ICOSLG;TSC22D1;KLF6;DUSP5,age_changes_AXL_DC_02202026
KRAS Signaling Dn,0.34182590233545646,0.2534945919450838,1.1103285640923268,SNN;MTHFR;NR4A2;TENT5C;COQ8A;BTG2;SGK1,age_changes_AXL_DC_02202026
TGF-beta Signaling,0.3625679289226257,-0.43619487916453065,-1.2346862335529725,TGFB1;FNTA;ARID4B;CDH1;NCOR2;CTNNB1;RHOA;TGFBR1;ID2;UBE2D3;XIAP;SMAD3;PMEPA1;SMURF2,age_changes_AXL_DC_02202026
Myc Targets V1,0.3747771643808045,-0.3792132083476821,-1.222968196652494,EIF4A1;SYNCRIP;KPNB1;EIF3B;PCBP1;TXNL4A;FAM120A;TARDBP;HNRNPA2B1;PTGES3;SRM;TRIM28;HNRNPU;NME1;EIF4E;VBP1;STARD7;ABCE1;TRA2B;MRPS18B;RAD23B;HDDC2;COPS5;XPO1;PPM1G;EIF3J;SRSF2;PSMA2;CCT7;PHB;SF3A1;ERH;CUL1;GSPT1;RUVBL2;PSMD14;SRSF1;MRPL23;NCBP1;PRDX3;CNBP;PSMD3;VDAC3;KPNA2;CANX;HSPD1;HPRT1;EXOSC7;PSMA1;CCT4;NOLC1;SET;HNRNPD;PSMD7;HSP90AB1;TCP1;NOP56;SNRPG;PWP1;BUB3;PSMD8;TOMM70;PRPF31;NCBP2;AIMP2;SSB;HNRNPC;SNRPD1;EIF2S1;XRCC6;PSMC6;PHB2;CSTF2;USP1;NDUFAB1;SRSF3;UBE2L3;PGK1;PSMB2;CYC1;EIF3D;CDK4;LDHA;ACP1;G3BP1;HNRNPA3,age_changes_AXL_DC_02202026
G2-M Checkpoint,0.4705608158769549,-0.3796774663489534,-1.1901303099834872,TGFB1;TOP1;KIF5B;SYNCRIP;KPNB1;KIF20B;PRPF4B;HNRNPU;HSPA8;ATRX;UPF1;TRA2B;CUL3;RPA2;RAD23B;CDC27;PAFAH1B1;DKC1;XPO1;SRSF2;NASP;UBE2S;CTCF;DR1;CUL1;GSPT1;LIG3;CBX1;SRSF1;ODF2;ILF3;KPNA2;MT2A;NOLC1;SFPQ;PML;HNRNPD;MNAT1;YTHDC1;KATNA1;NSD2;SMAD3;BUB3,age_changes_AXL_DC_02202026
Oxidative Phosphorylation,0.6593649492920605,-0.3560011082615548,-1.1413217094534291,FH;TIMM17A;ETFA;NDUFS2;TCIRG1;NDUFS1;ATP6V1H;NDUFB8;PDHB;SUCLA2;NDUFA7;TIMM10;LRPPRC;ABCB7;POLR2F;SDHC;NDUFA9;SDHA;SDHD;TOMM22;MRPL34;MDH1;NDUFB5;DECR1;RHOT1;GRPEL1;TIMM8B;ECI1;SUCLG1;NDUFS8;MRPS30;OAT;ATP6V1D;OXA1L;ATP6V0E1;IDH3A;CYCS;ATP5F1A;ATP5PO;ATP5MC3;RHOT2;NQO2;ALAS1;ATP6V1E1;ECH1;ATP5MC1;CPT1A;PRDX3;ATP5F1C;HCCS;NDUFV2;MRPL35;POR;VDAC3;NDUFB3;SLC25A11;ETFB;DLAT;UQCRC2;COX8A;COX7A2L;ATP6V1G1;AIFM1;NDUFA5;NDUFA8;HADHB;TOMM70;VDAC2;PMPCA;ACAA2;HADHA;IDH3G,age_changes_AXL_DC_02202026
Myogenesis,0.6979029995414655,-0.3654660660203559,-1.090616612307428,TGFB1;EIF4A2;PRNP;GADD45B;PLXNB2;RB1;HDAC5;PDLIM7;FDPS;CD36;TSC2;APP;DAPK2,age_changes_AXL_DC_02202026
heme Metabolism,0.7099284050720263,-0.355601209921073,-1.122248841818256,MARK3;TOP1;CTSB;RAD23A;NCOA4;GLRX5;NEK7;HAGH;GCLC;PICALM;TFDP2;LMO2;RNF19A;MPP1;SIDT2;CDC27;UCP2;CAST;PSMD9;FBXO7;ATP6V0A1;CCND3;DCUN1D1;LAMP2;GAPVD1;BLVRB;SNCA;ADIPOR1;NR3C1;HEBP1,age_changes_AXL_DC_02202026
mTORC1 Signaling,0.7306995600793582,-0.34642614438709884,-1.1008579318956884,ACTR2;LGMN;GGA2;SKAP2;PNP;DAPP1;IFI30;SDF2L1;SLC1A5;ADD3;CYB5B;SSR1;UFM1;ACTR3;GCLC;ENO1;STIP1;PITPNB;M6PR;GLRX;USO1;ACSL3;PSMD13;EEF1E1;MTHFD2;RAB1A;PSMB5;COPS5;PSMA3;SLC9A3R1;HSP90B1;EGLN3;ATP6V1D;PSMD14;TXNRD1;NFKBIB;ATP5MC1;CALR;GTF2H1;HSPA4;XBP1;PNO1;CANX;HSPD1;SQSTM1;HPRT1;UBE2D3;PRDX1;CYP51A1;UCHL5;ATP2A2,age_changes_AXL_DC_02202026
UV Response Up,0.7328632220592886,-0.3568616487180988,-1.0914718827382948,MGAT1;IRF1;LYN;CYB5B;CNP;MARK2;PRKCD;TAP1;HNRNPU;STIP1;CDC5L;CASP3;PSMC3;CREG1;DNAJB1;IL6ST;BAK1;CCND3;GRPEL1;HYAL2;PPAT;MRPL23;ALAS1;NFKBIA;SQSTM1;DGAT1;GLS;ICAM1,age_changes_AXL_DC_02202026
DNA Repair,0.7338870978176485,-0.35381107484389845,-1.108992364377493,ZNRD1;ALYREF;POLR1D;PNP;TSG101;SRSF6;BCAP31;POLD4;NME1;ERCC1;SSRP1;RBX1;TAF9;NFX1;DDB1;GTF2B;POLR2F;SF3A3;RPA2;TAF10;POLE4;UPF3B;GTF2F1;ADA;NELFCD;NME3;POLR2E;GMPR2;RRM2B;ERCC5;AK3;POLB,age_changes_AXL_DC_02202026
Apical Junction,0.767002717156905,-0.35207939390458,-1.067130599481676,GNAI2;SKAP2;CDH1;ARHGEF6;FYB1;STX4;RAC2;PBX2;SHC1;PTEN;CAP1;MPZL1;GTF2F1;CD99;ACTN4;SYK;CTNND1;ACTG1;VCL;ICAM1;CTNNA1;VASP;AMIGO2;RASA1;ICAM2;HADH;DHX16;IKBKG;HRAS;MAP3K20;ICAM4;MYL12B;TSPAN4;B4GALT1;LDLRAP1;TIAL1;MYH9;TMEM8B;ACTB;SORBS3;CDK8;SIRPA;INSIG1;PECAM1;NF1;MAP4K2,age_changes_AXL_DC_02202026
Coagulation,0.8073550130826074,-0.35133863945124777,-1.0247242776493974,CTSB;LGMN;PLEK;MSRB2;LAMP2;GNB2;CASP9;CFD;PEF1;ANG,age_changes_AXL_DC_02202026
Myc Targets V2,0.821291146456445,-0.34917416774955734,-1.0297329293872197,FARSA;SRM;NDUFAF4;MRTO4;GRWD1;IMP4;BYSL;PHB;WDR43;NOC4L;HSPD1;NOLC1;TFB2M;NOP56;NOP2;RRP12;AIMP2;PPAN;PUS1;RABEPK;CDK4;NIP7;GNL3;SORD;TBRG4;MPHOSPH10;SUPV3L1;MYBBP1A,age_changes_AXL_DC_02202026
Wnt-beta Catenin Signaling,0.8286122895477678,-0.4030360408874887,-1.0359794289312605,NCSTN;NCOR2;HDAC5;CTNNB1;CUL1;SKP2;TP53;ADAM17;MAML1,age_changes_AXL_DC_02202026
Xenobiotic Metabolism,0.8337776132983475,-0.30679962556280604,-0.9592545138652094,SLC1A5;SAR1B;IRF8;PTGES3;AHCY;PTGDS;GCLC;DHRS7;CES1;CNDP2;KYNU;CD36;TNFRSF1A;GSTO1;BLVRB;ALAS1;NDRG2;ECH1;ID2;POR;HPRT1;MT2A;ETS2;ATP2A2;ARPP19;NMT1;LONP1;SERTAD1,age_changes_AXL_DC_02202026
Fatty Acid Metabolism,0.8505355243106473,-0.3110088189739025,-0.9627580035502649,UBE2L6;FH;ACSL5;PDHB;SUCLA2;RAP1GDS1;GLUL;SDHC;SDHA;SDHD;SERINC1;OSTC;PSME1;ACSL4;MDH1;DECR1;CD36;HMGCL;ECI1;SUCLG1;ACAT2;ECH1;CPT1A;HCCS,age_changes_AXL_DC_02202026
E2F Targets,0.8670102648149746,-0.28055594736774975,-0.8856420833544711,DCK;SYNCRIP;SMC6;IPO7;RFC1;NME1;SSRP1;LUC7L3;TRA2B;RBBP7;RPA2;MTHFD2;POLE4;NUP107;XPO1;SRSF2;NASP;UBE2S;CTCF;GSPT1;SRSF1;PRPS1;ILF3;KPNA2;SMC3;NOLC1;NCAPD2;AK2;HNRNPD;PPP1R8;NOP56;RAD51AP1;TP53;CKS2;TUBB;EIF2S1;CCP110;XRCC6;PDS5B;SLBP;USP1;CBX5;PRIM2;POP7;RAD50,age_changes_AXL_DC_02202026
Androgen Response,0.8674959848512854,-0.34525328556074286,-1.0360972956444112,SPCS3;NCOA4;PIAS1;RPS6KA3;TMEM50A;PTK2B;ZMIZ1;RAB4A;XRCC5;ACSL3;TNFAIP8;GNAI3;NDRG1;CCND3;IQGAP2;AKT1;LMAN1;RRP12;FADS1;SRP19;HMGCR;ZBTB10;PMEPA1;XRCC6;APPBP2;SLC38A2;ABHD2;UBE2I;NGLY1;SORD;GSR;HERC3;DBI;B4GALT1,age_changes_AXL_DC_02202026
p53 Pathway,0.867585820218503,-0.3078405678470329,-0.9661271950433654,TGFB1;IFI30;CTSD;PLXNB2;PRMT2;RB1;TAP1;NOL8;SLC3A2;CEBPA;CD81;RXRA;MAPKAPK3;VAMP8;NDRG1;TXNIP;MKNK2;BAK1;CCND3;ADA;APP;APAF1;JUN;ST14;TM7SF3;ERCC5;RALGDS;HEXIM1;CASP1;IRAK1;TPRKB;RHBDF2,age_changes_AXL_DC_02202026
Mitotic Spindle,0.874613991201587,-0.31901091951609073,-1.000006248888882,KIF5B;PREX1;MYO9B;ARL8A;KIF20B;RFC1;CNTRL;LRPPRC;LATS1;RABGAP1;MAP3K11;ROCK1;CDC27;SSH2;RALBP1;PAFAH1B1;WASF2;CEP131;ACTN4;PCM1;ABI1;CYTH2;MYO1E;RHOT2;ABR;TLK1;STK38L;HDAC6;SMC3;MAP1S;VCL;TRIO;SUN2;KATNA1,age_changes_AXL_DC_02202026
Adipogenesis,0.8776160721987406,-0.2951016733883879,-0.9343181202742252,PDCD4;TKT;SLC1A5;VEGFB;SAMM50;IFNGR1;DHRS7;SOD1;JAGN1;SDHC;UCP2;BAZ2A;DECR1;CD36;GHITM;GRPEL1;SUCLG1;PPM1B;SCARB1;IDH3A;ATP5PO;STAT5A;ECH1;PRDX3;COQ5;POR;DGAT1;ETFB;BCL2L13;MCCC1;AK2;DLAT;CMPK1;CPT2;COX8A;AIFM1;NDUFA5;NMT1;ACAA2;RREB1;IDH3G;ATL2;ESRRA;PPP1R15B;ADIPOR2;CCNG2;ARAF;HADH;NDUFAB1;UQCR10;CYC1;SQOR;SLC25A1;CD302;MTCH2,age_changes_AXL_DC_02202026
Estrogen Response Late,0.8802732317568855,-0.3045040291036309,-0.9231161850464812,PDCD4;CDH1;ADD3;NCOR2;NRIP1;AFF1;JAK2;IMPA2;SLC9A3R1;IL6ST;ST14;SCARB1;BLVRB;DNAJC1;ATP2B4;FABP5;ITPK1;XBP1;ID2;HPRT1;ETFB;JAK1;ARL3;PRKAR2B;LLGL2;SLC2A8;TSPAN13;BCL2;SIAH2;PTPN6;OPN3;ABHD2;CLIC3;MYOF;SORD,age_changes_AXL_DC_02202026
Apoptosis,0.8813169277026778,-0.3101497955704859,-0.9714724086821949,PDCD4;IRF1;CYLD;RARA;GADD45B;TIMP2;IL1B;BCAP31;TAP1;IFNGR1;DNM1L;CASP3;PEA15;SOD1;CTNNB1;ROCK1;DNAJC3;TXNIP;APP;JUN;CASP9;RHOT2;CASP2;TNF;CASP1;SQSTM1;MGMT;PLCB2;XIAP;DFFA;VDAC2;CREBBP;BMF,age_changes_AXL_DC_02202026
KRAS Signaling Up,0.8868695908450501,-0.2893707846799153,-0.8874464299858718,GNG11;CSF2RA;CBL;RABGAP1L;IRF8;IL1B;RBM4;GLRX;CTSS;PSMB8;IL10RA;ID2;ETS1;FCER1G;ITGB2;LCP1;PRELID3B;FUCA1;ADAM17;TSPAN13;NRP1;YRDC;STRN;LAPTM5;MAP3K1;DOCK2;CBR4;CD37;ST6GAL1;HDAC9;PLAU;ZNF277;ZNF639;LY96;PLVAP;NIN;CDADC1;PECAM1,age_changes_AXL_DC_02202026
Estrogen Response Early,0.8957217158502416,-0.32234853444091766,-0.9765548658137128,RARA;CBFA2T3;ADD3;NCOR2;NRIP1;ELF1;AFF1;MED13L;JAK2;AKAP1;SLC9A3R1;IL6ST;SLC39A6;SCARB1;BLVRB;UGCG;ITPK1;XBP1,age_changes_AXL_DC_02202026
Unfolded Protein Response,0.8984584293477591,-0.2897101900167305,-0.8933962109366735,EIF4A1;EIF4A2;KIF5B;SPCS3;SSR1;EIF4E;FUS;ATP6V0D1;MTHFD2;SHC1;DNAJC3;SDAD1;DKC1;EXOSC4;MTREX;HSP90B1;DCTN1;CXXC1;ATF4;CALR;XBP1;SLC30A5;NOLC1;SRPRB;NOP56,age_changes_AXL_DC_02202026
Apical Surface,0.8992868707243761,-0.39546323526318816,-0.9845050130465264,LYN;SULF2;FLOT2;APP;ADAM10;CRYBG1;ADIPOR2;NCOA6,age_changes_AXL_DC_02202026
Spermatogenesis,0.9076433121019108,0.15910443693212725,0.7554679054919633,PRKAR2A;DBF4;CLPB;TSN;PIAS2;TALDO1;PSMG1,age_changes_AXL_DC_02202026
Cholesterol Homeostasis,0.918856333182803,-0.3050301835382241,-0.896186167550795,ALCAM;LGMN;PLSCR1;S100A11;CTNNB1;ANTXR2;PMVK;FDPS;FABP5;ACAT2;ECH1;ACTG1;CYP51A1;SREBF2,age_changes_AXL_DC_02202026
Pperoxisome,0.962671439661865,-0.2208084928378804,-0.6635367146099593,ACSL5;LONP2;ERCC1;CTBP1;SOD1;ACSL4;FDPS;HMGCL;VPS4B;ECH1;CNBP;SLC25A19;PRDX1;CLN8;FADS1,age_changes_AXL_DC_02202026
Epithelial Mesenchymal Transition,0.9660713045929734,-0.25317928793603284,-0.7389612435455604,TGFB1;DAB2;GADD45B;TPM4;GPX7;P3H1;JUN;COPA;ID2;CD59;PPIB;LGALS1;FUCA1;PMEPA1;GLIPR1,age_changes_AXL_DC_02202026
Glycolysis,0.9683932833031428,-0.22334626182404374,-0.6991305897870234,PFKP;GLCE;GCLC;ENO1;GLRX;SOD1;SDHC;ME2;B3GALT6;MDH1;SLC35A3;PGAM1;NASP;MPI;UGP2;AKR1A1;EGLN3;AK3;CHST12;PRPS1;RPE;ANG;PGM2;HDLBP;ARPP19;B4GALT4;GALK2;GOT1;PPP2CB;PGLS;PGK1;KIF2A;LDHA;P4HA1;B3GAT3;STMN1;TXN;LHPP,age_changes_AXL_DC_02202026
Bile Acid Metabolism,0.979675235055637,-0.2628573169857114,-0.7508631214583936,ACSL5;LONP2;RXRA;SOD1;PEX16,age_changes_AXL_DC_02202026
Inflammatory Response,0.9921691628795961,-0.2571113791546449,-0.7892908645165522,NFKB1;IRF1;LYN;IL1B;IFNAR1;LY6E;RNF144B;GNAI3;IL10RA;RHOG;ABI1;LCP2;BST2;NFKBIA;SELL;RAF1;ICAM1;ATP2A2;SEMA4D;EIF2AK2;PTPRE;PIK3R5,age_changes_AXL_DC_02202026
Reactive Oxygen Species Pathway,0.9989460925801822,-0.26215228833410964,-0.7578398935404148,PRNP;PFKP;NDUFS2;GCLC;GLRX;SOD1;MBP,age_changes_AXL_DC_02202026
Interferon Alpha Response,0.00046095340529328163,-0.486832067224381,-2.024801246501942,LY6E;USP18;EPSTI1;IRF9;IFI35;IFI44L;SAMD9L;ISG15;UBE2L6;PSME2;PLSCR1;SELL;PARP14;NMI;MX1;IRF7;PSMA3;IFI44;IFI27;CNP;IFITM2;SAMD9;IRF2;OAS1;BST2;RSAD2;SP110;PSMB8;CMPK2;CCRL2;MVB12A;NCOA7;DHX58;IRF1;IFIH1;PSMB9;SLC25A28;CSF1;LAP3;TRIM5,age_changes_Adaptive_NK_02202026
p53 Pathway,0.023782701214169484,0.36167011514468433,1.703547848022153,TOB1;CDKN2A;F2R;CCNG1;CASP1;FAS;PVT1;PMM1;SEC61A1;CYFIP2;AEN;NDRG1;XPC;S100A4;RB1;RETSAT;CGRRF1;CTSF;PERP;RPS27L;EPS8L2;SAT1;DDB2;SLC19A2;ANKRA2;ZFP36L1;S100A10;FDXR;UPP1;DDIT4;ELP1;PROCR;RPL18;COQ8A;CCNK;MDM2;BTG1;CEBPA;SP1;PPM1D;RPL36;KIF13B;FAM162A;SLC3A2;ABCC5;RALGDS;GM2A;TNFSF9;DGKA;TRAFD1;CDKN2B;TSPYL2;PRKAB1;TXNIP;PIDD1;WRAP73;CDKN2AIP;PLK3,age_changes_Adaptive_NK_02202026
Notch Signaling,0.024430530480543926,-0.47011057286365676,-1.5294003601993753,NOTCH1;LFNG;DLL1;RBX1;PSEN2;PRKCA;PSENEN,age_changes_Adaptive_NK_02202026
Mitotic Spindle,0.027746484749864398,0.3273527116777013,1.566566303362541,PCGF5;KIF22;EZR;FLNA;ARHGAP5;LATS1;PALLD;MYH9;CNTROB;DYNC1H1;VCL;ARHGAP10;SPTAN1;KIF3C;PCNT;BCR;LLGL1;TUBA4A;BCL2L11;PXN;SUN2;ARHGAP4;OPHN1;ARHGDIA;TUBGCP2;TLK1;HOOK3;STAU1;UXT;ALMS1;KIF3B;RICTOR;PRC1;LRPPRC;RACGAP1;INCENP;EPB41;MAPRE1;CKAP5;CEP131;NOTCH2;WASL;ECT2;ATG4B;PDLIM5;ABI1;CENPJ;RABGAP1;ARHGEF7;MAP3K11;KATNB1;RHOT2;RAB3GAP1;BRCA2;KPTN;NUSAP1;TBCD;TUBGCP3;CDC27;SSH2;ARFIP2;NDC80;KLC1;KIF5B;TUBD1,age_changes_Adaptive_NK_02202026
Coagulation,0.02906774592842937,0.3880705333650537,1.6157099099453707,CTSH;CAPN2;CLU;BMP1;LRP1;CFH;ANXA1;SERPINA1;F8;CTSB;FYN;ADAM9;THBS1;PRSS23;CSRP1;USP11;CPQ;TIMP1;LTA4H;C8G;A2M;WDR1;ISCU;CRIP2;C1R;CFD,age_changes_Adaptive_NK_02202026
Interferon Gamma Response,0.02950101793877002,-0.332699406531068,-1.5386570445416166,CD38;IFNAR2;LY6E;USP18;EPSTI1;GPR18;IRF9;IRF8;IFI35;IFI44L;SAMD9L;ISG15;UBE2L6;PSME2;PLSCR1;BANK1;PARP14;NMI;MX1;IL2RB;XAF1;IRF7;PSMA3;PSMA2;KLRK1;IFI44;IFI27;IFITM2;IRF2;GZMA;VAMP8;OAS3;IFIT1;BST2;RSAD2;CASP4;SP110;ST3GAL5;SAMHD1;XCL1;PSMB8;CMPK2;NFKB1;ARL4A;DHX58;PSMB2;SPPL2A;ISOC1;IRF1;EIF4E3;IFIH1;TNFSF10;RBCK1;PSMB9;SECTM1;SLC25A28;PTPN6;SLAMF7;OAS2;LAP3;RNF213;PIM1,age_changes_Adaptive_NK_02202026
Allograft Rejection,0.02980765218842575,0.35222491063019723,1.6337328740935129,CD4;CDKN2A;CD2;F2R;HLA-DMA;IFNGR1;HLA-DQA1;CD40LG;CTSS;FLNA;IL7;IRF4;RIPK2;FAS;NCF4;SIT1;HLA-DRA;TAPBP;MAP4K1;CD74;HIF1A;NPM1;CCR5;STAT4;TPD52;CD8A;IL4R;HLA-DMB;EIF3D;CCL5;HCLS1;CD96;ITK;SPI1;CD3G;TRAT1;LCP2;WAS;STAT1;PRKCB;GLMN;TLR1;TIMP1;TNF;MRPL3;ABI1;CD3D;HLA-E;CD8B;CRTAM;CD3E;CFP;APBB1;MAP3K7;GBP2;IL15;IL12RB1;IFNGR2,age_changes_Adaptive_NK_02202026
heme Metabolism,0.030124754871281346,0.3411465491423649,1.5683942625802172,PRDX2;BNIP3L;AQP3;DCAF11;SEC14L1;BLVRA;ISCA1;MXI1;MGST3;AGPAT4;CTSB;GDE1;EIF2AK1;FBXO7;RIOK3;MKRN1;BACH1;ALAD;NUDT4;RAD23A;FN3K;TCEA1;SIDT2;TRAK2;BPGM;ATP6V0A1;PPP2R5B;OPTN;EPOR;CIR1;NFE2L1;NFE2;VEZF1;DMTN;DCAF10;ASNS;EPB41;RNF19A;SLC10A3;ENDOD1;RCL1;HTATIP2;ALDH6A1;LRP10;ADIPOR1;CDR2;ARL2BP;CAST;NCOA4;KAT2B;TENT5C;TMEM9B;FOXJ2;MAP2K3;BSG;KHNYN;CDC27,age_changes_Adaptive_NK_02202026
Fatty Acid Metabolism,0.03171026828555931,0.3557107732907172,1.586595749832962,ENO2;GABARAPL1;HSD17B11;LGALS1;GLUL;SUCLG2;SLC22A5;D2HGDH;ERP29;BLVRA;ACSL1;SERINC1;ELOVL5;SDHA;BCKDHB;HSDL2;CD36;RETSAT;ADIPOR2;ACADVL;ALAD;MIF;ALDOA;S100A10;RAP1GDS1;FASN;ODC1;DHCR24;NCAPH2;DLST;ACAA1;ACSM3;METAP1;ACSL4;UGDH;LDHA;DLD;G0S2,age_changes_Adaptive_NK_02202026
Adipogenesis,0.03171026828555931,0.33837845093613295,1.5746917263530933,TOB1;RAB34;IFNGR1;SLC5A6;GPAT4;PLIN2;GPHN;BAZ2A;RNF11;MGST3;G3BP2;RTN3;CMPK1;RIOK3;CD36;RETSAT;DHCR7;EPHX2;TANK;ADIPOR2;PHYH;IMMT;TKT;PEMT;PFKL;CD302;ALDOA;DLAT;CS;SLC1A5;PEX14;SQOR;REEP5;GPX4;BCL2L13;MCCC1;CD151;CHCHD10;NDUFA5;UQCRC1;QDPR;DLD;PFKFB3;LIPE;SLC25A1;ACOX1;BCL6;FAH;PGM1;ESYT1;CRAT;STAT5A;SOD1;ACO2;UBQLN1;PDCD4,age_changes_Adaptive_NK_02202026
Hypoxia,0.0321066466391288,0.3591954164092361,1.647946068147558,IGFBP3;ENO2;PFKP;PLIN2;MT1E;BNIP3L;ERRFI1;BCL2;NDRG1;PLAUR;MYH9;CXCR4;HK1;KLHL24;MXI1;S100A4;PNRC1;GPI;TPD52;ANXA2;HSPA5;CDKN1B;ISG20;MIF;VHL;SLC37A4;PFKL;ALDOA;VLDLR;DDIT4;AMPD3;PDK1;BHLHE40;CITED2;P4HA1;PGK1;BTG1;MT2A;LDHA;FAM162A;PFKFB3;TGFBI;GYS1;SLC25A1;GAA;SLC2A3;CASP6,age_changes_Adaptive_NK_02202026
Apoptosis,0.034881295114115245,0.37890715057089464,1.708948664670832,TSPO;CD44;CDC25B;CD2;ENO2;F2R;IFNGR1;CASP1;FAS;BNIP3L;CLU;TGFBR3;CTNNB1;SOD2;ANXA1;RHOB;HMGB2;PEA15;BTG3;MADD;RETSAT;SPTAN1;LMNA;SAT1;CDKN1B;ISG20;DPYD;BCL2L11;FDXR;PPP2R5B;ETF1;CD14;HSPB1;PLCB2;GPX4;DAP3;BIRC3;WEE1;MCL1;PAK1;DAP;TIMP1;TNF;FEZ1;TXNIP;CASP6;LGALS3,age_changes_Adaptive_NK_02202026
TGF-beta Signaling,0.03825913263934238,-0.4174507899375982,-1.5614174669747665,SMAD7;SMURF2;ID3;TRIM33;FURIN;CDK9;TGFB1;SKIL;FNTA;TGFBR1;FKBP1A;CDKN1C;PMEPA1;ID2;KLF10;XIAP;NOG;ENG;ID1;WWTR1,age_changes_Adaptive_NK_02202026
TNF-alpha Signaling via NF-kB,0.03854017222398747,0.32159165069940593,1.4989584066476962,CD44;MSC;IL7R;LITAF;RIPK2;SERPINB8;SOD2;RHOB;PLAUR;PANX1;TNIP1;PNRC1;B4GALT1;BCL2A1;BTG3;EHD1;TANK;KYNU;SAT1;ETS2;SLC2A6;PHLDA1;PTGER4;TUBB2A;PER1;CCL5;ZC3H12A;BHLHE40;CLCF1;TNIP2;BTG1;TNFAIP2;DNAJB4;BIRC3;LDLR;MCL1;PFKFB3;DUSP2;G0S2;TNFSF9;TNF;PDLIM5;SLC2A3;AREG;BCL6;NAMPT;TNFAIP3;STAT5A;IFNGR2,age_changes_Adaptive_NK_02202026
Unfolded Protein Response,0.038580826414097165,0.3502072551444868,1.5084351983001645,EEF2;BAG3;HSPA9;SLC7A5;SRPRA;SPCS1;DCTN1;YWHAZ;SLC1A4;EXOSC10;NPM1;HSP90B1;CALR;ALDH18A1;HSPA5;ATF6;TUBB2A;DCP1A;HERPUD1;SLC30A5;PDIA6;DDIT4;XPOT;NOP14;ERN1;EIF4EBP1;HYOU1;ASNS;EXOSC9;POP4;SSR1,age_changes_Adaptive_NK_02202026
Glycolysis,0.041223348771227096,0.3288285874005343,1.5140157099898794,CD44;IGFBP3;ENO2;PKM;PFKP;VCAN;ECD;GOT2;CXCR4;GFPT1;AK3;MXI1;B4GALT1;PLOD1;HSPA5;ISG20;GNPDA1;PGAM1;MIF;SLC37A4;AGL;CHPF;ALDOA;VLDLR;DDIT4;CITED2;MED24;P4HA1;XYLT2;B3GAT1;PGK1;QSOX1;AKR1A1;PYGB;LDHA;CHPF2;FAM162A;DLD;TGFBI;ARPP19;GYS1;CYB5A;TXN;KIF2A;CASP6,age_changes_Adaptive_NK_02202026
Complement,0.04206895592550869,0.32242932430821564,1.4706265946287265,SPOCK2;CTSH;CD40LG;CTSS;CASP1;LIPA;CLU;S100A9;ANXA5;RBSN;LRP1;CFH;PLAUR;SERPINA1;F8;CTSB;FYN;DGKH;S100A12;FCN1;CD36;EHD1;HSPA5;KYNU;ADAM9;PRKCD;CBLB;CCL5;L3MBTL4;ZEB1;PIK3R5;CSRP1;VCPIP1;CD46;LCP2;CPQ;WAS;GNAI3;GATA3;RCE1;GNG2;TIMP1;KIF2A;LTA4H;GRB2;LGALS3;PRCP;TNFAIP3;RAF1,age_changes_Adaptive_NK_02202026
Pperoxisome,0.04348836793448134,0.34754086226826103,1.4752608785143169,TSPO;PABPC1;CADM1;HSD17B11;SOD2;ACSL1;PRDX1;ATXN1;GSTK1;ELOVL5;FADS1;CNBP;RETSAT;EPHX2;ABCD2;MVP;IDE;DLG4;PEX14;DHCR24;ACAA1;ACSL4;ABCC5;SMARCC1;ACOX1;CDK7;NUDT19;CRAT;SOD1,age_changes_Adaptive_NK_02202026
mTORC1 Signaling,0.04588079442566863,0.3055042801484994,1.4467175669700463,CCNG1;INSIG1;HSPA9;SLC7A5;CANX;SYTL2;FGL2;RPN1;CXCR4;SLC1A4;PRDX1;HSP90B1;ELOVL5;GPI;CALR;FADS1;DHCR7;HSPA5;ADIPOR2;PIK3R3;SKAP2;GGA2;TCEA1;IMMT;TUBA4A;SLC37A4;FADS2;PFKL;ALDOA;GSK3B;VLDLR;FDXR;PNO1;DDIT4;SLC1A5;ETF1;PDK1;DHCR24;BHLHE40;P4HA1;PSME3;ASNS;PGK1;MCM2;ACTR2;DDX39A;CYP51A1;SSR1;LDHA;LDLR;QDPR;PSMG1;PPA1;GLA;HSPA4;SLC2A3;LTA4H;SCD;NAMPT;PGM1;CFP;SRD5A1,age_changes_Adaptive_NK_02202026
Epithelial Mesenchymal Transition,0.0507364292568949,0.3992615145188422,1.752970756997441,VIM;CD44;IGFBP3;ENO2;VCAN;CADM1;FLNA;LGALS1;FAS;PLOD3;TGFBR3;BMP1;GLIPR1;LRP1;RHOB;PLAUR;WIPF1;ITGB1;SGCB;ACTA2;PLOD1;SAT1;THBS1;IL32;CXCL8;SGCD;COL6A2;COPA,age_changes_Adaptive_NK_02202026
Bile Acid Metabolism,0.05090332540576626,0.34297012168442864,1.4132225480782634,HSD17B11;ACSL1;ATXN1;GSTK1;HACL1;FADS1;RETSAT;EPHX2;PHYH;NR3C2;ABCD2;FADS2;PEX16;FDXR;PEX1;PEX26;OPTN;DHCR24,age_changes_Adaptive_NK_02202026
Myogenesis,0.05170535412117588,0.31710017578316485,1.417397156536703,IGFBP3;GNAO1;PRNP;SORBS3;CLU;TPM3;FKBP1B;SH2B1;MYH9;ITGB1;ACSL1;KIFC3;RB1;CD36;HDAC5;SPTAN1;SYNGR2;AGL;PDE4DIP;SGCD;ATP6AP1;BHLHE40;COL6A2;CKB;MYO1C;FLII;DAPK2;LSP1,age_changes_Adaptive_NK_02202026
Androgen Response,0.05241520816613039,0.3402222123560088,1.4238444081145112,INSIG1;MAF;XRCC6;INPP4B;FKBP5;UBE2J1;NDRG1;UAP1;ELOVL5;CDC14B;B4GALT1;TPD52;FADS1;LMAN1;SAT1;PLPP1;SEC24D;ARID5B;ABCC4;DHCR24;PIAS1;ADAMTS1;TMEM50A;GNAI3;RRP12;PDLIM5;ADRM1;SCD;NCOA4;ANKH,age_changes_Adaptive_NK_02202026
IL-2/STAT5 Signaling,0.059117000160935566,0.29719139604448014,1.3839165907780637,TNFRSF1B;CD44;PRNP;PLEC;GABARAPL1;IFNGR1;AHNAK;IRF4;PLIN2;BCL2;ICOS;FGL2;NDRG1;RHOB;SYT11;CDC42SE2;IL10RA;IL4R;PHLDA1;PTCH1;PRKCH;GALM;SYNGR2;PLPP1;AHCY;AHR;RNH1;EOMES;TWSG1;SLC1A5;POU2F1;AGER;ODC1;LRIG1;BHLHE40;PHTF2;P4HA1;NOP2;RHOH;GPX4;MYO1C,age_changes_Adaptive_NK_02202026
Apical Junction,0.060725163766846085,0.3061026096659564,1.3863024869595064,CTNNA1;VCAN;SORBS3;INSIG1;ADAM15;BMP1;MVD;MYH9;ITGB1;ZYX;EXOC4;CNN2;VCL;B4GALT1;MPP5;RSU1;PIK3R3;SKAP2;PIK3CB;ADAM9;ARHGEF6;GAMT;PLCG1;MSN;SGCE;SYMPK;LDLRAP1;AMIGO2;MAP4K2;WASL;TGFBI;CDK8;CERCAM;PKD1;GTF2F1;CD99,age_changes_Adaptive_NK_02202026
Myc Targets V1,0.06342053657111861,0.29092127730266487,1.3711287630923135,PABPC1;SNRPA;EIF4G2;PABPC4;RPLP0;STARD7;XRCC6;GOT2;GLO1;CANX;EIF4H;NPM1;SNRPA1;YWHAQ;KPNB1;U2AF1;SF3A1;SRPK1;HNRNPR;CNBP;RRM1;PSMD7;HNRNPA1;HNRNPA3;MCM6;DUT;RSL1D1;EIF3D;SNRPD2;UBA2;XPOT;ETF1;ODC1;POLE3;PTGES3;RPL18;RPL14;CCT7;IMPDH2;PGK1;MCM2;CAD;PRPS2;NCBP1;BUB3;G3BP1;LDHA;SF3B3;MCM7;SMARCC1;PRDX4;PSMA6;RNPS1;HNRNPU;FBL,age_changes_Adaptive_NK_02202026
Oxidative Phosphorylation,0.06379595129259018,-0.29871687972735356,-1.4031388622973628,ECH1;FXN;TIMM8B;SLC25A11;NDUFA9;ATP5MC1;MRPL35;NDUFA7;NDUFB2;MRPS12;NDUFS2;TIMM13;ATP5PF;MRPS11;SDHD;NDUFB8;ATP6V1D;MRPL15;NDUFC2;ATP5PO;BDH2;NDUFA2;NDUFB3;ATP5MF;PDHB;ETFA;COX7B;CYCS;MDH1;NDUFB1;ATP5ME;NDUFA8;ACADM;COX7A2L;ACAA2;PDHA1;SURF1;COX17;NDUFB5;POLR2F,age_changes_Adaptive_NK_02202026
Estrogen Response Early,0.07658719144620955,0.2998911272292883,1.3432547097677168,TOB1;CD44;BCL2;SLC22A5;SLC7A5;AQP3;FKBP5;NADSYN1;SLC1A4;SLC39A6;ELOVL5;UGCG;B4GALT1;DHCR7;TJP3;SLC19A2;ISG20L2;AKAP1;FASN;FDFT1;PRSS23;AFF1;LRIG1;BHLHE40;ALDH3B1;AMFR;MED24;RAB31;CANT1;ENDOD1;MYBBP1A;DYNLT3;MICB;GLA;RRP12,age_changes_Adaptive_NK_02202026
KRAS Signaling Up,0.07735984200497907,0.30016624921361623,1.3372241834873777,NAP1L2;TNFRSF1B;IGFBP3;IL7R;CTSS;CDADC1;PRDM1;LAPTM5;MAP4K1;CFH;PLAUR;CXCR4;IL10RA;MAFB;CD37;CCSER2;PRELID3B;AMMECR1;KCNN4;BPGM;PCSK1N;LCP1;DNMBP;CAB39L;MMD,age_changes_Adaptive_NK_02202026
Protein Secretion,0.07883172695790044,0.3163781060500286,1.3297151236654647,ATP1A1;VAMP7;ANP32E;TMED2;MON2;TPD52;LMAN1;SCAMP3;ARF1;ATP6V1H;SEC24D;GALC;ERGIC3;RAB14;ZW10;TMX1;STAM;RAB5A;GLA;NAPA;TMED10;AP1G1;SCAMP1;SNX2;SNAP23;SGMS1;SOD1;GBF1;CLTC;SEC31A;ADAM10;AP2M1;AP3S1;M6PR;VAMP3;COG2;AP2B1;AP3B1,age_changes_Adaptive_NK_02202026
Reactive Oxygen Species Pathway,0.0855567430858456,0.3511929741928026,1.314156915305855,PRNP;PRDX2;PFKP;SOD2;SCAF4;PRDX1;PTPA;PDLIM1;GPX4;LSP1;OXSR1;PRDX4;TXN;SOD1;ABCC1;PRDX6,age_changes_Adaptive_NK_02202026
Wnt-beta Catenin Signaling,0.09403449467982945,-0.38890733651259674,-1.342114072712412,NOTCH1;DLL1;AXIN1;PSEN2;MYC;TP53;HEY2;TCF7,age_changes_Adaptive_NK_02202026
Cholesterol Homeostasis,0.12531218520704065,0.3190948368239547,1.2541991535331978,ERRFI1;CLU;LSS;ANXA5;MVD;CTNNB1;PLAUR;PNRC1;SREBF2;DHCR7;ETHE1;FADS2;ANTXR2;FASN;FDFT1;CYP51A1;LDLR;LGALS3;SCD;ATF5;ACSS2;ABCA2;SQLE;GUSB;ACAT2;MVK,age_changes_Adaptive_NK_02202026
IL-6/JAK/STAT3 Signaling,0.12901381374698853,0.317167717384822,1.255430598975085,TNFRSF1B;CD44;IFNGR1;IL7;FAS;STAT3;CSF3R;IL4R;CD36;ITGA4;PTPN1;PIK3R5;CD14;MYD88;IL17RA;IFNAR1;STAT1;CBL;PTPN11;TNF;GRB2;A2M;IL12RB1;IFNGR2,age_changes_Adaptive_NK_02202026
Inflammatory Response,0.14422704782294046,0.2744255472407345,1.2303574286687438,CD70;TNFRSF1B;IL7R;RIPK2;KCNA3;SLAMF1;TAPBP;PLAUR;PROK2;C5AR1;HIF1A;IL10RA;BEST1;CSF3R;CYBB;IL4R;PTGER4;CCL5;AHR;SLC31A2;FPR1;PIK3R5;CXCL8;CD14;SLC7A1;LDLR;GPR132;LCP2;IFNAR1;GNAI3;IFITM1;TNFSF9;TLR1;TIMP1;ADRM1;ABI1;NAMPT;C3AR1;IL15;RAF1;IFNGR2,age_changes_Adaptive_NK_02202026
Estrogen Response Late,0.16473484374348063,0.2679514202033655,1.204936766154021,TOB1;CD44;CACNA2D2;BCL2;SLC22A5;SLC7A5;S100A9;FKBP5;SLC1A4;SERPINA1;ELOVL5;BTG3;DHCR7;PERP;ISG20;TJP3;FDFT1;PRSS23;AFF1;ALDH3B1;AMFR;CKB;RAB31;UGDH;DYNLT3;MICB;DUSP2;GLA,age_changes_Adaptive_NK_02202026
Xenobiotic Metabolism,0.1654048510249981,0.2673682059372075,1.1996717996021191,GABARAPL1;CES1;PTGDS;FAS;PMM1;CYFIP2;ELOVL5;HACL1;CD36;SLC46A3;RETSAT;PGD;KYNU;ETS2;ABCD2;AHCY;PEMT;UPP1;ACOX3;SLC1A5;GSS;PTGES3;SLC35B1;MT2A;UGDH;TMEM176B;ARPP19;MTHFD1;AKR1C3;PDLIM5;ACOX1;CYB5A;FAH;CASP6,age_changes_Adaptive_NK_02202026
Angiogenesis,0.1770324821629741,0.3966390279311386,1.1850980989077995,VCAN;S100A4;FGFR1;TIMP1,age_changes_Adaptive_NK_02202026
UV Response Dn,0.1864659866912965,0.27205252375194977,1.1736183444024486,PTPRM;MT1E;INSIG1;INPP4B;TGFBR3;ATXN1;BCKDHB;FYN;MAP2K5;ANXA2;SCAF8;BMPR1A;PIK3R3;CDKN1B;NR1D2;SYNE1;PRKCE;VLDLR;PEX14;BHLHE40;CITED2;RUNX1;SLC7A1;LDLR;NOTCH2;ANXA4;PDLIM5;SIPA1L1;AGGF1;PHF3,age_changes_Adaptive_NK_02202026
KRAS Signaling Dn,0.20887774308432702,-0.28765725484312943,-1.2192269147648906,IFI44L;CHST2;LFNG;TCL1A;MX1;ZBTB16;PDE6B;PLAG1;NUDT11;RSAD2;SKIL;COPZ2;BARD1;YPEL1;ENTPD7;ITGB1BP2;TGM1;OXT;STAG3;CCDC106,age_changes_Adaptive_NK_02202026
E2F Targets,0.26049052741637396,0.2351366953200159,1.1170290801057756,CDKN2A;CDC25B;KIF22;XRCC6;ANP32E;ILF3;EED;TCF19;PTTG1;NUDT21;HMGB2;MXD3;MCM6;ATAD2;CDKN1B;DUT;POLA2;RAD1;RAD51AP1;BRMS1L;SUV39H1;SHMT1;ZW10;HUS1;MCM2;RACGAP1;DDX39A;LIG1;PPM1D;WEE1;NCAPD2;TMPO;POLE4;MCM7;PRDX4;HMGA1;TIMELESS;WDR90;PHF5A;RAD21;PRPS1;MMS22L;PRKDC,age_changes_Adaptive_NK_02202026
G2-M Checkpoint,0.26623412748084174,0.23207471422596607,1.1044169588316082,CDC25B;KIF22;DBF4;SLC7A5;ILF3;NUP98;PTTG1;HIF1A;CCNT1;KPNB1;MCM6;EWSR1;CDKN1B;POLA2;SLC38A1;CUL5;FANCC;NSD2;FOXN3;ODC1;SUV39H1;CUL4A;HUS1;MCM2;PRC1;SRSF10;RACGAP1;INCENP;DDX39A;CDC7;MT2A;BUB3;G3BP1;SLC7A1;NOTCH2;TMPO;SMARCC1;MEIS2;HMGA1;HNRNPU;RAD21;ATF5;PML;SQLE;NCL;DKC1;BRCA2;ODF2;SS18;TNPO2;NUSAP1;MAD2L1;CDC27;UCK2;NOLC1;RBL1;NDC80;SMAD3;KIF5B,age_changes_Adaptive_NK_02202026
Hedgehog Signaling,0.27252710572274974,0.34986621971215437,1.1051047565135879,MYH9;ETS2;PTCH1;VLDLR;OPHN1;ADGRG1;DPYSL2;PML,age_changes_Adaptive_NK_02202026
UV Response Up,0.3791519645819308,0.23285084942661202,1.0388545362668273,ENO2;EIF2S3;CREG1;DNAJB1;AQP3;SOD2;RPN1;RHOB;GGH;ARRB2;BTG3;GRINA;PRKCD;TUBA4A;BCL2L11;ALDOA;NXF1;CYB5R1;DLG4;POLE3;KLHDC3;ACAA1;ASNS;BTG1,age_changes_Adaptive_NK_02202026
Apical Surface,0.4727077171282603,-0.32639185725796843,-1.069589385447395,CD160;IL2RG;SULF2;IL2RB;MAL;AKAP7;AFAP1L2;LYN;ATP8B1,age_changes_Adaptive_NK_02202026
DNA Repair,0.48303307340682977,-0.22627300136491652,-1.0237105695950741,PDE6G;GTF2H5;ADA;POLR2G;BOLA2;DAD1;TAF12;POLR2H;TAF10;RBX1;NME1;RPA3;TP53;ZNRD1;ALYREF;DGUOK;RFC2;CMPK2;TSG101;POLB;SURF1;ERCC4;COX17;POLR2F,age_changes_Adaptive_NK_02202026
Myc Targets V2,0.49032870866697165,-0.26391248978532444,-1.0023126769127553,PPAN;BYSL;IPO4;HSPE1;MYC;NDUFAF4;DCTPP1;GNL3,age_changes_Adaptive_NK_02202026
PI3K/AKT/mTOR  Signaling,0.5081243037682941,-0.24671171894497734,-1.0348903265634846,IL2RG;FASLG;ARPC3;MAPK1;RIT1;AKT1;SLA;ATF1;CAMK4;PTEN;NCK1;GRK2;CSNK2B;RPS6KA3;RALB;VAV3;HRAS;TIAM1;PRKAG1;TNFRSF1A;SMAD2;ACTR3,age_changes_Adaptive_NK_02202026
Pancreas Beta Cells,0.5722034464054742,0.34138530274615314,0.9483229840725003,SPCS1;MAFB,age_changes_Adaptive_NK_02202026
Spermatogenesis,0.811738946721469,-0.20902782344992069,-0.841767712116142,POMC;TLE4;IL12RB2;CAMK4;IFT88;AGFG1;STRBP;ARL4A;RPL39L;NEK2;NEFH;EZH2;AURKA;TKTL1;SIRT1;ACRBP;CSNK2A2;NPHP1;HSPA2;OAZ3;PIAS2;MAP7;IP6K1,age_changes_Adaptive_NK_02202026
TGF-beta Signaling,0.00166333998669328,-0.5221201821531956,-2.131567786077767,PMEPA1;TGIF1;ID3;TRIM33;FKBP1A;SMAD3;TGFB1;SMURF2;NCOR2;ENG;SPTBN1;CDK9;ARID4B,age_changes_B_ABC_02202026
Interferon Alpha Response,0.0041583499667332,-0.4001824717662534,-1.9323371013769415,IRF9;IL4R;SELL;ISG15;GBP4;STAT2;IFI44L;IFIT3;ISG20;IFI30;TRIM25;NMI;IRF7;LAP3;NUB1;SAMD9L;LY6E;SAMD9;CD47;TMEM140;MOV10;LGALS3BP;EPSTI1;SLC25A28;PSMB8;IRF1;UBE2L6;PSME2;SP110;MVB12A;HLA-C;IRF2;IFI44;ELF1;OGFR;MX1;PARP14;USP18;OAS1;PSMA3;EIF2AK2;TAP1;TRAFD1,age_changes_B_ABC_02202026
Epithelial Mesenchymal Transition,0.005266484095218033,0.4510861560433451,1.8646770435530182,LGALS1;ENO2;EMP3;RHOB;SAT1;TIMP1;MFAP5;VIM;VCAN;ACTA2;FAS;IL15;CAPG;TPM1;QSOX1;CALD1;PLOD3;PLOD1;AREG;TGFBI;ITGAV;DST;IL32;CXCL8;MAGEE1;DAB2;LRP1;PLAUR;NOTCH2;FBLN2;CD59;ITGB1;FLNA;ANPEP;PFN2,age_changes_B_ABC_02202026
Bile Acid Metabolism,0.005793132504739835,0.4694975586717354,1.8751759452613186,IDI1;OPTN;ATXN1;SLC29A1;GSTK1;SLC22A18;FDXR;HACL1;DHCR24;PEX1;ISOC1;SLC35B2;ABCD2;PFKM;ALDH9A1;NPC1;RETSAT;RXRA;ABCA3;EPHX2;LONP2;HSD17B6;ABCA5;ACSL5;NR3C2;CROT;ABCA6;ABCD3;FADS1;GCLM;ABCA2;HSD17B11,age_changes_B_ABC_02202026
Angiogenesis,0.009479671371392457,0.7012542205685156,1.9001909838346023,S100A4;TIMP1;VCAN;LRPAP1;ITGAV;PTK2;FGFR1;PDGFA;PF4,age_changes_B_ABC_02202026
Fatty Acid Metabolism,0.015799452285654096,0.3888134019329515,1.6985362748728052,LGALS1;IDI1;ENO2;CA2;YWHAH;ODC1;ECI2;TP53INP2;ALAD;MGLL;DLST;ACADVL;CPT2;DHCR24;ACO2;ACOT2;IDH3B;ALDH9A1;S100A10;ALDOA;PPARA;CRYZ;SUCLG2;RETSAT;ALDH3A2;PCBD1;ACSL5;CRAT;HMGCS1;G0S2;GCDH;SMS;GRHPR;PRDX6;CD36;SLC22A5;MIF;GPD2;HSD17B11,age_changes_B_ABC_02202026
IL-6/JAK/STAT3 Signaling,0.01933632734530938,-0.3703617207045902,-1.648783200876562,LTB;IRF9;IL2RG;IL4R;CD38;CD9;PIM1;STAT2;TGFB1;IFNAR1;CD44;STAM2,age_changes_B_ABC_02202026
PI3K/AKT/mTOR  Signaling,0.023286759813705923,-0.3464862739504877,-1.6614536441519054,PTEN;IL2RG;VAV3;MKNK2;LCK;MAPK1;STAT2;AKT1;CSNK2B;PRKCB;GRK2;CXCR4;HRAS;PRKAG1;RIT1;NCK1;SLC2A1;UBE2N;ARPC3;SLA;CAB39;RIPK1;MAP2K3;ATF1;RPS6KA3;MKNK1,age_changes_B_ABC_02202026
Inflammatory Response,0.03756758654588863,0.3648206500229328,1.5897837442682996,CD70;IL2RB;MXD1;EMP3;ICAM1;CCL5;TIMP1;TNFSF9;IL15RA;RIPK2;IL10RA;TNFRSF1B;NAMPT;IL15;CHST2;CD82;CSF3R;BEST1;P2RX4;IFITM1;ACVR1B;RAF1;KLF6;FPR1;GPR132;IL10;CD48;CXCL8;C5AR1;CD14;EBI3;SCN1B;ADRM1;PLAUR;KIF1B;IL1B;IRAK2;SRI;P2RX7,age_changes_B_ABC_02202026
Androgen Response,0.04465978512744891,0.39196870890294977,1.5909755143669304,SGK1;IDI1;CDC14B;SAT1;ANKH;UBE2J1;ARID5B;CCND3;INSIG1;DHCR24;ZMIZ1;HSD17B14;CENPN;CCND1;PDLIM5;ITGAV;LMAN1;NKX3-1;ELL2;PLPP1;ACSL3;ADRM1;MAF;B4GALT1;HMGCS1;ABCC4;SMS;FADS1,age_changes_B_ABC_02202026
Pperoxisome,0.052079676052711646,0.3645221428842902,1.5157942505253639,TSPO;IDI1;ATXN1;PABPC1;YWHAH;ECI2;CDK7;MVP;GSTK1;DHCR24;ISOC1;PEX14;SLC35B2;ABCD2;ALDH9A1;RETSAT;ABCC5;STS;EPHX2;LONP2;ACSL5;CRAT;ABCD3;NUDT19;FADS1;FDPS;CNBP;HSD17B11,age_changes_B_ABC_02202026
Protein Secretion,0.057273014535496096,0.3629542338060834,1.5192188691444268,CD63;ATP1A1;PPT1;AP3S1;SCRN1;BNIP3;M6PR;RAB5A;ANP32E;GOLGA4;TMED2;DST;SSPN;LMAN1;YKT6;GLA;MON2;CTSC;ARFIP1;NAPG;AP2B1;SCAMP3;VAMP7;AP1G1;COG2;KIF1B;NAPA;VAMP3;OCRL;AP2M1;TMED10;ICA1,age_changes_B_ABC_02202026
Apoptosis,0.057720665683589634,0.335471938378154,1.4962645269305193,TSPO;ENO2;CASP1;RHOB;HSPB1;SAT1;TIMP1;HMGB2;PEA15;TXNIP;BMF;ANKH;PSEN2;FAS;PPT1;GPX4;PAK1;BCL2L2;FDXR;PDCD4;CCND1;CFLAR;DFFA;RETSAT;PTK2;ATF3;CTH;TGFB2;CASP9;PRF1;CD14;IER3;MCL1;SQSTM1,age_changes_B_ABC_02202026
Coagulation,0.0597369767371874,0.3915545648841739,1.5284384363500734,CAPN2;TIMP1;LGMN;CSRP1;ISCU;SERPINA1;CPQ;S100A13;USP11;PLEK;PREP;CRIP2;F8;FYN;MAFF;CASP9;MSRB2;CTSH;LRP1;ADAM9;PF4;DPP4;ANG;FURIN,age_changes_B_ABC_02202026
IL-2/STAT5 Signaling,0.06156998678591263,0.3250650749232875,1.479081663888431,SERPINB6;IL2RB;MXD1;RHOB;CD86;CDC42SE2;CA2;PLIN2;FGL2;IL10RA;TNFRSF1B;ODC1;RORA;GPX4;COCH;FLT3LG;RNH1;IRF8;CAPG;AHNAK;SLC1A5;GPR65;RRAGD;CCND3;SYT11;PRNP;P2RX4;MAP3K8;ITGAV;KLF6;TRAF1;SNX14;IL10;MAFF;BCL2;CYFIP1;CD48;TWSG1;CST7,age_changes_B_ABC_02202026
Complement,0.07390632680289305,0.32136434229854377,1.450588326663951,CASP1;CCL5;TIMP1;CA2;LGMN;CSRP1;SIRT6;S100A9;RCE1;SERPINA1;ATOX1;KLK1;L3MBTL4;FCN1;CPQ;S100A13;KYNU;PLEK;HSPA5;HSPA1A;GNGT2;RBSN;ANXA5;PREP;F8;FYN;RAF1;NOTCH4;FCER1G;GRB2;MAFF;SRC;CTSC;CASP9;CD46;CTSH;RNF4;DGKG;LRP1;AKAP10;CALM1;PLAUR;ADAM9;GZMB;CD59,age_changes_B_ABC_02202026
p53 Pathway,0.08021260391178234,0.3190541867747623,1.4343933149374857,S100A4;MXD1;CASP1;PVT1;SAT1;TXNIP;TNFSF9;TSPYL2;DDB2;CDKN2A;CCNK;FAS;ISCU;CCNG1;CYFIP2;STOM;CD82;CCND3;FDXR;RAD51C;KIF13B;BTG1;AEN;DDIT4;ACVR1B;S100A10;RPL36;GM2A;RETSAT;ABCC5;DCXR;ATF3;PLXNB2;ABHD4;RXRA,age_changes_B_ABC_02202026
KRAS Signaling Up,0.09098469727212243,-0.2773667771602525,-1.365649495203468,TSPAN13;IL2RG;ETS1;JUP;HDAC9;MTMR10;LAT2;IL7R;CXCR4;CLEC4A;CD37;GYPC;TRIB2;ENG;ADAM17;STRN;MAP3K1;ADAM8;ERO1A;EVI5;AMMECR1;YRDC;SATB1;GLRX,age_changes_B_ABC_02202026
TNF-alpha Signaling via NF-kB,0.09637665894249,0.30901164144277926,1.407028481634698,SGK1;MXD1;ICAM1;RHOB;SIK1;CCL5;SAT1;TNFSF9;IL15RA;RIPK2;NAMPT;TUBB2A;EIF1;RELB;PLPP3;ZFP36;KYNU;AREG;LITAF;ZC3H12A;PLEK;KLF9;CCND1;MAP3K8;PDLIM5;BTG1;CFLAR;DUSP4;KLF6;TRIP10;TRAF1;NFKB2;MAFF;IL6ST;TANK;NR4A2;ATF3;IER3;MCL1;SQSTM1;CEBPD;TNFAIP2;PLAUR;B4GALT1;IL1B;G0S2;EFNA1;DRAM1;BHLHE40,age_changes_B_ABC_02202026
mTORC1 Signaling,0.19085738361070148,0.28572313733065696,1.3187308902950252,IDI1;RPA1;HSPA9;LGMN;FGL2;NAMPT;HSPE1;CCNG1;MTHFD2;M6PR;SLC1A5;GAPDH;INSIG1;ASNS;FDXR;TUBG1;SLC7A5;DHCR24;PGK1;GPI;HSPA5;TXNRD1;UCHL5;DDIT4;YKT6;GLA;ACLY;ALDOA;DHCR7;CANX;CTSC;CYP51A1;CTH;CCT6A;ATP5MC1;ARPC5L;PSPH;SQSTM1;ACSL3;TPI1;HSPA4;BCAT1;NUP205;HMGCS1;BHLHE40;HMBS;UFM1;FADS1;SLC6A6;HK2,age_changes_B_ABC_02202026
Cholesterol Homeostasis,0.2076311354539709,0.3368687706887097,1.3008304220413123,IDI1;LGMN;FBXO6;ATF5;S100A11;ANXA5;DHCR7;SREBF2;ETHE1;CYP51A1;ATF3;ACSS2;GSTM2;ANTXR2;PLAUR;HMGCS1;CXCL16;ABCA2;FDPS;CHKA;ALDOC,age_changes_B_ABC_02202026
Interferon Gamma Response,0.24281589610775847,0.27676085610270446,1.271997031950677,IL18BP;IL2RB;CASP1;ICAM1;CD86;CCL5;TXNIP;IL15RA;RIPK2;TRIM14;FGL2;FAS;IL10RA;NAMPT;MT2A;IRF8;IL15;MTHFD2;MVP;SLAMF7;ARID5B;IRF5;ZNFX1;ITGB7;ISOC1;BTG1;CD274;SSPN,age_changes_B_ABC_02202026
Notch Signaling,0.3501330671989355,-0.3233391986021168,-1.137691308623526,LFNG;KAT2A;DTX1;RBX1;MAML2;HES1,age_changes_B_ABC_02202026
Estrogen Response Late,0.3538492147087049,0.27926286456171723,1.209286511520695,SGK1;CHPT1;SLC29A1;CA2;S100A9;SERPINA1;RAB31;RNASEH2A;ZFP36;PDCD4;SLC7A5;AREG;CCND1;XRCC3;GLA;ATP2B4;DHCR7;BCL2;DCXR;IL6ST;ALDH3A2;FAM102A;ARL3;RPS6KA2;ABCA3,age_changes_B_ABC_02202026
Myogenesis,0.43093006109121557,0.2624430493493044,1.1262903353172247,PKIA;PSEN2;RYR1;MEF2A;CHRNA1;TPM3;PRNP;SSPN;PFKM;DMPK;PLXNB2;DAPK2;MAPRE3;HDAC5;TNNI2;CRAT;ITGB1;SYNGR2;BHLHE40;SORBS3;SH2B1;CD36;FDPS;LSP1;CKB;PYGM;ENO3;CFD;AGL;HBEGF;SGCA;GNAO1;PDE4DIP;MYOM1;SVIL;CDH13;MYH3;TPM2;PGAM2;KLF5;SMTN;PDLIM7;FOXO4;TNNC2;CLU;ITGB4;AK1;FXYD1;SPARC;IGFBP7;APOD;MYLK;MYH11;PC;AGRN;MAPK12;ADCY9;MYLPF;AKT2;CNN3;TCAP,age_changes_B_ABC_02202026
Hypoxia,0.43484527624095,0.2634421500726335,1.1663297557062888,S100A4;ENO2;PLIN2;RORA;MT2A;ANXA2;GAPDH;CHST2;RRAGD;ZFP36;TGFBI;PGK1;GPI;HSPA5;SLC25A1;BTG1;DDIT4;KLF6;UGP2;MT1E;ALDOA;MAFF;BCL2;FBP1;ATF3;IDS;IER3;TPI1;PLAUR;EFNA1;NEDD4L;BHLHE40;NOCT;SLC6A6;PHKG1;GRHPR;HK2;CDKN1B;SDC3;MIF;ILVBL;ALDOC;TGM2;P4HA1;WSB1;GBE1;PYGM;PNRC1;PAM;ATP7A;ENO3,age_changes_B_ABC_02202026
Adipogenesis,0.4365915314935749,0.2551652396453477,1.1565500180044566,CD151;RAB34;MGST3;PLIN2;DHRS7;UBC;UQCRC1;GPX4;MGLL;SLC1A5;STOM;PDCD4;G3BP2;NDUFA5;COX8A;CPT2;CD302;ACO2;PEX14;SLC25A1;RNF11;SSPN;ACLY;ALDOA;DHCR7;RETSAT;SLC5A6;SLC19A1;TANK;CMPK1;EPHX2;NABP1;COQ3;CRAT;BCL2L13;MCCC1;CD36;RIOK3;RREB1;GPD2;ARAF;PHYH;NKIRAS1;NDUFS3;GBE1;SLC27A1;COX6A1;SUCLG1;NDUFB7;UQCR10;BAZ2A;IDH3A;QDPR;GRPEL1;HADH;GPAM;MAP4K3,age_changes_B_ABC_02202026
Apical Junction,0.4491558578350236,0.26438151963234424,1.1425186827654785,ICAM1;EPB41L2;CD86;NEXN;VCAN;WASL;YWHAH;LDLRAP1;JAM3;IKBKG;INSIG1;TUBG1;TGFBI;CD274;CD99;TRAF1;CTNNA1;PTK2;SRC;SYK;THBS3;AKT3;GTF2F1;CRAT;ADAM9;B4GALT1;ITGB1,age_changes_B_ABC_02202026
Mitotic Spindle,0.44929978659290537,0.24165360363044286,1.1263537879378813,ARHGAP5;EZR;EPB41L2;LLGL1;TUBGCP5;WASL;TLK1;MAPRE1;ARHGDIA;KATNB1;CLIP1;DYNC1H1;PDLIM5;CEP57;DST;PIF1;CNTROB;CDC27;BRCA2;ECT2;NUSAP1;HDAC6;WASF1;CENPE;DYNLL2;MYO9B;LMNB1;TPX2;FBXO5;CEP72;TUBGCP6;LATS1;PRC1;NOTCH2;ALS2;PXN;KIF1B;FLNA;PCM1,age_changes_B_ABC_02202026
KRAS Signaling Dn,0.4508110385506635,0.2843925025229038,1.134488816478899,SGK1;WNT16;SIDT1;RYR1;SLC25A23;CLSTN3;CHST2;PRKN;PLAG1;NR4A2;TGFB2;OXT;STAG3;DTNB;ASB7;SPHK2;FGGY;C5;CACNA1F;SLC29A3;MFSD6;MEFV;PDCD1;MAST3;MAGIX;PDK2;CELSR2;COPZ2;FGF22,age_changes_B_ABC_02202026
Xenobiotic Metabolism,0.46437750157994523,0.25141694895697836,1.1040175856567116,CA2;FAS;DHRS7;PTGES3;MT2A;IRF8;CYFIP2;SLC1A5;KYNU;HACL1;ACO2;PDLIM5;TMEM176B;ABCD2;ALDH9A1;NPC1;RETSAT;DCXR;FBP1;TGFB2;ENTPD5;PGD;CROT;BCAT1;SLC6A6;ABHD6;CD36;SSR3,age_changes_B_ABC_02202026
Unfolded Protein Response,0.5030707653416733,0.25273449188612673,1.0806631982785098,TSPYL2;HSPA9;EEF2;TUBB2A;MTHFD2;ASNS;DCTN1;SLC7A5;XPOT;HSPA5;EXOSC10;ZBTB17;DDIT4;ARFGAP1;ATF3;POP4;ATP6V0D1;PDIA5;NABP1;YWHAZ;NPM1;EIF4G1;DNAJC3,age_changes_B_ABC_02202026
UV Response Up,0.5066747809532726,0.24650544282461065,1.0710292207811503,ENO2;ICAM1;RHOB;CA2;PLCL1;PPT1;GRINA;SELENOW;CCND3;PPP1R2;ASNS;GGH;BTG1;NXF1;YKT6;CREG1;PARP2;ALDOA;EIF2S3;IL6ST;ATF3,age_changes_B_ABC_02202026
G2-M Checkpoint,0.513140385894877,-0.1980802420759678,-1.0480546140052829,LBR;SMARCC1;FOXN3;GSPT1;HIRA;CUL3;CTCF;SMAD3;SMC4;HNRNPD;MTF2;UBE2S;MAPK14;DR1;TGFB1;SLC12A2;NSD2;CKS2;CASP8AP2;SYNCRIP;CDC25B;PRPF4B;MYBL2;DDX39A;RBM14;SRSF2;DKC1;SFPQ;HIF1A;STMN1;CDKN2C;PML,age_changes_B_ABC_02202026
Allograft Rejection,0.5226985464503897,0.23258273010937364,1.0569997185010649,IL2RB;SRGN;ICAM1;CD86;CCL5;TIMP1;RIPK2;APBB1;CDKN2A;FAS;IRF8;IL15;CAPG;IL12A;GLMN;GPR65;CCND3;EIF3A;CXCR3;MAP4K1;CD247;HLA-DOA;IL10;TGFB2;FCGR2B;STAT4;PRF1;NCF4;KLRD1;GZMB;BCAT1;NPM1;IL1B;FLNA;MRPL3,age_changes_B_ABC_02202026
E2F Targets,0.5525813036182562,0.2239057387716927,1.0362250021317279,HMGB2;RPA1;CDKN2A;KPNA2;SRSF1;MTHFD2;SUV39H1;MCM5;RNASEH2A;GINS4;TUBG1;CNOT9;RAD51C;ANP32E;MXD3;TK1;RAD1;PSMC3IP;MLH1;CDK4;BRCA2;MCM6;POLA2;ASF1B;CENPE;CSE1L;LMNB1;ORC6;TCF19;SHMT1;PSIP1;CHEK1;NUP205;SSRP1;USP1;ORC2;POP7;CDKN1B;SLBP;POLE;CDCA8;BRMS1L;MCM7;KIF22;WDR90;DEK;ATAD2;PLK4;TRIP13;PHF5A;DUT;UNG;POLD1;NUP107;TUBB;DCLRE1B;LIG1;RACGAP1;BRCA1;XRCC6;GINS1;HMGB3,age_changes_B_ABC_02202026
Estrogen Response Early,0.5577206656835897,0.2369700540375322,1.0261711453089863,CHPT1;MAST4;RHOBTB3;RAB31;SNX24;SLC7A5;AREG;ISG20L2;CCND1;MYBBP1A;GLA;CANT1;DHCR7;BCL2;IL6ST;FAM102A;ARL3;MINDY1;RPS6KA2;ABCA3;SH3BP5;DYNLT3;B4GALT1;SYBU;IGF1R;BHLHE40;GAB2;KLF10;SLC22A5;AQP3;PPIF;CISH;TGM2,age_changes_B_ABC_02202026
Wnt-beta Catenin Signaling,0.5800898203592814,-0.26672637431762847,-0.9971334019534991,MAML1;KAT2A;TP53;NCOR2;ADAM17,age_changes_B_ABC_02202026
Glycolysis,0.6196018538024015,0.22029719929093367,0.9851111096846653,ENO2;GNPDA1;BPNT1;VCAN;LHPP;QSOX1;PKM;PLOD1;CHST2;RRAGD;TXN;TGFBI;PGK1;SRD5A3;HSPA5;MPI;DDIT4;ALDH9A1;UGP2;ALDOA;XYLT2;CTH;IER3;TPI1;B4GALT1;COG2;AK3;HK2;SDC3;MIF;PSMC4;ANG;PYGL;P4HA1;CHST6,age_changes_B_ABC_02202026
Myc Targets V1,0.6199161439822775,0.21265650155819646,0.9931024430953096,GLO1;PABPC1;KPNA2;PTGES3;ODC1;SNRPA;HSPE1;SRSF1;U2AF1;AP3S1;MCM5;NCBP2;EIF1AX;MRPL9;XPOT;CAD;PGK1;PABPC4;HNRNPA1;SNRPA1;CLNS1A;CDK4;FBL;CANX;TUFM;MCM6;SNRPD2;EEF1B2;SLC25A3;HSP90AB1;NPM1;PSMA6;USP1;CUL1;HNRNPA3;ORC2;RNPS1;BUB3;CNBP;PSMC4;PHB;MCM7;SF3A1;TOMM70;CSTF2;DEK;EIF4E;ACP1;RPL14;DUT;YWHAQ;HSPD1,age_changes_B_ABC_02202026
Apical Surface,0.6649663635691581,-0.26704395913772166,-0.9358946300356109,IL2RG;SULF2;NCOA6;LYN;ADAM10,age_changes_B_ABC_02202026
Oxidative Phosphorylation,0.6670002106593639,0.19808510265507814,0.9303446164186232,MGST3;NQO2;HADHA;HSPA9;ISCU;UQCRC1;GPX4;UQCRB;SUPV3L1;TCIRG1;DLST;NDUFC1;MPC1;NDUFA5;COX8A;ACADVL;ACO2;MRPS15;GPI;IDH3B;ACAT1;OPA1;MFN2;RETSAT;COX4I1;NDUFS7;ATP5MC1;NDUFA6;SLC25A3;OGDH;MRPL35;COX5B;NDUFA3;MTRR;UQCRH;COX10;LDHB;GLUD1;NDUFS1,age_changes_B_ABC_02202026
UV Response Dn,0.6675339759392845,0.22193947709132103,0.9218991886989717,ATXN1;NR1D2;MAP1B;ANXA2;SLC22A18;PLPP3;MGLL;INSIG1;ZMIZ1;PEX14;PDLIM5;FYN;ATP2B4;MT1E;RXRA;AKT3;DAB2;NOTCH2;IGF1R;SRI;BMPR1A;BHLHE40;CDKN1B;AGGF1,age_changes_B_ABC_02202026
heme Metabolism,0.6736950290773759,0.21527932189301158,0.9531645097827648,OPTN;PRDX2;MGST3;CA2;NUDT4;ALAD;CCND3;ADD2;ASNS;ATG4A;CAST;RAD23A;TMEM9B;CDC27;MKRN1;HEBP1;ADIPOR1;ELL2;CIR1;VEZF1;LRP10;ERMAP;DAAM1;HMBS;GCLM;DCAF11;SYNJ1;MFHAS1;ANK1;E2F2;AQP3;RIOK3;RNF19A;EPOR,age_changes_B_ABC_02202026
Hedgehog Signaling,0.6775176891906963,0.30956541551409933,0.9429298284926417,L1CAM;NRP2;TLE3,age_changes_B_ABC_02202026
Reactive Oxygen Species Pathway,0.6854554756387492,0.25340734398020714,0.930644995808742,PRDX2;ATOX1;GPX4;TXN;PRNP;TXNRD1;FTL,age_changes_B_ABC_02202026
Spermatogenesis,0.740190480414223,0.22745490524031126,0.8766348631398247,PEBP1;DBF4;JAM3;RPL39L;SPATA6;NPHP1;PHF7;PARP2;CCT6B;IL12RB2;CLPB;TOPBP1;RAD17;POMC;TSN;MLF1;ACE;AURKA;SLC2A5;SHE;MAP7;HSPA1L;GSTM3;IDE;PSMG1,age_changes_B_ABC_02202026
Pancreas Beta Cells,0.7846806387225549,-0.3019211325915063,-0.8501808504695527,FOXO1;SEC11A,age_changes_B_ABC_02202026
Myc Targets V2,0.8465535587928679,0.20931598449313643,0.8048408032990285,HSPE1;MCM5;SUPV3L1;MYBBP1A;PES1;CDK4;PPRC1;SLC19A1;WDR74;NPM1;HK2;GRWD1;TFB2M;PHB;PLK4;HSPD1;UNG;FARSA;LAS1L,age_changes_B_ABC_02202026
DNA Repair,0.882294080471877,0.1701977541997979,0.7651288261440372,DDB2;TAF6;GPX4;RFC5;CSTF3;EIF1B;NCBP2;USP11;POLR2E;POLB;NELFE;TMED2;SNAPC5;EDF1;SMAD5;CANT1;DDB1;POLA2;GTF2F1;TAF13;DCTN4;ADRM1;SEC61A1;AK3;GTF2H3;SSRP1;SUPT5H;DGUOK;RAD52;ELL;POLR2A;POLD4;TARBP2;GUK1;NFX1;DUT;POLD1;ERCC3;POLA1;LIG1,age_changes_B_ABC_02202026
Apoptosis,0.039802042750342215,0.4314387127604261,1.6580192314325972,CFLAR;GPX4;PDCD4;TXNIP;MGMT;SQSTM1;IL6;BCL10;PLCB2;DNM1L;DAP;EBP;ETF1;HSPB1;CYLD;PEA15;HMGB2;MCL1;RHOB;CASP1;TIMP1;TAP1;PPT1;BCL2L11;SOD1;CDKN1B;TSPO;PAK1;BIRC3;RNASEL;GCH1;BTG2;CD14;GSN;BCL2L1;DAP3;ANKH;NEDD9;IRF1,age_changes_B_ISGhi_02202026
Pperoxisome,0.040749710434874166,0.44012780925989925,1.6068910171645376,CNBP;MVP;CAT;ACSL5;IDI1;BCL10;PABPC1;HSD17B11;IDE;SIAH1;PEX14;SOD1;ECI2;TSPO;HSD17B4;ABCB1;LONP2;YWHAH;ERCC3;ABCD3;CLN8;PEX5;ALDH9A1;ABCC5;CLN6;CDK7;ACOX1;PRDX5;ACSL4;SLC23A2;SLC35B2;SLC25A4;PEX13;SOD2,age_changes_B_ISGhi_02202026
Myc Targets V1,0.07320732863009372,0.38249230551963026,1.5065620656423953,CNBP;PWP1;EIF1AX;FBL;EIF4G2;PSMD1;SNRPA1;SLC25A3;HNRNPU;PABPC4;HSP90AB1;MCM5;KPNB1;HNRNPC;NPM1;PTGES3;ETF1;PABPC1;TOMM70;UBE2L3;U2AF1;HNRNPA1;PRPF31;UBA2;PSMD14;CANX;NCBP2;YWHAE;CCT3;AP3S1;CCT7;ODC1;SF3A1;PSMB3;C1QBP;EIF3D;HSPD1;ILF2;PSMB2;EIF3B;DDX21;TRA2B;DEK;HDDC2;STARD7;GOT2;XRCC6;EIF4H;PSMC4;POLD2;SNRPA,age_changes_B_ISGhi_02202026
Bile Acid Metabolism,0.07865641781615247,0.43365672589451976,1.530615294045562,CAT;ACSL5;IDI1;OPTN;HSD17B11;SOD1;HSD17B4;PEX26;PECR;LONP2;ABCD3;EFHC1;PEX19;SLC27A5;ALDH9A1;PAOX;PEX1;CROT;PHYH;PRDX5;NUDT12;SLC23A2;SLC35B2;PEX13;ABCA5;PEX6;HACL1,age_changes_B_ISGhi_02202026
Adipogenesis,0.15977677161208803,0.36561927414527634,1.4233193147662866,TANK;GPX4;PDCD4;CAT;MGST3;ALDOA;CS;COX8A;JAGN1;STOM;MTCH2;PREB;SDHB;BAZ2A;UQCRQ;G3BP2;NABP1;UBC;ACADM;GBE1;ECHS1;MRPL15;PEX14;SOD1;PLIN2;PGM1;DLD;ACAA2;MCCC1;LPCAT3;NDUFB7;ETFB;TKT;AIFM1;ATP1B3;TALDO1;GPAT4;PEMT;RMDN3;SAMM50;SSPN;DLAT;GRPEL1;SLC5A6;UCK1;GADD45A,age_changes_B_ISGhi_02202026
TGF-beta Signaling,0.16019417475728157,-0.19233445014561742,-1.2908926796699742,SKIL;PPP1CA;TRIM33;CDK9;TGFB1;SPTBN1;PMEPA1;ARID4B;FNTA,age_changes_B_ISGhi_02202026
Oxidative Phosphorylation,0.16363062019585134,0.35701873334104955,1.4036931059015598,COX17;COX7A2L;NDUFB5;GPX4;OGDH;MPC1;SLC25A3;ATP5PD;TIMM9;MGST3;NDUFB1;NDUFA4;DLST;COX5B;TOMM70;CS;COX7A2;NDUFC1;COX8A;ATP6V1C1;SUPV3L1;MTRF1;ETFA;HADHB;OXA1L;SDHB;NDUFA3;HTRA2;UQCRQ;ATP5F1A;MTX2;UQCRB;FH;ATP5MC1;ACADM;ECHS1;ATP6V1H;MRPL15;PMPCA;ACADSB;MFN2;PDP1;COX7C;NDUFS1;DLD;ACAA2;LDHB;NDUFB7;GOT2;ETFB;AIFM1;DLAT;RHOT1;NNT;TOMM22;IDH3B;GRPEL1;ISCU;MDH1;NDUFA6,age_changes_B_ISGhi_02202026
p53 Pathway,0.1987259134463515,0.3456085613808543,1.3361334136516092,S100A4;S100A10;TXNIP;RPS27L;RCHY1;PPM1D;SESN1;SEC61A1;SERTAD3;CD82;CCNK;DDIT4;TRAFD1;STOM;PVT1;TAX1BP3;AEN;CCND3;TSPYL2;CASP1;ERCC5;TAP1;FAM162A;MAPKAPK3;PRKAB1;BTG1;ZBTB16;GM2A;HDAC3;LDHB;BTG2;ANKRA2;RAP2B;WWP1;ABCC5;ISCU;GADD45A;ABAT;CTSF;CTSD;KIF13B;ABHD4;TRIB3;PRMT2;CYFIP2;FOXO3;DGKA;PTPRE;BAX;DEF6;HMOX1,age_changes_B_ISGhi_02202026
Reactive Oxygen Species Pathway,0.2187006423080973,0.38782695725952454,1.3368287308657905,GPX4;TXN;CAT;SELENOS;STK25;MSRA;PRDX6;SOD1;PRNP;PRDX2;LSP1;ERCC2;OXSR1;SCAF4;NDUFA6;GLRX2;GLRX;TXNRD2;ATOX1,age_changes_B_ISGhi_02202026
Fatty Acid Metabolism,0.23398776647170877,0.34495524146002265,1.3099887667325534,LGALS1;S100A10;ACSL5;IDI1;CRYZ;ALDOA;DLST;HSD17B11;HADHB;PRDX6;ODC1;GCDH;FH;ACSM3;ACADM;ECHS1;PSME1;ECI2;MIF;HSD17B4;DLD;ACAA2;NSDHL;YWHAH;ERP29;D2HGDH;ALDH9A1;IDH3B;CA2;MDH1;CBR1;HMGCS1;ALDH3A2;ALAD;APEX1;ACOX1;NBN;ACSL4;ENO2;CPT1A;BLVRA;ETFDH;ACAT2;ECI1;HSD17B7;BPHL;SUCLG2;ADIPOR2;CPOX;MDH2;HADH;UGDH;HSD17B10;METAP1;SUCLA2,age_changes_B_ISGhi_02202026
Hypoxia,0.2356138780667579,0.35379303160651443,1.3421551512337573,S100A4;GAPDH;BCL2;IL6;TNFAIP3;ALDOA;DDIT4;ANXA2;KLF6;FAM162A;GBE1;LARGE1;MIF;CDKN1B;PLIN2;ZFP36;BTG1;CITED2;PGM1;WSB1;NAGK;HSPA5;GYS1;AMPD3;UGP2;PIM1;GALK1;P4HA1;GAA;DUSP1;SLC2A5;GPI;ILVBL;PNRC1;FOXO3;TPI1;GLRX;PRDX5;CHST2;HMOX1;ALDOC;ENO2;IDS;KLF7;MT2A;NEDD4L;GCNT2,age_changes_B_ISGhi_02202026
Glycolysis,0.23802253343160998,0.34185860101986426,1.2997933760844385,TXN;AK3;ALDOA;DDIT4;PGAM1;NDUFV3;MPI;PKM;FAM162A;SOD1;MIF;CITED2;GMPPA;DLD;GOT2;TALDO1;NSDHL;PSMC4;AGL;HSPA5;TSTA3;PHKA2;ALDH9A1;GYS1;NASP;UGP2;RPE;CLN6;MDH1;TPST1;GALK1;P4HA1;B4GALT4;TPI1;GLRX;GALK2;PYGB;CHST2;B3GAT3;LHPP;CHPF2;ENO2;CD44;PAXIP1;MED24;AKR1A1;MDH2;GNPDA1;FKBP4;COG2;GMPPB;GLCE;QSOX1;IL13RA1;VCAN;PPIA;EXT2;GOT1;SLC16A3;BPNT1,age_changes_B_ISGhi_02202026
DNA Repair,0.26263932971314247,0.3458521777480024,1.3444022392612602,COX17;ARL6IP1;EIF1B;GPX4;USP11;NME3;VPS28;AK3;POLR2E;SEC61A1;SNAPC4;GTF2H3;ELL;AAAS;EDF1;ADRM1;POLR1D;MPC2;NCBP2;GTF3C5;ERCC5;POLL;ITPA;RALA;GTF2A2;TAF9;CETN2;NFX1;POLD4;TARBP2;SRSF6;ERCC3;POLA1;NUDT21;POLR2I;ERCC2;POLR2J;POLR2K;SDCBP;NME1;GTF2H1;RRM2B;GTF2F1;NELFB;HCLS1;ERCC4;TMED2;VPS37B;DAD1;GMPR2,age_changes_B_ISGhi_02202026
Epithelial Mesenchymal Transition,0.30758585417951534,0.35300492128945593,1.2552790288208804,LGALS1;VIM;COPA;IL6;TNFAIP3;ITGB1;RHOB;TIMP1;IL15;LAMC1;GADD45A;PPIB;IL32;COLGALT1;SGCB;CD59;EMP3;ENO2;CD44;CALU;FLNA;FAS;P3H1;FUCA1;MEST;QSOX1;VCAN,age_changes_B_ISGhi_02202026
TNF-alpha Signaling via NF-kB,0.30846583131515215,0.3231528043979252,1.240192069909698,CFLAR;TANK;SQSTM1;IL6;CCNL1;TNFAIP3;KYNU;EIF1;SNN;SLC2A6;PLEK;NFKBIE;IFIH1;MCL1;RHOB;KLF6;PDLIM5;TAP1;DNAJB4;ZFP36;MARCKS;TGIF1;BTG1;BIRC3;NFKBIA;CCL4;GCH1;BTG2;CD83;IRF1;KLF10;CCL5;GADD45A;KDM6B;PER1;PANX1;IER2;DUSP1,age_changes_B_ISGhi_02202026
KRAS Signaling Dn,0.3087378640776699,-0.20712192896266213,-1.3110838340684368,TCL1A;SKIL;TENT5C;IFI44L,age_changes_B_ISGhi_02202026
Coagulation,0.31127238561165066,0.37132146928968557,1.2624458600546316,CTSH;CAPN2;USP11;CTSB;PLEK;CSRP1;TIMP1;ARF4;GSN;FYN;ISCU,age_changes_B_ISGhi_02202026
Spermatogenesis,0.3246077708750132,0.35829201282685025,1.2418188914166703,ZC3H14;PRKAR2A;IDE;PSMG1;TOPBP1;PHF7;DBF4;TALDO1;IFT88;RAD17;SLC12A2;COIL;SLC2A5;STAM2;IP6K1;PHKG2;SIRT1;JAM3;VDAC3;PARP2;PIAS2;CSNK2A2;NF2;MTOR;CLPB;RFC4,age_changes_B_ISGhi_02202026
Protein Secretion,0.38364746762135404,0.32131578734775157,1.1975771538883682,VAMP3;ERGIC3;LMAN1;CD63;DNM1L;ARFIP1;RER1;ANP32E;AP3S1;ARCN1;PPT1;ATP6V1H;CTSC;SOD1;AP2M1;TMX1;YIPF6;M6PR;COPB1;ARFGEF1;SSPN,age_changes_B_ISGhi_02202026
Cholesterol Homeostasis,0.38475307991997476,0.3405442058198795,1.2049849295140456,SREBF2;IDI1;EBP;SQLE;S100A11;ALCAM;PMVK;ATF5;NSDHL;STARD4;CYP51A1;HMGCS1;TRIB3;PNRC1;ALDOC;CTNNB1;ACSS2;TM7SF2;GSTM2;ACAT2;HSD17B7;FABP5;ANTXR2;TMEM97;ATXN2;LGALS3,age_changes_B_ISGhi_02202026
mTORC1 Signaling,0.41243495175761874,0.3006573208559572,1.1805837945675528,RPA1;GAPDH;SQSTM1;UBE2D3;IDI1;EBP;ETF1;HSP90B1;ALDOA;STIP1;SSR1;DDIT4;PSMD14;CANX;CALR;SQLE;HMBS;PSMG1;ACTR2;PITPNB;ATP5MC1;GBE1;CTSC;RAB1A;HSPD1;XBP1;PGM1;M6PR;SORD;BTG2;PSMC4;HSPA5;STARD4;UFM1;CYP51A1;SERP1;HMGCS1;P4HA1;TRIB3;ATP2A2;GTF2H1;SDF2L1;NFYC;NUFIP1;GPI;TCEA1;TPI1;DAPP1;GLRX;HSPA9;TOMM40;SLC9A3R1;EDEM1;GLA;NUP205;HPRT1;ACLY;EEF1E1;TM7SF2;PSPH;GSK3B;QDPR,age_changes_B_ISGhi_02202026
Unfolded Protein Response,0.47653469516689484,0.3034342011518044,1.1539132138683814,FUS;SHC1;NPM1;MTREX;EXOC2;HSP90B1;SSR1;DDIT4;CALR;EIF4EBP1;PREB;TSPYL2;CKS1B;NABP1;EXOSC5;XBP1;POP4;YWHAZ;EXOSC10;HSPA5;DCTN1;XPOT;ZBTB17;EEF2;SERP1;GEMIN4;SPCS3;PAIP1,age_changes_B_ISGhi_02202026
UV Response Up,0.5026248890627115,0.300149660428603,1.1389008293240208,SQSTM1;HNRNPU;IL6;PPIF;ALDOA;STIP1;STK25;ATP6V1C1;RHOB;CCND3;TAP1;PPT1;TMBIM6;BCL2L11;PRKCD;HLA-F;BTG1;ABCB1;DDX21;NFKBIA;GCH1;BTG2;SIGMAR1;DNAJB1;IRF1;CA2;GRPEL1;PPAT;APOM;HMOX1;ENO2;RASGRP1;SLC25A4;LYN;SOD2;NUP58;PARP2;RAB27A;CLTB;IL6ST;NXF1;FKBP4;CYB5R1;TFRC;AMD1;SELENOW;ATP6V1F;CNP;HSPA13;FURIN;BSG,age_changes_B_ISGhi_02202026
Interferon Gamma Response,0.6056458020236055,0.27988594690516344,1.1017290377375415,TAPBP;MVP;ZNFX1;TXNIP;PSME2;PELI1;STAT3;IL6;HIF1A;P2RY14;TRIM14;TNFAIP3;CD86;TRIM25;TRAFD1;IFIT3;IFIH1;STAT1;CASP1;PSMB10;TAP1;OAS3;IL18BP;PSME1;DDX60;BTG1;PSMB2;NFKBIA;APOL6;DHX58;GCH1;ZBP1;HLA-DQA1;IL15;SSPN;IRF1;PARP12;CCL5;PIM1;TDRD7;PML;RNF213,age_changes_B_ISGhi_02202026
Xenobiotic Metabolism,0.616519633202247,0.2878558052334675,1.0914949108431022,CAT;KYNU;PTGES3;AHCY;PDLIM5;SPINT2;PSMB10;PGD;TMBIM6;DHRS1;AP4B1;GART;GCH1;PEMT;GSS;ALDH9A1;CA2;CBR1;TPST1;ASL;ATP2A2;CROT;CYFIP2;ACOX1;TKFC;PINK1;HMOX1;LONP1;DHRS7;HPRT1;MT2A;GCNT2;NFS1;GSTM4;ETFDH;BPHL;HACL1;IRF8;UGDH;SLC35D1;FAS;SLC46A3;TMEM97;PMM1,age_changes_B_ISGhi_02202026
heme Metabolism,0.6446597171036468,0.2726335959600389,1.053934634614448,CAT;TFDP2;MKRN1;KAT2B;CTSB;OPTN;MGST3;CAST;CDC27;USP15;HMBS;HTRA2;CCND3;NFE2L1;PPOX;FBXO7;SLC10A3;GDE1;BTG2;SLC25A38;PRDX2;NUDT4;PICALM;HBB;FBXO9;RCL1;NNT;CA2;RANBP10;DAAM1;SDCBP;PSMD9;HAGH;EPB41;ALAD;CCDC28A;LRP10;TCEA1;FOXO3;GAPVD1,age_changes_B_ISGhi_02202026
Myc Targets V2,0.6509718858586923,0.29745360701863766,1.0662587647944466,NDUFAF4;MCM5;NPM1;SUPV3L1;EXOSC5;NIP7;HSPD1;SORD;TCOF1;PRMT3;RCL1;CDK4;FARSA;TFB2M;RRP12;MRTO4;NOP16;CBX3,age_changes_B_ISGhi_02202026
Allograft Rejection,0.6520318157150842,0.2724590671995697,1.0590139170108765,SRGN;TAPBP;WAS;IL6;HIF1A;BCL10;NPM1;FCGR2B;CD86;STAT1;CXCR3;CCND3;GBP2;UBE2D1;TIMP1;FYB1;PSMB10;TAP1;EIF4G3;UBE2N;MTIF2;LY75;EIF3D;NCF4;CCL4;HLA-DQA1;GCNT1;MRPL3;IL15;SPI1,age_changes_B_ISGhi_02202026
Complement,0.6612746130356956,0.27667704970378776,1.0710457573353531,CTSH;WAS;S100A9;IL6;TNFAIP3;KYNU;CTSB;RBSN;PLEK;VCPIP1;USP15;RNF4;RHOG;CSRP1;CASP1;TIMP1;CTSC;PRKCD;SIRT6;PDP1;RAF1;HSPA5;PIK3R5;S100A12;L3MBTL4;IRF1;FYN;AKAP10;CA2;CCL5;PIM1;CTSD;CD46;LCP2;LIPA;FCER1G,age_changes_B_ISGhi_02202026
Hedgehog Signaling,0.6718446601941748,-0.2307571087842472,-0.8722008094457026,TLE1;TLE3;CDK6;LDB1;MYH9;L1CAM;NF1;DPYSL2;AMOT,age_changes_B_ISGhi_02202026
IL-2/STAT5 Signaling,0.8230832292904526,0.2535853560310933,0.9939938879943164,GPX4;CDC42SE2;BCL2;CD86;AHCY;DCPS;CD48;ALCAM;RHOB;KLF6;CCND3;ODC1;FAM126B;POU2F1;XBP1;PLIN2;PRNP;ABCB1;MYO1C;BCL2L1;SERPINB6;SWAP70;CD83;MYO1E;CA2;PIM1;IL2RA;CKAP4;P4HA1;PLAGL1;TTC39B;GBP4;CD44;HIPK2;PTRH2;FLT3LG;LRRC8C;PLEC;RORA;DENND5A;MXD1;ETFBKMT;AGER;PRKCH;BATF;IRF8;IL10RA;FGL2;UMPS;IGF2R;CCND2;LRIG1;NDRG1;ADAM19;UCK2;IKZF2;BMPR2;FURIN;CST7;COCH;GALM;PLPP1,age_changes_B_ISGhi_02202026
UV Response Dn,0.8328776150023607,0.2605960617299926,0.9644296913468109,MGMT;MRPS31;MAP2K5;ANXA2;PDLIM5;AGGF1;NR1D2;PEX14;CDKN1B;TOGARAM1;CITED2;GCNT1;PRDM2;SCAF8;FYN;LAMC1;SIPA1L1;DUSP1;SFMBT1,age_changes_B_ISGhi_02202026
Mitotic Spindle,0.8403601137201221,0.2506874063864614,0.9709675502874412,EZR;MAP3K11;CDC27;KIF3B;TLK1;ARHGAP27;DOCK2;YWHAE;PDLIM5;BCL2L11;DYNC1H1;ARHGEF3;KLC1;TSC1;TUBGCP2;MARCKS;ARHGEF2;ACTN4;PPP4R2;CYTH2;ARFGEF1;GSN;NEDD9;MYO1E;RHOF;TUBD1;CLASP1;CLIP1;GEMIN4;MAPRE1;SYNPO;EPB41;PCM1;CEP192;RASA1;KIFAP3;FLNB;AKAP13;NDC80;SASS6;PCNT;BRCA2;PXN;LLGL1;KATNA1;TAOK2;TUBGCP5;MYO9B;RANBP9;FLNA;WASL;CSNK1D;SPTAN1;PCGF5;ARFIP2,age_changes_B_ISGhi_02202026
G2-M Checkpoint,0.8627697312763014,0.24843956860607777,0.9730929706770872,HNRNPU;HIF1A;MCM5;KPNB1;CDC27;HUS1;RAD21;HSPA8;SQLE;CUL4A;EWSR1;CKS1B;ODC1;DBF4;HMGN2;CCNT1;CDKN1B;CHAF1A;MARCKS;TRA2B;ATF5;CDK4;SMC2;ILF3;WRN;NASP;SRSF10;ARID4A;SYNCRIP;PML;SLC12A2;SNRPD1;POLE;CUL5;NDC80;MAP3K20;G3BP1;MT2A;BRCA2;RBL1;UPF1;KATNA1;CBX1;PURA;POLA2;TACC3;KNL1;KIF22;SS18;RPS6KA5;FOXN3;AMD1;MYBL2;SMARCC1;MCM2;UCK2;KMT5A;ORC6;GSPT1;ABL1,age_changes_B_ISGhi_02202026
Inflammatory Response,0.869413307551667,0.24692230627214196,0.933177633078399,TAPBP;IL6;HIF1A;SELENOS;CD82;ADRM1;CD48;RHOG;KLF6;TIMP1;NFKBIA;GCH1;BTG2;RAF1;CD14;IL15;PIK3R5;IRF1;LTA;CCL5;LCP2;ATP2A2;EBI3;PTPRE;CHST2;EMP3;TLR1;RASGRP1;LYN;RNF144B;MXD1;IL15RA,age_changes_B_ISGhi_02202026
PI3K/AKT/mTOR  Signaling,0.8754080235863957,0.2521820799507411,0.9405941882938005,SQSTM1;UBE2D3;PRKAR2A;HSP90B1;PTPN11;PIKFYVE;CALR;MAPKAP1;ACTR2;ITPR2;THEM4;UBE2N;AP2M1;CDKN1B;MKNK1;ATF1;RAF1;CDK4;RPTOR,age_changes_B_ISGhi_02202026
Myogenesis,0.9135516478888069,0.24747975926209834,0.905340482225341,ITGB1;HDAC5;LARGE1;PRNP;FHL1;TNNI2;MYO1C;AGL;GSN;LSP1;SSPN;CNN3;PDLIM7;SH2B1;GAA;MEF2D;FLII;AEBP1;FXYD1,age_changes_B_ISGhi_02202026
IL-6/JAK/STAT3 Signaling,0.9252485747378871,0.24973967957083507,0.8895635390734093,STAT3;IL6;PTPN11;STAT1;CD14;PIK3R5;IRF1;PIM1;IL2RA;STAM2;EBI3;IL12RB1;HMOX1;SOCS3;CD44;CSF2RB;IL15RA;IL6ST;IL10RB;FAS;IL17RA;IL7;IL13RA1;PF4,age_changes_B_ISGhi_02202026
Interferon Alpha Response,0.9278193113614825,0.23390793234541984,0.8762477114228545,TXNIP;PSME2;TRIM14;TRIM25;TMEM140;TRAFD1;IFIT3;IFIH1;GBP2;CASP1;TAP1;PSME1;DDX60;NCOA7;DHX58;UBA7;IL15;IRF1;PARP12;TDRD7,age_changes_B_ISGhi_02202026
Wnt-beta Catenin Signaling,0.9822049068126777,0.18502856569714304,0.5809700099238558,HDAC5;SKP2;AXIN1;CTNNB1;CSNK1E;CCND2;HDAC2;PSEN2;KAT2A;PPARD;TCF7;NOTCH1;FRAT1,age_changes_B_ISGhi_02202026
E2F Targets,0.9964085386850471,0.20902102367141864,0.8234882374488456,RPA1;PPM1D;MCM5;PSIP1;HUS1;RAD21;HMGB2;ANP32E;BRMS1L;EXOSC8;CKS1B;RAD1;CDKN1B;TRA2B;CBX5;DEK;XRCC6;CSE1L;POLD2;NUDT21;RAD51AP1;CDK4;ILF3;NASP;PHF5A;ORC2;SYNCRIP;NUP153;NME1;UBR7;POLE;NBN;ING3;NUP205;RAD50;BRCA2;ZW10;AK2;POLA2;RFC3;TACC3;CHEK2;NCAPD2;WEE1;GINS4;SHMT1;KIF22;PRDX4;CTPS1;MSH2;POLD1;TFRC;MLH1;MYBL2;SMC3;MCM2;RBBP7;ORC6;TIPIN;GSPT1;TUBB;RNASEH2A;MTHFD2;POLD3;MMS22L;RAN;HELLS,age_changes_B_ISGhi_02202026
Estrogen Response Late,0.9965473861551847,0.21292868260648126,0.8051735517607523,PDCD4;S100A9;BCL2;PPIF;DNAJC1;CHPT1;DYNLT3;LSR;LARGE1;XBP1;ZFP36;JAK1;SORD;ETFB;TSTA3;CA2;ALDH3A2;SLC2A8;ITPK1;FLNB;SLC9A3R1;RBBP8;GLA;HPRT1;SERPINA1;CD44;NXT1;ATP2B4;IL6ST;BATF;FABP5;FKBP5;UGDH;FKBP4,age_changes_B_ISGhi_02202026
Androgen Response,1.0,0.19440956958225145,0.7037968255463105,LMAN1;IDI1;APPBP2;ADRM1;RAB4A;CCND3;PDLIM5;SORD;XRCC6;UAP1;ANKH;HMGCS1;SPCS3;NGLY1,age_changes_B_ISGhi_02202026
Apical Surface,1.0,0.22657825720490438,0.6423033950287036,HSPB1;CRYBG1;ADAM10;LYN;AKAP7;ADIPOR2;FLOT2,age_changes_B_ISGhi_02202026
KRAS Signaling Up,1.0,0.17252446289414325,0.6499735483993034,TNFAIP3;PRELID3B;AMMECR1;GALNT3;DOCK2;FBXO4;LAPTM5;EVI5;ADAM8;BIRC3;ABCB1;ENG;ANKH;CA2;MMD;FCER1G;CROT;CCSER2;GLRX;SDCCAG8;KCNN4;ATG10;PPBP;CDADC1;IRF8;IL10RA;TOR1AIP2;FUCA1;WDR33;LCP1;BPGM;CCND2;PTCD2;IL7R,age_changes_B_ISGhi_02202026
Notch Signaling,1.0,0.1985992478181146,0.5887777426349228,APH1A;DTX2;PSENEN,age_changes_B_ISGhi_02202026
Estrogen Response Early,1.0,0.18107108917032871,0.6746124107308413,BCL2;INPP5F;PPIF;SLC39A6;CHPT1;DYNLT3;XBP1;NADSYN1;KLF10;ABAT;SYNGR1;MAST4;ITPK1;RRP12;FLNB;PMAIP1;SLC9A3R1;RBBP8;AKAP1;GLA;RASGRP1;CD44;NXT1;MED24,age_changes_B_ISGhi_02202026
Apical Junction,1.0,0.1989856601623816,0.7470664823033378,VASP;NEXN;SHC1;MSN;ITGB1;CD86;FYB1;EXOC4;TSC1;RSU1;CD99;ACTN4;YWHAH;RHOF;CTNNA1;SGCE;GTF2F1;RASA1;PTK2;PIK3CB;PLCG1;JAM3;STX4;MAP3K20;TAOK2;VAV2;WASL;HADH;GAMT;CNN2;NF2;EPB41L2;RRAS;VCAN;CTNND1;VCL;LDLRAP1,age_changes_B_ISGhi_02202026
Interferon Alpha Response,0.0006892095627826836,-0.48814421806640657,-2.088084900004254,LGALS3BP;SAMD9L;LY6E;ISG15;IFI30;IRF7;OAS1;IRF9;USP18;UBE2L6;SAMD9;EPSTI1;CMPK2;IL4R;SELL;PARP14;IFI44L;PSMB8;IFI44;CD47;DDX60;IFI35;RSAD2;MX1;CNP;PLSCR1;HERC6;HELZ2;SP110;IFIT3;LAP3;SLC25A28;TENT5A;NMI;PSME2;MOV10;STAT2;MVB12A;RTP4;IFIT2;TRIM5;PARP9;IFITM2,age_changes_B_memory_02202026
Cholesterol Homeostasis,0.02983012880343476,0.4228253158307366,1.6520567014420842,ATF5;LGALS3;SREBF2;TP53INP1;ANXA5;ETHE1;LGMN;DHCR7;S100A11;ALCAM;PLAUR;ACSS2;CXCL16;CYP51A1;CTNNB1;ACAT2;PNRC1;ATF3;MVK;EBP;PMVK;LSS;MVD;CLU;GLDC;ERRFI1;IDI1;FABP5,age_changes_B_memory_02202026
Complement,0.030718685831622173,0.35030283704026094,1.6169591577083495,CCL5;LGALS3;CTSH;TIMP1;KCNIP2;F8;ANXA5;PRDM4;KYNU;LGMN;S100A9;FCN1;CD59;DGKG;LCP2;S100A12;CASP1;HSPA5;CDA;PIK3R5;SERPINA1;GZMB;CSRP1;RHOG;ANG;PDP1;GZMK;EHD1;RNF4;PLAUR;HSPA1A;RBSN;ATOX1;USP14;PHEX;S100A13;ITGAM;LRP1;FCER1G;L3MBTL4,age_changes_B_memory_02202026
Bile Acid Metabolism,0.03850413788812146,0.4031203307200021,1.6543431960964363,ATXN1;GSTK1;NR3C2;PHYH;ABCA6;ABCA5;EPHX2;ABCD2;HSD17B11;PEX11A;ALDH9A1;SLC29A1;ACSL1;SOD1;PFKM;RXRA;OPTN;DHCR24;HSD3B7;FDXR;HSD17B6;RETSAT;SLC27A2;PEX16;SLC35B2;EFHC1;TFCP2L1;CROT;ACSL5;ABCG8;IDI1;PIPOX,age_changes_B_memory_02202026
IL-2/STAT5 Signaling,0.0435392943811835,0.3184866125200081,1.5037233047837726,HIPK2;RORA;CD86;COCH;CST7;CDC42SE2;SERPINB6;RNH1;NT5E;PLIN2;PRNP;CYFIP1;BCL2;FGL2;TNFRSF1B;GPX4;IL10RA;GLIPR2;SYNGR2;IL2RB;AHNAK;TWSG1;HOPX;ETFBKMT;CCND3;ALCAM;TNFRSF8;EOMES;P2RX4;P4HA1;FLT3LG;PTGER2;ODC1;BATF3;TRAF1;TGM2;IL2RA;RRAGD;XBP1,age_changes_B_memory_02202026
Inflammatory Response,0.045556177794370815,0.3279538507787602,1.5091447020285114,CD70;IL15;CCL5;TIMP1;TAPBP;RIPK2;TNFRSF1B;CD14;SLC31A2;IL10RA;NOD2;LCP2;RELA;LTA;PIK3R5;KCNA3;EMP3;IL18;CD82;IL2RB;RHOG;CSF3R;ABI1;HIF1A;PLAUR;P2RX4;C5AR1;ICAM1;ADRM1;PTGER2;CXCL8;SLC7A1;ADGRE1;FPR1;MEFV;CCR7;GPR132;TNFSF9;IL18R1;NFKBIA,age_changes_B_memory_02202026
Epithelial Mesenchymal Transition,0.046966585775620684,0.39570449183644185,1.727907073848136,LGALS1;ENO2;IL15;MYL9;NT5E;TIMP1;FAS;ACTA2;VCAN;VIM;CD59;FLNA;EMP3;FBLN5;ITGB1;PLAUR;CADM1;TGFBI;TGFBR3;FUCA1;PFN2;TGM2;CXCL8;MFAP5;LRP1;SAT1;DST,age_changes_B_memory_02202026
Glycolysis,0.04769193845169205,0.33449108541117956,1.5356008300368762,ENO2;NT5E;PRPS1;DDIT4;VCAN;TXN;GNPDA1;IL13RA1;ECD;FAM162A;HSPA5;GCLC;GFPT1;TPI1;ANG;PKM;PYGB;SLC16A3;PYGL;ALDH9A1;TKTL1;P4HA1;TGFBI;SLC37A4;DLD;GNE;AK3;SOD1;GOT2;CTH;BPNT1;RRAGD;GOT1;PAM;ALDOA;PGK1;GMPPB;HAX1;GALK2,age_changes_B_memory_02202026
Fatty Acid Metabolism,0.047759940265073735,0.33272192800433,1.516922623878665,LGALS1;ENO2;BLVRA;PCBD1;S100A10;PTPRG;HSD17B11;HSDL2;G0S2;YWHAH;SERINC1;ECI2;ALDH9A1;SUCLG2;ACSL1;DLD;IL4I1;DLST;PRDX6;ALAD;ACOT2;ODC1;SMS;CRYZ;CRAT;ACAT2;MGLL;SLC22A5;ALDOA;HSPH1;DHCR24;ACO2;MIF;HPGD;RETSAT;REEP6;EPHX1;CD36;AUH;UROS,age_changes_B_memory_02202026
Apoptosis,0.05521747246593242,0.3658513208988175,1.6606693559605317,ENO2;LGALS3;TXNIP;PDCD4;TIMP1;CFLAR;FAS;SQSTM1;TGFB2;HMGB2;GPX4;CD14;CDK2;RELA;CASP1;BMF;PAK1;CYLD;IL18;PMAIP1;ANKH;ETF1;PEA15;PPT1;BCL2L2;DAP3;PRF1;BCAP31;CDKN1B;F2R;TGFBR3;SOD1;CTNNB1;CTH,age_changes_B_memory_02202026
p53 Pathway,0.05564059486030738,0.325411467498771,1.535895493221295,TXNIP;PVT1;PERP;S100A4;S100A10;CDKN2A;FAS;AEN;DDIT4;CCNG1;STEAP3;DDB2;ISCU;FAM162A;CASP1;DRAM1;TP63;CGRRF1;EPS8L2;CD82;CCND3;ZBTB16;PRKAB1;ZFP36L1;F2R;GLS2;PPM1D;FUCA1;PIDD1;RXRA;STOM;CTSF;SAT1;NINJ1;ELP1;RPS27L;TNFSF9;TSPYL2;ATF3;FDXR;RAP2B;RETSAT;UPP1;ITGB4;RHBDF2;EPHX1;ABHD4;BAIAP2;CCNK;SPHK1;LDHB;MDM2,age_changes_B_memory_02202026
Adipogenesis,0.057813905340506046,0.3127454279111236,1.4651333960807722,RAB34;PDCD4;PLIN2;DHRS7;PHYH;GPX4;SSPN;CD151;MGST3;EPHX2;PGM1;COX8A;SLC5A6;DHCR7;SLC25A1;RMDN3;SULT1A1;CMPK1;POR;GPAT4;NDUFA5;PEMT;QDPR;DLD;BCL2L13;GHITM;SOD1;CRAT;MGLL;STOM;ALDOA;SLC1A5;GPHN;NABP1;SLC27A1;RNF11;GRPEL1;UBQLN1;UBC;ACO2;G3BP2;CS;PHLDB1;RETSAT;REEP6;TANK;YWHAG;CD36;SQOR;CD302;FAH,age_changes_B_memory_02202026
G2-M Checkpoint,0.05858281283652811,-0.3027080446636701,-1.465768893376047,CDKN2C;STMN1;LBR;KNL1;HIRA;ORC6;CKS2;MTF2;EZH2;SMAD3;NASP;MYBL2;FOXN3;MYC;MAPK14;CKS1B;CTCF;CENPF;HNRNPD;TOP1;TNPO2;UBE2S;SLC38A1;E2F4;KIF15;NOTCH2;HMGA1;SAP30;ABL1;RPS6KA5;UPF1;SLC12A2;DMD;KMT5A;NUSAP1;RBM14;SMARCC1;SRSF2;E2F3;SMC4;NDC80;TACC3;TENT4A;DTYMK;CUL3;PRPF4B;TGFB1;CHMP1A;CBX1;ARID4A,age_changes_B_memory_02202026
KRAS Signaling Up,0.0704716777945294,-0.32002976068365174,-1.4722135796525375,LAT2;GYPC;TSPAN13;SATB1;CLEC4A;TRIB2;IL2RG;JUP;IL7R;HDAC9;DUSP6;GLRX;ADAM17;CBX8;ETS1;BPGM;ENG;MMP11;PSMB8;GNG11;ITGB2;STRN;IKZF1;ID2;RGS16;LY96;ATG10;EVI5;CCND2;KLF4;TOR1AIP2;PTBP2;ETV5;MAP3K1;BIRC3;YRDC,age_changes_B_memory_02202026
Androgen Response,0.0837782340862423,0.34149513057474157,1.4130725397570907,CDC14B;MAP7;PDLIM5;ARID5B;UBE2J1;UBE2I;LMAN1;XRCC6;PIAS1;ANKH;SGK1;CCND3;NKX3-1;UAP1;MAF;ADRM1;FKBP5;SMS;SAT1;PTK2B;DHCR24;ELL2;HSD17B14;KRT8;APPBP2;MAK;ABHD2;HPGD,age_changes_B_memory_02202026
Interferon Gamma Response,0.08982697968267643,-0.31007393319868837,-1.4762009277693071,GPR18;CD38;LGALS3BP;SAMD9L;LY6E;ISG15;CASP4;TNFSF10;IFI30;IRF7;IRF9;USP18;IFIT1;UBE2L6;KLRK1;EPSTI1;CMPK2;PIM1;IFNAR2;BPGM;IL4R;PARP14;IFI44L;PSMB8;IFI44;DDX60;IFI35;XAF1;RSAD2;MX1;PLSCR1;VAMP8;RNF213;PTPN2;NFKB1;ST8SIA4;HERC6;HELZ2;PSMA2;CASP3;SP110;IFIT3;LAP3;MX2;SLC25A28;PFKP;NMI;AUTS2;ST3GAL5;PSME2;SAMHD1;OAS2;PSMB2;LYSMD2;STAT2;RTP4;IFIT2;PNP;CIITA;RBCK1;TNFAIP3;VAMP5;IFITM2,age_changes_B_memory_02202026
Unfolded Protein Response,0.10057293835527922,0.3168281440834868,1.379163161829615,BAG3;DDIT4;HSP90B1;DCP1A;HYOU1;HSPA9;YWHAZ;HSPA5;ASNS;SPCS1;EEF2;PSAT1;EIF4E;ATF6;NPM1;EXOSC10;SSR1;XBP1;CALR;NABP1;CEBPG;TSPYL2;ATF3;DNAJC3;EXOSC9;EIF2AK3;CHAC1;XPOT;SRPRA;CNOT2;EIF4G1;SERP1;EXOC2;DCTN1;EDC4;NOLC1;ALDH18A1,age_changes_B_memory_02202026
Notch Signaling,0.1030368296360112,-0.4587893096712654,-1.5101114688302435,LFNG;DTX1;DTX4;HES1;NOTCH2;SAP30;RBX1,age_changes_B_memory_02202026
Allograft Rejection,0.10594984755149027,0.2912241068228513,1.3528886286863568,IL15;CCL5;SRGN;CD86;DEGS1;CDKN2A;TIMP1;FAS;TAPBP;RIPK2;TGFB2;UBE2N;TRAF2;IL12RB1;STAT4;CD247;LCP2;CD80;BCAT1;FLNA;IL18;GZMB;IL2RB;ABI1;HIF1A;CCND3;IL12A;PRF1;ICAM1;F2R;NPM1;KLRD1;IL2RA;CD4;CXCR3;IRF8;IGSF6;MAP4K1,age_changes_B_memory_02202026
Angiogenesis,0.10807754873463292,0.4861609575050184,1.3601504968563078,S100A4;TIMP1;VCAN,age_changes_B_memory_02202026
Spermatogenesis,0.10845155870823223,0.32444222959065827,1.3431920963594977,PEBP1;NPHP1;DBF4;MAP7;SPATA6;NCAPH;JAM3;TSN;CAMK4;COIL;TKTL1;ZC2HC1C;GSTM3;CLPB;MTOR;ACE;PRKAR2A;CCT6B;DPEP3;AURKA;PCSK1N,age_changes_B_memory_02202026
Protein Secretion,0.11252566735112936,0.3131626406506989,1.3299117390972652,ATP1A1;SSPN;SCRN1;ARF1;VAMP3;LMAN1;TMED2;ARFIP1;YKT6;RAB14;AP3S1;CD63;PPT1;M6PR;SOD1;TMED10;SCAMP3;PAM;RAB5A;DST,age_changes_B_memory_02202026
Estrogen Response Late,0.11500466679111442,0.28956432686801337,1.3060884926642362,LSR;PERP;DYNLT3;PDCD4;RAB31;BCL2;CHPT1;S100A9;ATP2B4;FAM102A;DHCR7;SERPINA1;DNAJC1;ALDH3B1;SGK1;TJP3;SLC29A1;GPER1;SLC2A8;FKBP5;PPIF;XBP1;SLC22A5;SLC9A3R1;PRSS23;RPS6KA2;ST6GALNAC2;MDK,age_changes_B_memory_02202026
Coagulation,0.1199886032048574,0.3183649641973203,1.307361918671594,CAPN2;CTSH;TIMP1;F8;LGMN;ISCU;CRIP2;SERPINA1;CSRP1;ANG;ARF4;RAPGEF3;S100A13;LRP1;PRSS23;USP11,age_changes_B_memory_02202026
Myogenesis,0.12390434115280112,0.28783880487981456,1.3108855004315965,PRNP;SSPN;DAPK2;CHRNA1;WWTR1;FXYD1;APOD;SYNGR2;TPM3;SMTN;PDE4DIP;MAPK12;ITGB1;ACSL1;DMPK;RYR1;CNN3;LSP1;CRAT;PFKM;MYH9;NAV2;IGFBP7;TNNC1;ITGB4;CFD;CD36;SH2B1;GNAO1;SPHK1;MYL2;CLU;PSEN2;FKBP1B;TCAP;ENO3;PTP4A3;AGL;NCAM1;PDLIM7,age_changes_B_memory_02202026
Estrogen Response Early,0.12989857507311306,0.2836747135833299,1.283237246709333,MAST4;DYNLT3;KLF10;RAB31;SYBU;BCL2;GAB2;CHPT1;RHOBTB3;SYNGR1;INPP5F;FAM102A;DHCR7;PMAIP1;MREG;ALDH3B1;PEX11A;TJP3;NADSYN1;FKBP5;TGM2;PPIF;XBP1;SLC22A5;ELF1;SLC9A3R1;NAV2;PRSS23;ZNF185;WWC1;AQP3;RPS6KA2,age_changes_B_memory_02202026
DNA Repair,0.14117309210998635,-0.29112464187738707,-1.3362429221282301,POLR2G;NME1;NT5C3A;GTF2H5;TP53;PDE6G;MRPL40;NELFB;RPA3;CMPK2;AGO4;ALYREF;APRT;SUPT4H1;TSG101;RFC2;RBX1;CSTF3;NME4;POLR2H;TAF10;UMPS;DAD1;GSDME;ITPA;TAF12;UPF3B;ADA;PCNA;ZNRD1;DGUOK;NCBP2;RRM2B;IMPDH2;RALA;RNMT;RAD52;RAE1;SRSF6;PNP;DGCR8;CETN2;REV3L;POLR2F;BOLA2;ERCC1;POLR1D,age_changes_B_memory_02202026
mTORC1 Signaling,0.14580413053439,0.26712802220288845,1.2614199360251581,SQSTM1;FGL2;DDIT4;CCNG1;TFRC;HSP90B1;TCEA1;LGMN;PGM1;HSPA9;HSPA5;DHCR7;GCLC;BCAT1;TPI1;GAPDH;ASNS;YKT6;ETF1;P4HA1;QDPR;M6PR;SLC37A4;UBE2D3;PSAT1;RPN1;CYP51A1;SSR1;GPI;CTH;CANX;XBP1;GOT1;TBK1;DDX39A;SLC9A3R1;ALDOA;PGK1;SLC1A5;CALR;DHCR24;FDXR;PSMD14;GMPS;HSPA4;EBP;PIK3R3;MCM2;TES;AURKA;RAB1A,age_changes_B_memory_02202026
UV Response Up,0.14741216287506795,0.2846628775461035,1.253671154287372,ENO2;TMBIM6;GGH;SQSTM1;TFRC;SELENOW;BSG;CDK2;CREG1;PPP1R2;ASNS;YKT6;EIF2S3;CCND3;SULT1A1;PPT1;ICAM1;RPN1;PPIF;GRINA;ALDOA;AQP3;GRPEL1;SIGMAR1;CEBPG;ATF3;NFKBIA;PRPF3;SOD2,age_changes_B_memory_02202026
Hypoxia,0.1726339369049841,0.26745662753366645,1.2241985876616064,ENO2;RORA;S100A4;PLIN2;BCL2;DDIT4;PGM1;FBP1;FAM162A;HSPA5;SLC25A1;ANXA2;TPI1;GAPDH;TKTL1;HK1;PLAUR;P4HA1;TGFBI;SLC37A4;CDKN1B;GPI;IDS;TGM2;MYH9;RRAGD;PAM;ALDOA;PGK1;PNRC1,age_changes_B_memory_02202026
UV Response Dn,0.1859334242707062,-0.2802378026735613,-1.2454835149147132,GCNT1;PTEN;ANXA4;LAMC1;MTA1;FYN;SMAD3;PRKCE;MYC;MAPK14;CACNA1A;DBP;BHLHE40;NOTCH2;BCKDHB;MRPS31;NFKB1;DYRK1A;ADD3;IRS1;RUNX1;DLG1;SYNE1;VAV2;TENT4A;KCNMA1;PRKAR2B;TGFBR2;SPOP;APBB2;ERBB2;ARHGEF9;ATRN;SMAD7;WDR37;CDK13;ABCC1,age_changes_B_memory_02202026
TGF-beta Signaling,0.18772345466293344,-0.3331886696365579,-1.2597621160901786,PMEPA1;FKBP1A;SMAD3;SPTBN1;ENG;SMURF2;BCAR3;TGIF1;FURIN;ID2;SKIL;TRIM33;NCOR2;SMURF1,age_changes_B_memory_02202026
IL-6/JAK/STAT3 Signaling,0.19100950739977232,-0.31523738827559233,-1.2757265694164097,CD9;CD38;IL2RG;IFNGR1;IL3RA;IRF9;PIM1;TNF;IL4R,age_changes_B_memory_02202026
Myc Targets V2,0.19385585338632938,-0.30778496917203463,-1.2104293174406764,PPAN;MYC;BYSL;NOP56;HK2;IPO4;GNL3;MRTO4;CBX3;EXOSC5;SRM;SORD;RRP9;PHB;NOP16;DCTPP1;DUSP2,age_changes_B_memory_02202026
E2F Targets,0.1986991169502477,-0.2498294526029682,-1.220806034193147,CDKN2C;STMN1;NME1;TP53;LBR;NAA38;ORC6;RPA3;CKS2;EZH2;NASP;MYBL2;MYC;SMC6;CKS1B;CTCF;HNRNPD;UBE2S;NOP56;SNRPB;CTPS1;HMGA1;PRDX4;RFC2,age_changes_B_memory_02202026
Apical Junction,0.2219439697879123,0.26250554024703215,1.1750244996435513,CD86;MYL9;CTNNA1;VCAN;CD99;CRB3;JAM3;FSCN1;MPP5;YWHAH;ZYX;AMIGO2;ITGB1;TSPAN4;TGFBI;NEXN;ICAM1;CRAT;TRAF1;MYH9;MAPK11;SIRPA;MDK;NECTIN1;ATP1A3;VCL;LIMA1;GTF2F1;CDK8;ITGB4;RHOF;RSU1;PIK3R3;BAIAP2;MVD,age_changes_B_memory_02202026
heme Metabolism,0.22594735859622925,0.24939033474095681,1.166348157939526,BLVRA;PRDX2;NUDT4;NFE2L1;CAST;TFRC;ADD2;TCEA1;ARL2BP;FECH;MKRN1;MGST3;BSG;EIF2AK1;GCLC;ASNS;HTATIP2;GDE1;CCND3;TMCC2;RAD23A;FN3K;ALAD;OPTN;FBXO7;SLC10A3;DMTN;AQP3;ADIPOR1;DAAM1;ELL2,age_changes_B_memory_02202026
Oxidative Phosphorylation,0.22818579941130016,-0.245573119712638,-1.1710956418505347,TIMM8B;NDUFC2;SLC25A5;ATP6V1D;NDUFB3;IDH2;TIMM13;CYB5A;ATP5F1C;ATP5PF;PDHB;ACAA1;NDUFA2;NDUFA7;DECR1;SLC25A11;BDH2;ECHS1;NDUFA8;NNT;NDUFB2;ATP5MF;NDUFB8;TIMM10;ECI1;UQCR10;IDH1;LDHA;UQCRQ;NDUFB1;NDUFS4;MRPL15;COX6B1;ATP5PO;ECH1;MRPS11;MDH1;NDUFAB1;MTX2;ATP5MC3;COX5A;ATP6V0B;NDUFS2;SDHD;NDUFV2;CYC1;ATP6V1H;NDUFA9;POLR2F;NDUFA1;MRPS22;TIMM17A;NDUFB6;NDUFS3;ATP5ME;MRPS12;PMPCA;ATP6V1F;ATP5PB;NDUFS6;FXN;ATP6V1C1;BAX;IMMT,age_changes_B_memory_02202026
Pperoxisome,0.2295523613963039,0.27962841999711285,1.1758478872130038,ATXN1;GSTK1;MVP;CNBP;EPHX2;ABCD2;HSD17B11;YWHAH;PEX11A;ECI2;ALDH9A1;PABPC1;CADM1;ACSL1;SOD1;CRAT;DHCR24;HSD3B7;SIAH1;SOD2;RETSAT;SLC27A2;TSPO,age_changes_B_memory_02202026
Myc Targets V1,0.24154244113176354,0.2417770395320931,1.1505675688194437,GLO1;SNRPA1;PTGES3;EIF4G2;PABPC4;CNBP;PWP1;EIF4H;DUT;CDK2;XRCC6;CUL1;RSL1D1;U2AF1;ETF1;EIF1AX;CCT7;PSMD1;RAN;SNRPA;FBL;SF3A1;AP3S1;PABPC1;CDK4;EIF4E;TCP1;NPM1;PSMD7;GOT2;ODC1;CANX;HNRNPR;PGK1;HSP90AB1;MCM6;MCM5;USP1;MAD2L1;PSMD14;RRM1;CSTF2;XPOT;STARD7;UBE2E1;MCM2,age_changes_B_memory_02202026
Xenobiotic Metabolism,0.24590706326881362,0.25133767291298076,1.1425094433538743,TMBIM6;PTGES3;DHRS7;FAS;TGFB2;PDLIM5;KYNU;ABCD2;FBP1;GCLC;CDA;BCAT1;PGD;GSS;ALDH9A1;POR;PEMT;SSR3;CES1;SLC12A4;IRF8;SLC1A5;NINJ1;ACO2;RETSAT;UPP1;EPHX1;CD36;TNFRSF1A;UPB1;FAH,age_changes_B_memory_02202026
Wnt-beta Catenin Signaling,0.31359035106612104,-0.3028572353474601,-1.1065092497634812,TP53;AXIN1;ADAM17;MYC;MAML1;CCND2;NCOR2;FRAT1,age_changes_B_memory_02202026
TNF-alpha Signaling via NF-kB,0.3669290105800671,0.2248777797808167,1.0596754644667954,CCL5;KLF10;CFLAR;SQSTM1;MSC;ZC3H12A;RIPK2;RELB;PDLIM5;KYNU;NFKB2;RELA;CD80;DRAM1;IL18;TNIP2;G0S2;TNIP1;EHD1;SGK1;PLAUR;ICAM1;TRAF1;SLC16A6;SAT1;PNRC1;NINJ1;SLC2A6;TNFSF9;IL23A;ATF3;NFKBIA;SOD2;CSF1;DNAJB4;TANK;NFKBIE;LITAF;SPHK1;CEBPD,age_changes_B_memory_02202026
PI3K/AKT/mTOR  Signaling,0.3743363823035281,0.2503058544615172,1.0620911394285992,THEM4;SQSTM1;ARHGDIA;HSP90B1;UBE2N;TRAF2;ARF1;CDK2;CAMK4;FGF22;CDK4;UBE2D3;EIF4E;CDKN1B;MKNK1;TBK1;CALR;AKT1S1;RIPK1;PRKAR2A;RALB;MAP2K6;MAPKAP1;TNFRSF1A;PIK3R3,age_changes_B_memory_02202026
Reactive Oxygen Species Pathway,0.4368209818928505,0.27381424126936943,1.0204804381912074,PRDX2;PRNP;GPX4;TXN;GCLC;ATOX1;SOD1;LSP1;PRDX6,age_changes_B_memory_02202026
Hedgehog Signaling,0.48489826395370544,0.30837155853013226,0.9924374932396913,NRCAM;TLE3;L1CAM;ADGRG1;MYH9,age_changes_B_memory_02202026
KRAS Signaling Dn,0.5207392197125257,0.22580087916456507,0.9702444751007051,STAG3;TGFB2;PLAG1;SIDT1;FGGY;SLC25A23;CD80;PRKN;WNT16;SGK1;FGF22;ZBTB16;ENTPD7;RYR1;ZC2HC1C;MYO15A;DTNB;MEFV;TCF7L1,age_changes_B_memory_02202026
Mitotic Spindle,0.7555213685732747,-0.18887654525209227,-0.909858813301438,MID1IP1;RALBP1;BIN1;WASF1;NCK2;CENPF;SPTBN1;WASF2;ARHGEF7;RANBP9;KIF15;NOTCH2;ARL8A;SOS1;ABL1;NCK1;CD2AP;PLEKHG2;BCR;CNTRL;TUBGCP3;PCNT;NUSAP1;ABR;KNTC1;DLG1;MYO1E;CLIP2;CAPZB;YWHAE;SMC4;NDC80;ROCK1;EPB41L2;MARK4;RABGAP1,age_changes_B_memory_02202026
Pancreas Beta Cells,0.8457060808385383,-0.29934607214183584,-0.848194160911368,FOXO1;LMO2,age_changes_B_memory_02202026
Apical Surface,0.9405987508076674,-0.21924820788662822,-0.7417200942559452,IL2RG;SULF2;ATP8B1;LYN;NCOA6;ADIPOR2;ADAM10;B4GALT1;AKAP7;NTNG1;BRCA1,age_changes_B_memory_02202026
Interferon Alpha Response,0.0,-0.4952632461042773,-2.34713788371413,ISG15;SAMD9L;LGALS3BP;EPSTI1;SAMD9;OAS1;SP110;IRF9;IRF7;PSMB8;NMI;IFI30;USP18;LAP3;LY6E;IFI44L;CMPK2;IFIT3;UBE2L6;IFI44;IFI35;PSME2;IRF2;RSAD2;MOV10;MX1;PSMB9;CNP;PARP9;CD47;PARP14;STAT2;MVB12A;RTP4;DDX60;IFIT2;PSMA3;SELL;IFITM2;DHX58;EIF2AK2;PLSCR1;TRIM25;HELZ2,age_changes_B_naive_02202026
Oxidative Phosphorylation,0.00048505426544594675,-0.37705773023095734,-1.9810858528894024,TIMM8B;ATP6V1D;ATP5F1C;NDUFB3;NDUFC2;BDH2;ACAA1;NDUFB2;LDHA;IDH1;PDHB;TIMM13;ATP6V1E1;ECH1;DECR1;SLC25A5;NDUFA2;ATP5PF;MRPL15;MRPS11;ATP6V0B;UQCR10;NDUFA9;ATP5MC3;NDUFA7;ATP5MF;SDHD;NDUFS4;HSD17B10;NDUFA8;MDH1;ATP6V0E1;NDUFS6;NDUFB1;SLC25A11;IDH2;COX5A;MRPL35;NDUFB8;NDUFB6;COX7B;NDUFAB1;POLR2F;SUCLG1;ECHS1;NDUFS3;VDAC3;NDUFA1;NDUFA6;NDUFB4;ATP5F1E;ATP5PO;COX6B1;ETFA;COX11;FXN;TIMM10;UQCRQ;SUCLA2;ECI1;ATP5PB;PDHA1;BAX;ATP6V1F;FH;ATP5ME;FDX1;VDAC1;IDH3B;SURF1;CYC1;NDUFS2;ATP6V1G1;PRDX3;ATP5MC1;UQCR11,age_changes_B_naive_02202026
Inflammatory Response,0.0060882800608828,0.39405992321322036,1.8733933087308328,CD70;RIPK2;IL18;IL15;CCL5;IL10RA;TIMP1;HIF1A;GNA15;AQP9;PTGER2;ICAM1;BEST1;NOD2;IL6;TNFRSF1B;IL15RA;TAPBP;CHST2;RHOG;CXCL8;CCR7;TNFSF9;MEFV;MYC;PROK2;CD82;IRAK2;FPR1;ACVR1B;C3AR1;SLC7A1;CD14;MSR1;C5AR1;ABI1;LTA;PDE4B;RAF1;OSM;IL10;MARCO;KIF1B;AHR;RELA;IL18RAP;NLRP3;IL2RB;STAB1;SPHK1;MMP14;TLR2;CMKLR1;CSF3R;F3;SLC28A2,age_changes_B_naive_02202026
Apoptosis,0.008625063419583967,0.38959811915931186,1.8082345902425458,ENO2;IL18;PEA15;TXNIP;TGFBR3;TIMP1;PDCD4;F2R;SQSTM1;HSPB1;TSPO;BCL2L11;HMGB2;ANKH;ETF1;GPX4;TGFB2;CFLAR;CDKN1B;PDGFRB;GNA15;LGALS3;KRT18;CASP1;PPT1;CTH;IL6;BMF;BCL10;FAS;ANXA1;CYLD;FEZ1;DAP3,age_changes_B_naive_02202026
TGF-beta Signaling,0.00905434628832434,-0.4220792820438133,-1.716352050110914,PMEPA1;FURIN;FKBP1A;SMAD3;TRIM33;SPTBN1;SMAD7;ID2;SMURF2;FNTA;ID3;NOG;TGFB1;CDK9;SKI;SKIL;SMURF1;APC;NCOR2;BCAR3;SMAD1;XIAP;TGIF1;ENG;PPM1A;IFNGR2,age_changes_B_naive_02202026
Notch Signaling,0.014794155096101377,-0.4503867516088395,-1.6350756723709716,LFNG;DTX4;RBX1;DTX1;PSENEN;NOTCH1;ST3GAL6;HES1;PRKCA;MAML2,age_changes_B_naive_02202026
Protein Secretion,0.016235413495687467,0.3934613202774856,1.72175151395127,VAMP3;ATP1A1;LMAN1;ANP32E;STAM;SCRN1;ARFIP1;ARF1;SSPN;TMED2;KRT18;TMED10;PPT1;CD63;M6PR;AP3S1;VPS45;SEC31A;RAB5A;PAM;MON2;KIF1B;STX12;GALC;RAB14;ARFGAP3;AP3B1;BNIP3;SEC24D;AP1G1;TOM1L1,age_changes_B_naive_02202026
E2F Targets,0.017655975262232462,-0.30131385501053154,-1.59400447333991,STMN1;LBR;TP53;RAD51AP1;NOP56;NAA38;SMC4;CKS2;HNRNPD;CKS1B;NASP;MYBL2;RPA3;PCNA;JPT1;CDC25B;UBE2S;CTCF;UBE2T;BARD1;DCTPP1;RPA2;SMC6;PPP1R8;TOP2A;CDKN2C;EXOSC8;SRSF2;ORC6;HMGA1;DNMT1;EZH2;PDS5B;CENPM;WEE1;PSMC3IP;NME1;BUB1B;LUC7L3;MCM7;GSPT1;TACC3;AK2;SNRPB;POLD2;RFC2;CCP110;CTPS1;SMC1A;MRE11;ASF1B;RAD51C;LYAR,age_changes_B_naive_02202026
Bile Acid Metabolism,0.019279553526128868,0.3766798324686781,1.6074556599672714,ATXN1;ABCA6;NR3C2;PFKM;DHCR24;PHYH;CYP27A1;ABCA5;ACSL1;AQP9;SLC23A2;GNMT;HSD17B11;EFHC1;GCLM;LONP2;ABCA9;OPTN;PEX11A;IDI1;PEX26;CH25H;HSD3B7;APOA1;ACSL5;RXRA;LIPE;ABCD2;HSD17B6;SLC27A2;ABCA3;PEX12,age_changes_B_naive_02202026
Complement,0.020294266869609334,0.3357903983642715,1.614575722865793,CTSH;CCL5;RBSN;TIMP1;CSRP1;L3MBTL4;SERPINA1;S100A12;DGKG;KCNIP2;S100A9;LTA4H;USP14;HSPA5;F8;LGALS3;CD36;CASP1;PRDM4;CDA;C1R;IL6;CD59;RHOG;RNF4;MAFF;FCN1;APOBEC3F;HSPA1A;CA2;F5;CPQ;ATOX1;SRC;C1QA;APOC1;ITGAM;GZMB;DOCK9;DOCK10;GP9;RAF1;C4BPB;ANG;ANXA5;SERPING1;PLEK;C2;PHEX;PLA2G7;CLU;USP16;MMP14;F3;PLA2G4A;ZEB1,age_changes_B_naive_02202026
Epithelial Mesenchymal Transition,0.0213089802130898,0.35228018235287334,1.622908752553876,LGALS1;ENO2;IL15;TGFBR3;TIMP1;VIM;VCAN;CADM1;TGFBI;PFN2;MYL9;PDGFRB;ACTA2;IL6;CD59;ITGB1;ANPEP;CXCL8;FAS;WIPF1;TPM2;TPM1;FLNA;DAB2;LOXL1;ADAM12;ITGAV;GPC1;THBS1;PLOD3;TIMP3;MEST;FERMT2;MMP14;IGFBP3;MGP;FMOD;TGM2;MFAP5;COL6A2;FGF2;SAT1;LAMA2;COPA;CD44;PLOD1;CALD1,age_changes_B_naive_02202026
Angiogenesis,0.021816336884830034,0.5434992656501294,1.6799049789923255,S100A4;TIMP1;VCAN;ITGAV;FGFR1;PF4;THBD,age_changes_B_naive_02202026
Allograft Rejection,0.0243531202435312,0.34143505248523337,1.627697303407121,RIPK2;IL18;IL15;SRGN;CCL5;TIMP1;HIF1A;IL12A;APBB1;F2R;STAT4;KLRD1;TGFB2;CCND3;FCGR2B;IL2RA;IL12RB1;TRAF2;IRF8;ICAM1;CDKN2A;IL6;TAPBP;CCR2;IFNG;GPR65;NPM1;BCL10;FAS;CXCR3;HLA-DOA;FLNA;MMP9;CD80;EIF5A;CCR5;GZMB;MAP3K7;ABI1;EIF3D;IL10;DEGS1;SOCS5;MAP4K1;C2;HCLS1;IL18RAP;MRPL3;IGSF6;NLRP3;IL2RB;PF4;STAB1,age_changes_B_naive_02202026
Interferon Gamma Response,0.02586956082378383,-0.29072601932239367,-1.5354247644203327,CD38;ISG15;SAMD9L;LGALS3BP;TNFSF10;EPSTI1;KLRK1;SP110;IRF9;IRF7;PSMB8;NMI;IFI30;USP18;LAP3;LY6E;IFNAR2;IFI44L;SAMHD1;PTPN2;VAMP8;CMPK2;XAF1;IFIT3;UBE2L6;IFI44;IFI35;LYSMD2;PSME2;IRF2;PSMB2;IFIT1;RSAD2;BPGM;RNF213;PSMA2;MX1;PSMB9;CASP3;CASP4;NFKB1;PARP14;SOCS1;STAT2;ST3GAL5;RTP4;DDX60;IFIT2;PSMA3;OAS2;GPR18;ARID5B;IFITM2;DHX58,age_changes_B_naive_02202026
Coagulation,0.028817858954845253,0.3757658658101174,1.6311255722969982,CTSH;CAPN2;TIMP1;CSRP1;USP11;SERPINA1;RAPGEF3;PRSS23;LTA4H;F8;C1R;ISCU;MAFF;ANXA1;MMP9;CPQ;C1QA;APOC1;GP9;ANG;SERPING1;PLEK;THBS1;TIMP3;C2;CLU;PF4;MMP14;THBD;CAPN5;F3;CFD;CTSO;CTSB;S100A1;PROS1;APOA1,age_changes_B_naive_02202026
p53 Pathway,0.02962962962962963,0.3215268292347199,1.5535727157581638,PVT1;AEN;S100A4;STOM;TXNIP;ZBTB16;CCNG1;CGRRF1;SESN1;DRAM1;S100A10;ANKRA2;ZFP36L1;DDIT4;GLS2;F2R;TSPYL2;CCND3;EPS8L2;FAM162A;CTSF;DDB2;CASP1;PERP;CDKN2A;ISCU;TNFSF9;PRKAB1;FAS;FOXO3;CD82;VWA5A;MAPKAPK3;ACVR1B;NINJ1;ITGB4;OSGIN1;SEC61A1;CCNK;PROCR;DNTTIP2;TP63,age_changes_B_naive_02202026
Myogenesis,0.030810386974770537,0.33617165590701276,1.5397101736742869,CNN3;CHRNA1;PFKM;TPM3;PRNP;ACSL1;NAV2;MAPRE3;SSPN;GNAO1;APOD;CD36;DAPK2;RYR1;ITGB1;SH2B1;TPM2;SMTN;SYNGR2;KIFC3;FXYD1;DMD;PDE4DIP;ITGB4;ADAM12;MYH3;VIPR1;CRAT;MYBPC3;LARGE1;CLU;GPX3;LSP1;SPHK1;SH3BGR;FKBP1B;IGFBP3;CFD;ITGA7;PTP4A3;SORBS1;IGFBP7;COL6A2;WWTR1;AKT2;FGF2;AGL;LAMA2;MYL4;MYH9;TNNC1,age_changes_B_naive_02202026
G2-M Checkpoint,0.033815211648231716,-0.2815554581645256,-1.4900371216121073,STMN1;LBR;SMC4;HIRA;CKS2;HNRNPD;MTF2;CKS1B;SMAD3;NASP;MYBL2;CHMP1A;JPT1;CDC25B;MAPK14;FBXO5;NUSAP1;UBE2S;CTCF;BARD1;RPA2;TOP2A;CASP8AP2;CDKN2C;SRSF2;ORC6;TOP1;HMGA1;EZH2;PDS5B;RBM14;PRPF4B;SLC12A2;RPS6KA5;CUL3;FOXN3;GSPT1;TGFB1;TACC3;DTYMK;KMT5A;BUB1;SMC2;E2F4;SMC1A;E2F3;UPF1;CDKN3;ARID4A;E2F2;PTTG1;WRN;CDC7;CENPF;TENT4A,age_changes_B_naive_02202026
PI3K/AKT/mTOR  Signaling,0.04147213969562845,-0.31461560197950544,-1.4499418783268654,LCK;CAMK4;IL2RG;SLA;MKNK2;PRKCB;PTEN;MAPK1;GRK2;CSNK2B;SMAD2;MAPK9;DAPP1;HRAS;NCK1;CAB39;VAV3;AKT1;RIT1;TSC2;STAT2;ARPC3;PRKAG1;MAP2K3;AP2M1;TIAM1;MAPK8,age_changes_B_naive_02202026
DNA Repair,0.04667299931957666,-0.2810752472915178,-1.41915127992047,POLR2G;GTF2H5;PDE6G;TP53;TAF12;AGO4;RBX1;ADA;SAC3D1;NUDT9;ITPA;RPA3;CMPK2;PCNA;ALYREF;NELFB;DAD1;RPA2;TAF10;POLR2H;GSDME;BOLA2;POM121;POLR2F;RALA;NME1;MRPL40;DGUOK;NT5C3A;RFC2;RAE1;TSG101;TAF13;UPF3B;ZNRD1;PNP;SUPT4H1;CSTF3;POLB,age_changes_B_naive_02202026
Myc Targets V1,0.07149699872673256,-0.254755833048168,-1.346661419059545,PSMC6;PSMA7;PSMA4;POLE3;NOP56;LDHA;TXNL4A;TRIM28;HNRNPD;HDGF;PCNA;PSMA1;PSMB3;COPS5;SERBP1;PSMB2;FAM120A;PSMD8;SSB;CCT5;C1QBP;UBE2L3;ERH;COX5A;PSMA2;SRSF2;NDUFAB1;APEX1;CBX3;SRM;SSBP1;VBP1;HDDC2;NME1;MCM7;GSPT1;SNRPD3;SET;DDX18;VDAC3;EIF3B;EIF3J;POLD2;SRSF3;PSMC4;CTPS1;LSM2;SNRPG;PRPF31;SRSF7;HNRNPA2B1;EIF2S1;PSMD3;EIF2S2;NOP16,age_changes_B_naive_02202026
Mitotic Spindle,0.07804964089448417,-0.24984080462650882,-1.3243203884539307,MID1IP1;RALBP1;ARL8A;CAPZB;SMC4;CNTRL;TUBA4A;PKD2;WASF1;SAC3D1;BCR;BIN1;WASF2;SPTBN1;FBXO5;NUSAP1;RAPGEF5;RANBP9;NCK2;NCK1;TOP2A;SYNPO;MARK4;TUBGCP3;PPP4R2;CD2AP;KPTN;CYTH2;CDK5RAP2;ROCK1;ARHGEF12;CLIP2;DLG1;BUB1;SUN2;TIAM1;PCNT;ARHGEF7;KIF3B;SOS1;SMC1A,age_changes_B_naive_02202026
Androgen Response,0.10426179604261794,0.3184788183287219,1.389211273135756,CDC14B;HSD17B14;LMAN1;FKBP5;DHCR24;UAP1;MAF;NKX3-1;ANKH;XRCC6;CCND3;SGK1;SMS;ABCC4;PDLIM5;PIAS1;KLK2;PA2G4;ACSL3,age_changes_B_naive_02202026
Reactive Oxygen Species Pathway,0.11746397461549345,-0.3035789587398209,-1.256960498865567,GLRX;FES;CDKN2D;PDLIM1;HMOX2;HHEX;PRDX1;LAMTOR5;MBP;NDUFA6;NDUFB4;TXNRD1;IPCEF1;STK25;SELENOS;SBNO2;NDUFS2;PFKP,age_changes_B_naive_02202026
Estrogen Response Late,0.12839506172839507,0.2899022102468376,1.3372445583900059,LSR;BCL2;PDCD4;FKBP5;SERPINA1;DHCR7;S100A9;PRSS23;SGK1;TJP3;SLC22A5;ALDH3A2;PERP;CHPT1;DYNLT3;UGDH;MAPK13;PLK4;BATF;MDK;XBP1;IL6ST;CA2;PPIF;NBL1;ETFB;SLC1A4;FLNB;MEST;ABHD2;BLVRB;LARGE1,age_changes_B_naive_02202026
KRAS Signaling Dn,0.13144440541700816,0.30862225738711085,1.35272372014061,STAG3;THRB;PLAG1;ZBTB16;PRKN;SIDT1;TGFB2;SGK1;RYR1;WNT16;CHST2;IFNG;THNSL2;MEFV;MYO15A;UGT2B17;SPTBN2;CD80;SLC25A23;SLC5A5;SLC12A3;PDCD1;TCF7L1;CACNA1F;KCND1;FGGY,age_changes_B_naive_02202026
IL-2/STAT5 Signaling,0.13234761179966661,0.27843805508123565,1.341937671802669,CST7;CKAP4;IL10RA;BCL2;RORA;CDC42SE2;SERPINB6;SNX9;P4HA1;GLIPR2;PRNP;MAP3K8;COCH;GPX4;CCND3;IL2RA;FGL2;PTGER2;IRF8;CYFIP1;TWSG1;CTLA4;SELP;TNFRSF1B;TRAF1;GPR65;NFKBIZ;MAFF;BATF;MYC;SYNGR2;XBP1;CA2;AHCY;HOPX;RRAGD;ODC1;IL10;PLPP1;ITGAV;AHR;SLC39A8;CD83;IL2RB;SH3BGRL2;ABCB1;POU2F1,age_changes_B_naive_02202026
UV Response Up,0.138053906319231,-0.24460193902893287,-1.2243912745857597,E2F5;RASGRP1;ACAA1;POLE3;FURIN;CDC34;MARK2;TUBA4A;DGAT1;BAK1;KLHDC3;AGO2;AP2S1;BID;DNAJA1;ARRB2;POLR2H;WIZ;HLA-F;NR4A1;CNP;CASP3;GLS;FMO1;POLG2,age_changes_B_naive_02202026
Fatty Acid Metabolism,0.15144596651445968,0.2859215508931803,1.3083347844756756,LGALS1;ENO2;PCBD1;PTPRG;BLVRA;S100A10;DHCR24;PRDX6;SUCLG2;ACOT2;ACSL1;SLC22A5;ALDH3A2;CD36;SMS;REEP6;DLST;UGDH;HSPH1;YWHAH;HSD17B11;CA2;SERINC1;ACO2;ALDOA;NBN;ODC1;MIF;ACADS;CRAT,age_changes_B_naive_02202026
TNF-alpha Signaling via NF-kB,0.1525651356432984,0.26891136831947027,1.3000429331790517,RIPK2;IL18;CCL5;RELB;DRAM1;NFKB2;KLF9;SQSTM1;MAP3K8;CFLAR;SGK1;ICAM1;TANK;IL6;IL15RA;MSC;CXCL2;TRAF1;DNAJB4;PDLIM5;MAFF;TNFSF9;TNIP1;ZC3H12A;MYC;IL6ST;SLC16A6;CD80;REL;CXCL3;NINJ1;CEBPD,age_changes_B_naive_02202026
Spermatogenesis,0.24924564073807046,0.2847145139622182,1.2145758533588547,PEBP1;TSN;JAM3;SPATA6;NPHP1;DBF4;ACE;PRKAR2A;PCSK1N;HSPA1L;PHF7;CCT6B;DPEP3;MAP7;NCAPH;IDE;TOPBP1;KIF2C;GFI1;CDK1;PARP2;ZC3H14;DMC1;PHKG2;MLF1;CLVS1,age_changes_B_naive_02202026
Adipogenesis,0.2520998928913693,0.25498595704491556,1.2208002138979588,RAB34;STOM;DHRS7;BAZ2A;PDCD4;SLC5A6;DHCR7;ALDH2;PHYH;GPX4;CD151;SSPN;BCL2L13;CD36;TANK;REEP6;RNF11;NDUFA5;RMDN3;PGM1;CMPK1;SLC25A1;GPHN;SULT1A1;ACO2;ALDOA;PEMT;ELOVL6;ETFB;SLC27A1;COX8A;PHLDB1;CD302;ACADS;CRAT;GBE1;GPX3;PEX14;G3BP2;IDH3A;MGST3;FAH;DLD;ITGA7;SORBS1;DLAT;SLC1A5;GPAT4;GPAM,age_changes_B_naive_02202026
Unfolded Protein Response,0.2661085743277524,0.268356304157691,1.1971459393403838,DDIT4;BAG3;TSPYL2;HSPA5;HSPA9;DCP1A;EEF2;YWHAZ;ATF6;SSR1;HSP90B1;NPM1;CEBPG;SEC31A;DCTN1;XBP1;WIPI1;SRPRA;NOLC1;MTREX;PARN;EIF4E;EXOSC10;SLC1A4;GEMIN4;KDELR3;ALDH18A1;SHC1,age_changes_B_naive_02202026
Estrogen Response Early,0.2763402672078471,0.25159260479022655,1.1830718022482476,BCL2;SYBU;FKBP5;RHOD;DHCR7;MAST4;PRSS23;TJP3;NAV2;SLC22A5;KRT18;CHPT1;DYNLT3;RHOBTB3;ISG20L2;MYC;SYNGR1;ZNF185;ASB13;XBP1;IL6ST;ELF3;PPIF;NBL1;SH3BP5;SLC1A4;FLNB;INPP5F;ABHD2;SLC19A2;BLVRB;PEX11A;WWC1;RAB31;MYBBP1A;TGM2;DEPTOR;ALDH3B1;ELF1;IL17RB;WFS1;TBC1D30,age_changes_B_naive_02202026
mTORC1 Signaling,0.28347957141990976,-0.21197855980545813,-1.106342515685677,CD9;GLRX;ATP6V1D;PSMC6;PSMA4;PHGDH;PSMD13;LDHA;SLA;IDH1;RDH11;TUBA4A;ENO1;IFI30;CORO1A;COPS5;ABCF2;GLA;EEF1E1;DAPP1;SLC6A6;PRDX1;MLLT11;SEC11A;RIT1;CACYBP;NMT1;SDF2L1;BUB1;MAP2K3;TXNRD1;ADD3;PSMA3;TM7SF2;NFIL3;PSMC4;PFKL;PSPH;DHFR;EDEM1;PNP;BHLHE40,age_changes_B_naive_02202026
Pperoxisome,0.3164983164983165,0.26672640332193864,1.151738834296714,ATXN1;DHCR24;CADM1;TSPO;MVP;ACSL1;NUDT19;PABPC1;SLC23A2;BCL10;YWHAH;HSD17B11;UGT2B17;ERCC3;CNBP;LONP2;SIAH1;IDE;PEX5;CRAT;PEX11A;PEX14;DLG4;ABCB1;IDI1,age_changes_B_naive_02202026
Wnt-beta Catenin Signaling,0.3220113583540492,-0.273106850096676,-1.0725417484199664,TP53;AXIN1;LEF1;NOTCH4;MAML1;NOTCH1;SKP2;FRAT1;HEY2;NCOR2;ADAM17;CSNK1E;PSEN2;TCF7;PTCH1,age_changes_B_naive_02202026
Glycolysis,0.32669866916442264,0.23472484131900467,1.1183935931941174,ENO2;IL13RA1;GNPDA1;AK3;VCAN;DDIT4;P4HA1;TGFBI;HSPA5;ECD;FAM162A;CTH;GNE;CHST2;TXN;ELF3;CHPF2;DSC2;G6PD;RRAGD;GFPT1;ALDOA;PAM;CHPF;ANG;PYGB;GPC1;PRPS1;MIF;VLDLR;KDELR3;LHPP;PKM;GOT2;CAPN5;IGFBP3;DLD;CITED2;TPI1;CDK1;PYGL;PHKA2,age_changes_B_naive_02202026
KRAS Signaling Up,0.3391983764586504,0.23945216054538343,1.1187935080508213,PRDM1;IL10RA;PIGR;NAP1L2;ANKH;MMD;PRELID3B;KCNN4;EPB41L3;APOD;IRF8;TNFRSF1B;F13A1;ACE;KIF5C;TLR8;ADAMDEC1;TRAF1;PCSK1N;LAPTM5;CDADC1;CA2;FBXO4;ZNF639;MMP9;VWA5A;TMEM176B;C3AR1;MAP7;ZNF277;TPH1;WNT7A;MAP4K1;CAB39L;TMEM176A,age_changes_B_naive_02202026
Hypoxia,0.34838491459496024,0.236775584164943,1.1216867205819314,ENO2;S100A4;BCL2;RORA;DDIT4;P4HA1;TGFBI;HSPA5;FAM162A;CDKN1B;GAPDH;IL6;VHL;HK1;CHST2;MAFF;NDST1;FOXO3;PGM1;SLC25A1;GPI;FBP1;RRAGD;ALDOA;PAM;GPC1;MIF;VLDLR;GBE1;LARGE1;MT1E;KDELR3;JMJD6;BTG1;NR3C1;F3;IGFBP3;CITED2;TPI1;TGM2;PGF;HMOX1;PNRC1;MYH9;XPNPEP1;KIF5A;SLC37A4;GCK;UGP2;IDS;DPYSL4;TGFB3,age_changes_B_naive_02202026
Xenobiotic Metabolism,0.35334083338848077,0.24573333489138272,1.126564820693768,DHRS7;PTGES3;ALDH2;CYP27A1;TGFB2;TMBIM6;PTGDS;AQP9;IRF8;CD36;CDA;GSS;UGDH;PDLIM5;NDRG2;ESR1;FAS;DHRS1;GNMT;CYP2J2;CA2;AHCY;NINJ1;TMEM176B;FBP1;PGD;ACO2;PEMT;AP4B1;BLVRB;FAH;PMM1;BCAT1;TMEM97;CYFIP2;PROS1;SLC1A5;MTHFD1;HPRT1;HMOX1;KYNU;CYP2S1;SMOX;NFS1;UPP1;POR;VNN1;ABCD2;GCH1;PAPSS2;CYP2E1;RETSAT;PC;GCLC;ALDH9A1;PTGR1;ELOVL5;SLC22A1;ITIH1;ABCC2;EPHX1;CES1,age_changes_B_naive_02202026
Apical Junction,0.44234253823294917,0.22487019428496907,1.048334984103644,JAM3;VCAN;PIK3CB;TGFBI;CTNNA1;MYL9;ICAM1;LIMA1;EXOC4;CRB3;TRAF1;MAPK13;ITGB1;SYMPK;CD99;GTF2F1;NEXN;ITGA3;MDK;ZYX;YWHAH;MMP9;ITGB4;SRC;CD274;TSPAN4;PLCG1;ADAM15,age_changes_B_naive_02202026
Cholesterol Homeostasis,0.45526805344156945,0.25987569072206895,1.0495023348606418,ACSS2;DHCR7;SREBF2;CXCL16;ATF5;LGALS3;ETHE1;GSTM2;SQLE;CTNNB1;CYP51A1;ANXA5;CLU;LSS;IDI1;STARD4;ACAT2,age_changes_B_naive_02202026
Myc Targets V2,0.5173988348291608,0.2534762302321887,1.008783230504871,WDR74;PLK4;NPM1;GRWD1;SUPV3L1;MYC;PA2G4;MCM5;NOLC1;UNG;IMP4;PPRC1;MYBBP1A;LAS1L;TMEM97;PRMT3;NOP2;MAP3K6;PES1,age_changes_B_naive_02202026
heme Metabolism,0.706436883193401,0.1906880069711907,0.9130405565250237,BLVRA;PRDX2;NFE2;CCND3;EIF2AK1;ADIPOR1;NUDT4;CAST;FBXO7;FOXO3;CA2;GDE1;GCLM;CLIC2;HTATIP2;MKRN1;DCAF10;ABCG2;OPTN;CIR1;ARL2BP;VEZF1;ELL2;FOXJ2;BLVRB;PDZK1IP1;FN3K;NR3C1;ADD2;TRAK2;MGST3;HBD;DMTN;CTSB;NCOA4;RAD23A;TCEA1;SLC10A3;RHCE;SNCA;SDCBP;MYL4;GMPS;SMOX;UROS,age_changes_B_naive_02202026
IL-6/JAK/STAT3 Signaling,0.7282597666159311,0.21796835712014206,0.9139391912664281,IL13RA1;STAT3;MAP3K8;IL2RA;IL12RB1;CD36;IL6;TNFRSF1B;IL15RA;FAS;IL6ST;ACVR1B;CXCL3;CD14,age_changes_B_naive_02202026
UV Response Dn,0.7510781329274481,0.1942518294181756,0.8834862801245496,ATXN1;TGFBR3;BMPR1A;PIAS3;CDKN1B;PDGFRB;SFMBT1;PDLIM5;MYC;SCN8A;DAB2;SLC7A1;SYNJ2;MIOS;MAP2K5;VLDLR;MT1E;GRK5;PEX14;NR3C1;F3;CITED2;SIPA1L1;MAP1B;LTBP1,age_changes_B_naive_02202026
Pancreas Beta Cells,0.7709331231431517,-0.271223044961622,-0.866554015870862,FOXO1;SEC11A;SRP9,age_changes_B_naive_02202026
Apical Surface,0.823947234906139,0.25339367114103334,0.835703780003196,HSPB1;CROCC;EPHB4;FLOT2;IL2RB;GHRL;NTNG1,age_changes_B_naive_02202026
Hedgehog Signaling,0.9496523114573074,0.21141396299139237,0.7152699534896266,TLE3;NRP2;RTN1;ADGRG1;VLDLR,age_changes_B_naive_02202026
Interferon Alpha Response,0.0,-0.3754023203568254,-2.2917394977296954,IRF9;SAMD9L;EIF2AK2;UBE2L6;B2M;HLA-C;EPSTI1;ISG15;CD47;SLC25A28;IRF7;NMI;MX1;IFI30;SAMD9;IFI35;IFI44L;LGALS3BP;STAT2;PSME2;PSMA3;SP110;PSMB8;CD74;ELF1;LY6E;PLSCR1;TRIM25;OAS1;DDX60;PARP9;USP18;ADAR,age_changes_B_transitional_02202026
Epithelial Mesenchymal Transition,0.00972790654628468,0.4642402153206059,1.754729788556806,LGALS1;IL6;SAT1;CD44;TGFBI;ENO2;PLOD1;TIMP1;RHOB;PCOLCE;VCAN;LRP1;FAS;MYLK;ACTA2;CD59;PFN2;FBLN2;ITGA5;SPARC;SERPINE2;MAGEE1;ANPEP;IL15;CXCL8;FSTL3;TPM2;ITGAV;GEM;TGFBR3;FUCA1;QSOX1;DST;PLAUR;SGCB;MYL9;MEST;ITGB1;FN1;VEGFA;FLNA;COL1A1;TPM1,age_changes_B_transitional_02202026
Oxidative Phosphorylation,0.012708787218591141,-0.28418942787920054,-1.98123443633819,NDUFC2;IDH2;NDUFB8;ATP6V0B;ATP5F1C;ATP5PF;ATP5PO;TIMM8B;ATP5MC3;NDUFB3;TIMM13;ACAA1;SLC25A11;COX5A;NDUFA9;COX11;NNT;COX7B;NDUFA1;NDUFS3;NDUFAB1;NDUFB2;ATP5ME;NDUFS6;PMPCA;ATP5MF;PDHB;ATP6V1D;ECI1;SLC25A5;NDUFB7;ATP5MC1;HSD17B10;CASP7;ATP5F1E;IDH1;HCCS;ATP6AP1;CYCS;AIFM1;NDUFA2;HADHB;NDUFS1;NDUFA7;ATP5MG;SDHB,age_changes_B_transitional_02202026
Inflammatory Response,0.025204121506283036,0.4171643268595643,1.6463129057431212,TNFRSF1B;CCL5;IL6;CD70;P2RX4;IL10RA;MYC;TIMP1;CD82;IL15RA;PTGIR;IL2RB;GCH1;CCR7;SEMA4D;GPR132;P2RX7;SLC7A1;IL18;OSM;ICAM1;ITGA5;SLC31A1;PTGER2;RIPK2;ACVR1B;CCRL2;CHST2;IRAK2;IL15;C5AR1;CXCL8;TNFSF9;PTAFR;FPR1;KIF1B;HIF1A;SLC31A2;DCBLD2;SCN1B;CD14;TLR2;LDLR;TNFSF15;CSF3R;SLAMF1;NMUR1;HBEGF;NOD2;NFKBIA;NLRP3;PLAUR,age_changes_B_transitional_02202026
Cholesterol Homeostasis,0.05807265423085097,0.4201780118166488,1.5447041302445528,LSS;ACSS2;LGMN;GSTM2;STARD4;ATF5;CXCL16;ALDOC;SREBF2;IDI1;FADS2;TMEM97;LGALS3;CHKA;CPEB2;SQLE;GNAI1;HSD17B7;ATF3;ABCA2;LDLR;ANXA5;FDFT1;DHCR7;NFIL3;PLAUR;CLU;NSDHL;CYP51A1;HMGCR;ERRFI1;SCD;S100A11,age_changes_B_transitional_02202026
IL-2/STAT5 Signaling,0.07848651872570594,0.3730159340535925,1.4928787803519548,BCL2;FGL2;TNFRSF1B;SERPINB6;P2RX4;CD44;SNX9;IL10RA;CKAP4;COCH;GLIPR2;PLIN2;RORA;PLPP1;PRNP;MYC;HOPX;GBP4;PRKCH;CDC42SE2;MAFF;RHOB;NFKBIZ;GPR65;ENO3;IL2RB;IKZF4;LCLAT1;GPX4;TWSG1;CYFIP1;ABCB1;SYNGR2;BMPR2;MAP3K8;IL2RA;TNFRSF4;PTGER2;ETFBKMT;XBP1;TRAF1;AMACR;PTCH1;AHNAK;FLT3LG;FAH;CST7;SLC29A2;TIAM1;CAPN3;ITGAV;TTC39B,age_changes_B_transitional_02202026
PI3K/AKT/mTOR  Signaling,0.07964173323650449,-0.2255387766180715,-1.4702920359818277,MKNK2;ARPC3;PTEN;NCK1;MAPK1;CFL1;IL2RG;PRKCB;VAV3;GRK2;TSC2;RPS6KA3;STAT2;CSNK2B;RALB;AKT1;LCK,age_changes_B_transitional_02202026
Xenobiotic Metabolism,0.10346955144684615,0.36935593840046543,1.4521601108432496,ACP2;CD36;FBP1;GCLC;ALDH2;CROT;BCAT1;BPHL;RETSAT;NINJ1;ACOX1;UPP1;GCH1;FAS;ABHD6;ENTPD5;NDRG2;CDA;TMEM97;SLC12A4;ALAS1;PGD;PTGDS;FMO1;UPB1;MT2A;TPST1;ELOVL5;TNFRSF1A;DHRS7;TMEM176B;DHRS1;FAH;PYCR1;PTGES3;PPARD;NQO1;LEAP2;NFS1;IRF8;EPHX1;ABCC2;HMOX1;PDLIM5;AKR1C3;ACSM1;NPC1;UGDH;CA2;KYNU;MTHFD1;PEMT;LCAT;ABCD2;PMM1;GSS;SLC35B1;ITIH4;ALDH9A1;CASP6;TMBIM6,age_changes_B_transitional_02202026
Pancreas Beta Cells,0.12327523602033406,-0.3889861737508279,-1.3154707283330236,FOXO1;SRP9;SRPRB;SRP14;ELP4,age_changes_B_transitional_02202026
p53 Pathway,0.12837888790627208,0.3458325795124512,1.4179299794901492,S100A4;DDB2;PVT1;SAT1;S100A10;CCNG1;ISCU;DDIT4;DRAM1;CDKN2A;RPL36;ZBTB16;HINT1;CD82;BAIAP2;RETSAT;VWA5A;EPS8L2;RXRA;FOXO3;NINJ1;UPP1;TSPYL2;SLC19A2;FAS;TXNIP;CDK5R1;BTG1;CTSF,age_changes_B_transitional_02202026
Coagulation,0.16069996268667677,0.3769800895848081,1.3824459745075404,CAPN2;CTSH;SERPINA1;CSRP1;ANXA1;ISCU;LGMN;TIMP1;MAFF;F8;LRP1;CRIP2;CFD;S100A13;F12;SPARC;PRSS23;PROC;CPQ;MST1;CLU;FN1;RABIF;C1QA;RAPGEF3;ANG;LTA4H;CTSK;CASP9;PF4,age_changes_B_transitional_02202026
Myogenesis,0.21056495897003477,0.342274403005899,1.3214530660032242,PRNP;CD36;MYH11;FXYD1;SSPN;PDLIM7;ENO3;CRAT;CNN3;MYLK;CFD;SYNGR2;ACSL1;MAPRE3;SH2B1;SPARC;FOXO4;DMPK;KLF5;DMD;CTF1;PSEN2;DAPK2;TPM2;PYGM;SGCA;HBEGF;MYLPF;NQO1;CLU;ITGB1;AGRN;SH3BGR;AKT2;COL1A1;MYOM1;SVIL;SCD;LSP1;PLXNB2;MYH3;FKBP1B;KCNH2;VIPR1;MYH9;PGAM2;TNNT3;SLC6A8;LARGE1;ADCY9;GNAO1;MYOM2;GAA;AK1;IGFBP7;TNNC2,age_changes_B_transitional_02202026
Apical Surface,0.22650546037883307,0.42140985259721286,1.3352855039140015,CROCC;HSPB1;IL2RB;GHRL;MDGA1;AFAP1L2;DCBLD2;PLAUR;GATA3;TMEM8B;CD160;FLOT2;MAL,age_changes_B_transitional_02202026
Bile Acid Metabolism,0.2285566729965471,0.3527840472432236,1.323465601725272,ATXN1;ABCA5;SLC23A2;CROT;RETSAT;RXRA;SLC23A1;ACSL1;IDI1;FADS2;OPTN;FADS1;EPHX2;ALDH1A1;ABCA6;SLC22A18;AMACR;ABCA2;PEX12;NR3C2;PEX13;PHYH;BCAR3;PEX11G;SOD1;HSD17B11;NPC1;CYP46A1;PEX11A;NUDT12;ABCD2;SLC29A1;ALDH9A1;ABCG8;LONP2;FDXR,age_changes_B_transitional_02202026
Complement,0.2333893611889622,0.3234776365117806,1.3012562822978935,CTSH;CCL5;S100A12;IL6;SERPINA1;CSRP1;ITGAM;CD36;L3MBTL4;GPD2;HSPA1A;LGMN;TIMP1;MAFF;GZMB;FCER1G;F8;LRP1;FCN1;PRDM4;LIPA;CDK5R1;CD59;S100A9;CDA;S100A13;LGALS3;KCNIP2;CTSC;GZMK;RNF4;DOCK9;CPQ;ANXA5;GNGT2;PLAUR;GATA3;CLU;ATOX1;SRC;DGKG;HSPA5;FN1;RABIF;C1QA;PRSS36;RCE1;GRB2;CA2;KYNU;NOTCH4;ANG;CTSS;LTA4H,age_changes_B_transitional_02202026
Fatty Acid Metabolism,0.24680878048111662,0.3289363161054049,1.2861119435356116,LGALS1;S100A10;CD36;ENO2;GPD2;BLVRA;ACOT2;MCEE;SMS;SERINC1;ECI2;BPHL;RETSAT;ENO3;ACOX1;CRAT;G0S2;CPOX;PCBD1;SLC22A5;ACSL1;IDI1;PRDX6;PPARA;FMO1;ALDH1A1;ACADS;HSD17B7;ELOVL5,age_changes_B_transitional_02202026
Angiogenesis,0.3119878599487015,0.4533131206020592,1.244143292256583,S100A4;TIMP1;VCAN;FGFR1;ITGAV;VEGFA,age_changes_B_transitional_02202026
TNF-alpha Signaling via NF-kB,0.32673521078185536,0.3068517481046621,1.247195045184718,CCL5;IL6;SAT1;CD44;SOCS3;BCL2A1;MYC;SGK1;DRAM1;PLPP3;BIRC3;IL23A;ZC3H12A;SIK1;MAFF;RHOB;IL15RA;NINJ1;GCH1;BTG1;TRIP10;SQSTM1;DNAJB4;CCND1;G0S2;IL18;ICAM1;MAP3K8;PANX1;TNFAIP2;RIPK2;FUT4;CCRL2;TNIP1;DUSP4;TNFSF9;TNF;TRAF1;ATF3;RNF19B;CFLAR;STAT5A;TLR2;GEM;LDLR;SPSB1;CEBPD;EGR2;NFKBIE;HBEGF;ZFP36;NFKBIA;NFIL3;FOSL2;PLAUR,age_changes_B_transitional_02202026
Androgen Response,0.3947865389291681,0.30943672390710425,1.1917236721454498,SAT1;PLPP1;SGK1;CENPN;SMS;INPP4B;CCND1;LMAN1;IDI1;ABCC4;PIAS1;GPD1L;SLC26A2;HOMER2;FADS1;CAMKK2;ACTN1;CDC14B;ELOVL5;SEC24D;PGM3;ITGAV;MAP7;HSD17B14;UAP1;MAK;GUCY1A1;HMGCR;CCND3;ACSL3;PDLIM5;SCD,age_changes_B_transitional_02202026
Estrogen Response Late,0.4041502992410999,0.30239209196027733,1.1961234479052292,BCL2;LSR;CD44;SERPINA1;SGK1;NXT1;GALE;RAB31;CHPT1;FLNB;CCND1;S100A9;SLC22A5;SLC16A1;GINS2;TST;SLC26A2;HOMER2;PRSS23;XBP1;ELOVL5;ALDH3A2;SLC2A8;MYOF;TIAM1;CLIC3;WFS1;XRCC3;IMPA2;PDCD4;FDFT1;PLK4;DHCR7;ZFP36;CISH;DNAJC12;ALDH3B1;MEST;MDK;NAB2;ITPK1;LLGL2;MYB;SLC7A5;UGDH;CA2;EMP2;SLC1A4;SLC29A1;PRKAR2B;LARGE1;PERP;FARP1;HSPA4L;PPIF;STIL;GPER1;EGR3;SLC9A3R1;IL6ST;ATP2B4;ABHD2,age_changes_B_transitional_02202026
Glycolysis,0.4163544001809843,0.2989121680990787,1.2009146972243996,CD44;TGFBI;DDIT4;ENO2;IL13RA1;PLOD1;GCLC;SPAG4;GALE;VCAN;GNPDA1;PYGB;AK3;SLC37A4;GLCE;SRD5A3;TPI1;CHPF2;GALK2;XYLT2;B4GALT2;CHST2;TPST1;SLC16A3;GNE;ALDH7A1;TXN;PAXIP1;QSOX1;AURKA;CHPF;PRPS1;PAM;PYGL;NSDHL;ALDOA;BPNT1;HSPA5;GFPT1;AGRN;ERO1A;EXT1;SOD1;NANP;VEGFA;HMMR;P4HA1;SLC35A3;NT5E;ANG;PGAM2;HK2;GYS1;ECD;ALDH9A1;HOMER1;CASP6,age_changes_B_transitional_02202026
Apoptosis,0.45320873703910974,0.2907562968870826,1.1590818014585784,HMGB2;IL6;TSPO;SAT1;CD44;ANXA1;AIFM3;ENO2;BCL2L2;BIRC3;HSPB1;TIMP1;RHOB;RETSAT;PRF1;GCH1;FAS;TXNIP;SQSTM1;GPX4;CCND1;IL18;LGALS3;PSEN2;TNF;BCL2L11;ATF3;PEA15;CFLAR;ERBB2;CD14;TGFBR3;PDCD4;PAK1;CLU;SMAD7;BMF;RNASEL;DAP3;SOD1;HMOX1;CYLD;CDK2;GNA15;KRT18;ANKH;IL1B;CASP9;DDIT3;PPP2R5B;CASP6;CD2;HGF;DIABLO;FDXR;IER3,age_changes_B_transitional_02202026
Hypoxia,0.46055250487309385,0.2917852742106061,1.16425094664106,BCL2;S100A4;IL6;TGFBI;PLIN2;RORA;DDIT4;ENO2;FBP1;MAFF;ALDOC;GAPDH;ENO3;FOXO3;SLC37A4;BTG1;TPI1;SLC2A5;NEDD4L;ATP7A;NDST1;CHST2;MT2A;ATF3;WSB1;PYGM;AMPD3;ZFP36;NFIL3;FOSL2;PLAUR;GBE1;PAM;NDST2;ALDOA;HSPA5;ERO1A;EXT1;ERRFI1;VEGFA;HMOX1;PRKCA;NOCT;P4HA1;MYH9;PGAM2;HK2;GYS1;LARGE1;LXN;DDIT3;CASP6;VHL;EFNA1;MT1E;GAA;AKAP12;IER3;GCNT2;CDKN1C,age_changes_B_transitional_02202026
Estrogen Response Early,0.4715823787096642,0.290512745324076,1.1459672224354704,BCL2;CD44;MYC;MREG;NXT1;RAB31;SLC19A2;MAST4;CHPT1;FLNB;CCND1;SLC22A5;SLC16A1;CELSR1;AQP3;MINDY1;MYBBP1A;SLC26A2;PRSS23;RHOBTB3;XBP1;ELOVL5;TMEM164;PODXL;MYOF;TIAM1;CLIC3;WFS1;MPPED2;ASB13;FDFT1;CANT1;DHCR7;CISH;ISG20L2;ALDH3B1;IGF1R;SVIL;SYBU;ITPK1;MYB;SLC7A5;PEX11A;TGIF2;KRT18;SYNGR1;SLC1A4;SNX24;DHRS3;ADCY9;FARP1,age_changes_B_transitional_02202026
TGF-beta Signaling,0.4910675381263616,-0.20566132441259777,-1.0536209071885156,PMEPA1;SMURF2;FKBP1A;SMAD3;SKIL;CDK9;FURIN;ID2,age_changes_B_transitional_02202026
Myc Targets V1,0.538005325587025,-0.2589277834668826,-1.0,PSMA4;TRIM28;PSMB2;NOP56;HDGF;CCT5;TXNL4A;POLE3;COX5A;PSMD3;HPRT1;PSMD8;C1QBP;FAM120A;PSMA1;HNRNPD;SSBP1;NDUFAB1;TRA2B;SSB;PRPF31;SNRPD3;SRSF2;RPL6;HNRNPA2B1;SYNCRIP;SRSF3;MCM7;PSMA7;RUVBL2;EIF2S2;UBE2L3;SRM;PSMB3;HNRNPA3;YWHAQ;PPM1G;CCT4;SET;SNRPB2;DHX15;EIF3J;SNRPG;PSMA2;APEX1;SERBP1;ABCE1;RANBP1;TARDBP;ERH;RPS10;EIF2S1,age_changes_B_transitional_02202026
Pperoxisome,0.5997191217560178,0.29010394170558634,1.102545797999439,TSPO;ATXN1;SLC23A2;PABPC1;ECI2;RETSAT;ACOX1;CRAT;ABCB1;ACSL1;IDI1;MVP;ABCB9;SLC25A17;NUDT19;FADS1;EPHX2;ALDH1A1;ELOVL5;PEX14;SLC25A4;PEX5;PEX13;ESR2;STS;SOD1;HSD17B11;PEX2;PEX11A;ABCD2;CNBP;DHRS3;ALDH9A1;HMGCL;ACSL4,age_changes_B_transitional_02202026
Adipogenesis,0.640072131968971,0.2689497217973873,1.0842460878351907,RAB34;PLIN2;CD36;GPD2;BAZ2A;COQ3;CD302;SSPN;ALDH2;RETSAT;MGST3;ACOX1;CRAT;GPHN;NABP1;MYLK;CDKN2C;GPX4;SQOR;ARAF;SLC5A6;TST;RETN;AGPAT3;EPHX2;SLC19A1;ACADS;COX8A;RREB1;SULT1A1;DHRS7;SLC27A1;PEX14;FAH;STAT5A;PDCD4;CMPK1;NKIRAS1;DHCR7;PHYH;CD151;RNF11;CPT2;GBE1;ALDOA,age_changes_B_transitional_02202026
IL-6/JAK/STAT3 Signaling,0.6616037677642267,0.2840166172469995,1.0554411186485304,TNFRSF1B;IL6;CD44;SOCS3;CD36;IL13RA1;IL15RA;FAS;IL9R;TYK2;MAP3K8;IL2RA;ACVR1B;TNF;CSF2RB;TNFRSF1A;CD14;TLR2;CSF3R,age_changes_B_transitional_02202026
Allograft Rejection,0.6658425204032088,0.2645677619683614,1.0692446788352301,SRGN;CCL5;IL6;CDKN2A;CD96;STAT4;IL12A;CXCR3;CFP;TIMP1;GZMB;ST8SIA4;BCAT1;NPM1;GPR65;PRF1;IL2RB;CD4;FAS;KLRD1;FCGR2B;IL18;ICAM1;IL2RA;HLA-G;FGR;APBB1;TLR6;RIPK2;CD247;IL16;IL15;TNF;CCR2,age_changes_B_transitional_02202026
KRAS Signaling Dn,0.6856331708587842,0.2785925845449084,1.056563873230558,STAG3;SIDT1;SGK1;WNT16;ZBTB16;CPEB3;TENT5C;NUDT11;MAGIX;ENTPD7;SLC25A23;PDE6B;PLAG1;CACNA1F;C5;CHST2;KLHDC8A;CLSTN3;THNSL2;ARPP21;THRB;KCNN1;PRKN;MYOT;NR6A1;OXT,age_changes_B_transitional_02202026
Reactive Oxygen Species Pathway,0.6928104575163399,-0.17075753490122703,-0.8766244176275172,GLRX;HHEX;LAMTOR5;STK25;PDLIM1;CDKN2D;PRDX1;FES,age_changes_B_transitional_02202026
Hedgehog Signaling,0.7051711836278811,0.3413470227744811,1.0342481356646516,CDK5R1;GLI1;TLE3;CELSR1;NRP2;AMOT;CRMP1;PTCH1,age_changes_B_transitional_02202026
Spermatogenesis,0.723686761996821,0.2745212280079342,1.0130791476820944,CDKN3;DBF4;PARP2;PHF7;JAM3;NF2;SLC2A5;BUB1;PEBP1;ACRBP;CCT6B;SPATA6;MTOR;NPHP1;PSMG1;MAP7;AURKA;DPEP3;ZC2HC1C;IFT88;MLF1;MAST2;TTK;CLPB;HSPA2;ALOX15;HSPA4L;CNIH2;VDAC3,age_changes_B_transitional_02202026
KRAS Signaling Up,0.7243523679161135,0.2615042367084507,1.02035397551255,TNFRSF1B;IL10RA;LAPTM5;FBXO4;BIRC3;CROT;FCER1G;VWA5A;KCNN4;MAFB;PRDM1;G0S2;CAB39L;ABCB1;LY96;F13A1;RETN;PRELID3B;TRAF1;TMEM176B;DCBLD2;SCN1B;FUCA1;HBEGF;MAP7;ZNF277;PLAUR;GUCY1A1;ETV5;IRF8;ERO1A;AKT2;TRIB1;CSF2RA;TPH1;KIF5C;PPBP;CA2;CTSS;MMD;SPON1;ANKH;IL1B;GADD45G;ENG;MAP4K1;PIGR;SPRY2;CBR4,age_changes_B_transitional_02202026
Interferon Gamma Response,0.7917418108501227,0.24085101501248823,0.9838859881507894,FGL2;CCL5;IL6;IL18BP;SOCS3;IL10RA;PELI1;GBP4;STAT4;SSPN;P2RY14;IL15RA;ST8SIA4;UPP1;IL2RB;GCH1;FAS;TXNIP;BTG1;ZNFX1;SLAMF7;ICAM1;MVP;TNFAIP2;LATS2;HLA-G;RIPK2;TOR1B;MT2A;IL15,age_changes_B_transitional_02202026
mTORC1 Signaling,0.8991039021092502,0.22632886565532734,0.9263578653740107,FGL2;CCNG1;DDIT4;LGMN;CFP;GCLC;STARD4;M6PR;BCAT1;GAPDH;MCM4;SLC37A4;SQSTM1;PSAT1;TPI1;PPA1;BUB1;IDI1;HSPA9;POLR3G;FADS2;TMEM97;SYTL2;TBK1;FADS1;SQLE;CTSC;CANX;PIK3R3;PSMD14;PSMG1;XBP1;ELOVL5;UCHL5;HSPE1;LDLR;DDX39A;DHCR7;AURKA;NFIL3;RPA1;GBE1;ALDOA;NUFIP1;HSPA5;CYP51A1;CCNF;HMGCR;ERO1A;ACSL3;SCD;SERP1;MLLT11;RAB1A;P4HA1;SLC7A5;NUP205;MTHFD2L;LTA4H;SLC1A4;RPN1;HK2,age_changes_B_transitional_02202026
Apical Junction,0.9121238919852744,0.23763898874731135,0.9330474271963408,CD99;CTNNA1;TGFBI;PLCG1;BAIAP2;VCAN;CLDN15;CRAT;TSPAN4;NEXN;JAM3;NF2;MADCAM1;ICAM1;THBS3;ATP1A3;AMIGO2;ACTN1;PIK3R3;TRAF1;GNAI1;CTNND1;MAPK11;ITGA10;SRC;MYL9;TMEM8B;PIK3CB;ITGB1;LIMA1;AKT2;LDLRAP1;MDK;NECTIN1;TSC1;KCNH2;VCL;MYH9,age_changes_B_transitional_02202026
heme Metabolism,0.9928634596795755,0.13516364935466318,0.5470832126360435,FECH;EPOR;TSPAN5;BLVRA;GCLC;MGST3;FOXO3;SYNJ1;PRDX2;CPOX;TENT5C;SNCA;MOSPD1;OPTN;AQP3;SLC10A3;SLC30A1;GYPE;ISCA1;MINPP1;NUDT4;ALAD;MBOAT2;RNF123;SLC11A2;CCND3;ARL2BP;FBXO7;ADIPOR1;BSG;ATG4A;CA2;FN3K;SPTA1;SLC6A8;PPP2R5B;CDR2;E2F2;ALDH6A1;GAPVD1;ELL2;NFE2;ADD2;HBB;MPP1;FBXO34;ERMAP;TRAK2;NFE2L1;MYL4;XPO7;EZH1;HEBP1;GCLM;TFRC;GDE1;ABCB6;ABCG2;RANBP10;SMOX;CTSB;LAMP2;NARF;HTATIP2;VEZF1;PPOX;CAST;BLVRB;RCL1;ARHGEF12;CTNS;KHNYN,age_changes_B_transitional_02202026
Mitotic Spindle,1.0,0.1678735509982931,0.6783368703347469,TUBD1;KATNB1;EZR;CCDC88A;LLGL1;PCM1;NET1;BRCA2;TBCD;TUBGCP5;FGD4;FLNB;ALS2;BUB1;CEP131;KIF15;ARHGDIA;ALMS1;KPTN;CEP72;NUSAP1;ECT2;TPX2;CENPE;BCL2L11;KIF1B;INCENP;NDC80;PIF1;SHROOM1;TIAM1;ARHGAP27;RACGAP1;DST;AURKA;TLK1;UXT;PRC1;CNTROB;KIF3B;FLNA;PDLIM5;KIF11;STK38L;ARHGEF11;TSC1;KIF3C;VCL;MYH9;MYH10;TTK;TRIO;FARP1;CENPF;LMNB1;PCGF5;ARHGAP5;WASL;CENPJ;NUMA1;CDC42EP4;MARK4;RASAL2;KNTC1;CDK1;FGD6;AKAP13;MAPRE1;TUBGCP6;GEMIN4;NF1;KIF22;RFC1,age_changes_B_transitional_02202026
G2-M Checkpoint,1.0,0.1550712959292106,0.629837997913923,MYC;CDKN3;SUV39H1;MAD2L1;ATF5;BRCA2;DBF4;POLA2;CDKN2C;TRAIP;CCND1;SLC7A1;TLE3;CDC7;BUB1;KIF15;GINS2;NUSAP1;SQLE;MCM6;CHEK1;MT2A;TPX2;CHAF1A;DMD;CENPE;MCM5;INCENP;NDC80;HIF1A;DDX39A;ORC5;RACGAP1;UCK2;PLK4,age_changes_B_transitional_02202026
Unfolded Protein Response,1.0,0.16768168888849722,0.6584638449274384,DDIT4;EEF2;ERN1;WIPI1;NPM1;TSPYL2;FKBP14;NABP1;PSAT1;HSPA9;ATF6;PDIA5;DNAJA4;ALDH18A1,age_changes_B_transitional_02202026
Myc Targets V2,1.0,0.22408171588074427,0.8317631061786593,MYC;NPM1;BYSL;MCM4;UTP20;TMEM97;MYBBP1A;SLC19A1;MAP3K6;MCM5;HSPE1;SLC29A2;PLK4,age_changes_B_transitional_02202026
UV Response Dn,1.0,0.14281795156010776,0.5555368140413826,MYC;ATXN1;PLPP3;RXRA;INPP4B;SLC7A1;PIK3R3;SLC22A18;PEX14;ERBB2;BMPR1A;TGFBR3;LDLR;SMAD7;IGF1R;MGLL;COL1A1;PDLIM5;PRKCA;ATRN;GRK5;ICA1;PRKAR2B;MT1E;ID1;ACVR2A;ZMIZ1;FZD2;ATP2B4;WDR37;IRS1,age_changes_B_transitional_02202026
E2F Targets,1.0,0.18306186690421833,0.7515944734376415,HMGB2;MYC;LIG1;HELLS;CDKN3;CDKN2A;SUV39H1;MAD2L1;DCLRE1B;BRCA2;ANP32E;MCM4;MXD3;RAD1;GINS4;POLA2;CDKN2C;UBE2T;RFC3;TCF19;GINS3,age_changes_B_transitional_02202026
Notch Signaling,1.0,0.19799897755655937,0.6120191569621024,CCND1;PSEN2;TCF7L2;DLL1;ST3GAL6;PPARD;APH1A;ARRB1;PRKCA,age_changes_B_transitional_02202026
DNA Repair,1.0,0.15087650355609963,0.6093959654222292,DDB2;LIG1;ERCC8;TK2;ZNF707;AK3;TAF6;STX3;POLA2;GPX4;RFC5;RFC3;CDA,age_changes_B_transitional_02202026
Protein Secretion,1.0,0.21385439674146822,0.8255240405302492,RAB5A;ATP1A1;SSPN;M6PR;ANP32E;LMAN1;TMED10;GALC;ATP7A;OCRL;CTSC;KIF1B;BNIP3;SEC24D;SCRN1;YIPF6;VPS45,age_changes_B_transitional_02202026
Wnt-beta Catenin Signaling,1.0,0.1856208203938004,0.6108970736556247,MYC;PSEN2;GNAI1;PTCH1;DLL1;PPARD,age_changes_B_transitional_02202026
UV Response Up,1.0,0.2144051405881803,0.853441571410633,IL6;ENO2;SIGMAR1;EIF2S3;RHOB;PARP2;GCH1;CREG1;GGH;BTG1;SQSTM1;ABCB1;ICAM1;NAT1;ALAS1;AQP3;TST;FMO1;CHKA;BCL2L11;SULT1A1;ATF3;HYAL2;TGFBRAP1;SLC25A4,age_changes_B_transitional_02202026
Myc Targets V2,0.0,-0.5992768607784328,-2.205968294578534,NOP56;HSPE1;PPAN;HSPD1;BYSL;TBRG4;GNL3;HK2;NDUFAF4;MYC;GRWD1;SRM;RRP9;DDX18;MRTO4;PHB;UTP20;SLC29A2;WDR74;DCTPP1;CDK4,age_changes_CD14_mono_02202026
Coagulation,0.0,0.48185149343907313,2.346570601815098,ADAM9;CLU;PECAM1;CTSB;MMP14;HTRA1;FURIN;PRSS23;TIMP1;GNB2;F8;LRP1;ANG;SERPINA1;GSN;WDR1;LTA4H;SERPING1;RAC1;C1R;CSRP1;RAPGEF3;PROS1;P2RY1;CTSK;PLAU;CPQ;SPARC;CFH;RABIF;SH2B2;VWF;CAPN2;FN1;CTSO;THBS1;CD9;F12;S100A13;CASP9;CFD;ACOX2,age_changes_CD14_mono_02202026
Myc Targets V1,0.0,-0.4717188039044974,-2.056702365058295,GSPT1;NOP56;HSPE1;ABCE1;SRSF7;EIF2S1;PSMC4;HSPD1;VBP1;SSB;GNL3;CCT2;MYC;POLD2;KPNA2;HSP90AB1;NME1;PSMC6;TCP1;APEX1;EIF4A1;CCT5;SRM;RRP9;DDX18;PRDX4;PSMA1;G3BP1;PHB;HDAC2;VDAC3;IFRD1;EIF3J;TXNL4A;SRSF2;TYMS;CTPS1;MCM2;YWHAE;BUB3;CCT3;TARDBP;CDK4;SNRPD1;PCNA;COPS5;RANBP1;C1QBP;PSMA4;XPO1;RAN;RFC4;SNRPG;UBE2E1;SERBP1;ODC1;EIF1AX;RPS10;SSBP1;HNRNPD;PSMA2;HDGF,age_changes_CD14_mono_02202026
IL-6/JAK/STAT3 Signaling,0.005824232969318773,0.41050691769712633,1.896828984826065,PIM1;HMOX1;STAT3;IL1R2;GRB2;CSF3R;IL1R1;TNFRSF12A;PTPN1;PTPN2;PTPN11;IL17RA;IL15RA;PIK3R5;IL12RB1;IFNGR2;CXCL3;ACVR1B;IL4R;STAT1;CD38;CSF1;CXCL1;TYK2;LTBR;CCL7;MYD88;TLR2;SOCS3,age_changes_CD14_mono_02202026
Complement,0.007280291211648467,0.368586950111015,1.9314281894996148,L3MBTL4;PIM1;ADAM9;CCL5;CLU;CTSB;MMP14;CR1;GZMB;F5;TIMP1;WAS;RBSN;GRB2;PLSCR1;GNB2;GNG2;F8;PDP1;LRP1;ANG;SERPINA1;ITGAM;LTA4H;PIK3R5;SERPING1;GZMA;CASP4;ME1;RHOG;C1R;CSRP1;CASP5;CALM3;PRCP;PSMB9;DOCK4;S100A12;CXCL1;XPNPEP1;LGALS3;SIRT6;CPQ;CFH;USP15;RABIF;DUSP5;CPM,age_changes_CD14_mono_02202026
Angiogenesis,0.011232449297971918,0.48533084054793185,1.7280907254143718,TIMP1;NRP1;VCAN;APP;FGFR1;TNFRSF21;LRPAP1;THBD;JAG1;ITGAV;S100A4;JAG2,age_changes_CD14_mono_02202026
Interferon Gamma Response,0.012619171433524009,0.3356156132934962,1.7313135365625951,VAMP5;IL10RA;PIM1;CCL5;TXNIP;FCGR1A;HIF1A;MT2A;FPR1;STAT3;TAPBP;MVP;UPP1;PLSCR1;ST8SIA4;PTPN1;ARID5B;PTPN2;ADAR;IFITM2;IL15RA;OGFR;PSMB10;CMTR1;SERPING1;PELI1;IFITM3;BATF2;LATS2;GZMA;METTL7B;CASP4;IL4R;STAT1;CD38;C1R;NLRC5;STAT4;PSMB9;CASP8;PSME1;HLA-DMA;RBCK1;CFH;TRIM26;CCL7;IL2RB;ZBP1;MYD88;ZNFX1;TRAFD1,age_changes_CD14_mono_02202026
Fatty Acid Metabolism,0.013618917915067476,-0.3926898005308545,-1.6687965626206258,CD1D;ACADM;HCCS;IL4I1;HSPH1;SDHD;MDH1;NTHL1;CA2;CCDC58;APEX1;PDHA1;OSTC;ECI2;GPD2;CPOX;ECH1;ECI1;HSD17B7;BCKDHB;HSP90AA1;FH;NBN;ACSM3;SUCLG1;REEP6;RDH11;ACSS1;BPHL;PDHB;HMGCL;MCEE;ODC1;GCDH;RDH16;ACAA1,age_changes_CD14_mono_02202026
heme Metabolism,0.013832553302132084,0.3400381410639447,1.7865202080409583,CTSB;ADIPOR1;SEC14L1;RIOK3;TCEA1;PRDX2;EIF2AK1;MKRN1;SYNJ1;CAST;ACP5;MPP1;FBXO7;NARF;GDE1;KLF3;TFDP2;RCL1;CIR1;ATP6V0A1;PIGQ;SMOX;PGLS;SLC25A37;MFHAS1;SLC6A8;GMPS;DCAF11;PICALM;FN3K;FBXO9;HEBP1;SLC10A3;PDZK1IP1;HTATIP2;USP15;TRAK2;MBOAT2;VEZF1;MXI1;SLC2A1;TNS1;BNIP3L;SLC7A11;PC;GYPC;SLC30A1;ERMAP;RNF19A;BTRC;BLVRB;KAT2B;XPO7;BLVRA;OPTN;UCP2;BACH1;LRP10;BSG;PSMD9,age_changes_CD14_mono_02202026
Hypoxia,0.015143005720228808,0.3341738753751425,1.734478476368271,PIM1;HMOX1;CAVIN3;MYH9;MT2A;SDC4;SLC25A1;RORA;AK4;MT1E;MAP3K1;NEDD4L;SDC2;NOCT;ALDOA;PGM1;SDC3;SLC6A6;TGM2;HDLBP;MIF;SLC2A5;PFKFB3;VHL;GAA;CHST2;CITED2;FBP1;KDM3A;NDST1;SLC2A3;ZNF292;CDKN1B;PAM;XPNPEP1;GPI;SLC37A4;MXI1;GYS1;GALK1;SLC2A1;BNIP3L;GRHPR;LDHA;NDST2;TPBG;PFKL;LXN;PFKP,age_changes_CD14_mono_02202026
Apical Junction,0.017108684347373896,0.31791802462635665,1.665059057002751,ADAM9;MYH9;PECAM1;CNN2;SIRPA;ZYX;CD99;MAP3K20;FYB1;NECTIN2;MVD;VCAN;SHC1;CTNNA1;GTF2F1;AKT2;EXOC4;SDC3;ACTN1;ARHGEF6;CRAT;PIK3CB;WASL;ADAM15;SYK;MPP5;B4GALT1;ACTN4;INPPL1;RSU1;MSN;ITGB4;DHX16;FSCN1,age_changes_CD14_mono_02202026
Apoptosis,0.02070838389091119,0.31852903998196047,1.6181662408155175,TXNIP;CLU;HMOX1;DAP;TIMP1;PRF1;BCL2L2;TNFRSF12A;RELA;BCL2L1;APP;TGFBR3;HSPB1;SPTAN1;GSN;F2R;GPX4;IFITM3;IGF2R;GPX3;CASP4;RHOT2;CD38;DNAJC3;CASP2;BCL2L11;CASP8;CDKN1B;GNA15;IL18;LGALS3;DPYD;ERBB2;GSR;MADD,age_changes_CD14_mono_02202026
Mitotic Spindle,0.03698387935517421,0.2812258121667748,1.5104039531420614,NET1;MYH9;STAU1;PXN;WASF1;LMNB1;CDC42BPA;PCGF5;SSH2;SPTAN1;GSN;MYO9B;TBCD;FLNA;TUBGCP2;NUMA1;ARHGEF3;WASL;RHOT2;ARHGAP10;DYNC1H1;KIF22;ATG4B;CAPZB;BCL2L11;ARHGAP5;ARHGDIA;ACTN4;ABI1;DOCK4;DYNLL2;CLIP2;PREX1;ARHGAP4;FSCN1;CNTROB;LLGL1;INCENP;MAP1S;CDC42EP4;LATS1;HOOK3;SUN2;NIN;TUBGCP6;RAB3GAP1;SMC1A;KATNB1,age_changes_CD14_mono_02202026
Unfolded Protein Response,0.04445214807478024,-0.3691241835977481,-1.5061730084615346,NOP56;SRPRB;EIF2S1;NFYB;DDX10;TTC37;EIF4A1;RRP9;KIF5B;EIF4A3;GOSR2;EXOSC2;DNAJA4;XBP1;IFIT1;ALDH18A1;VEGFA;CKS1B;DKC1;EIF4A2;YIF1A;PAIP1;CNOT4;SLC7A5;SLC1A4;IMP3;PDIA5;PDIA6;LSM1;NOLC1;HERPUD1;CNOT6;PSAT1;EXOSC5;GEMIN4;EIF4E,age_changes_CD14_mono_02202026
Myogenesis,0.044740698718857844,0.28833096593805324,1.4717972513246727,CLU;MYH9;TPM3;PDLIM7;MYL6B;KIFC3;PDE4DIP;RB1;APP;AKT2;SPTAN1;GSN;LSP1;CRAT;ATP6AP1;FOXO4;GPX3;SLC6A8;NCAM1;GAA;PRNP;VIPR1;ACSL1;MEF2D;DAPK2;ITGB4;SPARC;RIT1;PVALB;SH2B1;SYNGR2;TNNI2;CKB;FLII;PC,age_changes_CD14_mono_02202026
Oxidative Phosphorylation,0.046576699269530765,-0.34321504236381417,-1.520578359544301,MTX2;ACADM;CYCS;FXN;HCCS;SDHD;MDH1;CYB5A;PDHA1;NDUFA9;NDUFB8;NDUFB3;MRPS22;ECH1;VDAC3;ATP6V1D;ECI1;SLC25A11;NDUFA8;FH;SUCLG1;ACAT1;LRPPRC;IDH3A;MGST3;TIMM17A;ATP5PO;ETFA;NDUFA7;PDHX;ATP6V1E1;ATP6V1C1;UQCRC2;ATP5F1B;FDX1;NDUFC2;SLC25A20;PDHB;NDUFV2;SLC25A12;TIMM8B;TIMM9;DLAT;ACAA1;ATP5MC3;NDUFS2;COX17;TIMM10;ATP5PF;ACAA2;MRPL15;NDUFS4,age_changes_CD14_mono_02202026
Wnt-beta Catenin Signaling,0.05229664479385911,-0.4280104148732716,-1.4735618764884235,LEF1;TCF7;MYC;NOTCH4;TP53;HDAC2;KAT2A;AXIN2;FRAT1;NKD1,age_changes_CD14_mono_02202026
Cholesterol Homeostasis,0.0656346253850154,0.3140415351739237,1.3881788339676686,CXCL16;CLU;ACSS2;PLSCR1;MVD;TNFRSF12A;TP53INP1;GUSB;FDFT1;SREBF2;ABCA2;LGALS3;TM7SF2;DHCR7;CHKA;STARD4;CD9;PPARG;ETHE1;TMEM97;CPEB2,age_changes_CD14_mono_02202026
Glycolysis,0.06760270410816432,0.2601059610960438,1.3693931981443945,DSC2;QSOX1;MERTK;AK4;PLOD1;ANG;PKM;GUSB;VCAN;LHPP;G6PD;SDC2;ALDOA;ECD;SDC3;TPST1;HDLBP;MIF;PHKA2;PGLS;ME1;PYGB;TGFA;PYGL;CHST2;B4GALT1;CITED2;ZNF292;PAM;AK3;PGAM1;CHPF2;RBCK1;IDUA;GNE;GFPT1;TALDO1;SLC37A4;MXI1;GYS1;GALK1;NANP;PC;LDHA;TPBG;PPIA,age_changes_CD14_mono_02202026
Reactive Oxygen Species Pathway,0.06843473738949558,0.338218887825564,1.3926544309199278,CDKN2D;PRDX2;PTPA;HHEX;G6PD;LSP1;GPX4;GPX3;PRNP;MPO;SCAF4;GSR,age_changes_CD14_mono_02202026
Pancreas Beta Cells,0.08396062894639099,-0.5080873129155754,-1.3930516037642122,SRPRB;SRP9;LMO2;AKT3;VDR,age_changes_CD14_mono_02202026
Xenobiotic Metabolism,0.09435257410296413,0.26163900529745465,1.320130560340114,CYP27A1;HMOX1;MT2A;PGD;AQP9;BCAT1;PTGDS;UPP1;GNMT;IL1R1;MAN1A1;PGRMC1;ABCC3;SLC6A6;DHRS1;PSMB10;TPST1;PMM1;CBR1;SMOX;ELOVL5;FBP1;PROS1;DDAH2;ATP2A2;PPARD,age_changes_CD14_mono_02202026
E2F Targets,0.09572153734590283,-0.3187108496934128,-1.3936947860370374,GSPT1;NOP56;STMN1;EIF2S1;TBRG4;MYC;POLD2;KPNA2;NME1;UBE2T;UBE2S;CKS2;CBX5;EED;TP53;RPA2;PRDX4;IPO7;DCK;RFC3;LYAR;NBN;SRSF2;CTPS1;DCTPP1;BIRC5;RPA3;MCM2;CKS1B;CDK4;PCNA;CSE1L;RANBP1;XPO1;DIAPH3;RAN;AK2;CENPM;MYBL2;DLGAP5;RPA1;GINS3;SMC3;PPP1R8;HNRNPD;KIF4A;ZW10;TUBG1;ASF1A;MAD2L1;CDC20;SRSF1;NOLC1;SNRPB,age_changes_CD14_mono_02202026
Inflammatory Response,0.0984980575693616,0.2476747272508415,1.2948955691046906,IL10RA;CD82;CCL5;HIF1A;MSR1;FPR1;MMP14;AQP9;TAPBP;TIMP1;MARCO;CSF3R;IL1R1;RNF144B;RELA;BEST1;IL15RA;P2RX4;PIK3R5;IFNGR2;ACVR1B;IL4R;RHOG;CHST2;IL10;CSF1;ABI1;GNA15;IL18;ATP2A2;EMP3;CCL7;IL2RB;SCN1B;ABCA1;TLR2;ADRM1;ICOSLG;TPBG;CD40,age_changes_CD14_mono_02202026
p53 Pathway,0.10160050846478304,0.2430380992831263,1.2803442927534303,GM2A;CD82;TXNIP;HMOX1;TCN2;DDB2;SERTAD3;UPP1;CDKN2A;ZFP36L1;RB1;APP;F2R;DRAM1;VWA5A;CCNG1;PMM1;SEC61A1;ACVR1B;TGFA;COQ8A;RAB40C;RAP2B;STOM;RRP8;ZBTB16;ANKRA2;ITGB4,age_changes_CD14_mono_02202026
Adipogenesis,0.10374414976599065,0.2489412426728021,1.2969903318138059,BAZ2A;CDKN2C;RAB34;RIOK3;SLC25A1;CD302;RNF11;BCL2L13;ADIPOR2;ALDOA;PGM1;COX8A;NABP1;GPX4;PEX14;CRAT;APLP2;BCL6;PFKFB3;GPX3;ME1;TKT;UQCRC1;GPAT4;STOM;UBQLN1;RMDN3;RREB1;CMPK1;PIM3;TALDO1;ABCA1;UQCR11;DHCR7;CD151;ELOVL6;PPM1B;PFKL;PEMT;ACOX1;SULT1A1;G3BP2;SLC27A1;NDUFB7;ELMOD3;PPARG;CS;PHYH;ACADS;ARAF,age_changes_CD14_mono_02202026
UV Response Dn,0.11852314092563702,0.2522392632390167,1.2476124068573913,CDC42BPA;NRP1;SCAF8;MT1E;PIAS3;PTGFR;TGFBR3;SDC2;SIPA1L1;PEX14;PRKCE;CITED2;AMPH;SYNE1;PRKAR2B;CDKN1B;APBB2;DLC1;ADD3;ERBB2;ATP2B4;LAMC1;ICA1;PHF3;SLC22A18;AGGF1;YTHDC1;CELF2;PTPRM;PPARG;TGFBR2;WDR37;ANXA4;ADORA2B,age_changes_CD14_mono_02202026
Epithelial Mesenchymal Transition,0.12460793168568847,0.24489677958035883,1.24776439556808,SDC4;MMP14;QSOX1;HTRA1;TIMP1;ANPEP;LRP1;TPM4;PLOD1;EFEMP2;TNFRSF12A;AREG;VCAN;TGFBR3;TGM2;FLNA;COLGALT1;SLC6A8;IL32;CXCL1;PCOLCE;SPARC;LAMC1;EMP3,age_changes_CD14_mono_02202026
DNA Repair,0.1625796156438722,-0.3053922168983164,-1.3073975855164188,BOLA2;UPF3B;NME1;GTF2H5;POLR2H;TP53;RPA2;EIF1B;ADA;NUDT9;SNAPC5;ALYREF;TSG101;PNP;TAF10;RFC3;PDE6G;CMPK2;TAF12;ZNRD1;TYMS;CETN2;ADCY6;RPA3;GTF2H3;PCNA;POLR2K;PDE4B;RFC4;CSTF3;ERCC4;DAD1;RBX1;POLR1C,age_changes_CD14_mono_02202026
mTORC1 Signaling,0.18750526185464902,-0.29119094019009234,-1.277937941414431,ABCF2;HSPE1;EEF1E1;GOT1;PSMC4;HSPD1;HK2;CYB5B;CTSC;LGMN;PSMC6;PNO1;RRP9;NMT1;XBP1;PNP;ATP6V1D;PRDX1;ACTR3;IFRD1;PSMA3;MCM2;TOMM40;SKAP2;RDH11;COPS5;PSMA4;DAPP1;MLLT11;CACYBP;CXCR4;FDXR;RPA1;PITPNB;PSMB5;SLC7A5;HMGCR;SLC1A4;SLC1A5;POLR3G;TUBG1;NUPR1;USO1;UCHL5;STIP1;LDLR;EGLN3;PSMC2;SCD;GLRX;SORD,age_changes_CD14_mono_02202026
Bile Acid Metabolism,0.1903969492113018,0.25156632735126416,1.1775812602352775,HSD3B7;CYP27A1;AQP9;SLC23A2;GNMT;CH25H;GSTK1;ABCA2;SULT1B1;ACSL1;PEX16;PEX26;ABCA1;SLC22A18;ABCD1;NEDD4;LONP2;ABCA6;PHYH;PXMP2;HSD17B11;ALDH9A1;OPTN;PRDX5;PEX13,age_changes_CD14_mono_02202026
TNF-alpha Signaling via NF-kB,0.22538071065989848,-0.2831276444409696,-1.2425961639475225,IL7R;SLC2A6;CCL4;GCH1;MYC;NFKB1;GADD45B;PTX3;PMEPA1;TNFRSF9;CXCL10;HES1;MARCKS;TNFAIP8;IFIH1;NR4A1;TNF;IL23A;NFKBIE;TIPARP;RCAN1;PTGER4;IER3;VEGFA;IL1B;IL1A;CFLAR;NFE2L2;LIF;PDE4B;SERPINB2;PHLDA2;BIRC3;IER5;ACKR3;MSC;PLK2;CCL20;RNF19B;TANK;IL6ST;IFIT2;TNFAIP3;EFNA1;KLF2;LDLR;CCRL2,age_changes_CD14_mono_02202026
Notch Signaling,0.26642494561276286,-0.3743857410700348,-1.1854099221249097,ST3GAL6;TCF7L2;LFNG;HES1;KAT2A;RBX1;DTX1,age_changes_CD14_mono_02202026
G2-M Checkpoint,0.2681564937476786,-0.2673787023172217,-1.1642502978692728,GSPT1;STMN1;KIF23;MNAT1;MYC;KPNA2;HIRA;UBE2S;MARCKS;CKS2;RPA2;MTF2;KIF5B;G3BP1;FBXO5;SLC38A1;SMC2;CASP8AP2;RBM14;SRSF2;SLC7A1;BIRC5;MCM2;CKS1B;BUB3;DKC1;CDK4;SNRPD1;CENPA;XPO1;MYBL2;KATNA1;DTYMK;ODC1;PURA;E2F4;HNRNPD;AMD1;NDC80;SLC7A5;KIF4A;CDC6;CHAF1A;TTK;MAD2L1;PRMT5;CDC20;SRSF1;NOLC1,age_changes_CD14_mono_02202026
IL-2/STAT5 Signaling,0.26947298914613516,-0.2719376284100099,-1.2067887265192547,LTB;RABGAP1L;RHOH;IKZF2;CD79B;BATF3;HK2;IL3RA;MYC;GADD45B;CD81;IGF1R;ITGA6;TNFRSF9;CXCL10;CA2;NT5E;SOCS1;CTSZ;XBP1;SLC29A2;PNP;CAPN3;IRF8;CDKN1C;LCLAT1;CD48;TIAM1;SCN9A;FAH;ICOS,age_changes_CD14_mono_02202026
Allograft Rejection,0.2698361602905369,-0.2681479629314333,-1.1731652748571755,CD79A;LTB;ETS1;CD1D;ABCE1;CD3D;CD8B;CCL4;IL2RG;NME1;MAP4K1;TRAT1;LCK;LY75;MRPL3;CD3G;HDAC9;SOCS1;ITGAL;TNF;UBE2N;IRF8;EIF3J;IGSF6;ITK,age_changes_CD14_mono_02202026
Apical Surface,0.2713307492309597,-0.36335262133290114,-1.19358847744789,TMEM8B;LYPD3;IL2RG;MAL;GHRL;DCBLD2,age_changes_CD14_mono_02202026
Spermatogenesis,0.2750718776223295,-0.2873195610191911,-1.1412333495655533,NEFH;CAMK4;RPL39L;POMC;VDAC3;HSPA1L;ZC3H14;HSPA2;ALOX15;SIRT1;RFC4;PEBP1;STRBP;PCSK4;MLF1;RAD17;TTK;CSNK2A2;NPHP1;LDHC;TULP2,age_changes_CD14_mono_02202026
KRAS Signaling Up,0.27667232300868844,-0.26768121032263675,-1.1500645996139252,RABGAP1L;ETS1;JUP;IL7R;FUCA1;IL2RG;WDR33;ST6GAL1;CXCL10;CA2;MAP4K1;LAT2;C3AR1;HDAC9;TSPAN13;IRF8;GNG11;TLR8;DCBLD2;IL1B;PLVAP;LIF;GUCY1A1;PLAT;PRDM1;BIRC3;GADD45G;CXCR4;TRIB2;MMP9;CCL20;CSF2RA;TNFAIP3;CBL;GLRX;MALL;TMEM158;CLEC4A;TPH1;CBR4;KCNN4;PTGS2;TRAF1;SEMA3B;RGS16;AKAP12;MPZL2;PTCD2;ADAM8;IKZF1;ADGRA2;YRDC;EVI5,age_changes_CD14_mono_02202026
Estrogen Response Early,0.30543648957729225,-0.2603702833909495,-1.1152585811378177,ABLIM1;FCMR;BCL11B;MYC;IGF1R;FAM102A;RASGRP1;AQP3;TGIF2;HES1;MYB;SLC39A6;TBC1D30;XBP1;PMAIP1;TIPARP;AKAP1;RARA;RPS6KA2;RETREG1;DEPTOR;TIAM1;ABCA3;SNX24;FHL2;CELSR1;SLC26A2;OPN3;SLC7A5;SLC1A4;SVIL;IL6ST;SIAH2;SLC16A1,age_changes_CD14_mono_02202026
Estrogen Response Late,0.3314518035266866,0.21092147859513863,1.0907947333960248,RAB31;NAB2;ITPK1;PRSS23;ALDH3B1;ABHD2;AREG;SERPINA1;JAK1;PRLR;FDFT1;NCOR2;ELOVL5;NRIP1;FKBP5;DNAJC1;PRKAR2B;SLC9A3R1;ADD3;ATP2B4;AMFR;SNX10;CKB;PERP;RNASEH2A;MDK;OLFM1;DHCR7;CELSR2;TPBG;ST6GALNAC2;SLC22A5;SGK1;PTPN6;BLVRB;BATF;CD9,age_changes_CD14_mono_02202026
PI3K/AKT/mTOR  Signaling,0.33274096181238555,0.22737284985937217,1.0840240694329182,MKNK1;DUSP3;GSK3B;GRB2;YWHAB;PTPN11;RAC1;ARF1;AKT1S1;ARHGDIA;TBK1;CDKN1B;RIT1;PPP1CA;MYD88;SLC2A1;CALR;RPS6KA1;GRK2;CFL1;AP2M1;NOD1;RAF1;ACACA;PLCB1;PDK1;PAK4;ECSIT;CAB39L;ARPC3,age_changes_CD14_mono_02202026
TGF-beta Signaling,0.3606170913503207,0.2529064931869125,1.0656389215132032,RAB31;FURIN;PPM1A;KLF10;RHOA;HIPK2;IFNGR2;NCOR2,age_changes_CD14_mono_02202026
Interferon Alpha Response,0.43185608905837714,0.21461772270469257,1.015323306548049,TXNIP;PLSCR1;GBP2;ADAR;IFITM2;OGFR;CMTR1;IFITM3;BATF2;TENT5A;IL4R;PSMB9;CSF1;CASP8;PSME1;NUB1;MVB12A;TRIM26;TRAFD1;TMEM140;GBP4;CD74;UBA7;PSME2;PARP9,age_changes_CD14_mono_02202026
Protein Secretion,0.44499379975199005,0.21464089240336853,1.01708210708911,ARFIP1;YKT6;NAPA;ERGIC3;RAB5A;IGF2R;ARF1;AP3B1;VAMP7;ADAM10;RAB14;AP2S1;GBF1;VAMP3;PAM;STX16;ICA1;SEC24D;ABCA1;PPT1,age_changes_CD14_mono_02202026
UV Response Up,0.45568798751950074,0.20041773469284344,1.0201457467884858,HMOX1;GRINA;MMP14;SELENOW;FURIN;ARRB2;MGAT1;RPN1;YKT6;ALDOA;POLE3;GPX3;SLC6A8;PRPF3;NXF1;BCL2L11;AP2S1;EIF2S3;CREG1;STARD3;PDAP1;PPT1;CLTB;OLFM1;CHKA;PPP1R2;TGFBRAP1;EPHX1;SULT1A1;PARP2,age_changes_CD14_mono_02202026
KRAS Signaling Dn,0.5101374272625976,-0.24795699163464327,-1.003859564103991,TCL1A;RYR1;LFNG;LYPD3;VPS50;RSAD2;IFI44L;TGM1;CD40LG;ENTPD7;NUDT11;SKIL;SERPINB2;GPRC5C;MAGIX;SIDT1;TCF7L1;OXT;MX1;SLC25A23;TAS2R4;PTPRJ,age_changes_CD14_mono_02202026
Hedgehog Signaling,0.6972107748633686,-0.2826966267124332,-0.9032035372277908,RTN1;AMOT;CDK6;VEGFA;TLE1;CDK5R1;CELSR1,age_changes_CD14_mono_02202026
Androgen Response,0.818408736349454,0.18226746349731818,0.8498268484061896,MERTK;HPGD;ABHD2;ARID5B;ACTN1;ELOVL5;XRCC6;B4GALT1;FKBP5;ACSL3;GSR;SEC24D;SMS;ADRM1,age_changes_CD14_mono_02202026
Pperoxisome,0.8754240435805374,-0.19591683913837052,-0.783009730764244,SLC25A17;SLC25A19;ECI2;EPHX2;ECH1;PRDX1;HRAS;CTPS1;RDH11;PEX6;HMGCL;ABCD2;ACAA1;PEX2;ABCB9;CLN8;YWHAH;SLC35B2;ACSL5;SOD2,age_changes_CD14_mono_02202026
Interferon Alpha Response,0.0,-0.5121415027975507,-1.9903957188085097,CXCL10;IFI27;USP18;IRF9;SELL;SAMD9;PSMA3;CCRL2;NMI;PARP14;HERC6;EPSTI1;LPAR6;SAMD9L;CASP1;RSAD2;CD47;IFI44L;IFIH1;OASL;IRF7;GMPR;IFI44;TDRD7;IFI30;CMPK2;OAS1;MX1;IFI35;CNP;ISG15;BST2;IFIT3;LAP3;PROCR;IRF1;LGALS3BP;IFIT2;DDX60;DHX58;EIF2AK2,age_changes_CD16_mono_02202026
Wnt-beta Catenin Signaling,0.023058341263450702,-0.4984985764175199,-1.6393696914248113,LEF1;TCF7;NOTCH4;CCND2;WNT5B;AXIN1;PSEN2;MYC;ADAM17;TP53;FRAT1;HDAC5;MAML1;PPARD;GNAI1,age_changes_CD16_mono_02202026
Myc Targets V2,0.027328404460386015,-0.4423904855186128,-1.5948490602634344,PPAN;HSPE1;TBRG4;HK2;SRM;BYSL;NDUFAF4;DDX18;NOP56;SLC19A1;DUSP2;HSPD1;MYC;MAP3K6;GNL3;NOP16;PPRC1;WDR74;NIP7;PLK1;SLC29A2;PHB,age_changes_CD16_mono_02202026
Hypoxia,0.03602084950648775,0.3203015827448534,1.615614178272016,MT2A;MT1E;CITED2;PGM1;MYH9;NOCT;DDIT4;HDLBP;ADM;SDC3;SLC6A6;TES;ALDOA;FBP1;GPI;IRS2;LDHA;MIF;GRHPR;CDKN1B;SLC2A3;TGM2;PDK3;SLC25A1;CDKN1A;RORA;GYS1;MXI1;ADORA2B;SLC37A4;XPNPEP1;PDK1;PFKFB3;VHL;KLHL24;TGFBI;PIM1;FOSL2;IDS;NR3C1;DDIT3;NDST1,age_changes_CD16_mono_02202026
Apical Junction,0.04020184096706222,0.31956225173184727,1.5669604005387674,VCAN;ADAM9;ZYX;PECAM1;MYH9;CNN2;B4GALT1;RSU1;CRAT;CD86;SDC3;CD99;SHC1;MSN;INSIG1;MVD;ADAM15;NECTIN2;ICAM1;CTNNA1;THBS3;MAP3K20;EXOC4;WASL;SIRPA;ARHGEF6;GTF2F1;TGFBI;AKT2;TSC1;BAIAP2;BMP1;PIK3CB;EVL;ACTN4,age_changes_CD16_mono_02202026
Xenobiotic Metabolism,0.04020184096706222,0.32953801277372763,1.630687578374378,BCAT1;MT2A;PTGES;ID2;PGD;ETS2;ELOVL5;VNN1;MTHFD1;SLC6A6;UPP1;FBP1;CYFIP2;ALDH9A1;CAT;RETSAT;PAPSS2;PEMT;KYNU;AQP9;AHCY;CYP27A1;PTS;ALDH2;PTGDS;SHMT2;PSMB10;TMBIM6;DHRS1,age_changes_CD16_mono_02202026
Glycolysis,0.05145835643783964,0.3252670904885896,1.6367808321515642,VCAN;CITED2;PKP2;PYGB;QSOX1;PKM;B4GALT1;PYGL;DDIT4;HDLBP;SDC3;PLOD1;ALDOA;PRPS1;ALDH9A1;IRS2;LDHA;MIF;GNE;GUSB;HS2ST1;PDK3;ECD;NANP;PHKA2;GOT2;GYS1;RBCK1;MXI1;ADORA2B;MERTK;SLC37A4;PGLS;LHPP;GFPT1;TGFBI,age_changes_CD16_mono_02202026
KRAS Signaling Up,0.06289803089085719,-0.36166247935624063,-1.4917870523344456,C3AR1;IL7R;IL1B;JUP;ETS1;HDAC9;CXCL10;GLRX;CA2;IL2RG;RABGAP1L;CLEC4A;IKZF1;GNG11;LAT2;CCND2;GUCY1A1;LY96;CSF2RA;YRDC;TRIB2;SEMA3B;WDR33;ADAM17;DUSP6;MAP4K1;EVI5;TSPAN13;ADAM8;PLVAP,age_changes_CD16_mono_02202026
Allograft Rejection,0.06968743137398434,-0.34574569435413854,-1.4635626557079513,LTB;CD79A;IL1B;CD3D;ETS1;HDAC9;LCK;IL2RG;CD7;CD3G;CCL4;CD247;NCK1;CAPG;IGSF6;IFNAR2;TAP2;IFNGR1;UBE2N;CD3E;PRKCB;CD47;CD1D;CCND2;CD8B;ABCE1;EIF3J;CRTAM;IRF7;C2;AKT1;CD96;LY86;CCND3;CD40LG;SIT1;TGFB1;MAP4K1;ITK;GALNT1;BRCA1;LY75;IKBKB;TLR1;TRAT1,age_changes_CD16_mono_02202026
Angiogenesis,0.07397138737939447,0.4921021720216081,1.6440734444909901,VCAN;TIMP1;APP,age_changes_CD16_mono_02202026
IL-2/STAT5 Signaling,0.07404289583485836,-0.34065088376134167,-1.4375846347872199,LTB;CTSZ;CD81;CXCL10;CA2;RABGAP1L;SELL;BMPR2;CAPG;CD79B;CAPN3;CISH;LRRC8C;CDKN1C;TNFSF10;IFNGR1;RHOH;CD48;ITGA6;DENND5A;CCND2;HK2;TNFRSF8;BATF3;P2RX4;RRAGD;CCND3;EEF1AKMT1;XBP1;UMPS;LRIG1;SPRED2;ENO3;LCLAT1;MYC;PDCD2L;IGF1R;TTC39B;PRKCH;PNP;CCNE1;ADAM19;BATF;AGER;BCL2;NT5E;F2RL2;IKZF2;TIAM1;PLPP1;SCN9A;GSTO1,age_changes_CD16_mono_02202026
Cholesterol Homeostasis,0.08297659975601641,0.3262377205184575,1.3893780033197882,LGALS3;TP53INP1;CXCL16;ACSS2;ETHE1;HMGCS1;GUSB;MVD;PDK3;SREBF2;ABCA2;CYP51A1;EBP;TM7SF2;FDFT1;CLU;IDI1;SQLE;STARD4;SCD;CHKA;CTNNB1;ALDOC;TMEM97,age_changes_CD16_mono_02202026
Notch Signaling,0.08586487080008785,-0.45768160405566566,-1.405699064484656,HES1;ST3GAL6;LFNG;ARRB1;RBX1;PSENEN;PSEN2,age_changes_CD16_mono_02202026
Complement,0.08898007467376437,0.2704986544854774,1.392410832143505,CCL5;LGALS3;S100A12;GNG2;PDP1;LTA4H;GZMB;ADAM9;L3MBTL4;RBSN;TIMP1;C1QA;C3;C1QC;WAS;ITGAM;KLK1;CASP9;F5;LCP2;LRP1;KYNU;USP15;CTSB;CPQ;S100A9;DOCK4;CSRP1;PLEK;GNB2;GZMA;RABIF;GATA3;CALM3;PRSS3,age_changes_CD16_mono_02202026
Pancreas Beta Cells,0.09076019325086011,-0.5402194163958806,-1.3874325197944368,LMO2;SRP9;FOXO1;AKT3;DPP4;SRPRB;STXBP1,age_changes_CD16_mono_02202026
p53 Pathway,0.0908561605855606,0.2772466344410303,1.4066504212476534,ZBTB16;CCNG1;TXNIP;DDB2;SESN1;SERTAD3;TOB1;DDIT4;CDKN2A;UPP1;STOM;CYFIP2;PVT1;APP;MDM2;SLC19A2;RETSAT;PIDD1;CCNK;MAPKAPK3;TSPYL2;DNTTIP2;SEC61A1;CDKN1A;GM2A;NUDT15;AEN;FDXR;VWA5A;PLXNB2;TSC22D1;ZFP36L1;LDHB;CDKN2B;VAMP8;FAS,age_changes_CD16_mono_02202026
Mitotic Spindle,0.09878166637621001,0.2776139424247944,1.4163796268875364,FLNA;MYH9;TUBGCP2;SSH2;TBCD;NET1;WASF1;TUBGCP5;SUN2;CENPE;ATG4B;ARHGDIA;DYNC1H1;ARHGEF3;ARHGAP5;UXT;ARHGAP4;PXN;SPTAN1;PCGF5;CDC42EP4;KIF22;RASAL2;NIN;MAP1S;LLGL1;DOCK2;DOCK4;KATNB1;RFC1;LMNB1;NUMA1;HOOK3;DYNLL2;EZR;MYO9B;CDC42BPA;WASL;CENPF;MAPRE1;ARHGAP29;CNTROB;TSC1;KIFAP3;BCR;FLNB;CCDC88A;CKAP5;ACTN4;MAP3K11;ARAP3,age_changes_CD16_mono_02202026
Apoptosis,0.12979451512222942,0.2611743277266448,1.2880881587405444,LGALS3;IL18;TXNIP;PRF1;TIMP1;GPX3;BCL2L2;HMGB2;EMP1;APP;EGR3;GPX4;RETSAT;CASP9;IFITM3;CDKN1B;DPYD;CDC25B;RHOB;CDKN1A;SPTAN1;DNAJC3;MADD;FDXR;EBP;ANXA1;TGFBR3;HSPB1;MCL1;FAS;DAP;MGMT;CASP4;CLU;GADD45A;DDIT3;CASP2;SOD2;HMOX1;EREG;IGFBP6;PPT1;CTNNB1;RELA;PEA15;BNIP3L;PTK2;PAK1,age_changes_CD16_mono_02202026
Coagulation,0.13186203837196409,0.36539448281405423,1.6663595949737924,LTA4H;ADAM9;PECAM1;TIMP1;C1QA;C3;THBS1;SIRT2;CASP9;LRP1;CTSB;CPQ;CSRP1;PLEK;ANXA1;GNB2;WDR1;RABIF;USP11;RAC1;CLU;CTSH;BMP1;F8,age_changes_CD16_mono_02202026
IL-6/JAK/STAT3 Signaling,0.13800844252494937,-0.35031952906178365,-1.3267106256863552,LTB;IL1B;CXCL10;IL2RG;IRF9;PDGFC;TNFRSF1A;IFNGR1;CD9;JUN;CSF2RA;CD36;TGFB1;ITGB3;IL6ST;CSF2RB;IRF1,age_changes_CD16_mono_02202026
Adipogenesis,0.1387891248155194,0.2489459708898054,1.2904714468495868,PGM1;RAB34;RIOK3;CD302;TOB1;CDKN2C;CRAT;GPX3;C3;CS;STOM;ALDOA;RTN3;ABCA1;CAT;GPX4;RETSAT;RNF11;TKT;BCL2L13;PEMT;PHYH;ADIPOR2;SLC25A1;RMDN3;NDUFB7;APLP2;ALDH2;CMPK1;ITGA7;STAT5A;CD151;PFKFB3;BAZ2A;COX6A1;ACOX1;COX8A;GPAT4;PEX14;UQCRC1;GADD45A;PIM3;GPHN;SCP2;ACLY;BCL6;BCKDHA;NDUFA5;IDH3G;COQ3;MGLL;DNAJC15;RETN;CCNG2;FAH;QDPR;UBQLN1;DNAJB9,age_changes_CD16_mono_02202026
Fatty Acid Metabolism,0.1399024065653765,0.2682912468722011,1.3003108123080291,GLUL;PCBD1;ELOVL5;VNN1;SUCLG2;CRAT;ALDOA;SMS;UROS;ALDH9A1;RETSAT;DLST;LDHA;MIF;GRHPR;HMGCS1;ACADVL;ADIPOR2;D2HGDH;BCKDHB;PTS;ALDH1A1;HSD17B11;PRDX6;SERINC1;ACOT2;ACOX1;IDI1;UGDH;PSME1;ALDH3A2;ERP29,age_changes_CD16_mono_02202026
Epithelial Mesenchymal Transition,0.15262080716222892,0.2655888112924123,1.3006925839333778,VCAN;FLNA;QSOX1;ID2;TIMP1;PLOD1;THBS1;ANPEP;AREG;INHBA;LRP1;TGM2;RHOB;PCOLCE;EMP3;IL32;IL15;TGFBR3;PPIB;FAS,age_changes_CD16_mono_02202026
TGF-beta Signaling,0.17467974526022986,-0.3680319545083792,-1.2866289690535921,ID3;BMPR2;CDKN1C;TGFBR1;FNTA;SKIL;TRIM33;SMURF2;PMEPA1;SLC20A1;SMAD7;BCAR3;TGFB1;XIAP;SMURF1,age_changes_CD16_mono_02202026
TNF-alpha Signaling via NF-kB,0.17528002661639128,0.2405946383620045,1.233252919861357,CCL5;EGR2;IL18;MAP3K8;ID2;PER1;REL;KLF10;B4GALT1;ETS2;SGK1;GPR183;CLCF1;CEBPD;KLF9;ABCA1;EGR3;IRS2;PHLDA1;RELB;AREG;INHBA;SLC2A3;KYNU;RHOB;CDKN1A;EGR1;ICAM1;PLEK;TRIB1;STAT5A;TSC22D1;NFAT5;MCL1;RIPK2;CXCL2;PFKFB3;SOCS3;TNIP1;HBEGF;ICOSLG;FOSL2,age_changes_CD16_mono_02202026
Oxidative Phosphorylation,0.17784813215235587,-0.2961433607699632,-1.2614300080961056,COX17;ACADM;CYCS;TIMM17A;ATP5MC3;SDHD;ATP5PF;MRPL15;MTX2;NDUFA9;ECI1;SLC25A11;NDUFB8;ATP6V1D;NDUFC2;ATP5PO;ATP6V1E1;FXN;ECH1;NDUFA8;VDAC3;MGST3;ATP5F1B;MTRF1;PDHB;ACAA2;NDUFA7;TIMM8B;NDUFS2;HCCS;ATP5F1C;MRPS22;NDUFB3;SLC25A20;SUCLG1;PDHA1;MRPL34;ATP6V0E1;DECR1;MRPL35;BAX;CASP7;SDHB;SUCLA2;ETFA;NDUFB2;ATP6V1C1;FH;NDUFS6;IDH2,age_changes_CD16_mono_02202026
Myc Targets V1,0.17901657671806268,-0.30059253727779434,-1.2709693252358931,GSPT1;HSPE1;PSMC6;TARDBP;HDGF;EIF2S1;YWHAE;COPS5;SNRPG;SSB;KPNA2;PSMA4;HNRNPD;EIF4A1;PSMA1;VDAC3;PRDX4;ABCE1;SRM;EIF1AX;EIF3J;CCT5;SNRPB2;TXNL4A;RAN;DDX18;NOP56;VBP1;HSPD1;PSMA2;SRSF2;TCP1;MYC;PTGES3;PSMA7;GNL3;PCNA;PSMD7;SET;UBE2E1;EIF4E;NOP16;PSMD14;RPS10;ORC2;SRSF7;SRPK1;NAP1L1,age_changes_CD16_mono_02202026
Androgen Response,0.1828915751728217,0.2726735709503286,1.2364338099912546,ARID5B;B4GALT1;FKBP5;ELOVL5;SGK1;CENPN;FADS1;SMS;HMGCS1;ELL2;INSIG1;PTK2B;ADRM1;TSC22D1;XRCC6;MERTK;VAPA,age_changes_CD16_mono_02202026
Interferon Gamma Response,0.1868091647756387,-0.2898247819554163,-1.234084174732656,LYSMD2;CXCL10;BANK1;IFI27;USP18;IRF9;SECTM1;GPR18;PSMA3;NMI;TNFAIP2;NFKB1;PARP14;HERC6;IFNAR2;EPSTI1;TNFSF10;SAMD9L;CASP1;RSAD2;IFI44L;IFIH1;OASL;IRF7;XAF1;GCH1;OAS3;IFIT1;IFI44;TDRD7;IFI30;PSMA2;CMPK2;MX2;EIF4E3;MX1;NUP93;IFI35;PNP;P2RY14;ISG15;CASP7;BST2;IFIT3;CSF2RB;LAP3;IRF1;LGALS3BP;TNFAIP3;IFIT2;BPGM;DDX58;DDX60;DHX58;EIF2AK2;AUTS2,age_changes_CD16_mono_02202026
mTORC1 Signaling,0.19229175300455864,0.23372078522573614,1.1993752725962632,BCAT1;CCNG1;LTA4H;PGM1;ELOVL5;DDIT4;FADS1;SLC6A6;TES;RPN1;ALDOA;HSP90B1;GPI;TCEA1;LDHA;CALR;HMGCS1;INSIG1;PPA1;SLC2A3;CANX;ADIPOR2;CDKN1A;PDAP1;PSME3;FDXR;YKT6;CYP51A1;SHMT2;EBP;SLC9A3R1;GSK3B;ACACA;SLC37A4;TM7SF2;PDK1;GMPS;UBE2D3;IDI1;CFP;SQLE;ADD3;SSR1;STARD4;SCD;DDIT3;FKBP2;SORD;ACLY;PPIA;ATP2A2;ACSL3;TFRC;TMEM97;HSPA4;SEC11A;ETF1;NFKBIB;P4HA1;ITGB2;RRP9;QDPR;FADS2,age_changes_CD16_mono_02202026
PI3K/AKT/mTOR  Signaling,0.19250758757383454,-0.31525037887291363,-1.2404404621059957,CAMK4;LCK;IL2RG;NCK1;TNFRSF1A;PTEN;MAPK9;UBE2N;PRKCB;ACTR3;AKT1;PLCG1;PAK4;CAB39;MAPK1;SLA;HRAS;RPS6KA3;EIF4E;DAPP1;ITPR2;THEM4,age_changes_CD16_mono_02202026
DNA Repair,0.19277965150793602,0.24495046785105384,1.211579029970895,CLP1;DDB2;HCLS1;POLR2A;NUDT21;VPS28;POLR1D;GPX4;DGCR8;LIG1;DCTN4;GUK1;SUPT5H;VPS37B;MRPL40;MPC2;ELL;POLD4;SEC61A1;POLR2E;SSRP1;TMED2;ADRM1;POLR2C;ERCC3;USP11;STX3;POLL;POLR3GL;GTF3C5;POLR3C;AAAS;MPG;GTF2F1;POLR2J;POLD1,age_changes_CD16_mono_02202026
heme Metabolism,0.1977930575579461,0.23656805681940765,1.2016283875828324,PRDX2;RIOK3;NUDT4;EIF2AK1;C3;UROS;ADIPOR1;CAT;TCEA1;MKRN1;GYPC;ELL2;TFDP2;CAST;BSG;MINPP1;USP15;CTSB;FBXO9;FBXO7;SEC14L1;SIDT2;MXI1;DCAF11;SYNJ1;AQP3;ISCA1;PGLS;TRAK2;KAT2B;GMPS;YPEL5;NARF;RNF123;HEBP1;VEZF1;GDE1;NR3C1;FN3K;TRIM58;KLF3;ACP5;XPO7;MPP1,age_changes_CD16_mono_02202026
Inflammatory Response,0.22088182905106996,-0.2863876329079109,-1.20019113127159,C3AR1;FFAR2;CCR7;IL7R;IL1B;CXCL10;LCK;PTGIR;KCNJ2;LPAR1;SELL;CCRL2;NMI;CALCRL;NFKB1;ATP2B1;TNFSF10;NOD2;LTA;CD48;SLC31A2;EDN1;IRF7;RASGRP1;GCH1;P2RX4;MYC;SLAMF1;SLC31A1;PTAFR;ITGB3;OSM;TLR1;GNAI3;PSEN1;BST2;SEMA4D;ITGA5;SGMS2;IRF1,age_changes_CD16_mono_02202026
Estrogen Response Early,0.2383165132527448,0.23462904683465569,1.1612430053816827,PTGES;RAB31;GAB2;KLF10;B4GALT1;FKBP5;ELOVL5;TOB1;ALDH3B1;NADSYN1;EGR3;SLC19A2;ZNF185;ITPK1;PAPSS2;AREG;TGM2;MYBL1;SH3BP5;ASB13;OLFM1;SCNN1A;NRIP1;SLC9A3R1,age_changes_CD16_mono_02202026
Apical Surface,0.25928273050375744,0.30775005999728605,1.1427679068961227,B4GALT1;FLOT2;APP;ADIPOR2;ADAM10;HSPB1;GATA3,age_changes_CD16_mono_02202026
Bile Acid Metabolism,0.2969147166463347,0.2405142340211993,1.0966776754261993,CH25H;FADS1;ABCA1;ALDH9A1;CAT;RETSAT;EFHC1;PHYH;AQP9;CYP27A1;GSTK1;FDXR;ABCA2;ALDH1A1;HSD17B11;PEX11G;IDI1;SULT1B1;GNMT;LONP2;PEX16;SCP2,age_changes_CD16_mono_02202026
Hedgehog Signaling,0.2995037152046135,0.32208127748072823,1.1020226583143242,MYH9;ETS2;TLE3,age_changes_CD16_mono_02202026
Reactive Oxygen Species Pathway,0.3125256158656836,0.26562769932263314,1.1020736217815967,PRNP;PRDX2;GPX3;CAT;GPX4;CDKN2D;PTPA,age_changes_CD16_mono_02202026
Estrogen Response Late,0.3167905068204503,0.22609187070563516,1.1071600717400434,PTGES;RAB31;ID2;FKBP5;ELOVL5;TOB1;SGK1;ALDH3B1;EGR3;ITPK1;PAPSS2;AREG;PLK4;NAB2;GPER1;DNAJC1;OLFM1;SCNN1A;SNX10;NRIP1;S100A9;SLC9A3R1,age_changes_CD16_mono_02202026
Spermatogenesis,0.32659578361759756,-0.29656016046500955,-1.1294408745616853,NEFH;POMC;CAMK4;RPL39L;TLE4;VDAC3;LPIN1;HSPA1L,age_changes_CD16_mono_02202026
E2F Targets,0.3316342634852117,0.2046220822458094,1.0736249856198472,TUBB;HUS1;HMGB3;PTTG1;CDKN2C;NUDT21;CDKN2A;EZH2;PRPS1;HMGB2;ATAD2;CENPE;LIG1;CDKN1B;PLK4;CDC25B;CDKN1A;JPT1;KIF22;POP7;MXD3;ILF3;NAA38;SSRP1;RFC1;LMNB1;TMPO;SHMT1;XRCC6;UBR7;PSIP1,age_changes_CD16_mono_02202026
KRAS Signaling Dn,0.3411428842088039,-0.2891129231394342,-1.1110817061491174,RYR1;TCL1A;LFNG;SKIL;RSAD2;IFI44L;PTPRJ;EDN1;CD40LG;CPEB3;TGM1;GPRC5C;MX1;PLAG1;TCF7L1;MAGIX;PDE6B;ITGB1BP2;NRIP2;KCND1;CKM;SELENOP;PDK2;PRKN;NR6A1;MAST3;IGFBP2;SLC25A23;SERPINB2;BARD1,age_changes_CD16_mono_02202026
Protein Secretion,0.3896302868244756,0.22502791078155965,1.0422197101606474,VAMP3;ABCA1;RAB5A;ATP1A1;ERGIC3;NAPA;TMED10;ADAM10;CD63;STX16;VAMP7;YKT6;AP2B1;RAB14;TMED2;SGMS1;ARFIP1;SEC24D;STX12;COPE;GBF1;ARF1;SEC31A;PPT1;SCRN1,age_changes_CD16_mono_02202026
UV Response Dn,0.39937657440707236,0.21982533760153936,1.0315747877473962,MT1E;CITED2;CELF2;TOGARAM1;SIPA1L1;PIAS3;CDKN1B;INSIG1;MAP2K5;BCKDHB;TGFBR3;SYNE1;CACNA1A;ADORA2B;CDC42BPA;MGMT;MIOS;KCNMA1;PEX14;ADD3;DLC1;NR3C1;ANXA4;SDC2;PRKCE;NR1D2;SRI;PIK3CD;PMP22;MGLL;PHF3;FYN;ARHGEF9,age_changes_CD16_mono_02202026
Unfolded Protein Response,0.444554032031253,-0.2561554352105515,-1.0364201074796644,GOSR2;KIF5B;EIF2S1;NFYB;CNOT6;BANF1;DNAJA4;EIF4A1;IFIT1;XBP1;NOP56;YIF1A;SPCS3;LSM1;EIF4A3;DDX10;NFYA;TATDN2;EIF4E,age_changes_CD16_mono_02202026
Myogenesis,0.45081512698236664,0.21027707121452388,1.0028855121103397,PRNP;MYH9;CRAT;GPX3;SIRT2;APP;DMPK;PDE4DIP;FOXO4;SYNGR2;CDKN1A;SPTAN1;TPM3;MEF2C;ATP6AP1;PLXNB2;ITGA7;PDLIM7;FLII;RB1;HBEGF;CLU;AKT2;SCD;SH2B1;TNNI2,age_changes_CD16_mono_02202026
UV Response Up,0.452256626731409,-0.25739690613890764,-1.0444771071472991,DNAJA1;CA2;GLS;PLCL1;CDC34;CDKN1C;HYAL2;DGAT1;E2F5;NAT1;POLG2;RASGRP1;GCH1;CCND3;AMD1;CYB5B;CCNE1;CNP;PRKACA;PPIF;IL6ST;HSPA2;HLA-F;BID;HTR7;POLR2H;SLC6A8;KLHDC3;IRF1;STK25;MARK2;ATP6V1C1;WIZ;RRAD;RXRB;NFKBIA;STIP1;TUBA4A;ALAS1;EIF5;SLC25A4,age_changes_CD16_mono_02202026
Pperoxisome,0.7301320059536881,-0.22225003962246165,-0.8659978633869125,SLC25A19;SLC35B2;PRDX1;CTBP1;ECH1;PEX6;EPHX2;ITGB1BP1;TOP2A;CLN8;MLYCD;HRAS;PEX13;ACOT8,age_changes_CD16_mono_02202026
G2-M Checkpoint,0.7426579313373838,-0.20959864049384697,-0.8790288279715438,GSPT1;E2F4;KIF5B;MARCKS;UBE2S;KPNA2;CKS2;HNRNPD;KMT5A;CASP8AP2;SLC38A1;RBM14;CTCF;DR1;E2F3;TOP2A;SRSF2;RACGAP1;AMD1;MYC;SFPQ;MAPK14;TGFB1;PURA;HIRA;CUL3;TOP1;DTYMK;CKS1B;PRPF4B;STMN1;AURKA;NDC80;UBE2C;PLK1;TRA2B;KIF23;STIL;ARID4A;DKC1;CHAF1A;CHMP1A;CDC27;PAFAH1B1;ORC6;RPA2;MTF2;CCND1;CDC7,age_changes_CD16_mono_02202026
TGF-beta Signaling,0.0,-0.47412654874611654,-2.2611991903438167,NOG;ID2;ID3;SKIL;TGFBR1;APC;TRIM33;PPM1A;FKBP1A;SMURF2;SMAD7;SKI;BMPR2;CDK9;HIPK2;PMEPA1;XIAP;SPTBN1;FURIN,age_changes_CD4_ISGhi_02202026
Interferon Alpha Response,0.0,-0.43393587729044386,-2.404034110716139,ISG15;USP18;IFI44L;SELL;IRF9;LGALS3BP;SP110;IRF7;RSAD2;SAMD9L;SAMD9;EPSTI1;IFI44;UBE2L6;PLSCR1;MX1;EIF2AK2;SLC25A28;PARP14;IFI35;NMI;DDX60;OAS1;HLA-C;PARP9;LY6E;RTP4,age_changes_CD4_ISGhi_02202026
IL-2/STAT5 Signaling,0.0,0.5356344539585125,2.270945865315401,CST7;PTGER2;AHNAK;PHLDA1;SERPINB6;HOPX;IL10RA;BHLHE40;ADAM19;TNFRSF1B;RORA;KLF6;PRNP;GLIPR2;IL2RB;CAPG;SYT11;XBP1;MYO1C;TNFRSF4;CTLA4;GALM;TRAF1;ALCAM;GPR65;BATF;BCL2;P4HA1;IFNGR1;RABGAP1L;IL2RA;ANXA4;IL18R1;CSF1;AHR;CCR4;CD44;MAP3K8;PHTF2;FLT3LG;NDRG1;TIAM1;TNFRSF18;SYNGR2;CD79B;GPX4;COL6A1;PLEC;CDC42SE2;PIM1;NFIL3;BCL2L1;UCK2;AMACR;SLC39A8;CCNE1;SOCS2;PLPP1;NFKBIZ;FGL2;CD86;LRIG1;IRF4;GABARAPL1;CCND3;F2RL2;SELP;RNH1;SLC1A5;P2RX4;CISH;ITGAV;PRKCH;BATF3;CTSZ,age_changes_CD4_ISGhi_02202026
Epithelial Mesenchymal Transition,0.00044861250560765636,0.5269704969533986,2.1091006921238518,LGALS1;TIMP1;ITGB1;IGFBP3;VIM;GLIPR1;ENO2;IL32;FLNA;TGFBR3;FAS;CAPG;EMP3;PLOD3;TPM4;DST;IL15;PFN2;SAT1;CD44;PPIB;CADM1;LRP1;WIPF1;VCAN;TGFBI;SGCB;TPM1;ACTA2;MAGEE1,age_changes_CD4_ISGhi_02202026
Coagulation,0.0008972250112153127,0.5036049943113796,1.9248360129210722,TIMP1;CAPN2;ANXA1;CPQ;CFH;CLU;CRIP2;CTSH;DPP4;CSRP1;SERPINA1;PDGFB;PLEK;LRP1;LTA4H;F12;CTSK;F8;PLAT;APOA1;CTSB;GNB2;SPARC;WDR1;F2RL2;ITGA2;GSN;PRSS23;CFD;ARF4;ADAM9;THBS1;PREP;C1R;CTSO;GP1BA;ISCU;ANG;MAFF;MST1;FN1;BMP1;A2M;PF4;SH2B2;S100A13,age_changes_CD4_ISGhi_02202026
Apoptosis,0.0011963000149537502,0.46599650213516,1.9426008680740525,TSPO;TIMP1;LMNA;ANXA1;LGALS3;HMGB2;CLU;ENO2;CASP1;BIRC3;TGFBR3;FAS;CD2;BAX;ATF3;IFNGR1;F2R;TXNIP;BCAP31;SAT1;SOD1;CDKN1B;CD44;GNA15;CASP8;SOD2;KRT18;CDKN1A;CFLAR;SQSTM1;GPX4;IGFBP6;PLAT;SPTAN1;PRF1;PSEN2;MADD;BCL2L1;RNASEL;PLCB2;RHOT2;TOP2A;TAP1;HMOX1;TNF;RETSAT;ISG20;FASLG,age_changes_CD4_ISGhi_02202026
TNF-alpha Signaling via NF-kB,0.0025421375317767193,0.4313503401215975,1.819913682750144,CCL5;PHLDA1;RIPK2;BHLHE40;KLF6;BIRC3;GPR183;TNIP1;TRAF1;IL15RA;ZFP36;ATF3;SAT1;TANK;DUSP4;CSF1;CD44;KLF9;CCL4;PANX1;MAP3K8;PLEK;SLC16A6;SOD2;CLCF1;CDKN1A;CFLAR;MSC;SQSTM1;SERPINB8;TRIB1;ZC3H12A;TIPARP;PHLDA2;ICOSLG;NFIL3;B4GALT5;G0S2;ICAM1;PLAUR;DUSP1;PDE4B;TAP1;LITAF;SDC4;TNF;DRAM1;CCL20;PER1;BCL2A1;CD69;CEBPD;TNFAIP2;PDLIM5,age_changes_CD4_ISGhi_02202026
Complement,0.0026916750336459377,0.4308458396374779,1.8338659574696057,CCL5;TIMP1;CPQ;CFH;LGALS3;GATA3;ANXA5;CLU;CASP1;GZMK;SPOCK2;CTSH;DPP4;VCPIP1;S100A9;CSRP1;SERPINA1;F5;PDGFB;CTSS;GCA;S100A12;PLEK;LRP1;APOBEC3G;XPNPEP1;LTA4H;PDP1;WAS;F8;PLAT;RBSN;PIK3R5;PRKCD;CD36;PIM1;PLAUR;LIPA;CTSB;APOBEC3F;PRCP;GNB2,age_changes_CD4_ISGhi_02202026
Inflammatory Response,0.0034892083769484383,0.42020144772864565,1.7494765716962823,CCL5;PTGER2;TIMP1;RIPK2;IL10RA;TNFRSF1B;KLF6;GPR183;IL2RB;EMP3;CD82;CD70;ACVR2A;IL15RA;SRI;IL15;IL18R1;CSF1;AHR;GNA15;NLRP3;TAPBP;KIF1B;CDKN1A;KCNA3;CD40;PIK3R5;BEST1;OSM;ICOSLG;BST2;ICAM1;PLAUR;TLR3;FPR1;IL18RAP;CXCL8;CSF3R;C5AR1;PDE4B;CYBB;PROK2;NOD2;GNAI3;PTAFR;CCL20;SEMA4D;CD69;P2RX4;TPBG;LTA;IRAK2,age_changes_CD4_ISGhi_02202026
Protein Secretion,0.0037010531712631653,0.44099751540231913,1.753735462291857,CD63;TPD52;ANP32E;DST;ARF1;M6PR;AP2B1;TMED10;SOD1;AP3S1;TMED2;STAM;KIF1B;ARFIP1;RAB9A;COPE;KRT18;VAMP3;MON2;SEC24D;GOLGA4;ARFGAP3;SNX2;AP2M1;AP3B1;LMAN1,age_changes_CD4_ISGhi_02202026
Cholesterol Homeostasis,0.004037512550468907,0.46036868159536976,1.7260857927286015,LGALS3;ANXA5;CLU;S100A11;ANTXR2;ALCAM;ATF3;PMVK;SREBF2;FABP5;ABCA2;ACSS2;NFIL3;PLAUR,age_changes_CD4_ISGhi_02202026
Hypoxia,0.004101600051270001,0.4234673949339291,1.7691546944941556,S100A4;IGFBP3;DDIT4;ANXA2;BHLHE40;ENO2;TPD52;RORA;KLF6;IDS;CITED2;ZFP36;BCL2;ATF3;PFKP;P4HA1;GAPDH;PDGFB;CDKN1B;NR3C1;TPI1;TGFBI;XPNPEP1;NDRG1;NEDD4L;CDKN1A;FAM162A;SLC6A6;LDHA;TIPARP;PIM1;NFIL3;PLAUR;MIF;PFKL;MYH9;DUSP1;ALDOA;PGK1;GRHPR;HMOX1;SDC4;ISG20;UGP2;JMJD6,age_changes_CD4_ISGhi_02202026
Allograft Rejection,0.005245315450181827,0.39624330786762213,1.6755132031362625,CCL5;TIMP1;STAT4;SRGN;RIPK2;NCF4;TPD52;FLNA;FAS;CDKN2A;IL2RB;CAPG;CD2;ACVR2A;GPR65;MAP4K1;CCR2;IFNGR1;F2R;IL2RA;IL15;CXCR3;GCNT1;CSF1;CTSS;NLRP3;CCL4;IL2;MAP3K7;TAPBP;IL12RB1;CD96;DEGS1;WAS;CD74;IFNG;CD40;SPI1;CCR5;PRF1;ICOSLG;ICAM1;KRT1;CD4;TLR3;IL18RAP;FGR;CD86;TAP1;HLA-DRA;IRF4;TNF;ZAP70;NCK1;FASLG;GZMB,age_changes_CD4_ISGhi_02202026
Myogenesis,0.005458118818226485,0.4106400852588941,1.6809374952579035,ITGB1;IGFBP3;FXYD1;BHLHE40;CLU;SORBS3;PRNP;FHL1;MYO1C;TPM3;GNAO1;CDKN1A;ATP6AP1;SYNGR2;PTP4A3;SPTAN1;NQO1;CD36;LPIN1;PSEN2;PDE4DIP;MAPRE3;MYH9;KCNH2;SPARC;SVIL;AGL;DMPK;DAPK2;ADAM12;TNNC1;PC;GSN;TPM2;TAGLN;CFD;WWTR1;RYR1;FLII;IGFBP7;ADCY9;TNNC2;PYGM;FKBP1B;AKT2;CACNA1H;CKB;MYH11;PDLIM7;COL6A3;ERBB3;CNN3;MAPK12;PFKM;GAA;ITGB4;SH3BGR;CTF1;AK1;MEF2C;SH2B1;MYLPF,age_changes_CD4_ISGhi_02202026
Reactive Oxygen Species Pathway,0.005872745527954773,0.4711905941489808,1.6844132090145791,PRNP;PRDX6;TXN;PFKP;PRDX2;PRDX4;SOD1;GCLM;SOD2;PRDX1;GPX4;NQO1;CDKN2D,age_changes_CD4_ISGhi_02202026
Angiogenesis,0.007177800089722502,0.6020696276609595,1.646194383571248,S100A4;TIMP1;VCAN;LRPAP1,age_changes_CD4_ISGhi_02202026
Myc Targets V1,0.007525870178739417,-0.3092309337634881,-1.8503762760455869,EEF1B2;RACK1;RPL22;RPS5;PSMA2;NOP56;GNL3;SET;RPL6;TRIM28;SRSF3;CCT2;RPLP0;RPS6;PSMA4;RPS10;EIF4A1;HDGF;RPL18;APEX1;C1QBP;HNRNPA2B1;SERBP1;CYC1;HDDC2;RPS2;EIF3J;RPL34;RPL14;NPM1;NCBP2;NME1;CCT5;LSM2;RPS3;DDX21;TXNL4A;PHB;HNRNPD;HDAC2;DHX15;EIF3B;SRM;CCT3,age_changes_CD4_ISGhi_02202026
p53 Pathway,0.013722264877410663,0.3668949948862606,1.5642257834945152,S100A4;S100A10;STOM;DDIT4;PERP;CASP1;FAS;CDKN2A;DDB2;CCNG1;CGRRF1;AEN;CD82;RPS27L;BAX;ATF3;F2R;TXNIP;EPS8L2;SAT1;UPP1;GLS2;TOB1;ZBTB16;NDRG1;CDKN1A;PMM1;FAM162A;PHLDA3;VAMP8;XPC;VWA5A;PROCR;HINT1;ZNF365;POLH;RCHY1;TAP1;HMOX1;RETSAT;PVT1;DRAM1;GM2A;CSRNP2;CCND3;SLC3A2,age_changes_CD4_ISGhi_02202026
Estrogen Response Late,0.013936895174211188,0.3796708848106482,1.577223316321086,DYNLT3;LSR;PERP;MICB;XBP1;BATF;ZFP36;S100A9;BCL2;SERPINA1;FABP5;ELOVL5;CD44;SLC7A5;FKBP5;WFS1;TOB1;TIAM1;SLC1A4;DNAJC1;AFF1;NBL1;TJP3;ATP2B4;LLGL2;SLC22A5;IMPA2;TOP2A;ABCA3;TMPRSS3;NAB2;ISG20;TNNC1;SLC9A3R1;RAB31;TPBG;XRCC3;CISH;PRSS23;FARP1;ABHD2;ARL3;HSPA4L;RPS6KA2;SLC2A8;SCARB1;MAPT;PTPN6;SLC27A2;RBBP8;CACNA2D2;PLK4;DCXR;TST;CKB;METTL3;SNX10;SLC29A1;JAK2;CA2;CDH1;ADD3;CCND1;RNASEH2A;HOMER2;EGR3;IL17RB;ALDH3B1,age_changes_CD4_ISGhi_02202026
Adipogenesis,0.014131293926641173,0.36715308022969473,1.570105448134019,DHRS7;STOM;APLP2;RAB34;LTC4S;IDH3G;MGST3;IFNGR1;REEP5;TANK;SOD1;RTN3;DNAJB9;BAZ2A;TOB1;CD151;NABP1;RNF11;GPX4;COX8A;ATP1B3;CD36;QDPR;ELOVL6;UBC;GPHN;PEMT;PFKL;NDUFA5;SQOR;CHCHD10;ALDOA;GRPEL1;MGLL;YWHAG;PHYH;CD302;UQCR11;RETSAT;ITSN1;GPAT4;ACLY;CAVIN1;SLC1A5;MDH2;LIPE;ESYT1;SLC19A1;SCARB1;HADH;SDHB;ACO2;ADIPOR2;RETN;RMDN3;SLC25A1;ACOX1;UQCRC1;SOWAHC;TST;COX6A1;CS,age_changes_CD4_ISGhi_02202026
UV Response Dn,0.015103287688791095,0.38567192927920096,1.547962728803214,INPP4B;ANXA2;BHLHE40;TGFBR3;SFMBT1;ATXN1;ACVR2A;CITED2;SRI;KALRN;ANXA4;GCNT1;CDKN1B;NR3C1;ATRX;PIAS3;ATP2B4;BMPR1A,age_changes_CD4_ISGhi_02202026
Pperoxisome,0.019077837080578225,0.38891173230397447,1.5224314943778736,TSPO;GSTK1;ATXN1;IDE;YWHAH;ELOVL5;SLC25A4;ACSL5;SOD1;CADM1;SOD2;PRDX1;ABCD2;ESR2;TOP2A;ITGB1BP1;ABCB9;MVP;HSD17B11;RETSAT;ALDH1A1;FADS1;PEX13;ERCC3;ACOT8;SLC27A2;CNBP;PEX11A;ACOX1;DHCR24;EHHADH;ISOC1,age_changes_CD4_ISGhi_02202026
Apical Surface,0.021704300271303753,0.4585947116239833,1.5013440029567027,GATA3;CRYBG1;IL2RB;GSTM3;MAL;FLOT2;PLAUR;TMEM8B;AFAP1L2,age_changes_CD4_ISGhi_02202026
Fatty Acid Metabolism,0.021982012774775163,0.36105833700460566,1.5049642880275709,LGALS1;S100A10;GLUL;ENO2;PRDX6;LTC4S;IDH3G;PCBD1;BLVRA;YWHAH;ERP29;ELOVL5;ACSL5;HSDL2;LDHA;CD36;G0S2;MIF;SLC22A5;IL4I1;D2HGDH;ALDOA;GRHPR;MGLL;GABARAPL1;ACSM3;TP53INP2;HSD17B11;RETSAT;CBR3;ALDH1A1,age_changes_CD4_ISGhi_02202026
Estrogen Response Early,0.03629682999916492,0.34755733426323254,1.44946920082546,SH3BP5;DYNLT3;BHLHE40;MICB;XBP1;BCL2;ELOVL5;CD44;SLC7A5;FKBP5;WFS1;TOB1;ELF1;ENDOD1;MYBL1;KRT18;TIAM1;SLC1A4;AFF1;NBL1;TJP3;TIPARP;NADSYN1;GAB2;SNX24;SLC22A5;ABCA3;TMPRSS3;LRIG1;SVIL;AQP3;SYNGR1;SLC9A3R1;DEPTOR;KRT8;RAB31;TPBG;CISH;PMAIP1;PRSS23;FARP1;ABHD2;ARL3;MUC1;ZNF185;RPS6KA2;SCARB1;MAPT;ADCY9;SLC27A2;RBBP8;PEX11A;B4GALT1,age_changes_CD4_ISGhi_02202026
IL-6/JAK/STAT3 Signaling,0.03932186136108848,0.3775359162740193,1.437742808464888,TNFRSF1B;FAS;IL15RA;PTPN1;IFNGR1;IL2RA;IL18R1;CSF1;CD44;MAP3K8;IL12RB1;STAT3;IL9R;PIK3R5;CD36;PIM1;LEPR;CSF3R;HMOX1;TNF,age_changes_CD4_ISGhi_02202026
Oxidative Phosphorylation,0.05117591721542804,-0.2184660137679456,-1.4497372821963566,LDHB;SLC25A5;ATP5PO;NDUFB8;ATP5F1E;ATP5F1C;TIMM8B;UQCRH;FXN;SLC25A6;NDUFC2;TIMM13;UQCRB;COX4I1;CYC1;TIMM10;BDH2;ATP5MG;NDUFA9;ATP5ME;COX7C;NDUFA7;ETFB;ATP5MC3;ATP5MC1;SURF1;NDUFB6;SDHD;ECI1;COX6C;MRPS11;UQCRC2;MTRF1;NDUFA2;ACAA2;MDH1;COX7A2L;SLC25A11;MTX2;NDUFB1;NDUFS2;COX15;ATP6V1D;ACADM;SUPV3L1;CYCS;PDHX;TIMM9;HSD17B10;ATP5PF;AIFM1,age_changes_CD4_ISGhi_02202026
Myc Targets V2,0.05832549388523048,-0.28963805776150897,-1.4694511811516895,PPAN;NOP56;GNL3;NPM1;IPO4;PHB;SRM;WDR43;TBRG4;MRTO4;TFB2M;EXOSC5;SUPV3L1;DCTPP1;NOP16;TMEM97;RRP12,age_changes_CD4_ISGhi_02202026
mTORC1 Signaling,0.06635726645446582,0.323209814705199,1.379664648613827,DDIT4;BHLHE40;CCNG1;XBP1;TBK1;P4HA1;SSR1;UFM1;M6PR;GAPDH;ELOVL5;EGLN3;CANX;SLA;SLC7A5;FKBP2;TPI1;LTA4H;PSMC2;CDKN1A;HSP90B1;PRDX1;SLC1A4;SQSTM1;SLC6A6;LDHA;ASNS;QDPR;NFIL3;ARPC5L;MCM4;ELOVL6;PSMD12;NFYC;PFKL;ACACA;RPN1;ALDOA;FGL2;PSMG1;PGK1;PSME3,age_changes_CD4_ISGhi_02202026
Wnt-beta Catenin Signaling,0.06773283160865474,-0.3129346698501822,-1.3843337196732275,TCF7;LEF1;KAT2A;FRAT1;MAML1;HDAC2;TP53;NKD1;NOTCH1;GNAI1;NCOR2,age_changes_CD4_ISGhi_02202026
Androgen Response,0.06854799085684989,0.3482788504515956,1.37188503303855,INPP4B;TPD52;CDC14B;ELOVL5;SAT1;DNAJB9;FKBP5;ARID5B;NDRG1;MAF;SEC24D;TMEM50A;IQGAP2;GPD1L;PLPP1;UBE2J1;LMAN1;GNAI3;PA2G4;ELL2;PIAS1;CCND3;KRT8;ITGAV;PDLIM5;XRCC6;ABHD2;NKX3-1;AKAP12;FADS1,age_changes_CD4_ISGhi_02202026
KRAS Signaling Up,0.07022511145473696,0.3292922341778089,1.3655236568970541,PRDM1;NAP1L2;CFH;PCSK1N;IGFBP3;IL10RA;TNFRSF1B;ADAM8;BIRC3;KIF5C;TRAF1;MAP4K1;RABGAP1L;CTSS;WNT7A;LCP1;CAB39L;TRIB1;PLAT;GALNT3;VWA5A;CDADC1;G0S2;PLAUR;AMMECR1;HSD11B1;ACE;CLEC4A;KCNN4;CCL20;PPBP,age_changes_CD4_ISGhi_02202026
Interferon Gamma Response,0.0858677566289025,0.3108455406990712,1.339980567914318,CCL5;STAT4;CFH;RIPK2;IL10RA;ZBP1;CASP1;HLA-DRB1;FAS;IL2RB;IL15RA;PTPN1;PFKP;SRI;TXNIP;IL15;UPP1;IRF5;CIITA;TAPBP;ARID5B;CASP8;ITGB7;SOD2;CDKN1A;STAT3;CD74;CD40;VAMP8;PIM1;SLAMF7;BST2;P2RY14;ICAM1;IL18BP;NOD1;FPR1;RIPK1;FGL2;PDE4B;CD86;TAP1;IRF4;MVP;ISG20;SECTM1;APOL6;TRIM26;PSMB2;OASL;CD69;PELI1;SELP;CD274;PSMB9;TNFAIP2,age_changes_CD4_ISGhi_02202026
Bile Acid Metabolism,0.09621964775446974,0.3350915739697458,1.3207620099097173,GSTK1;ATXN1;OPTN;NR3C2;ACSL5;SOD1;PEX16;GCLM;ABCA2;ABCD2;NPC1;APOA1;HACL1;AMACR;ABCA3;ABCA5;PHYH;HSD17B11;RETSAT;ALDH1A1;LIPE;FADS1;PEX26;PEX13;SLC27A2;HSD17B6;NUDT12;PEX11A;DHCR24;ISOC1;SLC29A1;SLC22A18;PFKM;PEX12;BCAR3;FDXR;CH25H;SCP2;ALDH9A1;RXRA;PIPOX;ABCG8,age_changes_CD4_ISGhi_02202026
heme Metabolism,0.097733438721668,0.3156965962187239,1.3233459354754433,CAST;TENT5C;FBXO7;OPTN;HTATIP2;MGST3;BLVRA;PRDX2;RNF19A;DMTN;NR3C1;HAGH;LRP10;KAT2B;ARL2BP;GCLM;ENDOD1;FN3K;ANK1;PICALM;E2F2;TSPAN5;MKRN1;ASNS;SLC10A3;KHNYN;CTSB;ACSL6;AQP3;PIGQ;TMEM9B;ERMAP;SLC25A37;ELL2;CCND3;SNCA;CDC27,age_changes_CD4_ISGhi_02202026
Mitotic Spindle,0.10715857383948217,0.3055552658517213,1.3038545611945944,ARHGAP5;TBCD;FLNA;ACTN4;ARHGDIA;PCGF5;VCL;DST;EZR;PREX1;SUN2;CEP57;KIF1B;TIAM1;CLIP1;INCENP;KIF20B;PXN;TUBGCP6;SPTAN1;PRC1;RHOT2;ALMS1;TUBGCP5;TOP2A;MYH9;ABR;DYNC1H1;NF1;BRCA2;KIF11;NCK1;ITSN1;KIF3C;KLC1;CDK1;TPX2;CDC27;CKAP5;NUSAP1;LLGL1;BUB1;FSCN1;PDLIM5;GSN;FARP1;KIF5B;CNTROB;ALS2;NDC80;NEDD9;CENPJ;TRIO;ARHGEF12;STAU1;ARFIP2;ARHGAP10;ARAP3;KIF22;MAP3K11;ABI1;MAP1S;RHOF;NUMA1;WASF2;FGD4;SOS1;PLEKHG2;FGD6;KNTC1;AURKA;CDC42EP2;TAOK2;MAPRE1;DOCK2;PALLD;CLIP2;KIF3B;PLK1;NIN,age_changes_CD4_ISGhi_02202026
Apical Junction,0.11435277481650645,0.31465894993973,1.2930070569037153,ITGB1;SORBS3;CD99;ACTN4;VCL;CTNNA1;TRAF1;YWHAH;ADAM23;NECTIN3;VCAN;TGFBI;CRB3;PIK3CB;GTF2F1;SYMPK;ICAM1;TMEM8B;ADAM15;ITGA3;MYL12B;ZYX;MYH9;KCNH2;NF1;CD86;MADCAM1;ICAM2;NRTN;ITGA10;CD274;CDK8;FSCN1;ITGA2;SHC1;NLGN2;STX4;HADH;AKT2;RSU1;SYK;ATP1A3;ADAM9;NF2;B4GALT1;MAPK11;MSN;SIRPA;RHOF;ICAM4;JAM3;VASP;MPZL2;CLDN7;SKAP2;CDH1;TAOK2;ITGB4;TSPAN4;AMIGO1;CERCAM;BMP1,age_changes_CD4_ISGhi_02202026
Spermatogenesis,0.1577994488474931,0.32070806696204346,1.248369488825248,PCSK1N;IDE;MLF1;PEBP1;GSTM3;DBF4;SPATA6;IL12RB2;PRKAR2A;LPIN1;PHF7;PSMG1;TSN;NCAPH;ACE;CDK1;VDAC3;BUB1;MLLT10;PARP2;HSPA4L;CCT6B;MAST2;NF2;ZC2HC1C;NPHP1;JAM3;CDKN3,age_changes_CD4_ISGhi_02202026
Unfolded Protein Response,0.16998335667024653,0.3043690755027871,1.2337744643266906,DDIT4;PDIA6;ERN1;XBP1;EXOSC9;ATF3;SSR1;XPOT;HERPUD1;DNAJB9;SLC7A5;WFS1;NABP1;HSP90B1;SPCS1;SLC1A4;HYOU1;ASNS;WIPI1;CNOT2;DCP1A;ZBTB17;DCTN1;YWHAZ;SHC1;HSPA9;SRPRA;KIF5B;EEF2;PSAT1;MTHFD2,age_changes_CD4_ISGhi_02202026
Glycolysis,0.18203112139303607,0.28961160412638154,1.2199302660271922,IGFBP3;DDIT4;ENO2;CITED2;TXN;PFKP;P4HA1;EGLN3;GFPT1;SOD1;CD44;TPI1;CHPF2;CHST12;ECD;VCAN;TGFBI;FAM162A;PKM;LDHA;MIF;ALDOA;PGK1;AGL;POLR3K;GNE;ARPP19;ISG20;UGP2;CDK1;BIK;PGAM1;TPBG;MDH2;PC;GMPPA;GUSB;PLOD1;CHPF;CACNA1H;IL13RA1;SLC16A3;B4GALT1;B3GNT3;TGFA;PAM;PRPS1,age_changes_CD4_ISGhi_02202026
Xenobiotic Metabolism,0.19203178740039734,0.28970846951146584,1.2079124409109856,DHRS7;FAS;ELOVL5;ABHD6;UPP1;PTGDS;PMM1;ABCD2;NPC1;SLC6A6;NQO1;HACL1;CD36;SSR3;SLC12A4;PEMT;CES1;ACP2;HMOX1;PTGES3;HSD11B1;GABARAPL1;ARPP19;RETSAT;PPARD;LCAT;CDA;SLC1A5;TMEM176B;PDLIM5;PC;IL1R1;CYP2E1;ACO2;TMBIM6;ACOX1;KYNU;DCXR;SPINT2;HES6,age_changes_CD4_ISGhi_02202026
DNA Repair,0.22081704442687974,0.28026419180636564,1.183461124663825,COX17;DDB2;DUT;BCAP31;TK2;SUPT5H;TMED2;TAF6;VPS28;POLA2;TAF9;GPX4;GTF2F1;POLE4;XPC;SSRP1;SMAD5;DDB1;AGO4;ELL;EIF1B;POLH;POLR3C;PDE4B;SUPT4H1;POLR3GL;POLR2E;NUDT21;TAF1C;HCLS1;CDA;NPR2;POLR2K;NFX1;GUK1;ELOA,age_changes_CD4_ISGhi_02202026
E2F Targets,0.28621477857768474,0.2650455149327752,1.1365582532825356,HMGB2;ANP32E;CDKN2A;MAD2L1;PTTG1;EED;PRDX4;DUT;CENPM;CDKN1B;POLA2;CDKN1A;ATAD2;POLE4;SSRP1;TCF19;SLBP;MXD3;MCM4;PSMC3IP;SPAG5;TOP2A;CCNE1;ORC2;BRCA2;NAA38;NUDT21;TK1;PA2G4;CDC25B;RAN;ILF3;CDK1;LYAR;SUV39H1;DEK;PSIP1;XRCC6;UNG;RAD21;SMC6;PHF5A;MCM3;MCM6;TIMELESS;MTHFD2;ASF1A;HELLS;SRSF1;JPT1;MLH1;GINS3;GINS1;POLD1;CDCA8;LIG1;PLK4;PRPS1;WDR90;RPA1;KIF22,age_changes_CD4_ISGhi_02202026
PI3K/AKT/mTOR  Signaling,0.2911967385083803,0.28258545853708256,1.1295808969835337,ARHGDIA;TBK1;ARF1;SLA;CDKN1B;MAP3K7;TIAM1;CDKN1A;HSP90B1;CAB39L;SQSTM1;DUSP3;PRKAR2A;IRAK4;NOD1;AP2M1;ACACA;RIPK1;NCK1;FASLG;CDK1;YWHAB,age_changes_CD4_ISGhi_02202026
UV Response Up,0.3141897943119878,0.26959017674604735,1.1110764492066507,ENO2;ATF3;RAB27A;SLC25A4;SIGMAR1;SOD2;SQSTM1;CREG1;PRKCD;ASNS;SELENOW;ICAM1;GGH;CCNE1;RPN1;KCNH2;ALDOA;NPTXR;GRPEL1;TAP1;AQP3;HMOX1;DNAJB1;HLA-F;CCND3;APOM;HYAL2;PDAP1;PARP2;CYB5B;BSG;TMBIM6;RHOB;HNRNPU;TST;C4BPB;HSPA13;CDK2;CDKN2B,age_changes_CD4_ISGhi_02202026
KRAS Signaling Dn,0.46015320521435293,-0.1982049141515596,-1.0345266811952871,IFI44L;RSAD2;SKIL;LFNG;CHST2;MX1;LYPD3;STAG3;CAMK1D;SNN;PLAG1;KMT2D;PDE6B;GTF3C5;SLC25A23;GAMT,age_changes_CD4_ISGhi_02202026
Pancreas Beta Cells,0.5827252141590652,0.3433364685174639,0.9650741598840804,DPP4;STXBP1;SPCS1,age_changes_CD4_ISGhi_02202026
Notch Signaling,0.6904985888993415,-0.22410327624891846,-0.8922313114558954,LFNG;MAML2;KAT2A,age_changes_CD4_ISGhi_02202026
G2-M Checkpoint,0.8727811005439101,0.1805043862047947,0.7783247354885278,MAD2L1;PTTG1;CDKN1B;DBF4;SLC7A5;ATRX;POLA2;RPS6KA5;INCENP;KIF20B;KPNB1;E2F2;PRC1;CUL4A;UCK2;TOP2A;NUP98;ORC5;BRCA2;EWSR1;KIF11;RBL1;CDC25B;ILF3;CDK1;TPX2;CDC27;NUSAP1;SUV39H1;BUB1;RAD21;BUB3;KIF5B;MCM3;MCM6;CASP8AP2;NDC80;KNL1;CCNF;CDC7;SRSF1;JPT1;CUL5;HNRNPU;PLK4;KIF22;ODF2;NUMA1;E2F1;E2F4;CDKN3;CHEK1;TRAIP,age_changes_CD4_ISGhi_02202026
Hedgehog Signaling,0.989126487364081,0.1892714346007462,0.5656360598276058,MYH9;NF1;PTCH1;AMOT;TLE1;CDK5R1;ADGRG1;CELSR1;GLI1;VEGFA;HEY2;PML;CDK6;NRP2;DPYSL2;NRCAM,age_changes_CD4_ISGhi_02202026
Epithelial Mesenchymal Transition,0.0,0.5753139102542701,1.9947727301663805,LGALS1;GLIPR1;FAS;ITGB1;FLNA;IL32;SGCB;PLOD1;VIM;EMP3;PPIB;TGFBR3;ACTA2;WIPF1;TIMP1;MAGEE1;PLOD3;ENO2;IL15;ITGA5;ITGAV;QSOX1;CD44;SDC4;COLGALT1;TPM4;CADM1,age_changes_CD4_Proliferating_02202026
mTORC1 Signaling,0.002615577215416257,0.48174919866829435,1.7783701896294333,HSPA9;CANX;MTHFD2;TUBA4A;GPI;ELOVL5;CCNG1;TPI1;ITGB2;CTSC;DDIT4;RPN1;HSPA5;SSR1;M6PR;PGK1;PRDX1;PFKL;SQSTM1;NFKBIB;GMPS;SLC9A3R1;HPRT1;SLC37A4;DDX39A;CALR;PSME3;SKAP2;YKT6;ARPC5L;FDXR;IMMT;STIP1;PGM1;BHLHE40;DHCR7;GGA2;ALDOA;LDHA;ADIPOR2;PSAT1;G6PD;NFYC;TCEA1;HSP90B1;GAPDH;RDH11;RPA1;USO1;SYTL2;MAP2K3;UNG;GBE1;FADS1;FGL2;DHFR;NUP205;PPIA;INSIG1;MCM4;EBP;GCLC;HSPE1;UCHL5;PIK3R3;XBP1;TMEM97;PSMD14;ACTR3;SLC2A3;DDIT3;LTA4H;PITPNB;SEC11A;TBK1;TFRC;MCM2;TUBG1;SDF2L1;ATP2A2;ACLY;PSMC2;ERO1A;ENO1;RIT1;ELOVL6;SCD;UFM1;SLC1A5;TRIB3;FKBP2;ACTR2;QDPR,age_changes_CD4_Proliferating_02202026
Coagulation,0.002766475900921041,0.5351356043423886,1.7968666256609407,CLU;CAPN2;CSRP1;ANXA1;SIRT2;WDR1;TIMP1;PLEK;RABIF;CTSO;CPQ;CRIP2;PREP;CTSH;CTSB;DPP4;DUSP14;F8;PRSS23;LAMP2;ISCU;GNB2,age_changes_CD4_Proliferating_02202026
Allograft Rejection,0.003017973710095681,0.47345183055712964,1.7284954161286046,HLA-DQA1;HLA-DRA;CDKN2A;CD74;FAS;FLNA;SRGN;HLA-DMA;MAP4K1;TAP1;CCL5;ITGB2;GPR65;GZMA;STAT4;WAS;IL2RB;TAPBP;HLA-DMB;CCL4;CD3E;STAT1;TIMP1;IFNG;GZMB;CD4;HCLS1;IL15;ZAP70;APBB1;PRF1;CD2;F2R;ICAM1;TPD52;NPM1;TNF;HLA-E;CXCR3;CTSS;SIT1;DEGS1;PSMB10;CD47;ITGAL;EIF3A;LCP2,age_changes_CD4_Proliferating_02202026
Fatty Acid Metabolism,0.003017973710095681,0.5100478215527003,1.8398107344419927,LGALS1;GLUL;ELOVL5;HSD17B4;ACSL5;S100A10;SUCLG2;DLST;ERP29;SDHA;METAP1;ENO2;YWHAH;HSDL2;BLVRA;NCAPH2;PSME1;ALDH9A1;DLD;PCBD1;HSD17B11;FASN;CBR1;SMS;MDH2;ACADVL;MIF;ALDOA;LDHA;ADIPOR2;ACAA2;SERINC1;ACSM3;RDH11;UBE2L6;SUCLA2;PRDX6;ACADM;ACAT2;RETSAT;CPT1A;ACSS1;ODC1;UROS;RAP1GDS1;ACO2;SDHC;NSDHL;SLC22A5;ADSL;GCDH,age_changes_CD4_Proliferating_02202026
Complement,0.0033533041223285345,0.49471881295047837,1.8045042827514681,CLU;ANXA5;CSRP1;CASP1;PIM1;CCL5;CTSC;GZMA;WAS;SPOCK2;HSPA5;PSMB9;F5;STX4;APOBEC3G;LGALS3;TIMP1;GZMB;PLEK;RABIF;SIRT6;HSPA1A;GNAI3;CTSO;CALM3;CPQ;PIK3R5;PREP;GMFB;RHOG;CTSH;CTSB;PRKCD;DPP4;CTSS;CASP4;VCPIP1;GNG2;XPNPEP1;GATA3;PIK3CG;LAP3;LCP2;KIF2A;RNF4;RCE1;LIPA;F8;LAMP2;GNB2;GCA;BRPF3;ITGAM;SERPINA1;LCK;GNGT2;EHD1;GZMK;LTA4H,age_changes_CD4_Proliferating_02202026
Reactive Oxygen Species Pathway,0.004023964946794241,0.540800275064843,1.6863334724998846,TXN;LSP1;PRNP;PFKP;PRDX4;PRDX1;SOD1;CDKN2D;G6PD;FTL;PRDX2;PRDX6;PTPA;SCAF4;STK25;GCLC;GCLM;MBP;GPX4;NDUFA6;ABCC1;PDLIM1;OXSR1;ATOX1;NQO1;SELENOS;TXNRD2,age_changes_CD4_Proliferating_02202026
Pperoxisome,0.006594831440579451,0.4750166488069844,1.6423094902795576,TSPO;GSTK1;ELOVL5;HSD17B4;CNBP;ACSL5;SLC35B2;PRDX1;SLC25A4;YWHAH;PABPC1;ALDH9A1;SCP2;SOD1;HSD17B11;PEX11B;MVP;CLN6;RDH11;CADM1;RETSAT;FADS1;ERCC3;CTPS1;VPS4B;ABCC5;IDE;ISOC1;LONP2;ABCB1,age_changes_CD4_Proliferating_02202026
Apoptosis,0.0074191853706518825,0.45507248890792074,1.6434486222577191,TSPO;CLU;FAS;CASP1;LMNA;TAP1;PEA15;ANXA1;CDC25B;TGFBR3;SQSTM1;LGALS3;TIMP1;BCL2L1;BAX;ENO2;PPT1;PRF1;RELA;CD2;F2R;FDXR;CASP8;SOD1;TNF;TXNIP;CFLAR;DAP;CASP4;CD44;GNA15;ATF3;DNAJC3;ANKH;BCAP31;PPP2R5B;SPTAN1;BTG3;RETSAT;ROCK1;IFNGR1;EBP;DPYD,age_changes_CD4_Proliferating_02202026
Adipogenesis,0.008584458553161048,0.436026850975352,1.588057102109132,DHRS7;MGST3;RNF11;STOM;CD151;REEP5;GPHN;CMPK1;PFKL;GPAT4;ARAF;RTN3;COX6A1;RIOK3;IMMT;DLD;ESYT1;SCP2;DNAJB9;PGM1;UBC;SOD1;DHCR7;YWHAG;MDH2;DLAT;ALDOA;ADIPOR2;APLP2;ATP1B3;ACAA2;COX8A;PRDX3;NDUFB7;ELMOD3;SLC25A1;GRPEL1;UBQLN1;SQOR;RAB34;ACADM;NDUFA5;BAZ2A;RETSAT;GBE1;PLIN2;IFNGR1;NABP1;PREB;PEMT;TOB1;RMDN3;ACO2;UQCR11;SDHC;CHUK;FAH;UQCRC1;BCKDHA;GPX4;ACLY;LPCAT3;GHITM;ELOVL6;SLC1A5;CHCHD10;G3BP2;SLC27A1;QDPR,age_changes_CD4_Proliferating_02202026
DNA Repair,0.008982064613380003,0.4332047602115011,1.5896266294366437,TMED2;ADRM1;NUDT21;DDB2;TAF6;POLH;MPG;IMPDH2;HPRT1;NELFCD;HCLS1;LIG1;XPC;TARBP2;SSRP1;ARL6IP1;NFX1;SUPT5H;POLA2;POLR2E;POLR3GL;ELOA;SAC3D1;GTF2F1;POLB;AAAS;SEC61A1;BCAP31;NCBP2;GTF2A2;SF3A3;POLR1D;SMAD5;POLR2C;GUK1;POLL;ERCC3;STX3;RFC5;POLE4;DUT;EDF1;ELL;DCTN4;PDE4B;ITPA;TK2;CANT1;GTF2B;TAF1C;VPS28;POLD1;ZWINT;POLA1;GPX4;DDB1;MPC2;VPS37B;POLR2A;ADA;POLR2F;NELFE,age_changes_CD4_Proliferating_02202026
Angiogenesis,0.009511189874240935,0.6828055554675942,1.6064655401541394,S100A4;LRPAP1;TIMP1;ITGAV,age_changes_CD4_Proliferating_02202026
Glycolysis,0.009556916748636322,0.4370522111888182,1.5752081028651863,TXN;PGAM1;TPI1;PKM;DDIT4;PLOD1;PFKP;PRPS1;HSPA5;PGK1;ENO2;SLC37A4;EXT2;GOT2;PAM;ALDH9A1;DLD;SOD1;CITED2;MDH2;ALG1;MIF;ALDOA;LDHA;QSOX1;PGM2;CD44;GUSB;CLN6;G6PD;GALK2;MED24;IDUA;COPB2;HS2ST1;UGP2;KIF2A;KIF20A;RBCK1;GNPDA1;B3GAT1,age_changes_CD4_Proliferating_02202026
Protein Secretion,0.009657515872306179,0.4720971760767758,1.6122918221098803,TMED2;AP3S1;CD63;CTSC;ARFGAP3;ATP1A1;M6PR;ARF1;RAB14;SEC31A;LMAN1;PPT1;TMX1;YKT6;PAM;SCAMP3;TPD52;SOD1;NAPA;ARCN1;COPB2;COPE;VAMP4;RAB9A;USO1;RER1;AP3B1;GALC;SNAP23;LAMP2;VAMP3;VPS4B;TMED10;ARFIP1;ANP32E;STAM;VPS45;ATP6V1H;CLCN3;ERGIC3;ADAM10;RAB5A;SEC24D,age_changes_CD4_Proliferating_02202026
Cholesterol Homeostasis,0.009672992660563082,0.48221968964176937,1.5908364467517444,CLU;ANXA5;S100A11;LGALS3;ANTXR2;SREBF2;DHCR7;FASN;ETHE1;GUSB;ATF3;FDFT1;ACAT2;LSS;ACSS2;FBXO6;EBP;TMEM97;NSDHL;MVD;PLAUR;CPEB2;ALCAM;FABP5;SCD;TRIB3,age_changes_CD4_Proliferating_02202026
Unfolded Protein Response,0.009892247160869177,0.4575331582743549,1.5941831280290957,HSPA9;HERPUD1;MTHFD2;WIPI1;DDIT4;SRPRA;HSPA5;SSR1;ERN1;PDIA6;EEF2;CEBPG;POP4;SEC31A;CALR;EXOSC10;SPCS1;DCP1A;DNAJB9;NPM1;XPOT;SRPRB;YWHAZ;ZBTB17;HYOU1;ATP6V0D1;PSAT1;ATF3;EDC4;EIF4A3;HSP90B1;DNAJC3;SDAD1;BAG3;NABP1;PREB;XBP1;GEMIN4;DKC1;SEC11A;NFYA;EXOC2;DCTN1;ALDH18A1,age_changes_CD4_Proliferating_02202026
E2F Targets,0.010414968097585095,0.4206948145497025,1.5610921945205218,CDKN2A;MTHFD2;NUDT21;XRCC6;CDC25B;PRPS1;PRDX4;RNASEH2A;MLH1;RAD21;HUS1;RACGAP1;TIMELESS;MCM5;DDX39A;LIG1;ILF3;TCF19;SSRP1;SLBP;GINS3;DCLRE1B;ASF1A;EED;RAD51AP1;TUBB;MELK;CSE1L;TRIP13;POLA2;LYAR;SUV39H1;CNOT9;TK1;CDCA8;DCK;USP1;SRSF1;JPT1;PMS2;EZH2;UBR7;PTTG1;RPA1;LMNB1;MCM3;UNG;PLK4;GINS1;PA2G4;CDK1;POLE4;KIF22;NUP205;CTPS1;MCM4;CENPM;DUT;SMC1A;ANP32E;PRIM2;RBBP7;POLD1;ATAD2;CHEK2;MCM7;ASF1B;SHMT1;NAA38;TFRC;MKI67;RAD51C;LBR;MCM2;TUBG1,age_changes_CD4_Proliferating_02202026
Myc Targets V1,0.012351336850576768,0.4181302019897266,1.5425737152819492,CANX;AP3S1;BUB3;YWHAQ;CNBP;XRCC6;PRDX4;PGK1;EIF4H;IMPDH2;KPNB1;HNRNPA3;HPRT1;STARD7;MCM5;SF3A1;TCP1;SRPK1;CCT4;GOT2;SNRPD3;PABPC1;PTGES3;U2AF1;PSMB2;CDC45;HNRNPA1;PRPS2;NPM1;XPOT;ACP1;LDHA;EIF4G2;SNRPA;CBX3;PSMB3;RRM1;VDAC1;PRDX3;LSM7;USP1;TUFM;CCT7;G3BP1;SRSF1;NCBP2;CUL1;VDAC3;UBA2;SNRPD2;PA2G4;HNRNPU;PHB2;CCT3;TFDP1;PPIA;CTPS1;COX5A;MCM4;SRSF7;DUT;PSMA6;ODC1;HSPE1;PWP1;RNPS1;PSMD14;SLC25A3;ERH;LSM2;MCM7;PPM1G;HNRNPR;PABPC4;NOP16;RSL1D1;MCM2;SNRPA1;CSTF2;NCBP1;CCNA2;RAN;POLE3;CAD,age_changes_CD4_Proliferating_02202026
p53 Pathway,0.013660302056222557,0.41556996433012144,1.527414938456129,S100A4;CDKN2A;FAS;RPS27L;CASP1;TAP1;CGRRF1;SLC3A2;CCNG1;STOM;DDIT4;DDB2;S100A10;BLCAP;PIDD1;UPP1;PVT1;POLH;BAX;PMM1;PRKAB1;CD82;RB1;XPC;F2R;TRAFD1;FDXR;ABHD4;PERP;TXNIP;COQ8A;AEN;RHBDF2;ATF3;SEC61A1;MDM2;SPHK1;RALGDS;RETSAT;DRAM1;ISCU;MAPKAPK3;RAP2B;ABCC5;ZNF365;NINJ1;TOB1;NDRG1;ANKRA2;DDIT3;EPS8L2;HMOX1,age_changes_CD4_Proliferating_02202026
Oxidative Phosphorylation,0.014385674684789412,0.40817955872706013,1.5186305542303944,MGST3;HSPA9;GPI;OGDH;DLST;ATP5MC2;GLUD1;HADHA;SLC25A4;SDHA;ATP6V1E1;BAX;AFG3L2;COX7A2L;COX6A1;GOT2;CYB5R3;IMMT;DLD;TCIRG1;ATP6V0E1;ACAT1;NDUFS7;MDH2;DLAT;ACADVL;COX11;OPA1;NDUFV1;LDHA;ACADSB;VDAC1;ACAA2;COX8A;PRDX3;NDUFB7;NQO2;SUCLA2;GRPEL1;MTRR;VDAC3;ACADM;NDUFA5;RETSAT;ATP6AP1;CPT1A;OXA1L;PHB2;ISCU;COX5A;COX7A2;MFN2;ATP6V0C;NDUFB6;SLC25A5;SLC25A3;NDUFA3;ACO2;UQCR11;MRPS30;SDHC;ATP6V1C1;UQCRC2;ETFA;ATP5F1D;COX5B;NNT;ATP6V1H;UQCRFS1;SUPV3L1;ATP5F1B;NDUFB2;ATP5PB;MRPS12;UQCRC1;BCKDHA;NDUFA4;GPX4;SLC25A20;NDUFA6;ATP6V1G1;FH;POLR2F;SLC25A6;ATP5PD,age_changes_CD4_Proliferating_02202026
Interferon Gamma Response,0.017421939144643253,0.4052760607833046,1.4956819420058782,HLA-DRB1;HLA-DQA1;CD74;FAS;CASP1;HLA-DMA;MTHFD2;ITGB7;TAP1;PIM1;TRIM26;CCL5;GZMA;STAT4;PFKP;IL2RB;TAPBP;PSMB9;UPP1;IL10RA;STAT1;OASL;MYD88;CMTR1;ZBP1;LY6E;IL15;TRAFD1;ICAM1;PSME1;CASP8;PSMB2;IL18BP;SRI;TXNIP;MVP;CASP4;PTPN2;PSMB8;PSMB10;PTPN1;LAP3;LCP2;IFITM2;UBE2L6;RBCK1;DHX58;ADAR;IRF5;RIPK1;FGL2;OAS2;SLAMF7;STAT3;APOL6;VAMP5;NLRC5;HLA-B;PDE4B;ISOC1;IFI35;HLA-A;VAMP8;BST2;DDX60;PNPT1;IRF8;PML;TDRD7;NUP93;RIPK2;IFITM3,age_changes_CD4_Proliferating_02202026
Hypoxia,0.01758089446992246,0.41425740886698925,1.4994511966503254,S100A4;ANXA2;GPI;IDS;PIM1;TPI1;DDIT4;PFKP;HSPA5;PGK1;PFKL;HK1;ENO2;SLC37A4;ZFP36;PAM;WSB1;TPD52;PGM1;BHLHE40;CITED2;MYH9;MIF;ALDOA;LDHA;PGM2;SDC4;GAA;XPNPEP1;KLF6;ATF3;RORA;GAPDH;SLC25A1;UGP2;PHKG1;TPST2;GBE1;PLIN2;IGFBP3;JMJD6;GYS1;NDRG1;SLC2A3;DDIT3;HMOX1;ILVBL,age_changes_CD4_Proliferating_02202026
Xenobiotic Metabolism,0.031479142448359115,0.39920609546386226,1.4385223066108317,FAS;DHRS7;ELOVL5;UPP1;PGD;SSR3;CES1;HPRT1;PMM1;MTHFD1;PTGDS;PGRMC1;PTGES3;ALDH9A1;AKR1C3;CBR1;NPC1;ACP1;GSS;PSMB10;RETSAT;PDLIM5;COMT;TMBIM6;PEMT;GCLC;ASL;TMEM97;NINJ1;ACO2;HMOX1;IRF8;CROT;FAH;ATP2A2;SLC1A5;SAR1B;NQO1;ABCD2;CYFIP2;POR;GCH1;ACOX3;PTS;SLC12A4;CNDP2;CDA;HES6;ID2;CA2;ESR1;AHCY;AP4B1;DHPS,age_changes_CD4_Proliferating_02202026
Apical Junction,0.03192928707782388,0.4026551334062367,1.4402685105739992,ITGB1;CD99;ACTN4;CNN2;SORBS3;CTNNA1;STX4;MSN;CAP1;RSU1;RHOF;YWHAH;ZYX;PIK3CB;SKAP2;ICAM1;IKBKG;ADAM15;NF1;MYL12B;MYH9;MAPK13;VCL;GTF2F1;SYMPK;RAC2;TAOK2;INSIG1;CDK8;TIAL1;VASP;PIK3R3;PLCG1;MVD;CERCAM;TMEM8B;TUBG1,age_changes_CD4_Proliferating_02202026
IL-2/STAT5 Signaling,0.044070154561525396,0.38093036400229213,1.3984875752231944,AHNAK;CST7;HOPX;SERPINB6;PIM1;GALM;GPR65;CDC42SE2;PRNP;IL2RB;PRKCH;TNFRSF4;IL10RA;TWSG1;BCL2L1;PTGER2;MAP3K8;SYT11;ANXA4;TNFRSF1B;RABGAP1L;UCK2;FLT3LG;BATF;MYO1C;PHTF2;BHLHE40;SYNGR2;GLIPR2;ITGAV;CD44;KLF6;EOMES;CDC6;DCPS;RORA;PLEC;RNH1;PLIN2;FGL2;IFNGR1;ODC1;CISH;XBP1;NDRG1;SLC2A3;BATF3;ADAM19;ABCB1;IRF8;PLPP1;CSF1;IFITM3;FAH;GPX4;ALCAM;PUS1,age_changes_CD4_Proliferating_02202026
Androgen Response,0.04414289546633282,0.4156900431280436,1.4031571230833624,ADRM1;INPP4B;ELOVL5;XRCC6;TMEM50A;UBE2J1;ABHD2;LMAN1;GNAI3;TPD52;DNAJB9;SMS;ITGAV;GPD1L;DBI;FKBP5;ELL2;ANKH;FADS1;PDLIM5;PA2G4;NCOA4;ZMIZ1;INSIG1;CENPN;PTK2B;NDRG1;MYL12A;UAP1;XRCC5;CDK6;PLPP1;HERC3;SEC24D;SCD;CDC14B;UBE2I;APPBP2,age_changes_CD4_Proliferating_02202026
Bile Acid Metabolism,0.04422635548004412,0.41339741582075795,1.394909675054388,GSTK1;HSD17B4;ACSL5;SLC35B2;SLC29A1;SLC22A18;FDXR;ALDH9A1;PEX19;SCP2;SOD1;HSD17B11;NPC1;PEX16;OPTN;RETSAT;FADS1;GCLM;ISOC1;PAOX;LCK;LONP2;CROT;ATXN1;ABCD3;ABCD2;ACSL1;NEDD4;ABCA5;PEX1;PFKM;SLC27A2;GNPAT,age_changes_CD4_Proliferating_02202026
Pancreas Beta Cells,0.05435945504017578,0.5641070799162834,1.3709056392228338,SPCS1;SRPRB;DPP4;SEC11A;SRP14;AKT3;SRP9,age_changes_CD4_Proliferating_02202026
Myogenesis,0.056196751843160954,0.39104642003565365,1.3642028338672074,CLU;ITGB1;LSP1;SORBS3;PRNP;SIRT2;TPM3;GNAO1;RB1;MYO1C;BHLHE40;SYNGR2;MYH9;FXYD1;FLII;DAPK2;GAA;SPTAN1;SPHK1;NCAM1;ATP6AP1;IGFBP3;BAG1,age_changes_CD4_Proliferating_02202026
Interferon Alpha Response,0.06284091925243673,0.39125497590354935,1.3501854550135628,CD74;LPAR6;CASP1;TAP1;TRIM26;PSMB9;OASL;CMTR1;LY6E;IL15;CNP;TRAFD1;PSME1;CASP8;TXNIP;HLA-C;PSMB8;MOV10;CD47;IFITM1;LAP3;IFITM2;UBE2L6;DHX58;ADAR;TRIM5;MVB12A;NUB1;IFI35;BST2;DDX60;PNPT1;TDRD7;CSF1;RIPK2;IFITM3;UBA7,age_changes_CD4_Proliferating_02202026
Mitotic Spindle,0.0738267762415879,0.36175391786802136,1.3302775511962028,FLNA;TUBA4A;ACTN4;ARHGDIA;DYNC1H1;PXN;ARHGAP10;CLIP1;KIFAP3;RACGAP1;MAP1S;CNTROB;CAPZB;RHOF;FBXO5;TBCD;EZR;NF1;ANLN;KATNB1;MAPRE1;SUN2;MYH9;INCENP;CSNK1D;SAC3D1;VCL;ABR;LLGL1;PCGF5;AKAP13;ARHGEF7;ARHGAP4;SPTAN1;CEP57;LMNB1;PDLIM5;ROCK1;HOOK3;TAOK2;CDK1;KIF22;ABL1;ABI1;SMC1A;ARHGEF2;TUBGCP3;ARF6;KIF3B;GEMIN4;ARAP3,age_changes_CD4_Proliferating_02202026
KRAS Signaling Dn,0.10843773728170084,-0.3007554715707744,-1.2644016489322563,CHST2;LFNG;MAST3;STAG3;MX1;SNN;BTG2;RIBC2;SGK1;RSAD2;IFI44L;TCL1A;LYPD3;ZBTB16;SLC25A23;SKIL,age_changes_CD4_Proliferating_02202026
Wnt-beta Catenin Signaling,0.12148823082763857,-0.3601571959555801,-1.2945324539588883,TCF7;LEF1;FRAT1;MAML1;CCND2;AXIN1;NCOR2,age_changes_CD4_Proliferating_02202026
Estrogen Response Late,0.1426935694804614,0.35645797700646686,1.2554171214789276,ATP2B4;ELOVL5;SLC2A8;RNASEH2A;SLC9A3R1;HPRT1;ABHD2;SLC29A1;ZFP36;BATF;MICB;DHCR7;PERP;MAPK13;CD44;FKBP5;DUSP2;DNAJC1;CDC6;STIL;KIF20A;LSR;FDFT1;BTG3;PLK4;SNX10;PRSS23;BAG1;SERPINA1;CISH;XBP1;TOB1;ITPK1;SLC22A5;XRCC3;DYNLT3;AFF1;CHPT1;TJP3;NMU;FABP5;PPIF;S100A9;FKBP4;RBBP8;SCARB1;ARL3;SLC26A2;DLG5;CACNA2D2;SLC1A4;ID2;CA2;GLA;SLC27A2;PTPN6;SORD;JAK1;TSTA3;GINS2;BCL2;SLC7A5;CKB;ISG20,age_changes_CD4_Proliferating_02202026
heme Metabolism,0.15510555794915984,0.34213978636188097,1.240002725260863,MGST3;GDE1;ADIPOR1;BSG;RAD23A;GMPS;CAST;HTATIP2;ARL2BP;TRAK2;PSMD9;BLVRA;RIOK3;LRP10;ABCG2;FBXO7;CTSB;SLC10A3;TCEA1;ELL2;PICALM;PRDX2;TSPAN5;PPP2R5B;OPTN;TMEM9B;SLC25A37;MKRN1;PIGQ;TENT5C;MAP2K3;MOSPD1;NCOA4;LAMP2;VEZF1;UROS;GCLC;GCLM;SYNJ1;NARF;RNF19A;NNT;EZH1;TFRC;CTNS;RCL1;CLCN3,age_changes_CD4_Proliferating_02202026
Notch Signaling,0.16040242976461652,-0.41702850672766845,-1.3062983320055093,LFNG;MAML2;PRKCA;SAP30,age_changes_CD4_Proliferating_02202026
Inflammatory Response,0.20329899374575908,0.3331725031462031,1.2011956689873282,CD70;ADRM1;CCL5;IL2RB;TAPBP;EMP3;IL10RA;TIMP1;PTGER2;TNFRSF1B;CD82;LY6E;IL15;RELA;ICAM1;KCNA3;GNAI3;SRI;ITGA5;PIK3R5;RHOG;KLF6;GNA15;IFITM1;LCP2;SPHK1;PROK2;ABI1;SLC4A4;PDE4B;BEST1;LCK;PTGER4;BST2;ATP2B1;CSF1;RIPK2;NOD2;PLAUR;ATP2A2;CMKLR1,age_changes_CD4_Proliferating_02202026
TGF-beta Signaling,0.21829916476841307,-0.3478448004092514,-1.365063114779323,ID3;SMURF2;SPTBN1;CDK9;NOG;TRIM33;ARID4B;APC;NCOR2;CDKN1C;TGFBR1;SKIL;FNTA,age_changes_CD4_Proliferating_02202026
UV Response Up,0.21861626703797854,0.3357944139445952,1.187667591090432,TUBA4A;TAP1;RPN1;ARRB2;BSG;SQSTM1;SLC25A4;CEBPG;ENO2;GGH;SELENOW;CREG1;CNP;PPT1;YKT6;ICAM1;STIP1;RAB27A;PRKCD;ALDOA;EIF2S3;ATF3;GRPEL1;BTG3;HLA-F;STARD3;HNRNPU;PARP2;TMBIM6;PRPF3;RXRB;STK25;KLHDC3;MGAT1;ATP6V1C1;HMOX1;CLTB;ABCB1,age_changes_CD4_Proliferating_02202026
Spermatogenesis,0.26822323462414577,-0.25594147221886565,-1.089247021333129,POMC;STRBP;AGFG1;CSNK2A2;TLE4;SIRT1;NEFH;AURKA;PIAS2;CAMK4;CCNB2,age_changes_CD4_Proliferating_02202026
Apical Surface,0.349330456943575,0.381962885171034,1.111947002349154,CRYBG1;IL2RB;FLOT2;ADIPOR2;GATA3;TMEM8B;PLAUR;ADAM10;CROCC;MDGA1;AFAP1L2,age_changes_CD4_Proliferating_02202026
IL-6/JAK/STAT3 Signaling,0.5180060665389665,0.3117539915953079,1.0236746182873266,FAS;PIM1;STAT1;MAP3K8;MYD88;TYK2;TNFRSF1B;TNF;PIK3R5;PTPN2;CD44;PTPN1;IL12RB1;IFNGR1;STAT3;CCR1,age_changes_CD4_Proliferating_02202026
G2-M Checkpoint,0.5228707425121626,0.27742264372143893,1.0275048115319896,BUB3;CDC25B;NUP98;RAD21;HSPA8;KPNB1;HUS1;RACGAP1;CUL4A;MCM5;DDX39A;FBXO5;ILF3;RPS6KA5;UCK2;EXO1;CDC45;EWSR1;POLA2;RAD54L;INCENP;SUV39H1;CDC6;G3BP1;SRSF1;JPT1;EZH2;CUL1;PTTG1;STIL;LMNB1;MCM3;PLK4;HNRNPU;CDK1;KIF22;ABL1;SRSF10;TFDP1;ATRX;RBL1;SMC1A;YTHDC1;DR1;ODC1;MNAT1;BCL3;CCNT1;PRIM2;POLQ;DKC1;PML;MKI67;LBR;MCM2;NUMA1;CCNA2,age_changes_CD4_Proliferating_02202026
UV Response Dn,0.5994933931310574,0.28427764841300374,0.9819360585358737,ANXA2;ATP2B4;INPP4B;TGFBR3;ANXA4;SLC22A18;SRI;BHLHE40;CITED2;SYNE1;NR1D2;PTPRM;ARHGEF9;BMPR1A;PDLIM5;GCNT1;ZMIZ1;INSIG1;ATRX;CELF2;YTHDC1;AGGF1;PIK3R3;MAP2K5;ATP2B1;ATXN1;ABCC1;ATRN;DUSP1,age_changes_CD4_Proliferating_02202026
Myc Targets V2,0.6759034292032986,0.2849000786207701,0.9324274778605045,MCM5;NPM1;CBX3;MYBBP1A;DUSP2;NOC4L;UNG;PLK4;PES1;PA2G4;MCM4;HSPE1;TMEM97;FARSA;NOP16;SUPV3L1;RCL1;PUS1;EXOSC5;NOLC1;AIMP2;RRP9;HSPD1;IMP4,age_changes_CD4_Proliferating_02202026
TNF-alpha Signaling via NF-kB,0.6770321022981312,0.25677854332574374,0.9395505978364936,MSC;TAP1;LITAF;CCL5;TNIP1;CCL4;SQSTM1;MAP3K8;PLEK;ZFP36;RELA;ICAM1;BHLHE40;TNF;CFLAR;BCL2A1;CD44;SDC4;KLF6;DUSP2;DUSP4;ATF3;BTG3;SPHK1;MAP2K3;PDLIM5;DRAM1;TRIB1;PANX1;PDE4B;NINJ1;BCL3;SLC2A3;PTGER4;EHD1;ATP2B1;SLC16A6;SERPINB8;EIF1;MCL1;CSF1;RIPK2;PLAUR;KLF10;CD69;DUSP1;RHOB,age_changes_CD4_Proliferating_02202026
KRAS Signaling Up,0.726142765398779,0.24883232215358486,0.8825257510554002,MAP4K1;ADAM8;PRDM1;ITGB2;LCP1;IL10RA;LAPTM5;TNFRSF1B;RABGAP1L;NAP1L2;CDADC1;CTSS;PSMB8;ANKH;IGFBP3;AVL9;PCSK1N;CD37;TRIB1;ENG;GALNT3;ABCB1;IRF8;MMD;CROT;PLAUR;TRIB2;HDAC9;CMKLR1;NIN;ERO1A,age_changes_CD4_Proliferating_02202026
Hedgehog Signaling,0.7285771770927811,0.3485492548362622,0.898617965521508,ADGRG1;NF1;MYH9;CDK6;PML;AMOT,age_changes_CD4_Proliferating_02202026
PI3K/AKT/mTOR  Signaling,0.7309813067592212,0.25668426423439045,0.8887661885352847,ARHGDIA;ARF1;SQSTM1;PPP1CA;NFKBIB;MYD88;CALR;RALB;HSP90B1;MAP2K3;YWHAB;RIPK1;MAP3K7;CDK1;ATF1;RPS6KA1;PIK3R3;ACTR3;LCK;DDIT3;CFL1;PLCG1;TBK1;NOD1;RIT1;AP2M1;TRIB3;ACTR2;FASLG;ARPC3;MAP2K6;CLTC;TRAF2;ECSIT;PRKAG1;UBE2D3;VAV3,age_changes_CD4_Proliferating_02202026
Estrogen Response Early,0.8173567021371725,0.23243136402548162,0.8172904976931229,SH3BP5;ELOVL5;SLC9A3R1;ABHD2;MICB;BHLHE40;DHCR7;FASN;CD44;MYBL1;FKBP5;MYBBP1A;MED24;FDFT1;MREG;SLC39A6;PRSS23;BAG1;CISH;XBP1;CANT1;TOB1;ITPK1;SLC22A5;SNX24;DYNLT3;AFF1;CHPT1;TJP3;RARA;KLF10;ADCY9;PPIF;FKBP4;RBBP8;SCARB1,age_changes_CD4_Proliferating_02202026
Myc Targets V2,0.0,-0.5931408431631298,-1.9840661440668554,PPAN;GNL3;NDUFAF4;MYC;DDX18;PHB;NOP56;MRTO4;IPO4;EXOSC5;WDR74;GRWD1;TBRG4;NPM1;NOP16;SLC19A1;PA2G4;CDK4;RRP12;MPHOSPH10;LAS1L;SRM;HSPE1;WDR43;DCTPP1;HSPD1,age_changes_CD4_Tregs_02202026
Myc Targets V1,0.0,-0.4955931176660828,-1.968055587657743,RSL1D1;IMPDH2;EEF1B2;GNL3;SERBP1;CCT2;NHP2;HDDC2;APEX1;MYC;DDX18;HNRNPA2B1;PHB;NOP56;C1QBP;FBL;PSMC6;EIF3J;SNRPG;PSMA4;ABCE1;RPS5;EIF4A1;HSP90AB1;RPL22;SRSF3;HNRNPD;RPS10;EIF3B;CLNS1A;TRIM28;POLD2;NCBP2;SSBP1;CCT5;COPS5;CCT4;RPL6;DDX21;HDAC2;TARDBP;EIF2S1;MRPS18B;RPS6;NAP1L1;NME1;NPM1;RACK1;HDGF;SMARCC1;NOP16;CCT3;RANBP1;SNRPB2;FAM120A;SET;UBE2E1;RPS2;MCM7;GSPT1;RPLP0;RPL34;PCNA;IFRD1;PA2G4;CYC1;SYNCRIP;RPL18;PSMA2;CDK4;RPS3;PPIA;SRSF2;SNRPD3;RPL14;TRA2B;SNRPD2;SRM;EIF1AX;EXOSC7;HSPE1;PSMD3;PABPC1;RAN;EIF2S2;HSPD1;PSMA7;SRSF1;CAD;SSB;EIF3D;POLE3;TCP1;ILF2;PRDX3,age_changes_CD4_Tregs_02202026
Wnt-beta Catenin Signaling,0.0012901144976616675,-0.6118884998620578,-1.8232554939191534,TCF7;LEF1;AXIN2;TP53;MYC;FRAT1;NOTCH1;HDAC2;AXIN1;SKP2;KAT2A;MAML1;CSNK1E;GNAI1;NKD1;HDAC11,age_changes_CD4_Tregs_02202026
TGF-beta Signaling,0.0038703434929850027,-0.5361616262366825,-1.7152462255290717,NOG;ID3;TGIF1;IFNGR2;ID2;PMEPA1;SMURF2;SPTBN1;SKIL;HIPK2;SMAD3;ARID4B;SMAD7,age_changes_CD4_Tregs_02202026
Apoptosis,0.004913573747477406,0.44652052824114585,1.8087427866799732,LGALS3;TSPO;CASP8;LMNA;CASP1;BAX;FAS;PMAIP1;SAT1;ENO2;BCL2L1;BTG3;TIMP1;CDC25B;TAP1;ATF3;CFLAR;FDXR;SPTAN1;PLCB2;RHOT2;SQSTM1;ANXA1;TOP2A;RARA;MCL1;CD2;ETF1;HMGB2;TGFBR3;GNA15;CD14;CDKN1B;DAP;PEA15;F2R;WEE1;BCL10;PRF1;CD44,age_changes_CD4_Tregs_02202026
Epithelial Mesenchymal Transition,0.005527770465912082,0.49989896243998405,1.8789536855371753,LGALS1;ITGB1;FLNA;VIM;GLIPR1;FAS;SAT1;CADM1;ENO2;EMP3;TPM4;WIPF1;TIMP1;SGCB;VCAN;CAPG;ACTA2;PLOD3;TGFBR3;QSOX1;PLAUR;SDC4;IL15;CD44;IL32,age_changes_CD4_Tregs_02202026
Interferon Gamma Response,0.006449065543564096,0.42609421781368806,1.813491440513456,HLA-DRB1;HLA-DMA;HLA-DQA1;CASP8;CD40;CD74;IL10RA;ZBP1;CASP1;FAS;ST8SIA4;IL7;ARID5B;CCL5;VAMP5;PSMB9;PFKP;TAPBP;SRI;IL15RA;TRIM26;SELP;TAP1;STAT4;STAT1;MVP;IL18BP;IL2RB;NLRC5;IRF5;ADAR;MTHFD2;JAK2;PELI1;RIPK1;FGL2;ICAM1;PSME2;IL15;PSMB2;MYD88;CSF2RB;NAMPT;CIITA;LY6E;SPPL2A;LCP2;CMTR1;PML;OAS3;RNF213;PSMB10;PTPN2;PARP12;TRIM21;TRIM14;GZMA;ITGB7;OGFR;P2RY14;TXNIP;PTPN1;CD86;VAMP8;SOD2,age_changes_CD4_Tregs_02202026
Complement,0.012437483548302186,0.4242310089340064,1.7249977993577714,LGALS3;ANXA5;F5;CTSS;SPOCK2;APOBEC3G;CASP1;CPQ;CCL5;CSRP1;PSMB9;PIK3R5;CTSC;LIPA;TIMP1;S100A9;PLEK;EHD1;GATA3;FCN1;GCA;F8;JAK2;CTSO;VCPIP1;LAMP2;ADAM9;PLAUR;HSPA1A;CTSH;CDA;XPNPEP1;GZMK;GNB2;S100A12;PDP1;PIK3CG;WAS;SERPINA1;LCP2;GZMB,age_changes_CD4_Tregs_02202026
Allograft Rejection,0.01443362288321488,0.40183185836101076,1.6648105034859544,HLA-DRA;HLA-DMA;HLA-DQA1;FLNA;CD40;CD74;CTSS;NCF4;GPR65;FAS;ST8SIA4;SRGN;CXCR3;CDKN2A;HLA-DMB;IL7;CCL5;TAPBP;HCLS1;TPD52;TIMP1;TAP1;MAP4K1;IL12RB1;CSF1;STAT4;STAT1;IFNG;IL2RB;CD2;CCR2;CAPG;TLR6;JAK2;EIF3A;GCNT1;HLA-DOA;F2R;ICAM1;BCL10;IL15;ITGAL;PRF1;CD28;CD4;CCR5;DEGS1;SIT1;SPI1;WAS;ZAP70;LCP2;GZMB;GBP2;PSMB10;IL12A;CD96,age_changes_CD4_Tregs_02202026
Reactive Oxygen Species Pathway,0.014477494077388785,0.49179959453287203,1.6492607276608238,TXN;PRNP;PRDX1;PFKP;LSP1;PRDX4;NQO1;PTPA;PRDX6;SCAF4;MBP;PRDX2;CDKN2D;G6PD,age_changes_CD4_Tregs_02202026
IL-2/STAT5 Signaling,0.016951829428797055,0.40577795179620696,1.6657022312099845,CST7;PRNP;AHNAK;TNFRSF9;PHLDA1;IL10RA;CDC42SE2;PLEC;GPR65;GLIPR2;RORA;TNFRSF18;CTLA4;ANXA4;GALM;SYT11;TNFRSF4;BCL2L1;ALCAM;PHTF2;SELP;BATF;SYNGR2;CSF1;FLT3LG;CCR4;TRAF1;P4HA1;MYO1C;BHLHE40;TNFRSF1B;IL2RB;MAP3K8;SLC1A5;CAPG;HOPX;TIAM1;PLPP1;RABGAP1L;AHR;FGL2,age_changes_CD4_Tregs_02202026
Inflammatory Response,0.026947881021321403,0.3886239848546504,1.5681617578078666,CD70;TNFRSF9;CD40;IL10RA;CD82;CCL5;TAPBP;SRI;IL15RA;EMP3;PIK3R5;TIMP1;GPR183;ADRM1;CSF1;KCNA3;TNFRSF1B;IL2RB;CYBB;CCL20;GNA15;ATP2B1;CD14;AHR;NOD2;ICAM1;CXCR6;PLAUR;GPR132;CSF3R;IL15;P2RX7;NAMPT;LY6E;PROK2;OSM;LCP2;IL1R1,age_changes_CD4_Tregs_02202026
Mitotic Spindle,0.030300371442777342,0.37300973289261735,1.5429053000361548,FLNA;EZR;ACTN4;ARHGDIA;NDC80;PRC1;NUSAP1;CENPE;ARHGAP10;SPTAN1;PCGF5;RHOT2;KIF20B;MYH9;TBCD;TOP2A;TIAM1;CNTROB;PXN;INCENP;KIFAP3;HOOK3;BRCA2;ARHGEF12;CLIP1;ABR;DYNC1H1;ARHGAP5;VCL;BUB1;KNTC1;NEDD9;STAU1;PREX1;CAPZB;TPX2;RABGAP1;CEP57;CKAP5;KIF3B;PDLIM5;RHOF;TUBGCP5;CEP250;LLGL1;TUBGCP2;KIF22;MAP3K11;RACGAP1;NUMA1;TTK;CCNB2;STK38L;MAPRE1;DOCK2;ARHGAP4;ALMS1,age_changes_CD4_Tregs_02202026
Notch Signaling,0.041315916787614905,-0.5309707737643403,-1.4753282501590668,LFNG;HES1;DTX1;NOTCH1;RBX1;MAML2;PRKCA;KAT2A;SKP1;NOTCH2,age_changes_CD4_Tregs_02202026
Protein Secretion,0.0859875405808546,0.36910256264640073,1.3827817488551992,STAM;CD63;SGMS1;PAM;CTSC;TPD52;SEC24D;AP2B1;ANP32E;ARF1;LAMP2;RAB14;TMED2;YKT6;VAMP3;TMX1;GBF1;RER1;ATP6V1H;ARFGAP3;ARCN1;RAB9A;AP3S1;USO1;RAB2A;NAPA;TMED10;STX12;VPS45;CLCN3;RAB5A;AP3B1,age_changes_CD4_Tregs_02202026
TNF-alpha Signaling via NF-kB,0.0889468520424035,0.3335591414508477,1.389343116079796,TNFRSF9;DUSP4;PHLDA1;MSC;CCL5;SLC16A6;TRIB1;SAT1;IL15RA;BTG3;CEBPD;TAP1;TNIP1;ATF3;GPR183;PLEK;CSF1;CFLAR;EHD1;KLF10;TRAF1;BHLHE40;SQSTM1;SPSB1;DRAM1;MAP3K8;MCL1;SERPINB8;ZC3H12A;TIPARP;B4GALT5;CCL20;ATP2B1;TANK;PANX1;ICAM1;PLAUR;SDC4;CD44;NINJ1,age_changes_CD4_Tregs_02202026
Apical Junction,0.09673598315346145,0.3457600076192291,1.3903990599750011,ITGB1;CD99;ACTN4;CTNNA1;ZYX;YWHAH;ADAM15;SKAP2;TRAF1;VCAN;CNN2;MYH9;PIK3R3;ARHGEF6;SORBS3;ADAM9;SYMPK;ICAM1;THBS3;ITGA3;VCL;VASP;EXOC4;NF2;IKBKG;PIK3CB;TGFBI;MAPK13;RHOF;MSN,age_changes_CD4_Tregs_02202026
mTORC1 Signaling,0.11134509081337195,0.31585868451237786,1.3321303529467214,SLC1A4;HPRT1;SLA;PRDX1;ELOVL5;CTSC;TBK1;CCNG1;SLC7A5;FDXR;TPI1;SKAP2;P4HA1;BHLHE40;SQSTM1;PIK3R3;DAPP1;SLC9A3R1;PFKL;SLC1A5;MTHFD2;RPN1;ETF1;GAPDH;DDIT4;ALDOA;ASNS;TCEA1;SSR1;FGL2;G6PD;YKT6;GPI;PSME3;MAP2K3;NAMPT;EDEM1;BUB1;HSP90B1;PGM1;ACTR2;SYTL2;CANX;GSK3B;SLC6A6;TFRC;PSMD14;HSPA4;CCNF;GTF2H1;GGA2;ATP6V1D;MCM4;PSAT1;INSIG1,age_changes_CD4_Tregs_02202026
Coagulation,0.1114152847240502,0.3645391499498946,1.3244264335201938,CAPN2;CPQ;CSRP1;CRIP2;TIMP1;PLEK;ANXA1;WDR1;F8;CTSO;LAMP2;ADAM9;CTSH;GNB2;SERPINA1;ISCU,age_changes_CD4_Tregs_02202026
Angiogenesis,0.11504672282179522,0.5590204541803268,1.312345043179541,S100A4;TIMP1;LRPAP1;VCAN,age_changes_CD4_Tregs_02202026
Bile Acid Metabolism,0.1154328538469876,0.3505108356307425,1.3036043991026176,OPTN;GSTK1;PEX16;ABCA2;ACSL5;FDXR;SCP2;NPC1;GNPAT;ABCD2;PAOX;ATXN1;PEX26;SLC27A2;ABCD1;ALDH9A1;RETSAT;CROT,age_changes_CD4_Tregs_02202026
Spermatogenesis,0.119059671573491,0.36717466600073806,1.3331046185038502,MLF1;DBF4;PRKAR2A;PCSK1N;EZH2;NCAPH;TOPBP1;IL12RB2;PHF7;PHKG2;RPL39L;CDKN3;BUB1;NF2;MTOR;MAST2;PARP2;TTK;CHFR;CCNB2;IDE;TALDO1,age_changes_CD4_Tregs_02202026
p53 Pathway,0.1396683337720453,0.3051666991271811,1.257045733060787,DDB2;RPS27L;S100A4;CASP1;BAX;FAS;CDKN2A;CD82;AEN;SAT1;PVT1;STOM;PMM1;CCNG1;TAP1;ATF3;FDXR;S100A10;RB1;DRAM1;DDIT4;PHLDA3;MDM2;ANKRA2;SLC3A2;F2R;NINJ1;POLH;ZMAT3;RALGDS;TM7SF3;CGRRF1;ISCU;TAX1BP3;EPS8L2;ZNF365;SEC61A1;ABCC5;ERCC5;RETSAT;VWA5A;ZBTB16;TXNIP;TOB1;VAMP8,age_changes_CD4_Tregs_02202026
Fatty Acid Metabolism,0.14469181640597942,0.3185716844117003,1.2587240028200162,LGALS1;PCBD1;ELOVL5;ENO2;YWHAH;BLVRA;ACSL5;S100A10;RAP1GDS1;ACSL4;SDHA;ERP29;SERINC1;PRDX6;ALDOA;MDH2;GRHPR;ACSM3;LTC4S;MIF;ACOX1;ODC1;PTS;ALDH3A2;UROS;CPT2;HSD17B10;HADHB;ACOT2;NCAPH2;ALDH9A1;RETSAT;MCEE;GPD2;ECI2;ALAD,age_changes_CD4_Tregs_02202026
Cholesterol Homeostasis,0.14781667690327865,0.3569203348802585,1.2619770875322547,LGALS3;ANXA5;ABCA2;ALCAM;PMVK;ATF3;ANTXR2;PLAUR;LSS;ETHE1;S100A11;FABP5;FDFT1;GUSB;CPEB2,age_changes_CD4_Tregs_02202026
KRAS Signaling Dn,0.16263505886147395,-0.3720747058121724,-1.3003098827068915,CHST2;SNN;LFNG;LYPD3;IFI44L;CAMK1D;SKIL;TCL1A;GAMT;CCDC106;PLAG1;CD40LG;EDAR;STAG3,age_changes_CD4_Tregs_02202026
Pperoxisome,0.1903730646820934,0.32236156811298977,1.2056428497879412,TSPO;GSTK1;PRDX1;ELOVL5;CADM1;YWHAH;ACSL5;SCP2;MVP;ACSL4;TOP2A;GNPAT;BCL10;ABCD2;ERCC3;ATXN1;ACOX1;SLC27A2;ABCD1;SLC25A4;ABCC5;ALDH9A1;RETSAT;SOD2;ECI2;IDE,age_changes_CD4_Tregs_02202026
Myogenesis,0.19689391945248752,0.30773260038801226,1.2074807454280965,ITGB1;PRNP;TPM3;FXYD1;LSP1;SYNGR2;SPTAN1;MYO1C;BHLHE40;MYH9;RB1;DMPK;NQO1;SORBS3,age_changes_CD4_Tregs_02202026
Estrogen Response Late,0.21374045801526717,0.2939516565529926,1.1779069987122581,SLC1A4;HPRT1;ELOVL5;BTG3;SNX10;ATP2B4;BATF;S100A9;SLC7A5;TOP2A;RNASEH2A;SLC9A3R1;TIAM1;JAK2;TJP3;DYNLT3;CD44;METTL3;AFF1;ABHD2;FABP5;NCOR2;SERPINA1;SLC2A8;FDFT1;ALDH3A2;SLC27A2;MAPK13;XRCC3;RAB31;CHPT1;TOB1;SLC16A1;PLK4;ISG20,age_changes_CD4_Tregs_02202026
heme Metabolism,0.2145415841697472,0.2929905378712989,1.1831040095466863,OPTN;HTATIP2;RIOK3;BLVRA;LRP10;TENT5C;BSG;KAT2B;GDE1;CAST;NFE2L1;ACP5;TRAK2;DMTN;ADIPOR1;LAMP2;MFHAS1;ASNS;TCEA1;AQP3;PRDX2;ARHGEF12;FN3K;MAP2K3;ENDOD1;ARL2BP;TMEM9B;UROS;TFRC;NNT;MGST3;FBXO7;PPP2R5B;ALAD;MKRN1;E2F2;BTRC;NFE2;DCAF11;SLC10A3;CTSB;KHNYN;BACH1;CLCN3;OSBP2;PICALM;ADD1;EIF2AK1;GMPS;RNF19A;NARF;CIR1,age_changes_CD4_Tregs_02202026
Hypoxia,0.22884969728876017,0.28740352076011855,1.1633706277553864,ANXA2;S100A4;RORA;PFKP;ENO2;PAM;UGP2;TPD52;ATF3;TPI1;P4HA1;BHLHE40;MYH9;IDS;PFKL;TIPARP;GAPDH;DDIT4;ALDOA;CDKN1B;PLAUR;SDC4;GRHPR;GPI;XPNPEP1;WSB1;MT1E;PGM1;MIF;TGFBI;TPST2,age_changes_CD4_Tregs_02202026
PI3K/AKT/mTOR  Signaling,0.23790673659060077,0.2978691125376642,1.1518803857407465,SLA;ARHGDIA;TBK1;YWHAB;SQSTM1;PRKAR2A;PIN1;PIK3R3;DAPP1;RPS6KA1;TIAM1;ARF1;CDKN1B;RIPK1;MYD88;MAP2K3;PPP1CA;HSP90B1;ACTR2,age_changes_CD4_Tregs_02202026
Interferon Alpha Response,0.2501145525625652,0.2976392919972682,1.1394190437321599,CASP8;CD74;CASP1;IL7;PSMB9;LPAR6;TRIM26;TAP1;CSF1;TMEM140;ADAR;UBA7;PSME2;IL15;MOV10;LY6E;CMTR1;GBP2;PARP12;TRIM21;TRIM14;OGFR;TXNIP;PARP9;ISG20;STAT2;PSMB8,age_changes_CD4_Tregs_02202026
IL-6/JAK/STAT3 Signaling,0.330679126085812,0.3026631259935698,1.089339024122781,FAS;IL7;IL15RA;PIK3R5;IL12RB1;CSF1;STAT1;TNFRSF1B;MAP3K8;CD14;CSF3R;CD44;MYD88;CSF2RB;IL1R2;IL1R1;PTPN2;PTPN1;IL17RA;STAT2;IL18R1;CD36,age_changes_CD4_Tregs_02202026
Glycolysis,0.353242364289414,0.2628922093598307,1.0619900719788995,TXN;PFKP;ENO2;PAM;UGP2;PKM;PGAM1;TPI1;P4HA1;VCAN;GOT2;FUT8;DDIT4;ALDOA;CHPF2;MDH2;QSOX1;CD44;G6PD;CHST12;AGL;GLCE;MIF;TGFBI;GUSB;PAXIP1;CITED2;ALDH9A1;BIK;GNE;ZNF292;TALDO1;ANG;ISG20,age_changes_CD4_Tregs_02202026
Pancreas Beta Cells,0.35655539429124333,-0.47023013632217486,-1.1742904030282495,FOXO1;SRP9;SRPRB,age_changes_CD4_Tregs_02202026
E2F Targets,0.3594893392998158,0.2535380289880473,1.0642151546116456,PTTG1;ATAD2;HELLS;CDKN2A;EED;CDC25B;CENPE;MCM6;SMC6;SHMT1;JPT1;ANP32E;EZH2;TOP2A;PRDX4;POLE;RNASEH2A;ASF1A;MTHFD2;HMGB2;NUDT21;TK1;CDKN1B;WEE1;BRCA2;POLD1;TCF19;BARD1;CDKN3;MXD3;MMS22L;DONSON;CHEK1;RAD21;CIT;ASF1B;RBBP7;TFRC;LIG1;MAD2L1;KIF22;RACGAP1;MCM4;CCNE1;CCNB2;TIMELESS;PLK4;NBN;CDCA8;UBR7,age_changes_CD4_Tregs_02202026
KRAS Signaling Up,0.3685815686523677,0.26398301785103767,1.0655627643863113,PRDM1;NAP1L2;CTSS;IL10RA;LCP1;ADAM8;TRIB1;MAP4K1;GALNT3;TRAF1;PCSK1N;TNFRSF1B;KCNN4;CCL20;RABGAP1L;PLAUR;CDADC1;KIF5C,age_changes_CD4_Tregs_02202026
Apical Surface,0.435017812376303,-0.37586302669267524,-1.0678123810165212,APP;LYPD3;SULF2;AKAP7;IL2RG;HSPB1,age_changes_CD4_Tregs_02202026
Estrogen Response Early,0.4514863194108477,-0.2919934844591394,-1.097375033956687,DHRS3;IGF1R;NRIP1;RETREG1;IL6ST;ABLIM1;HES1;FKBP4;MYC;OPN3;FAM102A;SVIL;NXT1;TGIF2;FLNB;UNC119;BCL11B;MED13L;KDM4B;SLC37A1;AREG;BCL2;SEC14L2;AMFR;RRP12,age_changes_CD4_Tregs_02202026
DNA Repair,0.45689404934687955,-0.2818383886279685,-1.0760901821145155,IMPDH2;NELFCD;NME4;GTF2H5;TP53;APRT;POLR1C;RPA2;SRSF6;POLR2H;RAE1;NCBP2;RBX1;RALA;POLR2G;SDCBP;AGO4;NME1;POLR2K;NELFB;RAD52;NUDT9;TSG101;PCNA;RPA3;PDE6G;PRIM1;ZWINT;ALYREF;ADA;ERCC1;TAF10;RNMT;BRF2;CMPK2;ZNRD1,age_changes_CD4_Tregs_02202026
G2-M Checkpoint,0.4634690050013161,0.24150859582472523,1.0087188476729776,PTTG1;NDC80;PRC1;CDC25B;NUSAP1;CENPE;DBF4;MCM6;SLC7A5;KIF20B;JPT1;EZH2;TOP2A;POLE;KNL1;CUL4A;INCENP;NSD2;CDKN1B;CCNT1;BRCA2;BARD1;CDKN3;RBL1;CHEK1;BUB1;RAD21;NUP98;DR1;KPNB1;ODC1;TPX2;PML;MAD2L1;DTYMK;UCK2;CCNF;KIF22;EWSR1;RACGAP1;ATRX;NUMA1;ODF2;TTK;CDC7;CCNB2;PLK4;E2F2;HNRNPU,age_changes_CD4_Tregs_02202026
Oxidative Phosphorylation,0.49492017416545714,-0.27895682249893256,-1.1013353207170689,TIMM13;TIMM8B;ATP5MC1;TIMM9;ATP5PO;LDHB;UQCRH;SLC25A6;NDUFB8;SDHD;NDUFS4;ATP5MC3;NDUFC2;ATP5PF;NDUFB2;CYB5A;NDUFV2;NDUFS2;ECH1;MRPL35;MTX2;COX4I1;BDH2;ATP5F1E;UQCRQ;ATP5ME;ACADM;ETFB;NDUFA7;PDHB;ETFDH;DECR1;PDHA1;FXN;COX6C;COX7C;MRPS22;CYC1;UQCRC2;OAT;UQCRB;ECHS1;MRPS30;MRPL15;MRPL11;IDH1;MRPS11;IDH3B;ATP5F1C;ALDH6A1;PDHX;SUCLG1;UQCR10;ATP5MF;SLC25A5;ATP5F1B;SLC25A20;PRDX3,age_changes_CD4_Tregs_02202026
UV Response Dn,0.5730124173520399,-0.2758430374254813,-0.9963718259584202,IGF1R;TGFBR2;MRPS31;ICA1;SPOP;DBP;NFKB1;MYC;FBLN5;BCKDHB;SMAD3;SMAD7;RASA2;MAPK14;MTA1;ZMIZ1;PRKCA;PTEN,age_changes_CD4_Tregs_02202026
Unfolded Protein Response,0.6156610684912571,-0.2603026442955895,-0.9458181011839647,NHP2;BANF1;ATF4;NOP56;EXOSC5;EIF4A1;EIF2S1;IMP3;PAIP1;IFIT1;NPM1;SRPRB;DKC1;EIF4A3;NFYB;EXOSC2;CEBPB;RPS14;FUS;NFYA;LSM4;EXOSC4;CNOT6;PDIA5;CKS1B;CNOT4;SERP1;GOSR2,age_changes_CD4_Tregs_02202026
UV Response Up,0.622046071973503,-0.2592497110624383,-0.9616352420413253,IL6ST;FKBP4;AGO2;POLR2H;DNAJA1;CCND3;BCL2L11;KLHDC3;AP2S1;EIF5;DDX21;TUBA4A;TGFBRAP1;MARK2;BTG1;CDC34;DGAT1;NR4A1;PRKACA;CDC5L;SULT1A1;NFKBIA;NXF1;WIZ;CNP;PDAP1;CDKN1C;CHKA;IRF1;POLE3;E2F5;UROD;FOSB;FURIN;CASP3;GLS;FOS;JUNB;HSPA2,age_changes_CD4_Tregs_02202026
Androgen Response,0.6613223575582091,0.2531868018966204,0.9298805198928654,ARID5B;ELOVL5;SAT1;TPD52;UBE2J1;ADRM1;SEC24D;IQGAP2;MAF;TMEM50A;INPP4B;PLPP1;ABHD2;GPD1L;CDC14B;ANKH;CENPN,age_changes_CD4_Tregs_02202026
Xenobiotic Metabolism,0.6808912562129353,0.22915038237604946,0.9166007119235424,HPRT1;FAS;DHRS7;ELOVL5;PMM1;NPC1;NQO1;SLC1A5;SSR3;ABCD2;NINJ1;CDA;PPARD;PGD;IL1R1;TMBIM6;ACOX1;PTGES3;PTS;SLC6A6;PSMB10;PDLIM5;SLC12A4;ALDH9A1;RETSAT;CROT;GCH1;CNDP2;MTHFD1;PEMT;CD36;PTGDS;MCCC2;DHRS1;TKFC;ASL,age_changes_CD4_Tregs_02202026
Adipogenesis,0.8147407212424322,0.2082081427435931,0.8537245322661736,REEP5;DHRS7;RIOK3;STOM;SCP2;BAZ2A;PFKL;SLC1A5;GPHN;CD302;ALDOA;NDUFB7;TANK;MDH2;COX8A;RNF11;RAB34;SOWAHC;PGM1;YWHAG;BCL2L13;LTC4S;NABP1;ACOX1;UBQLN1;CPT2;MGST3;RETSAT;GPD2;ATP1B3;RMDN3;CHUK;TOB1;COX6A1;TALDO1;UQCR11;PEMT;CD36;UBC;TST;CRAT;DNAJB9;ACLY;UQCRC1;BCKDHA,age_changes_CD4_Tregs_02202026
Hedgehog Signaling,0.9378487340751491,-0.28255407426297247,-0.7545335216659632,CDK6;LDB1;ETS2,age_changes_CD4_Tregs_02202026
Allograft Rejection,0.0,0.4898759192080522,2.0475099793571587,STAT4;CCL5;F2R;HLA-DQA1;FLNA;CDKN2A;RIPK2;IL15;GZMA;GPR65;FAS;ACVR2A;CCL4;IL2RB;TPD52;IL18RAP;IFNG;HLA-DRA;GZMB;TAPBP;HLA-DMA;ICAM1;PRF1;TLR3;MAP4K1;HDAC9;HLA-DMB;FGR;NCF4;CSF1;IL7;CTSS;CD96;IFNGR1;TIMP1;CD8A;IL12RB1;ITGAL;CD8B;CD74;CCR5;SPI1;ST8SIA4;BCL3;CCND3;SRGN;FASLG;KLRD1;CD40;ITGB2;HCLS1;CXCR3;IL2;STAT1;WAS;CD3E;ABI1;NLRP3;ZAP70;TAP1,age_changes_CD4_memory_02202026
Epithelial Mesenchymal Transition,0.0,0.47921916600184755,1.962484241217067,IGFBP3;LGALS1;GLIPR1;FLNA;TGFBR3;IL15;ENO2;FAS;ITGB1;PLOD3;CADM1;TGFBI;VCAN;ACTA2;SGCB;WIPF1;PPIB;DST;TIMP1;TPM4;PFN2;VIM;PCOLCE;PLOD1;COL6A2;ANPEP;BMP1;LRP1;IL32;RHOB;QSOX1;COPA;SDC4;CXCL8;PLAUR;NOTCH2;THBS1;EMP3;CALU;MAGEE1,age_changes_CD4_memory_02202026
Coagulation,0.0,0.5292975429051645,2.0244989672141167,CLU;CFH;CPQ;F8;CAPN2;PLEK;DPP4;CTSH;SERPINA1;CSRP1;TIMP1;PRSS23;PDGFB;BMP1;ANG;LRP1;ADAM9;CRIP2;LAMP2;F12;APOA1;USP11;ISCU;SIRT2;ANXA1;THBS1;DUSP6;SERPING1;F2RL2;CFD;MAFF;CTSB;SPARC;WDR1;GNB2;RAPGEF3;PF4;C8G;CTSO;KLKB1;C1R;C2;GP9;C1QA;RAC1;PREP;GSN;DUSP14;LTA4H;PLAT,age_changes_CD4_memory_02202026
Protein Secretion,0.00032810791104629966,0.4938889762107596,1.8758206759473242,CD63;TMED10;RAB9A;TPD52;PAM;GALC;AP2B1;DST;ANP32E;STAM;TMED2;SEC24D;ARF1;RAB14;KIF1B;ARFIP1;RAB5A;LAMP2;CTSC;M6PR;NAPA;ARFGAP3;LMAN1;MON2;VPS45;AP3B1;ATP1A1;GBF1;AP1G1;IGF2R;CLTC;AP3S1;YKT6;VAMP3;ARCN1;STX12,age_changes_CD4_memory_02202026
Apoptosis,0.0004101348888078746,0.4447983702335961,1.8307973104681123,CLU;F2R;TGFBR3;LGALS3;CASP1;ENO2;FAS;TSPO;PRF1;IGFBP6;NEDD9;TXNIP;BCL2L1;LMNA;SQSTM1;FEZ1;IFNGR1;PEA15;CASP8;TIMP1;SLC20A1;CDK2;CFLAR;DNAJC3;ATF3;HMGB2;BAX;RHOT2;FASLG;CASP7;MADD;CTNNB1;RHOB;HMOX1;FDXR;GNA15;PLCB2;RELA;PSEN2;CDKN1A;TAP1;ANXA1;MCL1;IFITM3;CD14;BTG3;EMP1;DPYD;IGF2R;ERBB2;CD2;RETSAT;TNF;BCAP31;PPP2R5B;GPX4;BMF,age_changes_CD4_memory_02202026
Complement,0.0004101348888078746,0.45567572979094206,1.9125455798615716,CLU;CFH;CCL5;CPQ;LGALS3;GZMA;CASP1;APOBEC3G;F8;GZMK;ANXA5;ITGAM;GZMB;PLEK;GATA3;SPOCK2;VCPIP1;DPP4;CTSH;CTSS;KYNU;SERPINA1;CSRP1;TIMP1;GNG2;S100A9;LIPA;GNGT2;S100A12;PRKCD;EHD1;XPNPEP1;PDGFB;PSMB9;ANG;LRP1;ADAM9;CASP7;LAMP2;CBLB;CTSC;FCN1;RBSN;GMFB;HSPA5;CD36;PIK3R5;PIM1;CDA;PRCP;WAS;RNF4;PLAUR,age_changes_CD4_memory_02202026
Interferon Gamma Response,0.0004687255872089995,0.44189947001395696,1.860243758841005,STAT4;ZBP1;CFH;CCL5;HLA-DRB1;HLA-DQA1;RIPK2;IL15;GZMA;XCL1;CASP1;IL10RA;FAS;IL15RA;IL2RB;FGL2;TAPBP;HLA-DMA;IL18BP;ICAM1;SLAMF7;TXNIP;IL7;PFKP;PTPN1;OASL;CASP8;ADAR;FPR1;SRI;BST2;CIITA;CD74;MYD88;CMKLR1;ST8SIA4;PSMB9;TRIM26;UPP1;CASP7;LATS2;CD40;NLRC5;ITGB7;IRF5;PIM1;STAT1;LY6E;FCGR1A;CMTR1;APOL6;ZNFX1;CDKN1A;TAP1;MVP;VAMP5;IFITM3,age_changes_CD4_memory_02202026
IL-2/STAT5 Signaling,0.0005468465184104995,0.4428216508456909,1.866857220447941,HOPX;CST7;PRNP;BHLHE40;AHNAK;SERPINB6;GLIPR2;TNFRSF1B;GPR65;IL10RA;SYT11;ANXA4;MAP3K8;IL2RB;PTGER2;PTCH1;FGL2;XBP1;SLC39A8;PHLDA1;EOMES;MYO1C;BCL2L1;CSF1;BATF;IFNGR1;MUC1;IL18R1;TWSG1;GALM;PHTF2;RORA;COL6A1;RRAGD;ALCAM;UCK2;PRKCH;NDRG1;P4HA1;CCND3;PLEC;RHOB;ADAM19;PIM1;SNX14;ST3GAL4;BCL2;LRRC8C;CYFIP1;CDC42SE2;PLPP1;NFIL3;SLC1A5;TRAF1;IFITM3;RABGAP1L;FLT3LG;AHR;EMP1;IGF2R;TNFRSF4;FAH;F2RL2;DHRS3;SYNGR2;GPX4;MAFF;ABCB1;ODC1;TNFRSF9;TNFRSF18;GABARAPL1,age_changes_CD4_memory_02202026
TNF-alpha Signaling via NF-kB,0.0007291286912139992,0.42690191386330534,1.7966328840211965,CCL5;RIPK2;BHLHE40;CLCF1;MSC;IL15RA;CCL4;MAP3K8;PLEK;ICAM1;PHLDA1;SLC16A6;DRAM1;CSF1;SQSTM1;SERPINB8;KYNU;TANK;B4GALT5;LITAF;PHLDA2;ZC3H12A;PTPRE;EHD1;CFLAR;DUSP4;TNIP1;ATF3;BCL3;PDLIM5;RHOB;PANX1;SDC4;TRIP10;KLF10;CEBPD;G0S2;FOSL2;RELA;ZFP36;PLAUR;CDKN1A;NFIL3;CXCL2;TAP1;TRAF1;MCL1;BTG3;KLF9;PER1;SPHK1;TNIP2;SMAD3;TUBB2A;TNF;MAFF;IFIT2;GFPT2;PNRC1;TIPARP;TGIF1;TNFRSF9;DUSP2;B4GALT1;PDE4B;AREG,age_changes_CD4_memory_02202026
Inflammatory Response,0.001968647466277798,0.42776914589623877,1.7584748628140343,CD70;CCL5;RIPK2;IL15;TNFRSF1B;PROK2;IL10RA;IL15RA;NOD2;ACVR2A;SLC4A4;IL2RB;IL18RAP;PTGER2;TAPBP;ICAM1;TLR3;CSF1;IL18R1;C3AR1;TIMP1;TPBG;FPR1;SRI;BST2;GPR132;PTPRE;KIF1B;CSF3R;KCNA3;SCN1B;CMKLR1;BEST1;CD40;PIK3R5;GNA15;LY6E;CXCL8;RELA;PLAUR;ABI1;NLRP3;CDKN1A;C5AR1;CD82;CD14;CYBB;EMP3;NMUR1;LCP2;AHR,age_changes_CD4_memory_02202026
p53 Pathway,0.003877638948728996,0.40207839148976354,1.6826198870352558,DDB2;F2R;ZNF365;CDKN2A;STOM;CASP1;FAS;PHLDA3;RHBDF2;PERP;CGRRF1;AEN;DRAM1;S100A4;TXNIP;SEC61A1;RB1;CCNG1;PTPRE;RPS27L;KIF13B;S100A10;NDRG1;DDIT4;ATF3;BAX;UPP1;CEBPA;CCND3;MDM2;TOB1;ANKRA2;HMOX1;FDXR;PMM1;ABHD4;GLS2;TCN2;SLC3A2;ISCU;CDKN1A;TAP1;RALGDS;DNTTIP2;CD82;MAPKAPK3;CCNK;CYFIP2;PPM1D;APAF1;POLH;FOXO3;SPHK1;CDKN2B,age_changes_CD4_memory_02202026
Myogenesis,0.010800218738607365,0.393020213762851,1.5785360452036505,IGFBP3;CLU;PRNP;GNAO1;SORBS3;DAPK2;BHLHE40;ITGB1;FXYD1;NCAM1;MYO1C;TPM3;FKBP1B;RB1;MYH9;FHL1;COL6A2;DMPK;CHRNA1;IGFBP7;CD36;KIFC3;PSEN2;SIRT2;CDKN1A;SH2B1;ATP6AP1;AGL;LSP1;SPHK1;WWTR1;SYNGR2;PFKM;CFD;SGCD;FOXO4;SPARC;ACSL1;SPTAN1;ADCY9;FLII,age_changes_CD4_memory_02202026
Hypoxia,0.015648223449900446,0.370479951650056,1.5313245538833296,IGFBP3;BHLHE40;ENO2;ANXA2;NR3C1;TPD52;PAM;TGFBI;S100A4;SLC2A1;PFKP;TPBG;RORA;UGP2;RRAGD;MYH9;TPST2;ERRFI1;AKAP12;GPI;NDRG1;XPNPEP1;PDGFB;DDIT4;ATF3;P4HA1;VLDLR;HSPA5;HMOX1;SDC4;PIM1;IDS;CITED2;BCL2;PGM1;SLC25A1;WSB1;FOSL2;ZFP36;PFKL;PLAUR;CDKN1A;NFIL3;STBD1;MIF,age_changes_CD4_memory_02202026
IL-6/JAK/STAT3 Signaling,0.033982605072652466,0.39557312522500065,1.4550778059462397,TNFRSF1B;FAS;IL15RA;MAP3K8;CSF1;IL7;IFNGR1;PTPN1;IL18R1;IL12RB1;CSF3R;MYD88;CD36;HMOX1;PIK3R5;PIM1;STAT1;LTBR;CD14;CCR1;CSF2RA;TNF;IL9R;LEPR;STAT3;CXCL3;PF4;IL13RA1,age_changes_CD4_memory_02202026
KRAS Signaling Up,0.04451330659861465,0.3443081710482086,1.421574913176202,IGFBP3;NAP1L2;PRDM1;CFH;TNFRSF1B;IL10RA;CDADC1;ADAM8;PCSK1N;LCP1;MAP4K1;HDAC9;CTSS;C3AR1;GALNT3;F13A1;AKAP12;WNT7A;ACE;SCN1B;CMKLR1;ITGB2;KIF5C;G0S2;PLAUR;CAB39L;TRAF1;PPBP;RABGAP1L;DUSP6;MAFB;EMP1;ENG;ETV1;HSD11B1;CSF2RA;PRELID3B;FBXO4;CXCR4;ABCB1;GFPT2;CCSER2;FGF9;FLT4;DOCK2,age_changes_CD4_memory_02202026
Myc Targets V2,0.0469061876247505,-0.47309718682459145,-1.6124346850346298,GNL3;PPAN;IPO4;NOP56;NDUFAF4;EXOSC5;BYSL;DCTPP1;MRTO4;SLC19A1;HK2;PHB;TBRG4;NOP16;SORD;SRM;CBX3;DDX18;HSPD1;HSPE1;RABEPK;TFB2M;MYC;TMEM97,age_changes_CD4_memory_02202026
Myc Targets V1,0.05439121756487027,-0.37022273468447,-1.5157895708646667,CCT2;PSMC6;APEX1;CCT5;PSMA4;SERBP1;GNL3;NME1;NOP56;HDDC2;TRIM28;COPS5;IMPDH2;EIF3J;CCT3;TYMS;POLD2;ABCE1;LSM2;RFC4;HDGF;CLNS1A;PCNA;HNRNPD;SSBP1;SYNCRIP;CTPS1;PHB;CCT4;EIF3B;CDC20;PSMA7;EIF2S2;SNRPG;NOP16;EXOSC7;NCBP2;TXNL4A;YWHAE;POLE3;SRM;MRPS18B;C1QBP;CBX3;HDAC2;VBP1;PSMA1;DDX21;PSMA2;VDAC1;SET;TARDBP;DDX18;RAD23B;HSPD1;GSPT1;PSMC4;HSPE1;SMARCC1;MCM7;SSB;MYC;EIF2S1;NHP2;SNRPD3;SRSF3;UBE2E1;PRPF31;TCP1;PRDX3;PCBP1;HNRNPA2B1;RPS10;PSMD8;NAP1L1,age_changes_CD4_memory_02202026
Bile Acid Metabolism,0.06808239154210718,0.3642858901413939,1.3669129416458925,NR3C2;ABCA2;NPC1;OPTN;ACSL5;ATXN1;SCP2;CYP27A1;PEX16;CH25H;FDXR;HSD17B11;GCLM;GSTK1;PHYH;APOA1;CYP46A1;PAOX;ABCD2;SLC29A1;RETSAT;PFKM;AQP9;ALDH1A1;RXRA;LONP2;ACSL1;PEX7;DHCR24;FADS2;GNMT;PEX19;ABCA5;ALDH9A1,age_changes_CD4_memory_02202026
mTORC1 Signaling,0.07036091870215093,0.31816851354051046,1.3521382041814975,HSP90B1;BHLHE40;SKAP2;ELOVL6;FGL2;SYTL2;XBP1;CANX;SLC2A1;SQSTM1;SLC7A5;TBK1;GGA2;CCNG1;SLC1A4;SSR1;SLA;GPI;PSMD12;HSPA9;DDIT4;P4HA1;CALR;RPN1;UFM1;UCHL5;ITGB2;VLDLR;CTSC;HSPA5;M6PR;FDXR;PGM1;SLC9A3R1;PFKL;CDKN1A;NFIL3;ARPC5L;ELOVL5;SLC1A5;TUBA4A;GMPS;CYP51A1;PSME3;ACLY;ALDOA;G6PD;GSK3B;YKT6;ADIPOR2;PSMD14;EGLN3;TPI1;ME1;CXCR4;MCM2;ETF1;TCEA1;NUP205;UNG;ACSL3;DHCR24;MTHFD2;NUFIP1;FADS2,age_changes_CD4_memory_02202026
Unfolded Protein Response,0.07382427998541743,0.35176042770408805,1.353592370176144,HSP90B1;XBP1;ERN1;WIPI1;YWHAZ;SLC7A5;HYOU1;HERPUD1;PDIA6;SLC1A4;SRPRA;SSR1;DCTN1;DCP1A;EXOC2;HSPA9;DNAJC3;DDIT4;ATF3;CALR;HSPA5;XPOT;EXOSC9;SPCS3;ALDH18A1;DNAJB9;SHC1;EIF4G1;EXOSC10;EEF2;PARN;TUBB2A;MTREX,age_changes_CD4_memory_02202026
heme Metabolism,0.0792639637738166,0.31948799455200566,1.329759308366913,NR3C1;CAST;MGST3;GDE1;DMTN;SLC2A1;OPTN;FBXO7;KAT2B;ENDOD1;KHNYN;RIOK3;PRDX2;LRP10;AGPAT4;BSG;PICALM;NFE2L1;CCND3;TENT5C;HTATIP2;EIF2AK1;LAMP2;MKRN1;ADIPOR1;ARHGEF12;MFHAS1;GCLM;VEZF1;TMCC2;ARL2BP;FN3K;SLC10A3;SLC25A38;TRAK2;RNF19A;GMPS;BLVRA;CDC27;RAD23A;FOXO3;E2F2;PDZK1IP1,age_changes_CD4_memory_02202026
Apical Junction,0.08227305869485964,0.3239134781339627,1.3200324562906824,ACTN4;SORBS3;SKAP2;ITGB1;CTNNA1;ICAM1;TGFBI;VCAN;SGCE;VCL;CD99;ADAM15;MAPK13;MSN;MYH9;ZYX;AMIGO2;ADAM23;BMP1;ADAM9;NF1;NECTIN3;EXOC4;IKBKG;NF2;TAOK2;TRAF1;SHC1;SYMPK;GTF2F1;MPP5;PIK3CB;VASP;SIRPA;AKT3,age_changes_CD4_memory_02202026
UV Response Dn,0.08382375917920941,0.330793233359636,1.3134767991956615,TGFBR3;BHLHE40;SFMBT1;ANXA2;ACVR2A;NR3C1;ANXA4;INPP4B;SYNE1;BMPR1A;ATXN1;SRI;PRKCE;PIAS3;ATP2B4;KALRN;PTPRM;VLDLR;PDLIM5;NR1D2;CITED2;NOTCH2;SCN8A;SCAF8,age_changes_CD4_memory_02202026
Notch Signaling,0.08962075848303394,-0.4547630756252227,-1.3679943442357485,DTX1;MAML2;HES1;LFNG;DLL1;RBX1;NOTCH1,age_changes_CD4_memory_02202026
KRAS Signaling Dn,0.09015302727877579,-0.37054779613523703,-1.4198372724031705,CHST2;LYPD3;EDAR;CCDC106;TCL1A;LFNG;ZBTB16;STAG3;IFI44L;MX1;KCNMB1;SKIL;PDE6B;PLAG1;RSAD2;SNN;BARD1,age_changes_CD4_memory_02202026
Cholesterol Homeostasis,0.0915719351738309,0.3612451067055852,1.2974336716157941,CLU;ANTXR2;LGALS3;ANXA5;ABCA2;LSS;FBXO6;ALCAM;ERRFI1;CXCL16;ATF3;CTNNB1;SREBF2;GUSB;PLAUR;NFIL3,age_changes_CD4_memory_02202026
Glycolysis,0.09415270490893818,0.3081264927236081,1.2881748202295993,IGFBP3;ENO2;PAM;TGFBI;VCAN;PFKP;CHST12;TPBG;UGP2;RRAGD;AK3;PYGL;NOL3;PLOD1;B3GAT1;GFPT1;DDIT4;P4HA1;ECD;ANG;ARPP19;CHPF2;VLDLR;QSOX1;HSPA5;CITED2;TXN;GUSB;MIF;GOT2;AGL;ALDOA;PGAM1;G6PD;EXT2;PRPS1;GNE;DSC2;PHKA2;EGLN3;FAM162A;TPI1;ME1;CXCR4,age_changes_CD4_memory_02202026
TGF-beta Signaling,0.0968063872255489,-0.4218438309824043,-1.3821586816637124,NOG;ID3;PMEPA1;SPTBN1;SMURF2;SKIL;HIPK2;IFNGR2;TRIM33;FKBP1A;FNTA;CDK9;ACVR1;SMAD1,age_changes_CD4_memory_02202026
Oxidative Phosphorylation,0.10903193612774452,-0.32282290130763186,-1.3262767067674803,TIMM8B;TIMM13;MTX2;ATP5F1C;SLC25A5;FXN;NDUFS2;PDHB;SUCLG1;ECH1;BDH2;DECR1;UQCRC2;ETFB;NDUFB3;MRPL15;ACADM;NDUFB5;SDHD;NDUFA7;SLC25A11;CYB5A;MDH1;TIMM9;MRPS11;ATP6V1D;NDUFA2;ATP5PF;LDHB;ATP5MC3;NDUFC2;NDUFA9;UQCRH;ATP5MF;NDUFB1;NDUFS4;VDAC1;ATP5PO;NDUFA8;MRPL35;NDUFS6;NDUFB8;VDAC2;ECI1;FH;ATP5MC1;AIFM1;COX7B;PMPCA;ETFDH;NDUFB4;ATP5ME;ALDH6A1;NDUFB6;UQCR10;HTRA2;MTRF1;TOMM22;ETFA;PRDX3;NDUFB2;ECHS1;MRPL34;MRPS22;ALAS1;TIMM17A;COX7A2L;IDH3B;NDUFAB1;PDHA1;ATP5PD;TIMM10;HADHB;SDHB;COX6C;SLC25A3;UQCRQ;ATP5F1A;MRPS15;ATP5F1B;ATP5F1E;SLC25A6;CYC1;NDUFV2;ACAT1;HSD17B10,age_changes_CD4_memory_02202026
Androgen Response,0.11565803864382064,0.3338930722557076,1.2551665095324551,CDC14B;TPD52;INPP4B;GPD1L;SEC24D;UAP1;AKAP12;ABCC4;NDRG1;PIAS1;CCND3;ADAMTS1;ABHD2;FKBP5;PDLIM5;UBE2J1;HSD17B14;LMAN1;IQGAP2;TMEM50A;PLPP1;SPCS3;ELOVL5;CDK6;DNAJB9;STEAP4,age_changes_CD4_memory_02202026
G2-M Checkpoint,0.15313123752495011,-0.30731473191730757,-1.2508402048698095,SMC4;CKS2;CASP8AP2;TACC3;STMN1;MTF2;CENPF;NASP;CCNB2;CKS1B;MAPK14;MKI67;SMC2;PRMT5;GINS2;CUL3;HNRNPD;BARD1;TOP1;SYNCRIP;BIRC5;CDC20;CTCF;KMT5A;RPA2;RBM14;CCND1;EZH2;TOP2A;UBE2S;HIRA;E2F3;TROAP;KIF23;NUP50;NDC80;DR1;CENPE;RAD23B;BUB1;TENT4A;SQLE;GSPT1;SLC12A2;SMARCC1;CHEK1;MYC;UPF1;WRN;PRPF4B;DTYMK;MT2A,age_changes_CD4_memory_02202026
Wnt-beta Catenin Signaling,0.1533361847733105,-0.3986731961491115,-1.2669143848872204,GNAI1;LEF1;TP53;TCF7;NKD1;DLL1;NOTCH1;AXIN2;HDAC2;SKP2,age_changes_CD4_memory_02202026
Estrogen Response Late,0.1536857455340868,0.29882113117047204,1.2152412058858888,PERP;DYNLT3;DNAJC1;XBP1;LSR;TJP3;SLC7A5;BATF;MAPK13;SLC2A8;SERPINA1;CACNA2D2;TPBG;SLC1A4;S100A9;ATP2B4;PRSS23;SNX10;CHPT1;ABHD2;TOB1;FKBP5;SLC22A5;CLIC3;BCL2;SLC9A3R1;ZFP36;NCOR2;MICB;ELOVL5;RAB31;AFF1;ITPK1;BTG3;JAK2,age_changes_CD4_memory_02202026
E2F Targets,0.1573519627411843,-0.30234138894835233,-1.23340174628828,SMC4;TP53;PAICS;CKS2;TACC3;STMN1;NME1;NASP;UBE2T;CCNB2;MSH2;NOP56;CKS1B;DCTPP1;MKI67;POLD2;EXOSC8;RPA3;CHEK2;PCNA;HNRNPD;BARD1;SYNCRIP;CTPS1;TBRG4;CCNE1;RFC3;BIRC5;CDC20;GINS4;PNN;CTCF;RPA2;CENPM;EZH2;TOP2A;SNRPB;UBE2S;CBX5,age_changes_CD4_memory_02202026
PI3K/AKT/mTOR  Signaling,0.16506351832636923,0.31506826013126127,1.2004475897533669,HSP90B1;PRKAR2A;ARHGDIA;SLC2A1;SQSTM1;PLCB1;TBK1;MKNK1;ARF1;CDK2;SLA;MYD88;CALR;FASLG;RPS6KA1;CAB39L;CDKN1A;IRAK4;CLTC;GSK3B;RIPK1;NOD1;YWHAB;CXCR4;MAP3K7;NCK1,age_changes_CD4_memory_02202026
Hedgehog Signaling,0.18696074857212297,0.3803483672371765,1.1793562089287122,PTCH1;ADGRG1;MYH9;L1CAM;NF1;AMOT;VLDLR;CDK6;RTN1;PML,age_changes_CD4_memory_02202026
DNA Repair,0.18817365269461078,-0.30130086144673335,-1.1942186852455736,TP53;PDE6G;ADA;GTF2H5;RALA;SAC3D1;ZWINT;POLR2H;BOLA2;NME1;IMPDH2;TYMS;PRIM1;RPA3;TAF12;NELFB;RFC4;PCNA;RBX1;POLR2G;TSG101;ERCC4;RFC3;ALYREF;RAD52;UMPS;RPA2;NCBP2;ZNRD1;ITPA;SRSF6;CSTF3;GTF3C5;POM121;GTF2H1;REV3L;TAF9;CMPK2,age_changes_CD4_memory_02202026
Adipogenesis,0.21631685849695326,0.27312967043615066,1.1545967056932402,RAB34;DHRS7;REEP5;STOM;ELOVL6;LTC4S;BAZ2A;MGST3;APLP2;IFNGR1;GPHN;TANK;CD151;RNF11;SOWAHC;RIOK3;SCP2;CD302;GPAT4;RMDN3;BCL2L13;TOB1;NDUFB7;CD36;PHYH;PGM1;SLC25A1;PFKL;SLC1A5;CMBL;DNAJB9;ACO2;ACLY;ALDOA;FAH;ADIPOR2;COX8A;RETSAT;GPX4;ME1;NDUFA5;CAVIN2;CMPK1;ALDH2;PIM3,age_changes_CD4_memory_02202026
Reactive Oxygen Species Pathway,0.24070675198310432,0.3361633435182582,1.1351125285000883,PRNP;PRDX6;PFKP;PRDX2;TXN;GCLM;CDKN2D;LSP1;G6PD;SCAF4;MBP;HHEX;GPX4;PRDX4,age_changes_CD4_memory_02202026
Fatty Acid Metabolism,0.2449325555960627,0.27841992986445707,1.1273120205283482,LGALS1;GLUL;ENO2;PCBD1;PRDX6;LTC4S;ACSL5;ACSM3;ACADVL;SERINC1;RAP1GDS1;S100A10;SUCLG2;SLC22A5;CD36;HSD17B11;G0S2;SDHA;ELOVL5;MIF;ACSL4;ACO2;DLST;BLVRA;ALDOA;CPT1A;ADIPOR2;RETSAT;ACOT2;ME1;NBN;ALDH1A1;ODC1;YWHAH;ACSL1;GABARAPL1,age_changes_CD4_memory_02202026
Estrogen Response Early,0.32870622391580473,-0.27467216435726305,-1.098903173290006,RETREG1;FAM102A;ABLIM1;RHOBTB3;FLNB;IGF1R;HES1;IL6ST;NRIP1;MINDY1;MYB;FHL2;FCMR;OPN3;BCL11B;ABAT;TGIF2;RPS6KA2;SEC14L2;SLC19A2;FKBP4;AQP3;MED13L;RBBP8;TIAM1;UNC119;INPP5F;CCND1;KDM4B;RASGRP1;SCARB1;WWC1;ADD3;IGFBP4,age_changes_CD4_memory_02202026
Apical Surface,0.43082685545611704,0.3373269702591618,1.0340618123798944,IL2RB;GATA3;CRYBG1;FLOT2;CD160;CROCC;EFNA5;PLAUR;LYN;ADIPOR2;MAL,age_changes_CD4_memory_02202026
Mitotic Spindle,0.464769827329069,0.2404866854487799,1.0100759830870074,FLNA;ACTN4;PCGF5;NEDD9;ARHGDIA;EZR;VCL;DST;DYNC1H1;PXN;KIF3B;MYH9;KIF1B;ARHGAP10;RHOT2;ARHGAP5;NF1;ARAP3;LLGL1;SUN2;PDLIM5;ARHGEF12;LATS1;PALLD;TBCD;TUBGCP6;TAOK2;ABI1;NOTCH2;CLASP1;PREX1;KIF20B;TUBA4A;PRC1;FGD4;INCENP;CDC27;KIFAP3;CLIP1;MAP3K11;ABR;KIF22;CKAP5;TUBGCP5;DOCK2;NCK1;SPTAN1;KATNB1;MAPRE1,age_changes_CD4_memory_02202026
Interferon Alpha Response,0.46955318082391545,0.26741296080110377,1.0138110222074428,RIPK2;IL15;CASP1;TXNIP;CSF1;IL7;OASL;CASP8;ADAR;BST2;CD74;NUB1;LPAR6;PSMB9;TRIM26;UBA7;LY6E;CMTR1;TAP1;IFITM3,age_changes_CD4_memory_02202026
Angiogenesis,0.5840320816624134,0.3230207571249384,0.9589406919510975,VCAN;S100A4;TIMP1;LRPAP1,age_changes_CD4_memory_02202026
Pancreas Beta Cells,0.6017499088589137,0.3478002225894882,0.9464272138019253,STXBP1;DPP4;PAK3;MAFB;AKT3;SPCS1,age_changes_CD4_memory_02202026
Xenobiotic Metabolism,0.6557601166605906,0.22432900851165966,0.920863359008356,DHRS7;FAS;PTGDS;CES1;NPC1;KYNU;AKR1C3;SSR3;PTGES3;TMBIM6;CYP27A1;UPP1;ARPP19;PDLIM5;CD36;HMOX1;PMM1;CDA;ELOVL5;SLC1A5;CYFIP2;ACO2;GSS;ABCD2;FAH;HSD11B1;RETSAT;PGD;ACSM1;MAN1A1;AQP9;ALDH2;PSMB10;GABARAPL1,age_changes_CD4_memory_02202026
Pperoxisome,0.727586493679308,-0.25214754031299236,-0.9290861847561327,CLN8;PEX6;MSH2;ECH1;SLC25A19;EPHX2;ABCD1;RDH11;PEX2;HRAS;CLN6;PRDX5;CTPS1;SLC25A17;MLYCD,age_changes_CD4_memory_02202026
UV Response Up,0.7373714110241056,-0.22689907456594272,-0.9046985667214772,IL6ST;POLR2H;CHKA;BCL2L11;E2F5;MARK2;CDC5L;KLHDC3;PPAT;WIZ;BAK1;AGO2;FKBP4;EPHX1;RFC4;AQP3;AP2S1;NAT1;PLCL1;DGAT1;CCNE1;CDC34;POLG2;PRKACA;POLE3;DDX21;RASGRP1,age_changes_CD4_memory_02202026
Spermatogenesis,0.8219275734245794,-0.22900047658167477,-0.8448648207908719,MAP7;POMC;CCNB2;NEFH;STRBP;SCG5;GMCL1;RFC4;IP6K1;TKTL1;PCSK4;CAMK4;EZH2;AGFG1;IFT88;BUB1;SLC12A2;CSNK2A2;TLE4;PIAS2;TALDO1;PGS1;ZC3H14;CDKN3;DPEP3;CHFR,age_changes_CD4_memory_02202026
IL-2/STAT5 Signaling,0.0,0.5383002424050751,2.3120533793908766,IL2RA;PTGER2;AHNAK;IL2RB;CST7;TNFRSF1B;TRAF1;SYT11;ADAM19;TNFRSF4;BHLHE40;IL18R1;ANXA4;CSF1;IL10RA;CTLA4;PRNP;ALCAM;MYO1C;GALM;TNFRSF18;SLC39A8;BATF;LRIG1;HOPX;CYFIP1;PHTF2;SERPINB6;CCR4;MUC1;IRF4;PHLDA1;RABGAP1L;COL6A1;PLPP1;SLC1A5;AHR;P4HA1;MAP3K8;XBP1;BCL2;PIM1;NFKBIZ;BCL2L1;FGL2;CTSZ;SYNGR2;RHOB;GLIPR2;NDRG1;IL1R2;RORA;PTCH1;IFNGR1;ECM1;SH3BGRL2;SNX14;GPR65;FLT3LG;KLF6;EOMES;SNX9;EMP1;CKAP4;SOCS2;TNFRSF9;MAFF;ODC1;CD86,age_changes_CD4_naive_02202026
Myc Targets V2,0.0,-0.5670098879522657,-2.080117121615444,BYSL;PHB;TMEM97;NDUFAF4;SORD;TFB2M;NOP56;SLC19A1;GNL3;MRTO4;HSPE1;DCTPP1;CBX3;PPAN;IPO4;NOP16;TBRG4;MPHOSPH10;AIMP2;RRP9;SRM;WDR43;EXOSC5;GRWD1;DDX18;RABEPK,age_changes_CD4_naive_02202026
Oxidative Phosphorylation,0.0,-0.4531560035864107,-2.038470136110707,SLC25A5;TIMM8B;TIMM13;ATP5F1C;DECR1;BDH2;ATP6V1D;PDHB;NDUFB3;MRPL15;ACADM;MRPS11;SLC25A11;NDUFA2;MTX2;ATP5MC3;IMMT;SUCLG1;ATP1B1;CYB5A;MDH1;ATP5PF;FXN;ATP5MF;ETFB;NDUFS6;ATP5MC1;TIMM10;MTRF1;VDAC1;HSD17B10;SDHD;NDUFB6;NDUFB2;NDUFA7;ECH1;UQCRH;NDUFC2;NDUFS2;COX7B;FH;NDUFA8;UQCR10;COX6C;NDUFA9;MRPS22;UQCRQ;ACAA2;PDHA1;ACAA1;ATP5ME;TIMM9;NDUFS8;TOMM22;UQCRC2;SLC25A3;IDH1;NDUFS4;SDHC;ATP5F1E;MRPS12;NDUFB1;MRPL35;ATP6V0B;AIFM1;POLR2F;ATP5F1B;MRPS15;SDHB;NDUFB4;ATP5PO;NDUFB8;SLC25A20;MRPL11;LDHB;NDUFAB1;NDUFA1;MRPL34;CYC1;COX6A1;ATP6V1F;NDUFS3;ATP5PB;TIMM17A;PRDX3;SUCLA2;COX7A2L;ATP5MG;ECHS1;IDH3B,age_changes_CD4_naive_02202026
Myc Targets V1,0.0,-0.45516751193430083,-2.0270092243054827,CCT2;MCM7;APEX1;COPS5;PCNA;PSMC6;SERBP1;PSMA4;CCT5;RFC4;PHB;SYNCRIP;NME1;POLE3;LSM2;NOP56;VDAC1;PSMA7;HDDC2;EIF3J;CCT3;GNL3;SSB;HDAC2;PSMB3;HSPE1;EXOSC7;HDGF;CBX3;TXNL4A;HNRNPA2B1;CTPS1;SNRPG;HNRNPD;PSMC4;SSBP1;ABCE1;SNRPD3;PSMB2;NHP2;POLD2;TRIM28;PSMA1;NOP16;CLNS1A;ILF2;GSPT1;SLC25A3;LSM7;SMARCC1;PSMA2;PSMD8;TFDP1;SET;PRPF31;AIMP2;RAD23B;C1QBP;IMPDH2;CDC45;CCT4;EIF3B;ERH;RUVBL2;SRSF3;PWP1;RRP9;TCP1;SRM;DDX18;NDUFAB1;CYC1;RPS10;EIF2S2;PRDX3;DDX21;PPIA;HNRNPR;PPM1G;RANBP1;PSMD3;HPRT1;EIF2S1;PCBP1;RPL22;FAM120A;SNRPB2;KPNA2;RACK1;EEF1B2;RPL6;RPS5;CDK4;EIF4A1;FBL;NOLC1;SRSF2;COX5A;RPS2;HNRNPC;ACP1,age_changes_CD4_naive_02202026
Complement,0.0,0.4701316774277088,2.045006497847031,CASP1;CFH;F5;CPQ;CCL5;ANXA5;TIMP1;GZMK;CTSH;SPOCK2;CTSS;PDGFB;LGALS3;CLU;HPCAL4;F8;PLEK;CSRP1;APOBEC3G;LRP1;DPP4;GATA3;XPNPEP1;C1R;MT3;C4BPB;ANG;DUSP6;GZMB;S100A12;VCPIP1;CPM;PIM1;LTA4H;CTSO;SERPINA1;RBSN;CTSB;PLAT;KLKB1;CASP7;ITGAM;KYNU;S100A9;PLA2G7;APOBEC3F;JAK2;DUSP5;PRKCD;CDA;GMFB;USP14;CXCL1;PSMB9;LIPA;PDP1;MMP15;ME1;CD36;RNF4;FCN1;MAFF;WAS;EHD1;L3MBTL4,age_changes_CD4_naive_02202026
Epithelial Mesenchymal Transition,0.0009501187648456057,0.4524255657622901,1.905332782554859,IGFBP3;TGFBR3;ITGB1;LGALS1;FAS;ENO2;TIMP1;IL15;SGCB;FLNA;GLIPR1;ACTA2;PFN2;IGFBP4;LRP1;PLOD3;DST;VCAN;WIPF1;VIM;LOXL1;SDC4;CADM1;QSOX1;MGP;TPM4;TGFBI;RHOB;ANPEP;ECM1;GAS1;PLOD1;THBS1;CXCL1;MAGEE1;PVR;NOTCH2;GPC1;PDGFRB,age_changes_CD4_naive_02202026
Allograft Rejection,0.001187648456057007,0.4426497310229806,1.9127857024926238,IL2RA;STAT4;IL2RB;FAS;CD40;NCF4;CCL5;TIMP1;CSF1;F2R;IL15;ACVR2A;CTSS;FLNA;CXCR3;CDKN2A;IFNG;TPD52;IL2;MAP4K1;IL12RB1;ICAM1;TAPBP;IRF4;NLRP3;CCR2;DEGS1;BCL3;KLRD1;FGR;TLR3;GZMB;PRF1;TNF;SRGN;IL7;IL12A;RIPK2;TLR6;TRAF2;SPI1;FASLG;GCNT1;IFNGR1;IL18RAP;JAK2;HCLS1;BCL10;GPR65;CCR5;CD80,age_changes_CD4_naive_02202026
Coagulation,0.0011876484560570072,0.4905389977556281,1.9382143807001297,CAPN2;CFH;CPQ;TIMP1;CTSH;PDGFB;CRIP2;CLU;F8;PLEK;CSRP1;LRP1;DPP4;APOA1;C1R;ANG;PRSS23;DUSP6;LTA4H;CTSO;SERPINA1;CTSB;PLAT;KLKB1;CFD;ANXA1;F12;THBS1;MMP15;MAFF;USP11;PROS1;F2RL2;GSN;SERPING1;SPARC;C1QA,age_changes_CD4_naive_02202026
Interferon Gamma Response,0.0011876484560570072,0.425838177269999,1.8481194969501904,ZBP1;STAT4;IL2RB;IL15RA;CASP1;FAS;CFH;CD40;CCL5;IL10RA;IL15;CASP8;PFKP;BST2;MTHFD2;ICAM1;OASL;TAPBP;IRF4;C1R;IL18BP;PTPN1;IRF5;MVP;PIM1;TRIM26;IL7;CMTR1;ARID5B;PELI1;CSF2RB;SLAMF7;FCGR1A;CMKLR1;ITGB7;CASP7;CD274;GBP6;FGL2;RIPK2;UPP1;CDKN1A;HLA-DRB1;FPR1;ZNFX1;JAK2;TRAFD1;MYD88;STAT3;PSMB9;TXNIP;OAS3;RIPK1;CD86;SECTM1;SRI;NOD1;PTPN6;SOD2;ADAR;SERPING1;LY6E;TAP1;IFITM3,age_changes_CD4_naive_02202026
IL-6/JAK/STAT3 Signaling,0.0011876484560570072,0.48749947502715285,1.866651050424229,IL2RA;IL15RA;TNFRSF1B;FAS;IL18R1;CSF1;IL12RB1;MAP3K8;PTPN1;TNF;PIM1;IL7;CSF2RB;HMOX1;CSF3R;IL1R2;IFNGR1;MYD88;LTBR;STAT3;CXCL1;IL13RA1;CD36;IL9R;PDGFC;CCR1;IL1R1;TLR2;CD14;HAX1,age_changes_CD4_naive_02202026
Inflammatory Response,0.003035101609923463,0.40890091197256045,1.7563381330622192,PTGER2;IL2RB;IL15RA;TNFRSF1B;CD40;CD70;IL18R1;CCL5;TIMP1;CSF1;IL10RA;IL15;ACVR2A;NOD2;BST2;GNA15;ICAM1;TAPBP;CD82;GPR183;AHR;BEST1;NLRP3;TLR3;SLAMF1;KCNA3;LTA;TPBG;AQP9;OSM;PROK2;CMKLR1;RIPK2;SLC7A1;CDKN1A;CSF3R;RELA;FPR1;IL18RAP;LAMP3;KLF6;ICAM4;C3AR1;PVR;C5AR1;TNFRSF9;IL1R1;SRI;CXCR6;CYBB;TLR2;CD14;P2RY2;LY6E;MEFV;NMUR1;CXCL8;CCL20,age_changes_CD4_naive_02202026
TNF-alpha Signaling via NF-kB,0.003266033254156769,0.4064103632144242,1.7604472902465713,IL15RA;TRAF1;BHLHE40;CCL5;CSF1;BCL2A1;CLCF1;DRAM1;SLC16A6;MSC;PLEK;ICAM1;SERPINB8;SMAD3;PHLDA1;ZC3H12A;GPR183;PHLDA2;MAP3K8;SQSTM1;BCL3;RELB;SDC4;TNIP1;F2RL1;TNF;DUSP4;KLF9;RIPK2;RHOB;CFLAR;KYNU;CDKN1A;ZFP36;RELA;TANK;DUSP5;CEBPD;NFKBIE;CD80;CXCL1;KLF6;ATF3;BIRC3;TNFRSF9;MAFF;EHD1;TLR2;SOD2;G0S2;TAP1;CCL20;PANX1;NFKB2;CD69;TIPARP;FOSL2;SOCS3;MCL1;IFIT2;PLAUR;CCL2;CCL4;TNIP2;DUSP1;TNFAIP6,age_changes_CD4_naive_02202026
Myogenesis,0.004750593824228029,0.397098350525962,1.7016399642585058,IGFBP3;FXYD1;ITGB1;BHLHE40;SORBS3;PRNP;MYO1C;GNAO1;CLU;FHL1;TNNC1;PSEN2;CHRNA1;MAPRE3;PFKM;TNNC2;TPM3;SORBS1;SYNGR2;CDKN1A;GAA;PDLIM7;CFD;DAPK2;KIFC3;CNN3;PDE4DIP;ATP6AP1;SH2B1;NCAM1;AGL;CD36;RYR1;RB1;DMPK;MRAS;NAV2;GSN;ITGB5;FLII;MYH9;SPARC;PLXNB2;LPIN1;SPTAN1;WWTR1;LAMA2,age_changes_CD4_naive_02202026
Apoptosis,0.006046210321744764,0.39546719296832133,1.6675276063534339,TGFBR3;CASP1;FAS;ENO2;TIMP1;F2R;KRT18;LGALS3;CASP8;CLU;LMNA;TSPO;GNA15;PSEN2;PEA15;SQSTM1;PRF1;TNF;CASP6;PLAT;HMOX1;BCL2L1;CASP7;FEZ1;CDKN1B;RHOB;CFLAR;CDKN1A;RELA;FASLG;IFNGR1;ANXA1;BCL10;RETSAT;ATF3;TXNIP;BIRC3;EMP1;MADD;PDGFRB;CDC25B;BIK;GSN;SOD2;CD14;HMGB2;TAP1;IFITM3;SPTAN1,age_changes_CD4_naive_02202026
p53 Pathway,0.009592545221998903,0.3721268617183489,1.5980243131891443,S100A4;STOM;CASP1;FAS;GLS2;ZBTB16;F2R;CGRRF1;DDB2;ZNF365;PERP;EPS8L2;DRAM1;CDKN2A;TCN2;PHLDA3;AEN;CD82;RHBDF2;CCNG1;S100A10;MAPKAPK3;DDIT4;ABHD4;CDKN2B;SEC61A1;PMM1;VWA5A;HMOX1;UPP1;CTSF;CDKN1A;NDRG1;TRAFD1;XPC;RPS27L;RETSAT;ATF3;TXNIP;ANKRA2;RB1;SESN1;PRKAB1;SLC3A2;WWP1;KIF13B;PLXNB2;TAP1;MDM2;CEBPA;CDK5R1;POLH;FAM162A;ELP1;TOB1,age_changes_CD4_naive_02202026
UV Response Dn,0.009897070467141725,0.3968363238337734,1.6025044065717733,SFMBT1;TGFBR3;KALRN;ANXA2;BMPR1A;INPP4B;BHLHE40;ANXA4;ACVR2A;ATXN1;MT1E;SMAD3;ATP2B4;PIAS3;CDKN1B;SLC7A1;ABCC1;ICA1;PTPRM;GCNT1;MAGI2,age_changes_CD4_naive_02202026
Hypoxia,0.014251781472684084,0.3606235054189099,1.547489280172921,IGFBP3;S100A4;ANXA2;BHLHE40;ENO2;PAM;PDGFB;TPD52;AKAP12;PFKP;MT1E;XPNPEP1;CAVIN1;P4HA1;UGP2;DDIT4;SDC4;BCL2;PIM1;TPBG;CASP6;HMOX1;CDKN1B;IDS;TGFBI;ERRFI1;CDKN1A;SLC25A1;NDRG1;ZFP36;RORA;GAA;CITED2;NEDD4L;FBP1;KIF5A;ERO1A;KLF6;ATF3;TPI1;PFKL;GPC1;MAFF;TMEM45A;GPI;ALDOA;MYH9;MIF;CAVIN3,age_changes_CD4_naive_02202026
DNA Repair,0.01785660694456949,-0.3613465869034507,-1.547683137839041,ADA;PDE6G;GTF2H5;POLR2H;TP53;SAC3D1;PCNA;BOLA2;TAF12;POLR2G;STX3;RFC4;NUDT9;NME1;RALA;RAE1;ZWINT;MPC2;PDE4B;ZNRD1;GTF3C5;RPA2;ITPA;RBX1;CSTF3;UPF3B;CETN2;DGCR8;TSG101;UMPS;VPS37D;POLR2K;ALYREF;RPA3;IMPDH2;POLR2F;SRSF6;ERCC4;DAD1;ELOA;NELFCD;APRT;NELFB;TAF10;RFC3,age_changes_CD4_naive_02202026
KRAS Signaling Up,0.018482779097387173,0.36010271030333024,1.5147290406366647,PRDM1;IGFBP3;NAP1L2;TNFRSF1B;TRAF1;ADAM8;CFH;PCSK1N;IL10RA;KIF5C;CTSS;ACE;FLT4;AKAP12;MAP4K1;AMMECR1;RABGAP1L;WNT7A;PDCD1LG2;DUSP6;F2RL1;CDADC1;VWA5A;PLAT;CMKLR1;LCP1;FGF9;F13A1;ERO1A;BIRC3;C3AR1;EMP1;EVI5;TLR8;PRELID3B;TMEM176A;PPBP;G0S2;FBXO4;TMEM176B;MALL;CCL20;ITGA2;ENG,age_changes_CD4_naive_02202026
Protein Secretion,0.01914209864468353,0.3854166531263927,1.504354503326019,CD63;PAM;KRT18;TPD52;RAB9A;ANP32E;GALC;DST;VAMP3;M6PR;STAM;ICA1;STX12;SEC24D;TMED10;ARFIP1;TMED2;ATP1A1;AP2B1;RAB14;SEC31A;ARF1;LMAN1;VPS45,age_changes_CD4_naive_02202026
Bile Acid Metabolism,0.019398258115597786,0.388539016392337,1.516281566138599,OPTN;ATXN1;ACSL5;ABCA2;SLC27A2;NR3C2;PEX16;NPC1;APOA1;GSTK1;ABCD2;LIPE;ABCA3;GCLM;NR1I2;AQP9;PFKM;CYP27A1;ABCA6;HSD17B11;CH25H;RETSAT;PIPOX,age_changes_CD4_naive_02202026
Notch Signaling,0.019744305392995407,-0.4800735821284085,-1.5548861464339172,TCF7L2;LFNG;ST3GAL6;HES1;NOTCH1;ARRB1;FZD1;RBX1;MAML2;DTX1;SAP30;DTX4,age_changes_CD4_naive_02202026
G2-M Checkpoint,0.023067820807984668,-0.34336921081771177,-1.5109401968348688,SMC4;STMN1;CDKN2C;CENPF;SMC2;NASP;MTF2;DR1;BARD1;SYNCRIP;GINS2;TOP1;CKS2;SQLE;CBX1;MAPK14;FANCC;SMC1A;WRN;RPA2;E2F3;CTCF;HNRNPD;ATF5;CKS1B;HIRA;EZH2;CCNB2;CENPE;GSPT1;CUL3;SMARCC1;TFDP1;MARCKS;DTYMK;CDKN3;RAD23B;CDC45;RBM14;SAP30;MKI67;AURKA;NCL;PRPF4B;UBE2S;SLC12A2;LBR;MYBL2;HMGN2;FOXN3;TENT4A;PAFAH1B1;CHAF1A;SFPQ;CCND1;ABL1;STAG1;FBXO5;ORC6;TACC3;PDS5B;UPF1;E2F4;KPNA2;UBE2C;MAP3K20,age_changes_CD4_naive_02202026
Estrogen Response Late,0.023884930060702036,0.34545418308308085,1.4760563603258732,LSR;TJP3;PERP;DYNLT3;BATF;MICB;IGFBP4;TNNC1;SLC27A2;ELOVL5;FABP5;ABHD2;DNAJC1;ATP2B4;PRSS23;ABCA3;XBP1;BCL2;TPBG;MAPT;SERPINA1;PTGES;CHPT1;NBL1;PKP3;MAPK13;UNC13B;SLC1A4;S100A9;ZFP36;ALDH3B1;JAK2;SLC2A8,age_changes_CD4_naive_02202026
TGF-beta Signaling,0.024297740163860628,-0.43916193858234087,-1.559085866074876,NOG;PMEPA1;ID3;ID2;SMAD1;SMAD7;SKIL;TGFBR1;BMPR2;HIPK2;FKBP1A;SMURF2;SPTBN1;TRIM33;XIAP;SKI;FURIN,age_changes_CD4_naive_02202026
Angiogenesis,0.02537817227153394,0.47701822827917034,1.4626579749497945,S100A4;TIMP1;FGFR1;VCAN,age_changes_CD4_naive_02202026
Wnt-beta Catenin Signaling,0.02601962726208697,-0.4355356372346131,-1.4796293746904003,GNAI1;NKD1;SKP2;TP53;TCF7;LEF1;NOTCH1;FZD1;HDAC2,age_changes_CD4_naive_02202026
Estrogen Response Early,0.04382422802850356,0.32859763497357836,1.403771016208274,SH3BP5;BHLHE40;TJP3;MYBL1;KRT18;DYNLT3;LRIG1;MICB;ASB13;IGFBP4;SLC27A2;ELOVL5;ENDOD1;MUC1;RHOD;ABHD2;SNX24;NADSYN1;PRSS23;ABCA3;XBP1;BCL2;SLC37A1;TPBG;MAPT;PTGES;CHPT1;NBL1;UGCG;SLC1A4;GAB2;ALDH3B1;JAK2;AQP3;ISG20L2;ELF1;FDFT1,age_changes_CD4_naive_02202026
Androgen Response,0.04942879764732496,0.3535739656486969,1.3867351051097456,INPP4B;CDC14B;MAF;TPD52;HSD17B14;GPD1L;AKAP12;ELOVL5;ABHD2;PLPP1;STEAP4;ARID5B;NKX3-1;IQGAP2;NDRG1;DNAJB9;PIAS1;SEC24D;MERTK;SMS,age_changes_CD4_naive_02202026
E2F Targets,0.05739623660754479,-0.31162552423994494,-1.3810569561760062,SMC4;STMN1;MSH2;CDKN2C;MCM7;TP53;NASP;PCNA;BARD1;UBE2T;SYNCRIP;GINS3;CKS2;NME1;SMC1A;NOP56;PAICS;RPA2;DCTPP1;SNRPB;CTPS1;CTCF;HNRNPD;CKS1B;LUC7L3;EZH2;POLD2;EXOSC8;PPP1R8;CCNB2;CENPE;GSPT1;RAD51C;NAA38;TBRG4;RPA3;ING3;CDKN3;MKI67;AURKA;TUBG1;UBE2S;SMC6;POP7;TIPIN;LBR;MYBL2;RFC3;RFC1;PNN;SMC3;RANBP1;STAG1;EIF2S1;PSMC3IP;ORC6;RAD51AP1;MRE11;RRM2;TACC3;CCNE1;PDS5B;BUB1B;KPNA2;DONSON;ASF1B;TRIP13;NUP107;HMGA1;CDK4;NOLC1;SRSF2;CHEK2;CCP110,age_changes_CD4_naive_02202026
Xenobiotic Metabolism,0.07633340531202765,0.3150116626518331,1.3299990520902472,DHRS7;FAS;CES1;ACSM1;IGFBP4;ELOVL5;PTGES3;NPC1;ABCD2;PTGDS;MPP2;SLC1A5;CDO1;PMM1;CASP6;SPINT2;AQP9;CYP27A1;PTGES;HMOX1;GSS;UPP1;KYNU;ACO2;TPST1;AP4B1;CDA;FBP1;RETSAT;TMBIM6;CCL25;HES6;VNN1;CD36;IL1R1;PEMT;PROS1;SSR3;TMEM176B;SLC46A3;NDRG2;ARG1;GNMT;SLC6A6;ACOX1;ABCC3;PGD;ALDH2;SLC6A12;CYP2E1;PSMB10;HSD11B1;TGFB2;PPARD;CYP17A1;PGRMC1;CYP2S1;DHRS1,age_changes_CD4_naive_02202026
Fatty Acid Metabolism,0.08014045233915108,0.3151569971327326,1.318819926313793,PCBD1;LGALS1;LTC4S;BLVRA;ENO2;PRDX6;CBR3;YWHAH;ACSL5;ELOVL5;S100A10;DLST;GLUL;ACSM3;RAP1GDS1;SDHA;SERINC1;CPT1A;CPT2;ACO2;SUCLG2;IL4I1;HSD17B11;SMS;RETSAT;SLC22A5;ACADVL;ME1;VNN1;CD36;ODC1;ALDH1A1;ALDOA;INMT;G0S2;MIF,age_changes_CD4_naive_02202026
Pancreas Beta Cells,0.1336104513064133,0.4500345098469726,1.2468505821360745,STXBP1;PAK3;DPP4,age_changes_CD4_naive_02202026
Adipogenesis,0.20209026128266033,0.27289543066209837,1.184430498854756,DHRS7;LTC4S;STOM;APLP2;RAB34;REEP5;BAZ2A;SOWAHC;NABP1;CAVIN1;BCL2L13;SLC1A5;GPAT4;SULT1A1;LIPE;ELOVL6;CD151;CD302;YWHAG;GPHN;MGST3;SORBS1;SLC25A1;TANK;DNAJB9;CPT2;ACO2;IFNGR1;RMDN3;PHLDB1;RETSAT;PFKL;RNF11;RIOK3;ME1;CD36;CHCHD10;UBQLN1;MCCC1;PEMT;GRPEL1;CAVIN2,age_changes_CD4_naive_02202026
mTORC1 Signaling,0.21080072354043725,-0.2684287379010843,-1.1937354323495812,PHGDH;CD9;ATP6V1D;PSMD13;GLRX;COPS5;MTHFD2L;PSMC6;MLLT11;RDH11;PSMA4;SCD;IMMT;TMEM97;EEF1E1;SQLE;SORD;ATP5MC1;LGMN;TUBA4A;PSMB5;ABCF2;SYTL2;PSMA3;HSPE1;TM7SF2;PSPH;HMBS;GOT1;PSMC4;PIK3R3;CORO1A;CTSC;RIT1;PDK1;IDH1,age_changes_CD4_naive_02202026
UV Response Up,0.21573332132889167,-0.2798836058629134,-1.2037520921316813,ABCB1;AP2S1;POLR2H;KLHDC3;CDC5L;RFC4;IGFBP2;CASP3;E2F5;POLE3;FKBP4;RASGRP1;MARK2;TUBA4A;PRKACA;CHKA;PSMC3;DNAJA1;PLCL1;WIZ;BCL2L11;CDC34;BID;POLG2;ACAA1;BAK1;IL6ST;HYAL2;DGAT1;CA2;GGH;NAT1;FURIN;ARRB2;EPHX1;NR4A1;UROD;AGO2;PDAP1;ATP6V1F;CDKN1C,age_changes_CD4_naive_02202026
Cholesterol Homeostasis,0.2231865521651745,0.3063678217705488,1.1635658143455352,ANXA5;ALCAM;LGALS3;CLU;ABCA2;ACSS2;FABP5;SREBF2;LSS;S100A11;ERRFI1;ANTXR2;CXCL16;FDFT1;ATF3,age_changes_CD4_naive_02202026
Interferon Alpha Response,0.22503738893287584,0.2961029721007019,1.1560985800217132,CASP1;CSF1;IL15;CASP8;LPAR6;BST2;UBA7;OASL;MOV10;TRIM26;IL7;CMTR1;RIPK2;TRAFD1;ELF1;LAMP3;PSMB9;TXNIP;TMEM140;GBP2;ADAR;LY6E;TAP1;IFITM3,age_changes_CD4_naive_02202026
KRAS Signaling Dn,0.2459109870652141,-0.27730535001436235,-1.1603389929947023,CHST2;TCL1A;CAMK1D;LFNG;BARD1;SPHK2;RSAD2;IGFBP2;CCDC106;SKIL;CD40LG;EDAR;STAG3;GTF3C5;ARPP21;IFI44L,age_changes_CD4_naive_02202026
Apical Surface,0.2695961995249406,0.3472322435675519,1.123722984157023,IL2RB;CRYBG1;GATA3;FLOT2;CROCC;GAS1;GSTM3;MAL;PLAUR;LYN;MDGA1;APP;EPHB4;AFAP1L2,age_changes_CD4_naive_02202026
Reactive Oxygen Species Pathway,0.27469159451383035,0.315949526325371,1.1040913733912612,PRNP;PRDX6;PFKP;PRDX2;GCLM;PRDX4;ABCC1;MBP;SRXN1;SOD2;G6PD;FES;MPO;GPX4,age_changes_CD4_naive_02202026
heme Metabolism,0.2810631501351462,0.2561354158262953,1.1113586882134547,BLVRA;CAST;FN3K;OPTN;DMTN;TRAK2;TSPAN5;FBXO7;ACSL6;ENDOD1;LRP10;OSBP2;TENT5C;PRDX2;MKRN1;GCLM;HTATIP2;KAT2B;CTSB;MGST3;NFE2L1;ASNS,age_changes_CD4_naive_02202026
Apical Junction,0.28380839271575614,0.2616989264675912,1.1041236640301493,ITGB1;TRAF1;SORBS3;ACTN4;CTNNA1;CRB3;VCL;YWHAH;ICAM1;PARVA;LIMA1;VCAN;ADAM15;CD99;GTF2F1;DSC1;NECTIN2;CD274;MAPK13;TGFBI;ZYX;SIRPA;MPP5,age_changes_CD4_naive_02202026
Mitotic Spindle,0.28968910804690046,-0.2513551575399579,-1.1224078017804981,SMC4;FLNB;CENPF;EPB41L2;SAC3D1;RALBP1;TRIO;KPTN;PPP4R2;STK38L;EPB41;WASF1;SMC1A;PCNT;ITSN1;TUBA4A;CCDC88A;CD2AP;SPTBN1;SSH2;ARHGEF7;BCL2L11;SASS6;CCNB2;CENPE;RASA2;WASF2;MARCKS;CENPJ;RABGAP1;AURKA;UXT;RAPGEF6;CYTH2;CAPZB;RANBP9;DLG1;PCM1;RFC1;CDK5RAP2;TUBGCP2;CLIP2;PAFAH1B1;NCK2;FGD6;ARFGEF1;SMC3;NEDD9;ABL1;CDC42;FBXO5;MARK4;ROCK1;BCR;NET1;APC;NIN;WASL;RICTOR;MYH10;MYO1E,age_changes_CD4_naive_02202026
Pperoxisome,0.41172233726478796,-0.2604480547970606,-1.0531521571982307,ABCB1;MSH2;SLC25A19;ABCD3;RDH11;PEX2;CLN8;PRDX5;FDPS;FIS1;ECH1;SLC25A17;CTPS1;PEX6;CLN6;ABCC5;ACAA1;IDH1;SMARCC1;CTBP1;EPHX2;HMGCL;CAT;SIAH1,age_changes_CD4_naive_02202026
Glycolysis,0.4338999406175772,0.23617172112177534,1.0139721432217979,IGFBP3;ENO2;PAM;PFKP;EGLN3;P4HA1;VCAN;ANG;UGP2;DDIT4;ECD;TPBG;QSOX1;GNE;CASP6;AK3;GFPT1;PYGL;TGFBI;NOL3;GOT2;TPST1;PLOD1;MERTK;CITED2;DSC2;ERO1A;CHPF2;TPI1;ME1;B3GAT1;AGL;IL13RA1;GPC1;BIK;ELF3;ALDOA;HAX1;MIF,age_changes_CD4_naive_02202026
Spermatogenesis,0.5204419491830419,0.2520547228245766,0.9710093513238872,PCSK1N;MLF1;ACE;PHF7;PACRG;PRKAR2A;CCT6B;NCAPH;NPHP1;IL12RB2;IDE;GSTM3;SPATA6;PEBP1;PARP2;DMC1;DBF4;DPEP3;LPIN1;TULP2,age_changes_CD4_naive_02202026
PI3K/AKT/mTOR  Signaling,0.5518711923411662,-0.24108406904210042,-0.9855569507757187,PLCB1;LCK;CAMK4;MAP2K6;SMAD2;MAPK8;PTEN;PRKAG1;VAV3;ITPR2;PIK3R3;MKNK2;FGF22;IL2RG;RIT1;TNFRSF1A;PDK1;ARPC3;TSC2;CSNK2B;HRAS;GRK2;MAPK9;MAPK1;AP2M1,age_changes_CD4_naive_02202026
Unfolded Protein Response,0.6489601152426397,-0.2227522477031059,-0.936134978189133,BANF1;PDIA5;DCP2;DNAJA4;NOP56;LSM1;DDX10;NFYB;CNOT4;CNOT6;ATP6V0D1;YIF1A;NHP2;CKS1B;ARFGAP1;TTC37;LSM4;TATDN2;ATF4;IMP3;SRPRB;EIF4A3;IFIT1;EXOSC4;RRP9;EXOSC2,age_changes_CD4_naive_02202026
Hedgehog Signaling,0.8515350679751508,-0.26128942012615786,-0.8277517807785476,NRCAM;DPYSL2;NRP2,age_changes_CD4_naive_02202026
Oxidative Phosphorylation,0.0,-0.45129169395344204,-2.1360009206375987,ECH1;NDUFA2;NDUFB3;HSD17B10;POLR2F;NDUFA7;COX17;UQCRQ;ECHS1;NDUFB8;SLC25A11;NDUFC2;FXN;ATP5PO;ETFA;TIMM8B;NDUFS8;PDHA1;ACAT1;MRPS11;ATP5F1C;MRPL15;SUCLG1;MTX2;NDUFB1;NDUFB2;BDH2;ETFB;ATP6V0E1;ATP5PD;COX15;ATP5PF;LDHB;NDUFS6;IDH2;CYB5A;ATP5MF;SLC25A5;NDUFS7;ECI1;COX6C;NDUFA8;ATP6V1E1;TIMM13;ATP6V1D;COX8A;COX7B;CYCS;COX7A2L;SDHC;NDUFS4;SDHD;ACAA1;MRPL34;ATP5MC3;VDAC1;NDUFB4;MGST3;POR;ATP5F1E;HADHB;ATP6V1C1;PDHB;COX6B1;NDUFA6;ATP6V0B;NDUFA9;ATP5MC1;SLC25A20;MDH1;NDUFB6;HTRA2;BAX;NDUFB5;MRPL35;FDX1;SURF1;VDAC2;UQCRH;UQCR10;UQCRC2,age_changes_CD56bright_NK_02202026
Complement,0.0,0.45054643679460005,2.0343514575519124,CCL5;GZMA;GNG2;SPOCK2;GZMB;LGALS3;S100A9;FCN1;L3MBTL4;SERPINA1;S100A12;S100A13;DPP4;CBLB;RBSN;PLAUR;CLU;FYN;RAF1;PIK3R5;CTSS;CFH;VCPIP1;XPNPEP1;CASP1;DUSP6;KIF2A;PIM1;LIPA;GMFB;KYNU;CASP7;PIK3CG;SIRT6;CEBPB;CSRP1;LCP2;F8;CDK5R1;CTSH;PRDM4,age_changes_CD56bright_NK_02202026
Apoptosis,0.0012598191788943233,0.4256837968570211,1.8971868903010136,F2R;LGALS3;IFNGR1;TXNIP;TGFBR3;ANXA1;FEZ1;SAT1;CDKN1B;SOD2;BCL2L1;HMGB2;ENO2;TNF;CD69;NEDD9;ANKH;CLU;PPT1;SPTAN1;PMAIP1;BCL2L11;MCL1;CASP1;IL18;PLCB2;BNIP3L;ERBB2;PRF1;DPYD;CCND2;CASP7;HMOX1;CTNNB1;FAS;RHOT2;DNAJC3;DAP;SC5D;BIK;APP;BTG2;CCND1;SQSTM1;BCL10;IGF2R;ETF1;RETSAT;PDCD4;CD44;GCH1,age_changes_CD56bright_NK_02202026
TNF-alpha Signaling via NF-kB,0.0015747739736179042,0.4161850398457778,1.905121498478026,CCL5;CCL4;LITAF;SAT1;SOD2;MAP3K8;PTGER4;AREG;SERPINB8;CLCF1;TNF;TNFRSF9;KLF9;CD69;PLAUR;MSC;BCL2A1;MAP2K3;IFIT2;ICAM1;G0S2;ZFP36;FOSL2;MCL1;CEBPD;IL18;BIRC2;TNIP1;MXD1;KYNU;DUSP2;PER1;ZC3H12A;IL6ST;SMAD3;CEBPB;TGIF1;PTPRE;PHLDA1;RIPK2;DUSP1;PNRC1;PDLIM5;BTG2;SLC16A6;CCND1;IL15RA;SQSTM1;TNFAIP2;EGR1;CD44;GCH1,age_changes_CD56bright_NK_02202026
Angiogenesis,0.001889728768341485,0.6970047838683945,1.9624059183242504,S100A4;VCAN;CCND2;APP;FGFR1,age_changes_CD56bright_NK_02202026
Allograft Rejection,0.0020996986314905388,0.4188436422445083,1.9086173454676159,CCL5;CCL4;GZMA;GZMB;F2R;IFNGR1;CD8A;HLA-DQA1;GBP2;FLNA;HLA-DRA;STAT4;SPI1;MAP4K1;CDKN2A;TNF;HLA-E;CD8B;IRF4;CD74;CD40;TPD52;CD4;IL12RB1;CTSS;ICAM1;EIF3D;HCLS1;CCR5;TAPBP;HLA-DMA;IL18;IL2RB;HLA-DOA;PRF1;CCND2;STAT1;FCGR2B;FAS;ZAP70;LCP2;HDAC9;GCNT1;RIPK2;TLR6;GPR65;TLR1;ITGAL;IGSF6;SIT1;GLMN;BCL10;APBB1;CCND3;CD28;SOCS1;WAS;IL16;CCR2;NCK1;MAP3K7,age_changes_CD56bright_NK_02202026
Coagulation,0.006771528086556988,0.44391419147853123,1.7360937080928844,CAPN2;PRSS23;ANXA1;SERPINA1;S100A13;DPP4;CFD;CLU;FYN;CFH;SIRT2;DUSP6;PECAM1;USP11;CSRP1;WDR1;F8;CTSH;GNB2;CPQ;LRP1;PREP;CTSB;BMP1;C1R;TIMP1;C8G;SH2B2;SPARC;APOA1;ADAM9;P2RY1;ISCU;MMP9;GP1BA;PDGFB;F2RL2,age_changes_CD56bright_NK_02202026
Hypoxia,0.007198966736538991,0.3866596798696047,1.7425697638419613,S100A4;BCL2;ANXA2;CDKN1B;MT1E;CITED2;MYH9;MT2A;PLIN2;RORA;ENO2;PLAUR;TKTL1;DDIT4;ALDOA;TPD52;GPI;CXCR4;TGFBI;ZFP36;FOSL2;XPNPEP1;NDRG1;PIM1;FBP1;BNIP3L;SLC6A6;MIF;PAM;SLC2A1;HMOX1;LDHA;GYS1;PGM1;IDS;DUSP1;PNRC1;PFKP;KDM3A;PDK1;SIAH2;HSPA5,age_changes_CD56bright_NK_02202026
Estrogen Response Early,0.0073489452102168855,0.40162703888070533,1.7572661540111993,BCL2;PRSS23;CLIC3;AREG;RHOBTB3;SYNGR1;ITPK1;MICB;ELOVL5;SLC22A5;DHRS3;RAB31;MYBL1;AQP3;FCMR;PMAIP1;TOB1;CLDN7;FKBP5;ABHD2;WFS1;AFF1;ISG20L2;ABLIM1;ALDH3B1;SLC16A1;IL6ST;BCL11B;SLC2A1;TGIF2;FKBP4;ABAT;SIAH2;NADSYN1;CCND1;DHCR7;XBP1;ASB13;CD44,age_changes_CD56bright_NK_02202026
Notch Signaling,0.007648183556405354,-0.5495631702730385,-1.7304980279740012,RBX1;DTX1;DLL1;LFNG;NOTCH1;MAML2;PPARD;PSENEN,age_changes_CD56bright_NK_02202026
Myc Targets V1,0.008343472970624021,-0.3679465590692731,-1.749728482952547,TXNL4A;PSMA1;PSMA4;TRIM28;PSMA2;HSPE1;NOP56;PCNA;POLD2;EIF3J;YWHAE;NME1;USP1;PSMA7;PSMB3;NHP2;RANBP1;SRSF3;KPNA2;VBP1;PSMD8;SNRPG;HNRNPD;SNRPB2;SET;PSMC4;SRM;RFC4;SMARCC1;SSB;CBX3;DDX18;SSBP1;DDX21;GNL3;NOLC1;TYMS;NAP1L1;VDAC1;HDDC2;CCT5;PCBP1;ERH;HNRNPA2B1;GSPT1;MRPL23;RPS10;MCM7;EIF2S2;SNRPD3;EIF4A1;PRPF31;IFRD1;HPRT1;EIF3B;PSMC6;AIMP2;SRSF7;COPS5;APEX1;PHB;SRSF2;FAM120A;HSPD1;CCT4;RUVBL2;CCT2;PSMB2;PGK1;SERBP1;PHB2;DUT;EIF4E;COX5A;ABCE1;ILF2;C1QBP,age_changes_CD56bright_NK_02202026
Wnt-beta Catenin Signaling,0.01095080827394403,-0.47352712451501144,-1.6673888458622517,TCF7;RBPJ;DLL1;NOTCH1;TP53;ADAM17;LEF1;PPARD,age_changes_CD56bright_NK_02202026
Interferon Alpha Response,0.011958977924561099,-0.3908721042640631,-1.6374147641799996,ISG15;IRF9;NMI;SELL;EPSTI1;IFI44L;IL4R;IRF7;LGALS3BP;USP18;SLC25A28;PARP14;PSMB8;IFI35;PSME2;RTP4;SAMD9;IFI44;PSMA3;MOV10;RSAD2;DHX58;MVB12A;LY6E;BST2;OAS1;NCOA7,age_changes_CD56bright_NK_02202026
DNA Repair,0.029086273828147633,-0.32957191800448077,-1.5221409963439745,PDE6G;GTF2H5;RBX1;ADA;POLR2F;COX17;CSTF3;PCNA;TAF10;RPA3;NME1;POLR2H;ZNRD1;DGUOK;NUDT9;UMPS;TP53;TARBP2;NELFB;GTF2A2;RFC4;POLR2G;TAF12;NELFCD;TYMS;GTF2H3;ALYREF;SMAD5;RALA;RFC5;NME3;NT5C;NUDT21,age_changes_CD56bright_NK_02202026
UV Response Dn,0.033724390327324966,0.35968586748688186,1.505381201062887,ANXA2;TGFBR3;ATXN1;INSIG1;CDKN1B;MT1E;SYNE1;TGFBR2;ANXA4;CITED2;NR1D2;FYN;PTPRM;RUNX1;BMPR1A;RASA2;ERBB2;SLC7A1;SLC22A18;PIAS3;SMAD3;SCAF8;GCNT1;DUSP1;ATP2B4;MIOS;PDLIM5,age_changes_CD56bright_NK_02202026
Epithelial Mesenchymal Transition,0.03447323389519921,0.36492201836332516,1.520647432602091,GLIPR1;COL6A2;TGFBR3;VCAN;SAT1;VIM;FLNA;AREG;WIPF1;ACTA2;ENO2;PLAUR;LGALS1;TGFBI;PPIB,age_changes_CD56bright_NK_02202026
p53 Pathway,0.03608482076690169,0.3258200416751325,1.4887325139324321,S100A4;F2R;TXNIP;SAT1;CCNG1;PERP;CDKN2A;ZBTB16;KIF13B;CTSF;DDIT4;CYFIP2;CGRRF1;TGFA;TOB1;CASP1;TSPYL2;AEN;NDRG1;MXD1;UPP1;ABHD4;GLS2;GM2A;CCND2;RPS27L;RB1;WWP1;DDB2;HMOX1;FAS;S100A10;PTPRE;CDK5R1;TAX1BP3;CEBPA;APP;IFI30;SERTAD3;ABAT;BTG2;PMM1;ERCC5;PLXNB2;CCND3;SOCS1;SEC61A1;RETSAT,age_changes_CD56bright_NK_02202026
IL-2/STAT5 Signaling,0.03632478632478632,0.3304737552363694,1.5066515749324891,PRNP;IFNGR1;BCL2;TNFRSF1B;FGL2;PTGER2;ITGA6;PRKCH;MAP3K8;ANXA4;HIPK2;CST7;PLEC;PLIN2;BCL2L1;RORA;ABCB1;TNFRSF9;IRF4;FLT3LG;DHRS3;ITGAE;GLIPR2;CKAP4;AHNAK;PHTF2;NDRG1;PIM1;IL2RB;MXD1;NFKBIZ;CCND2;CDC42SE2;AMACR;PHLDA1;GPR65;BATF;SLC1A5;SYT11;AHCY;ADAM19;GABARAPL1;IGF2R;CCND3;SOCS1;XBP1;ICOS;CD44;ST3GAL4;RGS16,age_changes_CD56bright_NK_02202026
E2F Targets,0.036751011894415334,-0.3157717658458408,-1.4706555511564536,DCTPP1;NOP56;PCNA;POLD2;RPA3;CKS2;CDKN2C;NME1;USP1;SNRPB;UBE2S;RANBP1;NASP;RPA1;KPNA2;TP53;HNRNPD;CKS1B;EZH2;WEE1;CENPM;PMS2;PAN2;NOLC1;JPT1;PAICS;NAP1L1;SMC4;GSPT1;NUDT21;HELLS;MMS22L;MCM7;TBRG4;RAD51C;DNMT1;BRCA2;POLE;PNN;MCM3;UBE2T;TIPIN;LUC7L3;MLH1;CBX5;TOP2A;RPA2;DDX39A;PDS5B;SRSF2;AK2;PRKDC;DCK;NAA38,age_changes_CD56bright_NK_02202026
Interferon Gamma Response,0.03792055728471913,0.32930844589788705,1.5209622796606312,CCL5;GZMA;HLA-DQA1;TXNIP;FGL2;HLA-DRB1;SOD2;STAT4;SLAMF7;MT2A;IFIT3;IL18BP;ZBP1;FPR1;CD69;IRF4;IRF5;CD74;CD40;CFH;MVP;IFIT2;ICAM1;PTPN1;TAPBP;CASP1;HLA-DMA;PIM1;NUP93;ADAR;IL2RB;PELI1;ZNFX1;NLRC5;UPP1;CASP7;STAT1;TRIM21;FAS;LCP2;TRIM26;CMKLR1;RIPK2;IFI30;PFKP,age_changes_CD56bright_NK_02202026
Estrogen Response Late,0.0412940730859806,0.3464862899905158,1.5235209036388944,BCL2;PRSS23;S100A9;MAPK13;PERP;CLIC3;SERPINA1;AREG;ITPK1;MICB;ELOVL5;SLC22A5;RAB31;DLG5;SLC2A8;ZFP36;TOB1;FKBP5;ABHD2;WFS1;DUSP2;AFF1;ALDH3B1;SLC16A1;IL6ST;SORD;BATF;FKBP4;ATP2B4;SIAH2;PLK4;CCND1;DHCR7;XBP1;PDCD4;CD44,age_changes_CD56bright_NK_02202026
Apical Junction,0.07315350032113038,0.3168645477629683,1.4002173331279806,VCAN;INSIG1;VCL;MAPK13;MYH9;CD99;PIK3CB;ZYX;PLCG1;ICAM1;ADAM15;TGFBI;CNN2;PECAM1;CLDN7;WASL;SORBS3;MVD;CTNNA1;ARHGEF6;MSN;NECTIN3;NRTN;CRAT;NF1;CAP1;MYL9;VASP;CERCAM;TAOK2;EXOC4;MYH10;CTNND1;RRAS;LAYN;ACTN4;MADCAM1;EPB41L2;NEXN;BMP1;SKAP2;PIK3R3;ADAM9;ITGA3;TSC1;GTF2F1;CD86;AKT2;LIMA1;MMP9;NEGR1;SPEG,age_changes_CD56bright_NK_02202026
heme Metabolism,0.07768884936514994,0.3029827796365102,1.3679500897845187,CAST;HBB;TFDP2;PRDX2;TSPAN5;MKRN1;ISCA1;FOXJ2;MAP2K3;AQP3;ARL2BP;TENT5C;GYPC;DMTN;DCAF11;ADIPOR1;EZH1;PIGQ;BSG;LRP10;BNIP3L;NFE2;SDCBP;FBXO7;KHNYN;SLC2A1;GCLM;EPOR;NUDT4;BTG2;BLVRA;EIF2AK1;NFE2L1;BACH1;CCND3;ALDH6A1;CTNS;RIOK3;SNCA;OPTN;CTSB;ATP6V0A1;SEC14L1;TMEM9B;KDM7A;ENDOD1;CLCN3;SLC25A37;PSMD9;MOSPD1;SPTB;CDC27;TMCC2;LPIN2;TCEA1,age_changes_CD56bright_NK_02202026
IL-6/JAK/STAT3 Signaling,0.07818752779012894,0.3523536311550967,1.3837933170476444,IFNGR1;TNFRSF1B;MAP3K8;TNFRSF1A;ITGA4;TNF;CSF3R;IL12RB1;PIK3R5;PTPN1;PIM1;STAT1;IL6ST;HMOX1;FAS;LTBR;CD36;STAT3;IL15RA;SOCS1;IL13RA1;CD44,age_changes_CD56bright_NK_02202026
Reactive Oxygen Species Pathway,0.08174003260708464,0.3732091588012981,1.3686027738981812,PRNP;PRDX6;SOD2;HHEX;FTL;PRDX2;PDLIM1;LSP1,age_changes_CD56bright_NK_02202026
Inflammatory Response,0.08384096635541723,0.3022350724087241,1.3454626880905722,CCL5;TNFRSF1B;PTGER2;PTGER4;BEST1;TNFRSF9;KCNA3;FPR1;CD69;PLAUR;CYBB;CSF3R;CD40;RAF1;PIK3R5;CXCR6;ICAM1;NMUR1;SLC4A4;TAPBP;IL18;IL2RB;LTA;IFITM1;MXD1;SLC7A1;PTAFR;LCP2;PTPRE;CMKLR1;RIPK2;TLR1;SLC31A2,age_changes_CD56bright_NK_02202026
Androgen Response,0.08593292925510752,0.3252797387238789,1.3486917479912917,SAT1;INSIG1;DNAJB9;ANKH;ELOVL5;CDK6;IDI1;TPD52;ADAMTS1;UBE2J1;NDRG1;FKBP5;ABHD2;FADS1;XRCC5;SORD;CDC14B;PIAS1;PDLIM5;CCND1;CCND3;HMGCS1;RAB4A;MAF;UBE2I;XRCC6;ACSL3;ADRM1;SEC24D;SRP19,age_changes_CD56bright_NK_02202026
UV Response Up,0.09700607677486289,0.305087278250772,1.3198184485283402,RAB27A;SOD2;TUBA4A;ABCB1;ENO2;CYB5R1;GRINA;ALDOA;PPT1;EIF2S3;AQP3;SLC25A4;ICAM1;RPN1;CREG1;BCL2L11;POLE3;BSG;ARRB2;TGFBRAP1;STARD3;APOM;IL6ST;SELENOW;HMOX1;YKT6;DNAJB1;FKBP4;NUP58;BTG2,age_changes_CD56bright_NK_02202026
Myc Targets V2,0.10542325743090561,-0.33977081790099506,-1.3313112097157038,DCTPP1;HSPE1;NOP56;SRM;PPAN;CBX3;DDX18;GNL3;NOLC1;IPO4;BYSL;RCL1;TBRG4;WDR43;AIMP2;PUS1;PHB;HSPD1,age_changes_CD56bright_NK_02202026
KRAS Signaling Up,0.11541039173610171,0.29862389283475715,1.2879033970259854,PRDM1;LAPTM5;TNFRSF1B;MAP4K1;LCP1;LAT2;ABCB1;CD37;GALNT3;PLAUR;ANKH;CTSS;CFH;CXCR4;G0S2;GYPC;DUSP6;PECAM1;PPBP;CCND2;NAP1L2;CDADC1;HDAC9;CMKLR1,age_changes_CD56bright_NK_02202026
mTORC1 Signaling,0.11659053855585647,0.28143973762600544,1.292251769451309,SYTL2;FGL2;CCNG1;INSIG1;TUBA4A;CYP51A1;ELOVL5;DDIT4;CANX;ALDOA;IDI1;MAP2K3;GPI;CXCR4;RPN1;SERP1;HSPA9;HSP90B1;STARD4;SLC6A6;CALR;SLC2A1;YKT6;FADS1;M6PR;LDHA;GOT1;PGM1;SC5D;PSME3;ADIPOR2;SORD;GGA2;IFI30;PRDX1;TBK1;UBE2D3;PDK1;BTG2;SLC1A5;HSPA5;NFKBIB;SQSTM1;DHCR7;ETF1;SLC37A4;PSMD12;RRM2;XBP1;FADS2;UNG,age_changes_CD56bright_NK_02202026
Unfolded Protein Response,0.12572995405365348,0.2989224245574522,1.265163970843879,EEF2;XPOT;DNAJB9;ERN1;YWHAZ;DCTN1;DDIT4;NFYA;EXOSC10;SERP1;HSPA9;TSPYL2;HYOU1;HSP90B1;WFS1;MTREX;PARN;SDAD1;CEBPB;SRPRA;CALR;NOP14;BAG3;DNAJC3,age_changes_CD56bright_NK_02202026
Cholesterol Homeostasis,0.12923645076824267,0.3313672128997279,1.2675158499088117,LGALS3;CYP51A1;PLAUR;CLU;IDI1;GUSB;MVD;STARD4;FBXO6;ABCA2;SREBF2;CTNNB1;CXCL16;SC5D;GSTM2;ETHE1;PNRC1;LSS;ATF5;DHCR7;FADS2;HMGCS1;ACAT2;ANXA5,age_changes_CD56bright_NK_02202026
Mitotic Spindle,0.13610892590439055,0.2696266023226186,1.2485769683659826,PCGF5;VCL;FLNA;TUBA4A;MYH9;PXN;CAPZB;ARHGEF3;NEDD9;ARAP3;CEP72;ARHGAP10;NET1;SPTAN1;LATS1;BCL2L11;RASA2;WASL;EZR;LLGL1;PIF1;CNTROB;CEP250;TUBGCP6;SUN2;RHOT2;ARHGDIA;PRC1;NF1;MAPRE1;CLIP2;PDLIM5;CENPJ;LRPPRC;CDC42;TAOK2;STAU1;NCK1;MYH10;CDC42BPA;ACTN4;NUMA1;NIN;RICTOR;FGD4;DOCK2;ABI1;INCENP;TUBGCP2;EPB41L2;CDC42EP1;ALS2;KIF3B,age_changes_CD56bright_NK_02202026
Protein Secretion,0.14063314834027746,0.3028818589655929,1.2389281867576174,TMED10;AP2B1;VAMP4;PPT1;TMED2;TPD52;ANP32E;RAB9A;STAM;VAMP7;SGMS1;PAM;YKT6;STX12;ARF1;M6PR;NAPA;CLTC;SCRN1;VAMP3;AP3S1;IGF2R;GOLGA4;MON2;AP3B1;ADAM10;RAB5A,age_changes_CD56bright_NK_02202026
Pperoxisome,0.14582406995701794,0.30038851742498335,1.2280430146786256,PABPC1;ATXN1;SOD2;HSD17B11;ABCB1;ELOVL5;DHRS3;IDI1;CNBP;MVP;SLC25A4;ACSL1;FADS1;ABCD2;LONP2;CRAT;ACSL4;PRDX1;PEX5;ESR2,age_changes_CD56bright_NK_02202026
Myogenesis,0.24505655131527168,0.26666578306523303,1.1438953454977563,PRNP;COL6A2;MYH9;CFD;ATP6AP1;CLU;LSP1;PDLIM7;TPM3;SPTAN1;SIRT2;ACSL1;SORBS3;MAPRE3;ABLIM1;RB1;DAPK2;LPIN1;PDE4DIP;KIFC3;CRAT;APP;CD36,age_changes_CD56bright_NK_02202026
Bile Acid Metabolism,0.24727888320735142,0.27689414563924436,1.125295985835178,ATXN1;HSD17B11;NPC1;IDI1;ACSL1;ABCA2;SLC22A18;GCLM;AMACR;FADS1;ABCD2;LONP2;PEX19;RETSAT;FADS2;ABCD1;NEDD4;OPTN;ALDH1A1;ABCD3;PAOX;APOA1;ACSL5;PHYH;NR1I2,age_changes_CD56bright_NK_02202026
Hedgehog Signaling,0.2532642942861104,0.37747789860502623,1.127068196074898,ADGRG1;MYH9;CDK6;CDK5R1;NF1,age_changes_CD56bright_NK_02202026
Apical Surface,0.2551553776987303,0.3448933184788583,1.1313063459802717,FLOT2;PLAUR;CD160;CRYBG1;IL2RB;NCOA6;ADIPOR2;APP;GAS1;ADAM10;AFAP1L2;MDGA1;GSTM3,age_changes_CD56bright_NK_02202026
Glycolysis,0.29242626352452944,0.24108426617668674,1.0847416438158388,VCAN;GNPDA1;CITED2;PKM;ENO2;TKTL1;DDIT4;ALDOA;AK3;CXCR4;TGFA;GUSB;TGFBI;GFPT1;KIF2A;MIF;PAM;PLOD1;PRPS1;LDHA;GYS1;GOT1;CHPF2;BIK;ECD;EXT2;PFKP;FKBP4;GMPPB;HSPA5;HDLBP;SLC37A4;IL13RA1;PHKA2;CD44,age_changes_CD56bright_NK_02202026
Xenobiotic Metabolism,0.2991116141405159,0.24879666781006612,1.0861077610651484,AKR1C3;TNFRSF1A;MT2A;NPC1;ELOVL5;DHRS7;CYFIP2;MAN1A1;ALDH2;NDRG2;FBP1;SSR3;UPP1;KYNU;SLC6A6;HMOX1;FAS;CES1;ABCD2;ACO2;SLC46A3;PTGDS;CD36;PDLIM5;SLC1A5;AHCY;PMM1;TMEM176B;GABARAPL1;GSS;ALAS1;RETSAT,age_changes_CD56bright_NK_02202026
Adipogenesis,0.3508893910423547,-0.24623456214593012,-1.1484987708642322,ECH1;DGAT1;UQCRQ;ECHS1;UCP2;ATP5PO;MRPL15;SUCLG1;CDKN2C;NMT1;GBE1;ESRRA;ETFB;VEGFB;DDT;COX8A;COX7B;SOD1;SDHC;MGST3;COQ5;POR;GPD2;DNAJC15;TST;RMDN3;ACADS;ELOVL6;REEP6;NABP1;HIBCH;PTCD3;DHRS7B;COQ9;PPP1R15B;ELMOD3;AK2;ESYT1;UQCR10;HADH;ARL4A;GHITM;IDH3G;ACAA2;JAGN1,age_changes_CD56bright_NK_02202026
PI3K/AKT/mTOR  Signaling,0.3565444116113332,-0.2657677976158757,-1.127863041751484,IL2RG;SLA;PTEN;MAPK9;CSNK2B;THEM4;VAV3;ARPC3;HRAS;GRK2;RPS6KA3;MKNK1;CAMK4;TSC2;MAPK8;PRKAG1;DDIT3;DAPP1;RIT1;AKT1,age_changes_CD56bright_NK_02202026
TGF-beta Signaling,0.38356799351063214,-0.2919083016062749,-1.0840810756749744,SMURF2;SERPINE1;CDK9;FURIN;ARID4B;TRIM33;SMAD7;FNTA;ID3;BMPR2;ENG;PPP1R15A;HDAC1;TGFB1,age_changes_CD56bright_NK_02202026
Fatty Acid Metabolism,0.4005936701921406,-0.23590028394940293,-1.0625603863256856,ECH1;YWHAH;HSD17B10;ECHS1;RDH11;NTHL1;PDHA1;SUCLG1;ECI1;MCEE;SDHC;SDHD;ACAA1;EPHX1;GPD2;OSTC;HSP90AA1;ACADS;HADHB;GCDH;PDHB;REEP6;HIBCH;ACSS1;NSDHL;GSTZ1;MDH1,age_changes_CD56bright_NK_02202026
G2-M Checkpoint,0.41508778028854515,-0.23018693406672647,-1.085415559882285,MTF2;CKS2;UPF1;CDKN2C;UBE2S;NASP;KPNA2;E2F4;HNRNPD;PURA;CKS1B;EZH2;SMARCC1;SFPQ;NOLC1;JPT1;CASP8AP2;KIF5B;SMC4;SLC12A2;GSPT1;CHAF1A;CBX1;RBM14;BRCA2;SMC2;EFNA5;POLE;MCM3;PRMT5;KIF20B;CHMP1A;FOXN3;FBXO5;TOP2A;RPA2;MAPK14;SQLE;DDX39A;PDS5B;SRSF2;TNPO2;TGFB1;CUL3;RBL1;ABL1;CENPF;ARID4A;CCNF;STAG1;KMT5A;MCM2;NDC80;PAFAH1B1,age_changes_CD56bright_NK_02202026
KRAS Signaling Dn,0.9340778724143924,-0.18261937119575047,-0.7516681726514299,IFI44L;LFNG;CHST2;STAG3;YPEL1,age_changes_CD56bright_NK_02202026
Spermatogenesis,0.9703260410717389,-0.19833056733676635,-0.8197841249007012,CSNK2A2;SIRT1;RPL39L;PGS1;EZH2;RFC4;CAMK4;SLC12A2;TLE4;IFT88;STAM2,age_changes_CD56bright_NK_02202026
Pancreas Beta Cells,0.9842980473955617,-0.2744037710508218,-0.7638528995438469,SEC11A;AKT3;SRPRB;SRP9;SRP14;ELP4,age_changes_CD56bright_NK_02202026
Myogenesis,0.0015403323875152006,0.4294684520727902,1.7905461302311385,IGFBP3;PRNP;CLU;SORBS3;FKBP1B;ITGB1;MYO1C;FXYD1;PFKM;MYH9;GNAO1;COL6A2;SGCD;SH2B1;CRAT;MAPRE3;KIFC3;HDAC5;ITGB4;ACSL1;TPM3;LARGE1;SYNGR2;PDLIM7;CD36;WWTR1;ATP6AP1;RB1;SPTAN1;PDE4DIP;CFD;BHLHE40;FLII;NCAM1;DAPK2;ADCY9,age_changes_CD56dim_NK_02202026
Apoptosis,0.0015403323875152009,0.4413264869440884,1.85109540478348,F2R;ENO2;CDC25B;TSPO;CLU;LGALS3;IFNGR1;FAS;CD2;PPT1;MADD;SOD2;TGFBR3;CD44;CASP1;BNIP3L;BCL2L11;LMNA;CD14;ETF1;RHOB;RETSAT;PEA15;CTH;BCL10;TIMP1;DNAJC3;PDGFRB;SPTAN1;HSPB1;GNA15;ISG20;PLCB2;DPYD;RELA;CDKN1B;SAT1;ANXA1;HMGB2;CTNNB1,age_changes_CD56dim_NK_02202026
Coagulation,0.0015403323875152009,0.46436109578264967,1.8049360572363948,CTSH;F8;CLU;CAPN2;SERPINA1;CFH;CSRP1;PRSS23;ADAM9;C1R;CTSB;USP11;LTA4H;LRP1;CPQ;TIMP1;WDR1;CRIP2;F12;CFD;APOA1;ANXA1;C1QA;F2RL2;C8G;BMP1;PDGFB;LAMP2;FYN;MMP9;S100A13;SERPING1;CTSK;PREP;A2M,age_changes_CD56dim_NK_02202026
Interferon Alpha Response,0.0018949861823924202,-0.49151267121361564,-1.9254143441630607,USP18;NMI;IFI35;SAMD9L;PLSCR1;EPSTI1;IRF7;IRF9;MX1;SAMD9;IFI44L;ISG15;IFI44;SP110;OAS1;PARP14;PSMA3;PSMB8;SELL;PSME2;IFI27;LY6E;LGALS3BP;RSAD2;BST2;HERC6;UBE2L6;RTP4;IRF2,age_changes_CD56dim_NK_02202026
heme Metabolism,0.0023104985812728014,0.43518855526617584,1.882200614500795,PRDX2;DMTN;MKRN1;EIF2AK1;OPTN;BNIP3L;SIDT2;GDE1;ISCA1;SEC14L1;CTSB;RIOK3;FN3K;FOXJ2;ASNS;RNF19A;TCEA1;FBXO7;VEZF1;ADIPOR1;MXI1;ALAD;NCOA4;NFE2L1;LRP10;FECH;ARL2BP;TRAK2;NFE2;NUDT4;GMPS;ENDOD1;BPGM;CIR1;DCAF11;CAST;RCL1;EPOR;BLVRA;BLVRB;AGPAT4;KDM7A;SDCBP;SYNJ1;TMCC2;MGST3;CDR2;AQP3;HTATIP2;EPB41;NARF;BSG;ALDH6A1;ACSL6;TENT5C;LAMP2;GAPVD1;CTNS;CA2;USP15,age_changes_CD56dim_NK_02202026
Epithelial Mesenchymal Transition,0.0030806647750304017,0.4613864726286054,1.933743812177155,IGFBP3;VIM;ENO2;PLOD3;CADM1;SGCB;VCAN;FLNA;FAS;PLOD1;ITGB1;TGFBR3;CD44;LGALS1;MYL9;COL6A2;ACTA2;SGCD;GLIPR1;WIPF1;RHOB;AREG;LRP1;TIMP1;COPA;PDGFRB;TGFBI;PLAUR;MAGEE1;CD59;SAT1;VCAM1;PCOLCE;PFN2;NOTCH2;QSOX1;CXCL8,age_changes_CD56dim_NK_02202026
Hypoxia,0.005647885420889069,0.3954351948313264,1.7016430592624827,IGFBP3;ENO2;PFKP;ERRFI1;MT1E;BCL2;BNIP3L;NDRG1;PLIN2;HK1;MYH9;ANXA2;VLDLR;FAM162A;GPI;VHL;SLC37A4;LARGE1;CXCR4;S100A4;PFKL;TPD52;MXI1;TGFBI;ALDOA;SLC25A1;PGM1;AMPD3;ISG20;MIF;PLAUR;BHLHE40;DDIT4;KLHL24;HSPA5;CDKN1B;PNRC1;MT2A;PDK1;GYS1;P4HA1;TKTL1;PFKFB3;ALDOC;CITED2;CDKN1A,age_changes_CD56dim_NK_02202026
Androgen Response,0.015788406972030808,0.41243274556573106,1.5953785258179318,CDC14B;UBE2J1;INPP4B;INSIG1;XRCC6;FADS1;ELOVL5;NDRG1;UAP1;ADAMTS1;ABCC4;PDLIM5;PIAS1;ABHD2;SEC24D;ARID5B;TPD52;B4GALT1;LMAN1;NCOA4;HPGD;MAF;HSD17B14;SAT1;STEAP4;DHCR24;FKBP5;RAB4A;APPBP2;CDK6;ANKH;ACTN1;ITGAV;CAMKK2,age_changes_CD56dim_NK_02202026
Apical Junction,0.016063466326944234,0.3825143370517654,1.6083496881662993,CTNNA1;ADAM15;VCAN;EXOC4;SORBS3;INSIG1;ITGB1;ZYX;MYH9;MYL9;MVD;CERCAM;ADAM9;CRAT;MPP5;SIRPA;ITGB4;CNN2;PIK3CB;BAIAP2;ARHGEF6;PLCG1;VCL;TRAF1;B4GALT1;SGCE;TGFBI;NRTN;MPZL1;LAYN;VCAM1;CDK8;SHC1;MSN;GTF2F1;CD274;WASL;FSCN1;SYMPK;MAP4K2,age_changes_CD56dim_NK_02202026
Cholesterol Homeostasis,0.019510876908525876,0.4284979652210279,1.570195588802991,ANXA5;ERRFI1;CLU;LGALS3;DHCR7;MVD;SREBF2;ACSS2;ANTXR2;LSS;GUSB;ABCA2;ETHE1;CYP51A1;PLAUR;FDFT1;CXCL16;CTNNB1;FADS2;FASN;ALCAM;PNRC1;LDLR,age_changes_CD56dim_NK_02202026
Allograft Rejection,0.02048642075395217,0.36033177744641437,1.558742873082992,F2R;CDKN2A;HLA-DMA;HLA-DQA1;IRF4;SIT1;FLNA;IFNGR1;FAS;RIPK2;IL7;CD2;CD8A;IL4R;HLA-DRA;CD8B;CD40;CCR5;MAP4K1;NCF4;TAPBP;CD96;SPI1;CTSS;CD4;BCL10;TIMP1;HIF1A;HCLS1;NLRP3;CCL5;TPD52;IL12A;CD74,age_changes_CD56dim_NK_02202026
Glycolysis,0.021984744076353317,0.36112080792528023,1.5447853676791103,IGFBP3;ENO2;PFKP;PKM;VCAN;PLOD1;B3GAT1;ECD;CD44;AK3;VLDLR;GNPDA1;PYGL;GOT2;FAM162A;DLD;CTH;SLC37A4;CHPF2;CXCR4;GNE;MXI1;B4GALT1;NANP;GFPT1;TGFBI;ALDOA;GUSB;ARPP19;IL13RA1;PGAM1;EXT2;ISG20;MIF;DDIT4;HSPA5;PYGB;DSC2;SLC25A13;QSOX1;GYS1;P4HA1;TKTL1;HS2ST1;AGL;CITED2,age_changes_CD56dim_NK_02202026
TNF-alpha Signaling via NF-kB,0.024289856880047395,0.3511551073568104,1.5174700178075282,MSC;SERPINB8;RIPK2;SOD2;CD44;TNIP1;LITAF;CLCF1;BCL6;RHOB;AREG;PDLIM5;PER1;BCL2A1;KYNU;CCL5;TRAF1;B4GALT1;PHLDA1;G0S2;PLAUR;BHLHE40;RELA;TRIB1;SAT1;MXD1;DUSP4;PANX1;SLC2A6;TANK;ETS2;PNRC1;LDLR;TRIP10;TNFAIP2;IL7R;CXCL2;TNF;PFKFB3;MAP3K8;IFNGR2;IL6ST;CDKN1A;RELB;TUBB2A;NINJ1;ZC3H12A;CSF1;PTGER4;MCL1;CEBPB;TNFAIP3;IL15RA;DRAM1;DUSP2;EGR2;MAP2K3;SPHK1;EGR3;BTG1;TNFRSF9;SOCS3;IL18;IFIT2;STAT5A;SQSTM1;TAP1;TGIF1;NFKBIE,age_changes_CD56dim_NK_02202026
Adipogenesis,0.025415484394000813,0.3534063015254621,1.5198992569126897,TOB1;RAB34;GPAT4;BAZ2A;SLC5A6;IFNGR1;RNF11;DHCR7;PLIN2;RIOK3;BCL6;NDUFA5;SLC1A5;G3BP2;BCL2L13;CRAT;RETSAT;GPHN;FAH;CD302;ADIPOR2;DLD;CHCHD10;EPHX2;LTC4S;TKT;PFKL;PPM1B;CD36;SULT1A1;ALDOA;ACOX1;SLC25A1;CS;DLAT;CMPK1;PGM1;MIGA2;CD151;QDPR,age_changes_CD56dim_NK_02202026
Complement,0.030190514795297933,0.34546950979424135,1.4799961151020296,CTSH;SPOCK2;F8;ANXA5;CLU;LGALS3;LIPA;RBSN;SERPINA1;CFH;CASP1;S100A9;S100A12;VCPIP1;CSRP1;ADAM9;C1R;CTSB;LTA4H;LRP1;L3MBTL4;CTSS;CPQ;TIMP1;KYNU;GCA;PIK3R5;CCL5;FCN1;DGKH;CBLB;CD36;GMFB;PLAUR;PRDM4;CD59;HSPA5;PDP1;PRKCD;GZMK;C1QA;DOCK9;WAS;CD46;RNF4;CEBPB;PDGFB;LAMP2;CDA;TNFAIP3;FYN;F5;CD40LG;GATA3;CA2;USP15;USP14;S100A13;RAF1;SERPING1;CD55;CR1;PREP;TIMP2,age_changes_CD56dim_NK_02202026
Fatty Acid Metabolism,0.03135676646013087,0.3544762953818492,1.4830892398304147,ENO2;GLUL;SUCLG2;SLC22A5;ELOVL5;GABARAPL1;LGALS1;CRAT;PTPRG;RETSAT;ADIPOR2;DLD;ACSL1;LTC4S;SERINC1;ACADVL;HSD17B11;ALAD;CD36;ALDOA;ACOX1;HPGD;ALDH1A1;G0S2;SDHA;PCBD1;BCKDHB;D2HGDH;MIF;CBR3;PRDX6;ERP29;DHCR24;ACOT2;FASN;BPHL;HSDL2;S100A10;BLVRA;DLST;AUH;ACSL4;ODC1,age_changes_CD56dim_NK_02202026
IL-6/JAK/STAT3 Signaling,0.03298123465032547,0.38401222417740144,1.4580682573559849,TNFRSF1B;IFNGR1;FAS;IL7;IL4R;CD44;STAT3;CSF3R;CD14;PIK3R5;CD36;IL17RA;LEPR;ITGA4;IL13RA1;PTPN1;PTPN11;TNF;CSF2RA;MAP3K8;MYD88;IFNGR2;STAT1;IL6ST;TYK2;CSF1;IL12RB1;IL15RA,age_changes_CD56dim_NK_02202026
Estrogen Response Late,0.03331982164572355,0.34217783009160396,1.445076265286491,TOB1;SERPINA1;TJP3;BCL2;SLC22A5;CD44;DHCR7;S100A9;ELOVL5;LSR;PERP;SLC7A5;RAB31;SLC1A4;DYNLT3;PRSS23;CACNA2D2;AREG;ABCA3;LARGE1;ABHD2;SLC29A1;SLC2A8;MYOF;PLK4;MAPT;ISG20;FDFT1;ALDH3B1;FKBP5;BLVRB;AFF1;IL6ST;SLC16A1;ITPK1;CKB;SCNN1A;DUSP2;CA2;TOP2A;CISH;EGR3;METTL3;AMFR;ATP2B4;MDK;SCARB1;RNASEH2A;ALDH3A2;FABP5;MICB;ADD3,age_changes_CD56dim_NK_02202026
Estrogen Response Early,0.03359850020267532,0.34586765710138445,1.4624047900495036,TOB1;SLC39A6;NADSYN1;GAB2;TJP3;BCL2;SLC22A5;CD44;DHCR7;CANT1;ELOVL5;SLC7A5;RAB31;SLC1A4;DYNLT3;PRSS23;AREG;MYBBP1A;ABCA3;LRIG1;ABHD2;ISG20L2;MYOF;B4GALT1;MAPT;BHLHE40;ENDOD1;FDFT1;ALDH3B1;ADCY9;FASN;FKBP5;AKAP1;BLVRB;AFF1;AQP3;IL6ST;MREG;SLC16A1;ABLIM1;ZNF185;ITPK1;UGCG;SVIL;MED24;SCNN1A,age_changes_CD56dim_NK_02202026
Oxidative Phosphorylation,0.03434662455586262,-0.35783232561715883,-1.552941756648577,TIMM8B;ECH1;SLC25A11;ATP6V1D;FXN;ATP5F1C;PDHA1;TIMM13;NDUFB3;NDUFA7;HSD17B10;MRPS11;NDUFB5;SUCLG1;PDHB;MRPS12;ETFA;SLC25A20;MTX2;NDUFS2;SDHD;ACADM;ACAA2;MDH1;ATP5PF;NDUFA2;COX7B;BDH2;NDUFB8;ATP5PO;NDUFA8;NDUFA9;NDUFB1;NDUFC2;COX17;MRPL15;ATP6V1E1;ATP5MC1;TIMM10;NDUFS8;CYCS;POLR2F;NDUFS4;ATP1B1;ATP6V0E1;NDUFB4;ETFB;UQCR10;MRPL34;ATP5MF;NDUFB2;ECI1;HCCS;COX7A2L;ATP5MC3;FH,age_changes_CD56dim_NK_02202026
Bile Acid Metabolism,0.034620804138436885,0.3714554529760669,1.4295591508500907,FADS1;OPTN;PFKM;NR3C2;PEX16;ABCD2;RETSAT;ABCA3;ACSL1;EPHX2;ATXN1;SLC29A1;HSD17B11;ALDH1A1;ABCA2;PEX26;APOA1;DHCR24;FADS2;AQP9;HACL1;PHYH;PEX1;ACSL5;LONP2;CYP46A1;ALDH9A1;GSTK1;ABCA5;IDI1;CYP27A1;PIPOX,age_changes_CD56dim_NK_02202026
Pperoxisome,0.034914200783677886,0.37360256927309343,1.4467316901644873,CADM1;TSPO;PRDX1;SOD2;FADS1;ELOVL5;PABPC1;ABCD2;MVP;CRAT;RETSAT;BCL10;ACSL1;EPHX2;ATXN1;HSD17B11;PEX5;ACOX1;ALDH1A1;CNBP;ABCC5;DHCR24;SIAH1;NUDT19;ERCC3;ACSL4;IDE;PEX14;DLG4,age_changes_CD56dim_NK_02202026
Mitotic Spindle,0.036351844345358736,0.33157535094125656,1.4295867872483052,PCGF5;FLNA;PALLD;KIF22;DYNC1H1;TUBGCP6;LLGL1;MYH9;BCL2L11;KIF1B;PDLIM5;KIF3C;EZR;ARHGAP10;LATS1;VCL;OPHN1;PXN;SUN2;SPTAN1;SSH2;PRC1;ARHGAP5;NET1;STAU1;MAPRE1;TUBA4A;KIF20B;TBCD;WASL;FSCN1;CNTROB;NOTCH2;KIF3B;ABI1;MAP1S;LRPPRC;CCDC88A;INCENP;LMNB1;NUMA1;TUBGCP3;EPB41;TUBGCP2;BRCA2;BCR;ARHGEF7;ARHGAP4;MYH10;ITSN1;RHOT2;CLIP1;HOOK3;UXT;TOP2A;PCNT;SPTBN1;HDAC6;MAP3K11;CSNK1D;RACGAP1;ARHGEF11;CLASP1;KATNA1;ATG4B;CDC42EP1;ARAP3;KATNB1,age_changes_CD56dim_NK_02202026
mTORC1 Signaling,0.04284924641633194,0.3213423067825952,1.4027485735415448,PRDX1;FGL2;CCNG1;INSIG1;DHCR7;FADS1;ELOVL5;SLC7A5;SLC1A4;PSME3;HSP90B1;VLDLR;RPN1;CANX;SYTL2;ETF1;SLC1A5;HSPA9;GPI;LTA4H;YKT6;ASNS;ADIPOR2;CTH;SLC37A4;TCEA1;PSAT1;CXCR4;PFKL;SHMT2;ALDOA;GSK3B;NUP205;PGM1;SSR1;MCM4;CALR;CYP51A1;BHLHE40;DDIT4;QDPR;GGA2;GMPS;HSPA5;SRD5A1;TUBA4A;DHCR24;FADS2;LDLR;M6PR;PDK1;CFP;ACLY;P4HA1,age_changes_CD56dim_NK_02202026
Protein Secretion,0.04868789764015439,0.35138564287873053,1.3834170905381462,ATP1A1;PPT1;KIF1B;MON2;TMED2;YKT6;SEC24D;TPD52;LMAN1;ATP6V1H;RAB5A;VAMP7;ERGIC3;RAB14;TMED10;ANP32E;ARFIP1;AP3B1;M6PR;SGMS1;AP2B1;ARF1;STAM;CLTC;SEC31A;NAPA;ADAM10;SCAMP3;STX12;GALC;GBF1;LAMP2;TMX1;SNX2;SNAP23,age_changes_CD56dim_NK_02202026
p53 Pathway,0.05006080259424403,0.31606179693851455,1.3743424544782405,F2R;TOB1;CDKN2A;EPS8L2;CCNG1;FAS;CYFIP2;CASP1;AEN;SEC61A1;NDRG1;PERP;DDB2;CGRRF1;FAM162A;RETSAT;PPM1D;ITGB4;BAIAP2;KIF13B;S100A4;CTSF;GLS2;PMM1;CDKN2B;CD82;RB1;GM2A;ZNF365;DDIT4;CDKN2AIP;SAT1;MXD1;ABCC5;CCNK;RAD51C;S100A10;UPP1;CDKN1A;PRKAB1;NINJ1;NUDT15;ERCC5;ELP1;RPS27L;DRAM1;CEBPA;TSPYL2;PROCR;MDM2;ZFP36L1;ACVR1B;SPHK1;COQ8A;RALGDS;BTG1;SP1;ABHD4;RPL18;RRP8;TAP1;PITPNC1;ANKRA2;HMOX1;ISCU;ATF3;PVT1;PLXNB2;WWP1;XPC;RPL36;TXNIP;DGKA;HBEGF;STEAP3,age_changes_CD56dim_NK_02202026
Notch Signaling,0.052941176470588235,-0.45717609748678834,-1.42574234867812,DLL1;ARRB1;LFNG;NOTCH1;RBX1;HES1;DTX1,age_changes_CD56dim_NK_02202026
Xenobiotic Metabolism,0.06524407898546529,0.31005363461793983,1.3209308955104722,CES1;PTGDS;FAS;CYFIP2;ELOVL5;GABARAPL1;ABCD2;SLC1A5;AHCY;PDLIM5;RETSAT;PGD;FAH;KYNU;PMM1;SHMT2;CD36;ACOX1;ARPP19;SLC46A3;AQP9;ETS2;BPHL;MT2A;PTGES3;BLVRB;HACL1;PEMT;UPP1;AKR1C3;NINJ1;DHRS1;CDA;NDRG2;ALDH9A1;MCCC2;CA2;ALDH2;TMEM176B;PGRMC1;CYP27A1;PPARD;PDK4,age_changes_CD56dim_NK_02202026
Inflammatory Response,0.06581958778959185,0.3106279286283902,1.3290370553978086,CD70;TNFRSF1B;RIPK2;KCNA3;SLAMF1;IL4R;IL10RA;PROK2;CD40;CSF3R;KIF1B;CD14;TAPBP;BEST1;CYBB;C5AR1;FPR1;TIMP1;HIF1A;PIK3R5;NLRP3;CCL5;SLC7A1;CD82;GNA15;PTAFR;PLAUR;RELA;MXD1;AQP9;LDLR;ABI1;CXCL8;IL7R,age_changes_CD56dim_NK_02202026
Reactive Oxygen Species Pathway,0.06604945277665179,0.3869592767556623,1.3324598889638062,PRNP;PRDX2;PFKP;PRDX1;SOD2;SCAF4;PDLIM1;PTPA;MGST1;PRDX6,age_changes_CD56dim_NK_02202026
IL-2/STAT5 Signaling,0.06743232896455434,0.3044758200613212,1.3212728313670972,PRNP;TNFRSF1B;AHNAK;IRF4;FGL2;IFNGR1;BCL2;IL4R;IL10RA;CD44;SYT11;MYO1C;GABARAPL1;NDRG1;PLIN2;TWSG1;ANXA4;PLEC;PTCH1;SLC1A5;AHCY;RHOB;TNFRSF18;FAH;LRIG1;CDC42SE2;TRAF1;PRKCH;SYNGR2;PHTF2;PHLDA1;SNX9;CKAP4;BHLHE40;MXD1;NOP2;RABGAP1L;CYFIP1;ALCAM;CTLA4;F2RL2;P4HA1;MAP3K8;ODC1;TNFRSF4;POU2F1;FLT3LG;CSF1;NFKBIZ,age_changes_CD56dim_NK_02202026
Wnt-beta Catenin Signaling,0.0697986577181208,-0.4225358005480877,-1.4270373781623258,TP53;DLL1;NOTCH1;AXIN1;MYC;NOTCH4;CCND2;AXIN2;HEY2;TCF7;LEF1,age_changes_CD56dim_NK_02202026
Unfolded Protein Response,0.07106774946535649,0.32369797714657067,1.3057778776127358,BAG3;SRPRA;EEF2;SLC7A5;SLC1A4;HSP90B1;DCTN1;DCP1A;HSPA9;HYOU1;YWHAZ;ASNS;DNAJC3;PSAT1;XPOT;EXOSC10;SSR1;CALR;DDIT4;HSPA5;EIF4EBP1;SHC1;SLC30A5;SDAD1;ALDH18A1;PARN;NOP14;NPM1;SEC31A;MTHFD2;ZBTB17;HERPUD1;TUBB2A;CEBPB;POP4;ATF6;MTREX;EIF4G1;TSPYL2;NOLC1;EDC4;KDELR3;DNAJB9;PAIP1;ERO1A;EXOSC9;ERN1,age_changes_CD56dim_NK_02202026
Interferon Gamma Response,0.07921042242400315,-0.31234364250876506,-1.360062607788999,CD38;USP18;NMI;IFI35;SAMD9L;PLSCR1;EPSTI1;IRF7;GPR18;IRF9;IFNAR2;BANK1;MX1;TNFSF10;IFI44L;ISG15;IFI44;SP110;PARP14;PSMA3;PSMB8;PSME2;IFI27;PSMB2;LY6E;LGALS3BP;RBCK1;KLRK1;NFKB1;IFIT1;IRF8;RSAD2;OAS3;BST2;HERC6;XAF1;PIM1;SLAMF7;XCL1;UBE2L6;ST3GAL5;PSMA2;RTP4;IRF2;IFITM2;IL2RB;ARL4A;GZMA;SLC25A28;SRI;VAMP8;MX2;PSMB9;LYSMD2,age_changes_CD56dim_NK_02202026
DNA Repair,0.10904066324516384,-0.30855874093198904,-1.3050482663440872,GTF2H5;TP53;ADA;BOLA2;PDE6G;PCNA;POLR2H;TAF12;POLR2G;UMPS;RBX1;RPA2;DAD1;RPA3;ITPA;ZNRD1;NELFB;TSG101;RFC4;TAF10;RFC2;CSTF3;UPF3B;NME1;COX17;ALYREF;RAD51;SNAPC5;NUDT9;POLR2F;CETN2;ERCC1,age_changes_CD56dim_NK_02202026
TGF-beta Signaling,0.14049968980880942,-0.36081674788638846,-1.256217620656556,ID3;SMURF2;SMAD7;NOG;PMEPA1;SMAD1;SKIL;CDK9;TRIM33;FNTA;FURIN;TGFB1;FKBP1A;XIAP;TGFBR1;ID2;ENG;ID1;HDAC1;BMPR2;SERPINE1;SMURF1,age_changes_CD56dim_NK_02202026
UV Response Dn,0.18134846642345628,0.2912258663093778,1.181201312015237,PTPRM;INPP4B;INSIG1;MT1E;TGFBR3;BMPR1A;ANXA2;VLDLR;ANXA4;NR1D2;PDLIM5;ATXN1;SLC7A1;PDGFRB;SYNE1;BCKDHB;RUNX1;PRKCE;BHLHE40;CDKN1B;SCAF8;PIAS3;MIOS;LDLR;MAP2K5;NOTCH2;PHF3;PEX14;CITED2;AGGF1;FZD2;SCN8A;SIPA1L1,age_changes_CD56dim_NK_02202026
Myc Targets V1,0.22325305961310699,-0.27076108996859116,-1.177781944385476,PCNA;VBP1;PSMA4;PSMA7;HNRNPD;PSMA1;PSMC4;PSMC6;YWHAE;COPS5;PSMB2;EXOSC7;EIF2S1;NOP56;EIF2S2;RFC4;MYC;CCT5;LSM2;PSMD8;PCBP1;CCT2;NME1;TRIM28;SERBP1;DDX18;SNRPG;EIF3J;GSPT1;GNL3;PSMA2;SSBP1;RANBP1;UBE2E1;TXNL4A;HNRNPA2B1;ACP1;EIF3B;NOP16;CCT3;TCP1;DDX21;AIMP2;PSMB3;VDAC3;C1QBP;DEK;SSB;HDGF;SRSF3;CDK4;HSPD1;TARDBP,age_changes_CD56dim_NK_02202026
G2-M Checkpoint,0.27312018646128905,0.2544281755179748,1.1122400354080328,CDC25B;PTTG1;KPNB1;KIF22;HUS1;SLC7A5;EFNA5;ILF3;DBF4;HIF1A;NUP98;NSD2;CUL5;FANCC;FOXN3;CUL4A;PLK4;SLC7A1;EWSR1;ODF2;PRC1;BUB3;TFDP1;G3BP1;CDKN1B;SUV39H1;RBL1;RAD23B;TLE3;KIF20B;RAD21;MEIS2;MCM6;MT2A;NOTCH2;TRAIP;CCNT1;INCENP;LMNB1;SLC38A1;PML;NUMA1;ODC1,age_changes_CD56dim_NK_02202026
Angiogenesis,0.27820390444185833,0.3881876974230965,1.1138605566635664,VCAN;FGFR1;TIMP1;S100A4,age_changes_CD56dim_NK_02202026
Hedgehog Signaling,0.2952770510127624,0.35824895817664476,1.0955828407263084,MYH9;VLDLR;PTCH1;OPHN1;TLE3;ETS2;PML;CDK6,age_changes_CD56dim_NK_02202026
KRAS Signaling Up,0.29597033787167076,0.26130024912059335,1.090741633846466,IGFBP3;NAP1L2;TNFRSF1B;PRDM1;PRELID3B;CFH;IL10RA;MAP4K1;CDADC1;KIF5C;KCNN4;PCSK1N;CTSS;CXCR4;TRAF1;CD37;LAPTM5;LCP1;MAFB;ZNF639;G0S2;PDCD1LG2;PLAUR;PPBP;TRIB1;BPGM;RABGAP1L;F13A1;IL7R;CSF2RA;CLEC4A;EPB41L3;AMMECR1;EVI5;ANKH,age_changes_CD56dim_NK_02202026
KRAS Signaling Dn,0.388577444400579,-0.2676340982594307,-1.0771789802505436,TCL1A;NUDT11;MX1;IFI44L;LFNG;ZBTB16;CHST2;PLAG1;RSAD2;SKIL;YPEL1;SPHK2,age_changes_CD56dim_NK_02202026
Apical Surface,0.4144814407319474,0.31131383813637614,1.0296398309461763,GSTM3;EFNA5;FLOT2;CRYBG1;ADIPOR2;CROCC;B4GALT1;HSPB1;PLAUR,age_changes_CD56dim_NK_02202026
Spermatogenesis,0.45311444399405487,0.2664571652741333,1.0089356494830783,GSTM3;TSN;MLF1;PEBP1;NCAPH;PARP2;DBF4;PCSK1N;PRKAR2A;MTOR;COIL;PHF7,age_changes_CD56dim_NK_02202026
UV Response Up,0.5714216851630713,0.2284718283116487,0.9575776491963262,ENO2;PPT1;SOD2;EIF2S3;BCL2L11;RPN1;GGH;CREG1;RHOB;PARP2;YKT6;ASNS;CDKN2B;CYB5R1;SULT1A1;ALDOA;NXF1;TUBA4A;PRKCD;CXCL2;GRINA;AQP3;DNAJB1;IL6ST;DLG4;NUP58;BSG;SELENOW;IGFBP2;RAB27A;CA2;CLCN2,age_changes_CD56dim_NK_02202026
Myc Targets V2,0.6943229372285827,-0.2660648533896163,-0.9473211512285712,PPAN;DCTPP1;BYSL;NOP56;MYC;DDX18;GNL3;NDUFAF4;UNG;NOP16;AIMP2;MRTO4;CDK4;HSPD1;GRWD1;PHB;FARSA;IPO4;HSPE1;TBRG4;SRM,age_changes_CD56dim_NK_02202026
E2F Targets,0.696450489896996,-0.211879935186424,-0.9235099959339217,TP53;PCNA;DCTPP1;HNRNPD;CKS1B;RPA2;RPA3;CBX5;CKS2;DNMT1;JPT1;EIF2S1;CTCF;EZH2;SNRPB;NOP56;MYC;RFC2;PSMC3IP;NASP;NME1;GSPT1;UBE2S;SMC4;RANBP1;BARD1;TUBG1;TIPIN;EXOSC8;AURKA;DONSON;UNG;PNN;LUC7L3;SMC3;TACC3,age_changes_CD56dim_NK_02202026
PI3K/AKT/mTOR  Signaling,0.7708147547628699,0.2235360480540808,0.8722510340578082,RPTOR;HSP90B1;RPS6KA1;PLCG1;CXCR4;PRKAR2A;GSK3B;MKNK1;CALR;MAP3K7;CDKN1B;PTPN11;PDK1;ARF1;PRKCB;CLTC;MYD88;CDKN1A;PAK4;PIKFYVE;IRAK4;PIK3R3;ECSIT;DUSP3;DAPP1;MAP2K3;THEM4;PPP2R1B;RAF1;RIPK1;CAB39L;YWHAB;NOD1;MAPKAP1;ACACA,age_changes_CD56dim_NK_02202026
Pancreas Beta Cells,0.969759178839321,-0.27234401181986023,-0.7243334132358054,SEC11A;SRP9;ELP4,age_changes_CD56dim_NK_02202026
Epithelial Mesenchymal Transition,0.0,0.5460458269829818,2.0604292673068056,IGFBP3;LGALS1;GLIPR1;FAS;ITGB1;TGFBR3;IL32;ENO2;VIM;TIMP1;FLNA;WIPF1;EMP3;VCAN;IGFBP4;CD44;CAPG;IL15;COPA;CALU;SGCB;TGFBI;TPM1;PFN2;ACTA2;SAT1;CXCL8;PPIB;LRP1,age_changes_CD8_CM_02202026
IL-2/STAT5 Signaling,0.0,0.5165422804575824,2.1255995095934073,CST7;BHLHE40;IL10RA;PTGER2;AHNAK;MAP3K8;TNFRSF1B;PRNP;GALM;RORA;HOPX;PHLDA1;ANXA4;SYT11;GABARAPL1;CDC42SE2;KLF6;BATF;AHR;FGL2;NDRG1;EOMES;ALCAM;GPR65;LRRC8C;XBP1;TRAF1;ADAM19;RGS16;LRIG1;CD44;IFNGR1;CAPG;GLIPR2;PHTF2;IL18R1;SLC39A8;CCR4;RABGAP1L;SERPINB6;P4HA1;TNFRSF4;CCND3;PTCH1;PIM1;BCL2;CSF1;SOCS2;GPX4;CISH;SYNGR2;IL2RB;ODC1;BCL2L1;PLIN2;IL2RA;FLT3LG;COL6A1;PLEC,age_changes_CD8_CM_02202026
Myc Targets V1,0.0,-0.5237613336605185,-2.0779674439610005,CCT2;IMPDH2;CCT3;CCT5;C1QBP;TXNL4A;LSM2;EIF3J;NOP56;FBL;PSMA7;SET;PCNA;HDGF;PSMA4;EIF3B;HNRNPD;VDAC1;SERBP1;APEX1;NME1;NHP2;TRIM28;PHB;EIF2S2;DDX21;SRM;SLC25A3;CTPS1;NPM1;PSMA2;PA2G4;RSL1D1;HSP90AB1;EIF3D;SMARCC1;PSMD8;PCBP1;HDDC2;VBP1;CCT4;EEF1B2;GNL3;POLD2;MYC;SRSF3;DDX18;CYC1;NCBP2;COPS5;FAM120A;GSPT1;HDAC2;PSMC6;NAP1L1;HSPE1;MRPL23;PRPF31;SSBP1;PSMB3;RACK1;NOP16;LDHA;RPL22;PSMD14;COX5A;PSMC4;ILF2;RPS5;RPS10;HNRNPA2B1;CBX3;EIF1AX;RAD23B;RANBP1;HPRT1;KPNA2;PPIA;HNRNPR;TOMM70;SNRPD3;UBE2E1;SSB;HSPD1;CLNS1A;EIF2S1;ABCE1;PGK1;MCM7;PHB2,age_changes_CD8_CM_02202026
Coagulation,0.0,0.5934554894493101,2.0546685775528406,ANXA1;CFH;CLU;CAPN2;FYN;CPQ;PLEK;TIMP1;DPP4;ISCU;CTSH;CRIP2;F8;SERPINA1;CTSB;DUSP6;CSRP1;SIRT2;PDGFB,age_changes_CD8_CM_02202026
Apoptosis,0.0,0.5081213782755116,2.063772217638253,ANXA1;HMGB2;CLU;FAS;F2R;CD2;LGALS3;TGFBR3;TSPO;TNF;CASP1;ENO2;TIMP1;PRF1;CFLAR;TXNIP;CASP8;LMNA;CD44;IFNGR1;KRT18;CDKN1A;SLC20A1;FASLG;BTG3;ATF3;BIRC3;SQSTM1;RELA;PEA15;MADD;GPX4;CD69;DPYD;BCL2L1;SAT1;IGFBP6;WEE1;FEZ1;MCL1;RHOT2;PLCB2;RNASEL;SOD1;ETF1;PMAIP1,age_changes_CD8_CM_02202026
Oxidative Phosphorylation,0.0004764379764379765,-0.4639994007017035,-1.8436024615238016,SLC25A5;TIMM13;ATP5F1C;NDUFB2;LDHB;TIMM8B;UQCRC2;UQCRH;FXN;NDUFB3;NDUFB6;COX7B;CYB5A;VDAC1;NDUFS8;ATP5PO;NDUFS6;ATP5MC3;ECH1;NDUFB5;NDUFA7;SLC25A6;ATP5MF;SLC25A3;ATP5F1B;COX6C;COX7A2L;ACAA1;TOMM22;NDUFS2;MRPL34;PDHB;NDUFB1;DLD;ETFB;NDUFC2;NDUFB8;CYC1;ATP5PF;TIMM9;VDAC2;ACADM;SDHD;NDUFA2;ECI1;ATP6V1D;NDUFA9;ATP5MC1;NDUFS7;ATP5F1A;SUCLG1;MDH1;LDHA;MRPL15;SLC25A11;TIMM10;COX5A;FH;MRPS15;TIMM17A;CYCS;HSD17B10;ATP5PB;COX10;MTX2;COX6B1;COX11;NDUFS3;ATP6V0B;MRPS11;ATP5F1E;IDH2;TOMM70;DECR1;TIMM50;IDH3B;BDH2;RHOT1;PHB2;ATP5ME,age_changes_CD8_CM_02202026
Myc Targets V2,0.0007146569646569647,-0.5702001213595117,-1.8844647831598962,NOP56;MRTO4;NDUFAF4;PPAN;PHB;DCTPP1;SRM;NPM1;PA2G4;GNL3;IPO4;EXOSC5;MYC;DDX18;GRWD1;TBRG4;TFB2M;HSPE1;TMEM97;NOP16;BYSL;CBX3,age_changes_CD8_CM_02202026
TNF-alpha Signaling via NF-kB,0.0011656952539550376,0.46215691878674425,1.9262432183478115,CCL4;BHLHE40;CCL5;MAP3K8;TNF;PHLDA1;PLEK;KLF6;SMAD3;CFLAR;GPR183;BCL2A1;MSC;TRAF1;RIPK2;CLCF1;DUSP2;CEBPB;ZFP36;CD44;EGR1;SERPINB8;CDKN1A;B4GALT1;DUSP4;TGIF1;TNIP1;ZC3H12A;BTG3;ATF3;BIRC3;EHD1;SQSTM1;KLF10;DUSP5;RELA;BCL3;FOSL2;TANK;CSF1;PANX1;BTG1;IL15RA;LITAF;B4GALT5;CD69;SLC16A6;TNFSF9;SAT1;PHLDA2;TNFAIP2;IL7R;MCL1,age_changes_CD8_CM_02202026
Complement,0.0012142658895364974,0.46220217408700504,1.8686592750857085,GZMA;GZMK;CFH;CLU;CCL5;LGALS3;CASP1;ANXA5;FYN;CPQ;PLEK;TIMP1;DPP4;GATA3;CTSH;F8;CD40LG;S100A9;SERPINA1;S100A12;CEBPB;HSPA1A;CTSB;DUSP6;HSPA5;CSRP1;CALM3;EHD1;VCPIP1;DUSP5;CBLB;CALM1;PIM1;GNG2;SH2B3;PDGFB;APOBEC3F;GNAI3;RBSN;RAF1;PIK3R5;WAS;FCN1;LTA4H;PSMB9;CTSS;RCE1;LRP1;APOBEC3G;GZMB;RNF4;MT3;PLAUR;PLSCR1;XPNPEP1;CTSC,age_changes_CD8_CM_02202026
Allograft Rejection,0.0012489592006661116,0.44757419083658717,1.8373979781230385,GZMA;STAT4;CCL4;CCL5;FAS;F2R;CD2;IFNG;TNF;CD4;TIMP1;HLA-DMA;PRF1;SRGN;HLA-DQA1;CD74;FLNA;CD3E;CDKN2A;MAP4K1;GPR65;TPD52;IL12RB1;TAPBP;NCF4;CD40LG;RIPK2;IFNGR1;CAPG;CD28;ITGAL;FASLG;IL15;CCR5;ACVR2A;IL18RAP;ITK;BCL3;CCND3;ITGB2;HLA-DMB;NCK1;CSF1;IL2RB;CD8A;HLA-A;DEGS1;APBB1;HLA-E;IL2RA;WAS;CD47;CTSS;FGR;CD40;HCLS1;SPI1;ELF4;GZMB;PTPRC;ZAP70,age_changes_CD8_CM_02202026
Angiogenesis,0.001821398834304746,0.7217363420533656,1.7975199838668856,S100A4;TIMP1;VCAN;FGFR1;LRPAP1,age_changes_CD8_CM_02202026
Myogenesis,0.003238042372097326,0.44657610005678006,1.7265918187194684,IGFBP3;BHLHE40;CLU;SORBS3;ITGB1;PRNP;FHL1;GNAO1;CDKN1A;GABARAPL2;CHRNA1;TPM3;ATP6AP1;SIRT2;PTP4A3;GAA;FXYD1;SYNGR2;LSP1;ACSL1;PDLIM7;SH2B1;CRAT;DAPK2;SVIL;PYGM;MYO1C;MYH9;RB1;BAG1;SPTAN1;FKBP1B;LPIN1,age_changes_CD8_CM_02202026
Interferon Gamma Response,0.009669971993036106,0.38355060312008166,1.6148555475167508,GZMA;STAT4;IL10RA;ZBP1;CFH;CCL5;FAS;SLAMF7;HLA-DRB1;CASP1;HLA-DMA;UPP1;HLA-DQA1;FGL2;SRI;CD74;TXNIP;CASP8;TAPBP;RIPK2;PFKP;ARID5B;CDKN1A;IL18BP;IL15;PIM1;PML;OASL;BTG1;OAS3;IL15RA;FPR1;CD69;AUTS2;IL2RB;TRIM14;HLA-A;APOL6;PTPN1;PSMB9;TNFAIP2;HLA-B;BST2,age_changes_CD8_CM_02202026
Inflammatory Response,0.010199833472106578,0.4064606893576008,1.61858757785126,IL10RA;PTGER2;CCL5;TNFRSF1B;CD82;TIMP1;KLF6;AHR;SRI;CD70;SLC4A4;KCNA3;GPR183;TAPBP;EMP3;RGS16;RIPK2;CDKN1A;IL15;IL18R1;BEST1;SELENOS;ACVR2A;IL18RAP;RELA;CSF3R;CSF1;IL15RA;GNAI3;FPR1;CD69;IL2RB;RAF1;TNFSF9;PIK3R5;CXCL8;BST2;IL7R;CD40;CXCR6;SLAMF1;CYBB;PLAUR;GNA15;IRAK2;CD48;IL1B;LY6E;LCP2,age_changes_CD8_CM_02202026
KRAS Signaling Up,0.013478351373855122,0.3952518449993078,1.5827855007862979,PRDM1;IGFBP3;IL10RA;CFH;NAP1L2;TNFRSF1B;ADAM8;PCSK1N;MAP4K1;WNT7A;TRAF1;RGS16;CD37;LCP1;DUSP6;ACE;BIRC3;WDR33;RABGAP1L;CAB39L;ITGB2;AMMECR1;GALNT3;KIF5C;PPBP;IL7R;CTSS;ERO1A;PLAUR;FLT4;CDADC1;CCSER2;PRELID3B;LAPTM5;IL1B;G0S2;ADAM17;GNG11,age_changes_CD8_CM_02202026
Hypoxia,0.014795362838660089,0.3947917814778222,1.5697998486573392,S100A4;IGFBP3;ANXA2;BHLHE40;GAPDH;RORA;ENO2;KLF6;NDRG1;PAM;IDS;TPD52;MT1E;PFKP;MXI1;ZFP36;CDKN1A;DDIT4;HSPA5;SLC6A6;CITED2;ATF3;PFKL;JMJD6;P4HA1;FOSL2;TGFBI;ERRFI1;PIM1;BCL2;PDGFB;BTG1;GAA;FAM162A;PLIN2;ALDOA;SLC25A1,age_changes_CD8_CM_02202026
p53 Pathway,0.01498751040799334,0.3739686668320053,1.559935370983458,S100A4;FAS;S100A10;F2R;PERP;CGRRF1;CD82;CASP1;KIF13B;UPP1;SESN1;STOM;DDB2;NDRG1;CDKN2A;ISCU;TXNIP;SEC61A1;RGS16;RPS27L;CCNG1;CDKN1A;DDIT4;ATF3;HINT1;RHBDF2;CCND3;ZBTB16;BTG1;TNFSF9;FAM162A;PLK3;SAT1;ZNF365,age_changes_CD8_CM_02202026
UV Response Dn,0.029725228975853456,0.38698977803604157,1.4780263251721593,ANXA2;BHLHE40;INPP4B;TGFBR3;FYN;ANXA4;ATXN1;SFMBT1;SMAD3;SRI;SYNE1;MT1E;ATP2B4;CITED2;SCAF8;ACVR2A;ATRX,age_changes_CD8_CM_02202026
IL-6/JAK/STAT3 Signaling,0.052627712200617134,0.3921960020433732,1.3882875191089046,FAS;MAP3K8;TNF;TNFRSF1B;IL12RB1;CD44;IFNGR1;IL18R1;PIM1;CSF3R;CSF1;IL15RA;PIK3R5;IL2RA;PTPN1,age_changes_CD8_CM_02202026
Protein Secretion,0.05391340549542049,0.3669250597146769,1.3934064169869287,TMED10;CD63;PAM;TMED2;TPD52;STX12;AP3S1;ANP32E;ARF1;KRT18;ATP1A1;YIPF6;RAB9A;RAB2A;VAMP4;GBF1;SEC24D;RAB14;MON2;SNX2;AP2B1;GALC;SOD1,age_changes_CD8_CM_02202026
Wnt-beta Catenin Signaling,0.06378313409563409,-0.5084809461630608,-1.492254438624495,LEF1;TCF7;TP53;MYC;HDAC2;KAT2A;FRAT1;AXIN1;PPARD;MAML1;DLL1,age_changes_CD8_CM_02202026
TGF-beta Signaling,0.09490644490644491,-0.43920294594613535,-1.428331816345221,ID3;NOG;FURIN;FKBP1A;SKIL;SPTBN1;PMEPA1;CDK9;BMPR2;HIPK2;IFNGR2;SMURF2;HDAC1;PPM1A;FNTA;TRIM33;SKI;TGFBR1,age_changes_CD8_CM_02202026
G2-M Checkpoint,0.10398258835758836,-0.3581779646934075,-1.400129228648075,SMC4;NASP;RBM14;CKS2;HNRNPD;MAPK14;SMARCC1;MCM3;STMN1;SMC1A;MYC;MTF2;UBE2S;SQLE;CUL3;SLC12A2;GSPT1;UPF1;E2F4;CTCF;DDX39A;PAFAH1B1;PRMT5;LBR;TNPO2;ORC5;TACC3;HMGN2;CASP8AP2;SFPQ;PRPF4B;LIG3;TOP1;HMGA1;SS18;RAD23B;CHMP1A;KPNA2;CKS1B;CBX1;RPA2;TMPO;LMNB1;SMC2;WRN,age_changes_CD8_CM_02202026
Reactive Oxygen Species Pathway,0.10798871310944583,0.3879119397216703,1.2875226842222376,PRNP;TXN;PRDX4;PFKP;PRDX2;SELENOS;FTL;GPX4;LSP1;PRDX6;PTPA;SOD1,age_changes_CD8_CM_02202026
Hedgehog Signaling,0.11948376353039133,0.4541609743553767,1.2590214390795162,ADGRG1;DPYSL2;PTCH1;PML;NF1;MYH9,age_changes_CD8_CM_02202026
Unfolded Protein Response,0.12186116832464174,0.3248614915321324,1.263118415260535,HERPUD1;ERN1;NABP1;XBP1;HSP90B1;DNAJB9;PDIA6;CEBPB;DDIT4;HSPA5;DCTN1;ATF3;SLC7A5;DCP1A;POP4;EEF2;EXOC2;EXOSC10;SSR1;SPCS1;HYOU1;ERO1A;EXOSC9;CXXC1;SERP1;SDAD1;YWHAZ,age_changes_CD8_CM_02202026
Estrogen Response Late,0.12288370802109354,0.31422982142711153,1.248326017833448,PERP;DYNLT3;BATF;CHPT1;XBP1;ATP2B4;TJP3;DNAJC1;IGFBP4;S100A9;SERPINA1;DUSP2;ZFP36;CD44;LSR;AFF1;FKBP5;BTG3;SLC7A5;BCL2;ELOVL5;CISH,age_changes_CD8_CM_02202026
E2F Targets,0.15385543510543512,-0.3401499526454393,-1.3347267639415035,SMC4;NOP56;NASP;PCNA;CKS2;MSH2;HNRNPD;PNN;NME1;SNRPB;PAICS;DCTPP1;CTPS1;DCK;PA2G4;MCM3;TP53;STMN1;SMC1A;POLD2;MYC;UBE2S;TBRG4;GSPT1;ING3;NAP1L1;CTCF;DDX39A;LBR;PMS2;AK2;TACC3;PRKDC;HMGA1;RFC3;IPO7;TUBB;SMC3;RANBP1;TFRC;KPNA2;CKS1B;RPA2;TMPO;LMNB1;EXOSC8;EIF2S1;MCM7;CBX5,age_changes_CD8_CM_02202026
Cholesterol Homeostasis,0.24737907804102643,0.3205731872651477,1.139238917808967,CLU;LGALS3;ANTXR2;ANXA5;S100A11;ALCAM;ABCA2;ATF3;CPEB2;ERRFI1;CXCL16;GUSB;LSS;ACSS2,age_changes_CD8_CM_02202026
UV Response Up,0.3483059381496882,-0.3286491193390337,-1.214858798687648,FURIN;RASGRP1;KLHDC3;FKBP4;DDX21;RXRB;MARK2;POLR2H;CDC5L;ACAA1;PRKACA;IL6ST;AGO2;BID;AP2S1;CDC34;PPAT;WIZ;CNP;SULT1A1;CHKA;IRF1;MRPL23;EPHX1;STIP1;CASP3;NUP58;GLS;TFRC;DNAJA1;PLCL1;NR4A1;PARP2;RHOB,age_changes_CD8_CM_02202026
Notch Signaling,0.4082120582120582,-0.4267387313801992,-1.1598295884094099,LFNG;MAML2;PRKCA;RBX1;KAT2A;ARRB1;PPARD;HES1;DLL1,age_changes_CD8_CM_02202026
heme Metabolism,0.40880932556203164,0.26125871689302016,1.035648392741236,TENT5C;RNF19A;OPTN;ARL2BP;MGST3;LRP10;CIR1;MXI1;FBXO9;CAST;GDE1;CTSB;PRDX2;HTATIP2;ADIPOR1;SYNJ1;DMTN;TSPAN5;HAGH;CCND3;BLVRA;BSG;KAT2B;KHNYN;TRAK2;FBXO7;FN3K;ENDOD1;ERMAP;SIDT2;DCAF10,age_changes_CD8_CM_02202026
Interferon Alpha Response,0.4148186648186648,-0.3268398917911619,-1.1737457696534048,SELL;ISG15;LGALS3BP;IRF7;PSME2;IRF9;SP110;IFI44L;EPSTI1;SLC25A28;UBE2L6;CNP;IRF1;USP18;SAMD9;MX1;IRF2;GBP2;PARP9;ISG20;NMI;PSMB8;SAMD9L;PNPT1;RTP4,age_changes_CD8_CM_02202026
PI3K/AKT/mTOR  Signaling,0.4154836928274428,-0.298742892087595,-1.07892363392907,ARPC3;LCK;PTEN;IL2RG;HRAS;TIAM1;MKNK2;SMAD2;CAMK4;PDK1;AKT1;MAP2K6;RPS6KA3;TSC2;PRKAG1;GRK2;DDIT3;PIK3R3;CAB39;RALB;ACTR3;PLA2G12A;RIT1;AP2M1;ACTR2;CSNK2B;TNFRSF1A,age_changes_CD8_CM_02202026
Fatty Acid Metabolism,0.4252359145156814,0.26281818113605043,1.0358172610856153,LGALS1;S100A10;PCBD1;GLUL;ENO2;GABARAPL1;LTC4S;ACSL5;HSD17B11;SMS;CBR3;RAP1GDS1;ERP29;BLVRA;ELOVL5;ACADVL;SERINC1;ODC1;ACSL1;PRDX6;ALDOA;CRAT,age_changes_CD8_CM_02202026
KRAS Signaling Dn,0.43784650034650036,-0.3052288287979901,-1.0814471496664695,CHST2;LYPD3;LFNG;IFI44L;CCDC106;SKIL;SGK1;PLAG1;STAG3;SNN;SPHK2;MX1;GAMT;PDE6B;MAST3;TCL1A;SLC16A7;SLC25A23,age_changes_CD8_CM_02202026
Glycolysis,0.4391630163269739,0.2592927731867682,1.0376118097217606,IGFBP3;ENO2;TXN;PAM;PFKP;VCAN;MXI1;CD44;B4GALT1;DDIT4;PKM;HSPA5;CITED2;P4HA1;CHST12;GFPT1;TGFBI;PGAM1;CHPF2;FAM162A;GUSB;ALDOA;GMPPB;AK3;ERO1A;GOT2;SOD1;HDLBP;GNE,age_changes_CD8_CM_02202026
Apical Junction,0.44150486337986333,-0.29022854490305355,-1.0922817437625871,ACTN1;LDLRAP1;ACTG1;FYB1;EVL;ARPC2;MAPK14;PTEN;PBX2;HRAS;RAC2;CLDN7;AMIGO1;PKD1;TSPAN4;GNAI2;INPPL1;EXOC4;AKT2;PIK3R3;GAMT,age_changes_CD8_CM_02202026
Pperoxisome,0.4436070686070686,-0.3201263057914458,-1.1322215880931648,CLN8;RDH11;MSH2;ECH1;HRAS;CTPS1;SMARCC1;ACAA1;PRDX5;CAT;EPHX2;CTBP1;SIAH1;SLC25A19;MLYCD;PEX6,age_changes_CD8_CM_02202026
mTORC1 Signaling,0.44993611399861405,-0.28235226235650857,-1.1156864986950974,PHGDH;ENO1;RDH11;PPA1;CORO1A;PSMA4;PSMD13;CD9;EIF2S2;MTHFD2L;PNO1;TM7SF2;SLC2A3;HMBS;EEF1E1;GLRX;SQLE;ABCF2;PSMG1;PDK1;COPS5;PSMC6;HSPE1;NMT1;DDX39A;ATP6V1D;SDF2L1;STIP1;TMEM97;ATP5MC1;DDIT3;PIK3R3;LDHA;PSMD14;PITPNB;SC5D;TOMM40;SEC11A;PSMC4;HMGCS1;PGM1;ACTR3;MLLT11;TFRC;LGMN;HPRT1;RIT1;PPIA;SHMT2;CCT6A;ADD3;ACTR2;NFYC;HSPD1;PGK1;TES;HSPA4;CYB5B,age_changes_CD8_CM_02202026
DNA Repair,0.4628228450343835,-0.2860603332956324,-1.0967692485212133,GTF2H5;IMPDH2;PCNA;POLR2G;NME1;POLR2H;ITPA;SRSF6;TP53;REV3L;RALA;ALYREF;POLR1C;APRT;RBX1;NELFCD;NCBP2;VPS37B;TAF10;PDE6G;MPC2;RAE1;NT5C;NELFB;POLR1D;ERCC1;DGCR8;RFC3;PRIM1;ELOA;HPRT1;ADA;ERCC2;TAF12,age_changes_CD8_CM_02202026
Apical Surface,0.4837635303913405,0.33314601021060125,0.9982075422388774,GATA3;CRYBG1;GSTM3;B4GALT1;IL2RB;FLOT2;MDGA1;CROCC,age_changes_CD8_CM_02202026
Xenobiotic Metabolism,0.5078954207243681,-0.27319791808478794,-1.0074811555682932,SPINT2;CYB5A;ECH1;CSAD;AHCY;DDT;CAT;DDAH2;GSTO1;CNDP2;SLC35D1;PGD;NMT1;EPHX1;TMEM97;UGDH;GART;MCCC2;DHPS;TKFC;AP4B1;TPST1;GCNT2;HPRT1;DCXR;PPARD;SHMT2;COMT;LONP1;SERTAD1;PYCR1,age_changes_CD8_CM_02202026
Androgen Response,0.5232970527088174,-0.2889632378560614,-1.0240653195930904,ACTN1;HPGD;TNFAIP8;ELK4;DBI;PA2G4;NGLY1;ZMIZ1;SGK1;ZBTB10;SRF;AKT1;PMEPA1;RPS6KA3;VAPA,age_changes_CD8_CM_02202026
Estrogen Response Early,0.5309504215754215,-0.265129318506936,-1.0094534182189403,RETREG1;ABLIM1;FAM102A;IGF1R;FLNB;RASGRP1;UNC119;KDM4B;FKBP4;MYB;TIAM1;NRIP1;IL6ST;RARA;MYC;CLDN7;SEC14L2;BCL11B,age_changes_CD8_CM_02202026
Adipogenesis,0.623216606029106,-0.2433871876340175,-0.949439254206194,CCNG2;TKT;COX7B;ATP5PO;DNAJC15;ECH1;HIBCH;ESYT1;STAT5A;DDT;CAT;GADD45A;DLD;EPHX2;ETFB;CYC1;G3BP2;ACADS;ACADM;VEGFB;SLC27A1;SULT1A1;UCP2;NMT1;AK2;MTCH2;SUCLG1;MRPL15;PPP1R15B;MIGA2;DRAM2;PGM1;ABCB8;SLC5A6;NDUFS3;DHRS7B;ARL4A;COQ3,age_changes_CD8_CM_02202026
Bile Acid Metabolism,0.6885697104264965,0.24760753564057153,0.9143282444557264,ATXN1;OPTN;GSTK1;ACSL5;ABCA2;PAOX;NPC1;HSD17B11;NR3C2,age_changes_CD8_CM_02202026
Mitotic Spindle,0.7162904662904662,-0.2293718015482365,-0.8994469584569668,SMC4;UXT;FLNB;CAPZB;PCNT;EPB41;RALBP1;CDC42;TIAM1;MYO9B;RASA2;RAPGEF6;SMC1A;SPTBN1;RICTOR;ARHGAP10;TLK1;PAFAH1B1;CEP57;SSH2;RAB3GAP1;BIN1;CD2AP;NCK2;MARK4;PCM1;ARL8A;SMC3;MAPRE1;PPP4R2;NET1;LMNB1;NIN;CYTH2;RABGAP1;WASF2;DLG1;ARHGEF2;HDAC6;BCR;BCL2L11;RANBP9;YWHAE;STK38L;ARFGEF1;CEP250;KIFAP3;ABL1;MYO1E;EPB41L2;GEMIN4;CNTRL;ROCK1,age_changes_CD8_CM_02202026
Spermatogenesis,0.7617089925062448,0.23844038686150806,0.8742973766049869,PCSK1N;GSTM3;PHKG2;TSN;GFI1;ACE;MLF1;DBF4;IL12RB2,age_changes_CD8_CM_02202026
Pancreas Beta Cells,0.9343814968814969,-0.30711268429785116,-0.7564952665207928,FOXO1;ELP4;SRPRB;SEC11A;SRP9,age_changes_CD8_CM_02202026
Epithelial Mesenchymal Transition,0.0009944920440636473,0.3743321719146899,2.004785575195238,IGFBP3;LGALS1;IL15;TIMP1;VIM;VCAM1;ENO2;FAS;SGCB;WIPF1;COL6A2;FLNA;VCAN;TGFBR3;PLOD3;QSOX1;EMP3;GLIPR1;CADM1;LRP1;IL32;PPIB;CXCL8;CD44;NOTCH2;SAT1;ACTA2;BMP1,age_changes_CD8_GZMK_02202026
Coagulation,0.0013259893920848631,0.41217975067992674,2.0346889614522508,CFH;CLU;TIMP1;CAPN2;CTSH;ANXA1;FYN;F8;ISCU;CPQ;CSRP1;LRP1;SERPINA1;CFD;PLEK;SIRT2;BMP1;USP11;PDGFB,age_changes_CD8_GZMK_02202026
Apoptosis,0.0019889840881272946,0.3783790704841394,2.082865034645347,CLU;F2R;TIMP1;HMGB2;TSPO;ENO2;TXNIP;ANXA1;FAS;CASP1;IFNGR1;CD2;TGFBR3;ATF3;TNF;PDCD4;PEA15;FEZ1;SQSTM1;CD44;BCAP31;SAT1;LMNA;BTG3;LGALS3;ETF1;MADD;RELA;PRF1;PLCB2;BCL2L1;RETSAT;RHOB;DPYD;CFLAR;DNAJC3;IGFBP6;SOD2;BIRC3;CDC25B,age_changes_CD8_GZMK_02202026
Complement,0.002386780905752754,0.35912093465691725,1.9612643173814748,CFH;CLU;TIMP1;GZMA;CTSH;GZMK;FYN;CASP1;SPOCK2;HSPA5;CBLB;CTSS;S100A9;LIPA;F8;RBSN;FCN1;CCL5;VCPIP1;GNG2;CPQ;CSRP1;S100A12;LRP1;SERPINA1;CALM3;GCA;CALM1;GMFB;PLEK;CEBPB;GATA3;LGALS3;PDGFB;XPNPEP1;ANXA5;ZEB1;RCE1;USP14;DPP4;PRKCD;EHD1,age_changes_CD8_GZMK_02202026
Allograft Rejection,0.003977968176254589,0.38131544410379875,2.111072037714981,F2R;STAT4;CDKN2A;CCL4;IL15;TIMP1;GZMA;HLA-DMA;FAS;GPR65;HLA-DQA1;IFNGR1;TAPBP;CD8A;TPD52;CD3E;CD74;CTSS;CD2;FLNA;RIPK2;CSF1;CD8B;SRGN;HLA-DRA;CCL5;MAP4K1;TNF;HLA-DMB;TLR3;HLA-E;HCLS1;NCF4;ITGB2;IL12RB1;HDAC9;PRF1;IL12A;SOCS5;CD40;ITGAL;IFNG;CCND3;CCR1;WAS,age_changes_CD8_GZMK_02202026
TGF-beta Signaling,0.005245720596355604,-0.4969873014155789,-1.7794097212539437,ID3;NOG;PMEPA1;FURIN;SMURF2;TRIM33;HIPK2;LTBP2;SMAD1;SMURF1;XIAP;FKBP1A;CDK9;CDH1;ACVR1;SPTBN1,age_changes_CD8_GZMK_02202026
Wnt-beta Catenin Signaling,0.009387078961899503,-0.5218840070202616,-1.7953617479103572,LEF1;TCF7;TP53;MYC;DLL1;NOTCH1;KAT2A;RBPJ;GNAI1;AXIN2;AXIN1;FRAT1;MAML1;NKD1;HDAC2;HEY1;JAG2,age_changes_CD8_GZMK_02202026
p53 Pathway,0.011270909832721337,0.32138145148183983,1.7808349380447765,F2R;CDKN2A;RPS27L;CGRRF1;TXNIP;FAS;PERP;CASP1;DDB2;STOM;S100A4;RB1;SEC61A1;S100A10;ISCU;AEN;ATF3;ZNF365;DRAM1;NDRG1;CCNG1;DDIT4;RAP2B;SAT1;BTG1;UPP1;CCNK;KIF13B;PMM1;SESN1;MDM2;RETSAT;DNTTIP2;WRAP73;ANKRA2;RPL36;CYFIP2;CCND3;FAM162A;XPC;MXD1;CD82;RPL18;PVT1;TSPYL2;BAX;PPM1D;RAD51C;PRKAB1;SERTAD3;SLC3A2;TNFSF9;PLK3,age_changes_CD8_GZMK_02202026
Interferon Gamma Response,0.013701890384876922,0.2993912835182898,1.705720149862386,CFH;ZBP1;STAT4;IL15;VCAM1;GZMA;HLA-DRB1;TXNIP;IL18BP;HLA-DMA;FAS;CASP1;HLA-DQA1;TAPBP;SRI;CD74;IL10RA;RIPK2;ADAR;CCL5;FGL2;PDE4B;STAT3;BPGM;SLAMF7;PFKP;CIITA;BTG1;UPP1,age_changes_CD8_GZMK_02202026
Protein Secretion,0.013922888616891062,0.34771973681122537,1.733420568068415,TMED10;ARF1;AP2B1;TPD52;TMED2;ATP1A1;CD63;ANP32E;RAB9A;GALC;NAPA;AP3B1;YKT6;PAM;AP3S1;RAB14;MON2;RAB5A;SEC31A;SEC24D;CTSC;RAB2A,age_changes_CD8_GZMK_02202026
TNF-alpha Signaling via NF-kB,0.013922888616891064,0.29261889335928787,1.6606963835248487,CCL4;MAP3K8;RIPK2;BHLHE40;CSF1;CCL5;LITAF;SERPINB8;ATF3;MSC;TNF;PNRC1;DRAM1;PDE4B;B4GALT1;PDLIM5;SQSTM1;PANX1;TNIP1;PLEK;IL7R;CD44;CEBPB;SAT1;TUBB2A;BTG1;BTG3;PHLDA1;CLCF1;PER1;SMAD3;DUSP2;ZC3H12A;RELA;KLF6;G0S2;RHOB;BCL2A1;EHD1;ZFP36;CFLAR;FOSL2;TANK;MXD1;SOD2;BIRC3;TNIP2;EIF1;BCL6;TRAF1;DUSP1,age_changes_CD8_GZMK_02202026
IL-2/STAT5 Signaling,0.014103705352175365,0.30096667081604384,1.6499620051328645,PRNP;CST7;IL18R1;AHNAK;GABARAPL1;MAP3K8;SERPINB6;GPR65;IFNGR1;CDC42SE2;PTGER2;IL10RA;BHLHE40;CSF1;SYT11;EOMES;FAH;FGL2;BCL2;TNFRSF1B;ANXA4;NDRG1;CCR4;SLC39A8;PHTF2;PTCH1;CD44;NFKBIZ;PHLDA1;PRKCH;PLIN2;CD48;BCL2L1;KLF6;RABGAP1L;SYNGR2;DHRS3;GALM;ODC1;PLEC;RHOB;RNH1;AHR;CCND3;TWSG1;ABCB1;RORA;HOPX;MXD1;P4HA1;MYO1C;LRIG1;GLIPR2;GPX4;TRAF1;CAPG,age_changes_CD8_GZMK_02202026
Unfolded Protein Response,0.01420702920090925,0.3348442662575824,1.7430174546513213,HERPUD1;YWHAZ;HSPA5;HSP90B1;SPCS1;ERN1;SRPRA;ATF3;CALR;DCP1A;EEF2;DDIT4;PDIA6;DCTN1;HYOU1;CEBPB;TUBB2A;XPOT;MTREX;POP4;EXOSC10;DNAJB9;EXOC2;HSPA9;EIF4G1;SEC31A;DKC1;DNAJC3;WIPI1,age_changes_CD8_GZMK_02202026
Fatty Acid Metabolism,0.01988984088127295,0.2941722729713579,1.6056428896342958,LGALS1;GLUL;ENO2;GABARAPL1;S100A10;RAP1GDS1;SERINC1;ADIPOR2;ACSM3;LTC4S;ACO2;SLC22A5;PTS;MIF;ERP29;DLST;ALDOA;ELOVL5;ACADVL;ACSL1;ACSL5;PRDX6;G0S2;RETSAT;SDHA;NCAPH2;BLVRA;SUCLG2;ODC1,age_changes_CD8_GZMK_02202026
KRAS Signaling Dn,0.03883673845021167,-0.39389306410448593,-1.5945606928825469,CHST2;LYPD3;PLAG1;CCDC106;LFNG;TCL1A;SNN;ZBTB16;IFI44L;BARD1;PDCD1;EDAR;NUDT11;SLC5A5;OXT;COPZ2;RSAD2;EFHD1;CACNA1F;IGFBP2;SGK1;SPHK2;RYR1;TGM1;PDE6B;ITGB1BP2;MYO15A;CD40LG;ENTPD7;FGF22;GPRC5C;MYOT;PNMT;SKIL,age_changes_CD8_GZMK_02202026
Reactive Oxygen Species Pathway,0.04190126478988168,0.32211348654281013,1.4475895980138351,PRNP;TXN;LSP1;MSRA;FTL;PRDX4;PFKP;PDLIM1;PRDX6;SOD2;SELENOS;GPX4;G6PD;GCLM;PTPA;SCAF4,age_changes_CD8_GZMK_02202026
Inflammatory Response,0.04262108760272775,0.26767900701944297,1.4583209978021066,SLC4A4;IL15;TIMP1;IL18R1;CD70;TAPBP;SRI;PTGER2;IL10RA;RIPK2;CSF1;CCL5;C5AR1;EMP3;TNFRSF1B;PDE4B;TLR3;KCNA3;NOD2;CXCL8;IL7R;BEST1;CSF3R;FPR1;RELA;CD48;KLF6;IFITM1;CD40;CXCR6;AHR,age_changes_CD8_GZMK_02202026
Hypoxia,0.04589963280293757,0.26478888758770996,1.459389676189105,IGFBP3;ENO2;ANXA2;TPD52;HSPA5;IDS;S100A4;BHLHE40;ATF3;BCL2;PNRC1;GPI;NDRG1;MYH9;DDIT4;MXI1;GAPDH;VHL;PFKP;MIF;BTG1;ALDOA;WSB1;PLIN2;PDGFB;XPNPEP1;KLF6;PAM;TGFBI;CXCR4;ZFP36;ERRFI1;FOSL2;RORA;FAM162A;NR3C1,age_changes_CD8_GZMK_02202026
Interferon Alpha Response,0.060739922694643844,-0.3738897546504141,-1.5169147555053355,SELL;ISG15;LGALS3BP;IRF7;IRF9;USP18;NMI;GBP2;EPSTI1;IFI44L;CNP;PLSCR1;PROCR;SAMD9L;OAS1;SP110;PARP14;RSAD2;RTP4;IFI27;SLC25A28;MVB12A;IFI35;IL4R,age_changes_CD8_GZMK_02202026
Adipogenesis,0.06464198286413708,0.24801968021583254,1.3751673534112938,MGST3;NDUFA5;IFNGR1;DHRS7;STOM;DHCR7;G3BP2;BCL2L13;CD151;BAZ2A;RAB34;COX8A;GPAT4;RNF11;FAH;SLC5A6;PDCD4;UBC;ADIPOR2;CMPK1;LTC4S;ACO2;RIOK3;ALDOA;NDUFB7;PLIN2;RETSAT;DNAJB9;GPHN;CDKN2C;TANK;SCP2;MDH2;GRPEL1;RMDN3;UQCRC1;CD36;GPX4;BCL6;CD302;BCKDHA;UQCR11,age_changes_CD8_GZMK_02202026
Myogenesis,0.0728596276492946,0.24702718809370786,1.3304551986873445,IGFBP3;CLU;PRNP;SORBS3;GNAO1;TPM3;COL6A2;BHLHE40;RB1;LSP1;FHL1;MYH9;AGL;SH2B1;CFD;SIRT2;DMPK,age_changes_CD8_GZMK_02202026
IL-6/JAK/STAT3 Signaling,0.07690738474092207,0.28034996538291623,1.3307355863991317,IL18R1;MAP3K8;FAS;IFNGR1;CSF1;TNF;TNFRSF1B;STAT3;CD44;CSF3R;IL12RB1;PTPN1;CCR1;MYD88;LEPR;CD36;ITGA4,age_changes_CD8_GZMK_02202026
KRAS Signaling Up,0.07862337101303189,0.24688933870049312,1.3353083721120251,IGFBP3;CFH;PRDM1;NAP1L2;PCSK1N;CTSS;IL10RA;CDADC1;CD37;MAP4K1;LCP1;TNFRSF1B;BPGM;IL7R;GALNT3;ITGB2;HDAC9;PRELID3B;LAPTM5;G0S2;RABGAP1L;CXCR4;ADAM8;CAB39L;ABCB1;PECAM1;PPBP,age_changes_CD8_GZMK_02202026
heme Metabolism,0.12848837209302325,0.23195012667311773,1.245921887778053,MGST3;FBXO7;ARL2BP;GDE1;TENT5C;CAST;MKRN1;OPTN;ISCA1;BPGM;MXI1;BSG;CIR1;DMTN;RIOK3;NFE2L1;HTATIP2;RAD23A;SLC10A3;ADIPOR1;ELL2;VEZF1;CDC27;BLVRA;ENDOD1;RNF19A;CCND3;SLC25A37;NUDT4;TMEM9B;TCEA1;NR3C1;NEK7;KHNYN,age_changes_CD8_GZMK_02202026
Androgen Response,0.14718482252141982,0.2485735020579814,1.2213366291817025,MAF;INPP4B;TPD52;UBE2J1;CDC14B;FKBP5;NDRG1;B4GALT1;PDLIM5;XRCC6;SAT1;ELOVL5;ELL2;GPD1L;DNAJB9;ABHD2;CCND3;SEC24D;UAP1;INSIG1;ABCC4;CDK6,age_changes_CD8_GZMK_02202026
Myc Targets V2,0.16134732192159026,-0.3758409743846207,-1.3988723068239224,MYC;PPAN;IPO4;HK2;BYSL;NOP56;DCTPP1;HSPD1;SLC19A1;SRM;SORD;EXOSC5;TBRG4;MRTO4;NDUFAF4;AIMP2,age_changes_CD8_GZMK_02202026
Estrogen Response Early,0.17375299098104177,-0.3215479081987642,-1.368612433481608,TIAM1;FAM102A;NBL1;CLIC3;RETREG1;MYC;IGF1R;MYB;CLDN7;BCL11B;RBBP8;FLNB;HES1;IL6ST;DEPTOR;ABAT;ABLIM1;NRIP1;MED13L;AQP3;FHL2;OPN3;WWC1;KLF4;KCNK5;ZNF185;RASGRP1;MINDY1;PDZK1;AKAP1;KDM4B;MAST4;FARP1;TGIF2;FKBP4;MPPED2;CELSR1;EGR3;FCMR,age_changes_CD8_GZMK_02202026
Angiogenesis,0.20450372760654278,0.32599756296065546,1.1625744440886512,TIMP1;S100A4;VCAN;LRPAP1,age_changes_CD8_GZMK_02202026
G2-M Checkpoint,0.2449475427940364,-0.28791697911991865,-1.2645467445902976,CKS2;SMC4;MTF2;MYC;STMN1;EZH2;CENPF;CKS1B;MKI67;RBM14;CUL3;BARD1;MAPK14;NASP;BIRC5;CDC20;CTCF;AURKB;TACC3;SQLE;TROAP;UBE2C;NUSAP1;HNRNPD;TFDP1;STIL;HMMR;CASP8AP2;CCNB2;KMT5A;HMGB3;KIF23;BUB1;SLC12A2;NEK2;CDK1;HMGA1;TPX2;E2F1;RPA2,age_changes_CD8_GZMK_02202026
Oxidative Phosphorylation,0.2665807718264924,-0.2864715827022053,-1.2672018706955333,TIMM13;TIMM8B;ETFB;ATP5F1C;NDUFB5;SLC25A5;LDHB;FXN;NDUFA7;PDHB;UQCRC2;NDUFS2;ECH1;NDUFB3;CYB5A;ATP6V1D;TIMM10;FH;MDH1;SDHD;PDP1;VDAC1;NDUFA8;ATP5PO;IDH3A;MTX2;NDUFB8;ATP5MC3;SLC25A11;MRPS11;NDUFA2;DECR1;SLC25A3;MRPL15;MRPS12;ATP5PF;MRPL35;BDH2;NDUFA9;COX15;NDUFC2;NDUFS6;NDUFB2,age_changes_CD8_GZMK_02202026
Notch Signaling,0.27781612368856984,-0.4016980422475842,-1.2770069457034785,LFNG;PRKCA;DLL1;HES1;NOTCH1;MAML2;KAT2A;DTX1;RBX1,age_changes_CD8_GZMK_02202026
Glycolysis,0.3007689851524666,0.20225003535529745,1.0952958675991418,IGFBP3;ENO2;TXN;HSPA5;VCAN;QSOX1;B4GALT1;DDIT4;AGL;MXI1;PRPS1;PFKP;CD44;MIF;ECD;ALDOA;MPI;PKM;PAM;GNE;ARPP19;TGFBI;CXCR4;GUSB;PPIA;PGAM1;CHPF2;FAM162A;MDH2;P4HA1;G6PD;KIF2A;PHKA2,age_changes_CD8_GZMK_02202026
Apical Surface,0.30488285872051746,-0.39216606951844035,-1.2822946936360704,LYPD3;MAL;SULF2;APP;IL2RG;ATP8B1,age_changes_CD8_GZMK_02202026
E2F Targets,0.43531951207268715,-0.2661062929269527,-1.1709667539760227,CKS2;SMC4;TP53;PAICS;MYC;STMN1;EZH2;CKS1B;MKI67;NME1;NOP56;BARD1;NASP;BIRC5;CDC20;PCNA;CTCF;AURKB;UBE2T;TACC3;DCTPP1;RRM2;HNRNPD;HMMR;CCNB2;CBX5;RPA3;DONSON;LUC7L3;HMGB3;BUB1B;TBRG4;CDK1;HMGA1;HELLS;DCK;RPA2;CHEK2;CENPM,age_changes_CD8_GZMK_02202026
UV Response Dn,0.4986195472114854,-0.27000749364372534,-1.1197720718527284,DAB2;DBP;PRKCA;MRPS31;MYC;IGF1R;PTEN;NFKB1;FBLN5;SPOP;MAPK14;MGLL;GRK5;CACNA1A;IRS1,age_changes_CD8_GZMK_02202026
Estrogen Response Late,0.5061660224553653,-0.26613085802054526,-1.1306254142966574,TIAM1;FAM102A;ETFB;NBL1;CLIC3;CD9;MYB;RBBP8;FLNB;CDC20;IL6ST;RABEP1;NRIP1;MEST;OPN3;STIL;KLF4;KCNK5;HOMER2;NAB2;PDZK1;HSPA4L;SORD;CDH1;FARP1;SGK1;FKBP4;MAPK13;TST;PRKAR2B;EGR3,age_changes_CD8_GZMK_02202026
Spermatogenesis,0.5975782913938629,-0.27181357499193537,-1.0704262551537687,POMC;EZH2;CAMK4;AGFG1;IP6K1;MAP7;CSNK2A2;CHFR;CCNB2;TLE4;PCSK4;PIAS2;HSPA4L;NEFH;BUB1;SLC12A2;NEK2;CDK1;ACRBP,age_changes_CD8_GZMK_02202026
Myc Targets V1,0.6224185532854777,-0.23566848481294678,-1.0480278788669048,PSMA4;MYC;PSMA1;YWHAE;TYMS;PSMA7;NME1;NOP56;EIF3J;LSM2;TRIM28;FAM120A;CDC20;PCNA;PSMA2;IMPDH2;HSPD1;PSMC6;EIF3B;CCT5;EIF2S2;VDAC1;HNRNPD;TFDP1;VBP1;CCT3;SRSF3;HDGF;DDX21;SLC25A3;SRM;CCT2;PCBP1;ABCE1;TARDBP;TXNL4A,age_changes_CD8_GZMK_02202026
Mitotic Spindle,0.6746353980576217,-0.22754364478691894,-1.0004756966579413,TIAM1;SMC4;YWHAE;RALBP1;CENPF;NET1;FLNB;BIN1;RAB3GAP1;BIRC5;DST;ARL8A;NUSAP1;PREX1;FGD4;SAC3D1;ARHGEF2;MYO9B;CCNB2;ARHGEF11;PCNT;KIF23;BUB1;MYO1E;NEK2;WASF1;FARP1;MYH10;SPTBN1;CDK1;DLG1;BCL2L11;PKD2;TPX2;PALLD;KNTC1;CLIP2;EPB41;RAPGEF5;STK38L;DLGAP5;RAPGEF6;RANBP9;FBXO5;NDC80;KIF3C;EPB41L2;FGD6;GEMIN4;TLK1,age_changes_CD8_GZMK_02202026
DNA Repair,0.6767111040992875,-0.21860325293739485,-0.9403337180784513,ADA;GTF2H5;TP53;PDE6G;CSTF3;TYMS;NME1;BOLA2;PCNA;TAF12;POLR2H;ZWINT;VPS37D;IMPDH2;PRIM1;POLR1D;SAC3D1;RPA3;RBX1;POLR2G;ALYREF;POLR1C;RAD51;RALA;RAE1;TAF10;ERCC2;RPA2;REV3L,age_changes_CD8_GZMK_02202026
Cholesterol Homeostasis,0.6836002208724462,-0.25945958345403325,-0.9819222468147157,CD9;CHKA;ATXN2;ECH1;LGMN;TP53INP1;PLSCR1;TM7SF2;ACTG1;SQLE;GNAI1;GSTM2;TRIB3,age_changes_CD8_GZMK_02202026
UV Response Up,0.6893254671742859,-0.22707472346005414,-0.9647201786729732,E2F5;CHKA;CDC34;MARK2;CYB5B;FURIN;POLR2H;IL6ST;CNP;BAK1;KCNH2;AQP3;PRKACA;EPHX1;AP2S1;CASP3;AGO2;DDX21;RASGRP1;RRAD;SPR;CHRNA5;IGFBP2;FKBP4;BCL2L11;DGAT1;NPTXR;NAT1;GCH1;TST,age_changes_CD8_GZMK_02202026
PI3K/AKT/mTOR  Signaling,0.6903092214246273,-0.23500344299688555,-0.9493018902220051,TIAM1;PTEN;CAMK4;IL2RG;PRKAG1;CSNK2B;MKNK2;TSC2;MAP2K6;GRK2;TRIB3;SMAD2;RPTOR;LCK;RPS6KA3;CDK1;E2F1;HRAS;MAPK9;FASLG;DAPP1;FGF22,age_changes_CD8_GZMK_02202026
Apical Junction,0.6986471562672557,-0.2349007003147115,-1.0067196814335149,ACTN1;PTEN;CLDN7;LDLRAP1;PTK2;EVL;MAPK14;IRS1;PBX2;ACTG1;JUP;ITGA2;KCNH2;BAIAP2;GNAI1;PCDH1;GNAI2;ITGA10;NRXN2;TRO;CERCAM;CDH1;MYH10;DLG1;MAPK13;SRC;MPZL2;LAYN;TMEM8B;ITGB1;MADCAM1;TUBG1;CRB3;RAC2;MAPK11;HRAS,age_changes_CD8_GZMK_02202026
Xenobiotic Metabolism,0.7060475836074231,-0.20961579822180923,-0.8957899067050957,SPINT2;GSTO1;DDAH2;ECH1;CYB5A;ESR1;GSTM4;NMT1;JUP;CSAD;PYCR1;IRF8;TPST1;EPHX1;GCNT2;SLC35D1;ITIH4;CNDP2;CYP2J2;ENTPD5;GCH1;ATP2A2;LCAT;ABCC2;NFS1;CBR1;IDH1;LPIN2;ARG2;SAR1B;AHCY;ACP2;CCL25;LONP1;MPP2;SERTAD1;CASP6;CAT;AKR1C3;PDK4;ABCC3;TMEM97;PC;PAPSS2;SMOX;NINJ1;PROS1;CA2;SERPINE1;UPB1;ACSM1;NQO1;PPARD;SHMT2;DCXR;CROT;UGDH;GART;MCCC2;TNFRSF1A;ASL;ABCD2;SLC6A6,age_changes_CD8_GZMK_02202026
mTORC1 Signaling,0.7179107474524372,-0.20609360861587864,-0.9055767698304231,PSMA4;PHGDH;CD9;MLLT11;GLRX;ABCF2;HK2;ATP6V1D;EEF1E1;LGMN;CYB5B;PSMD13;SEC11A;POLR3G;TM7SF2;NMT1;DHFR;HSPD1;RRM2;SQLE;PSMC6;EIF2S2,age_changes_CD8_GZMK_02202026
Pancreas Beta Cells,0.7238310893512852,0.2771614634537023,0.8986721853150961,SPCS1;SRP14;DPP4;AKT3,age_changes_CD8_GZMK_02202026
Hedgehog Signaling,0.7242315479477268,-0.2782764768411673,-0.869161610642507,TLE1;NRCAM;VEGFA;CELSR1;HEY1;RTN1;LDB1;ACHE;VLDLR;HEY2;GLI1,age_changes_CD8_GZMK_02202026
Pperoxisome,0.7291284169726642,0.18176270435929573,0.9089707847110161,TSPO;CNBP;GSTK1;CADM1;PABPC1;ELOVL5;ACSL1;ACSL5;RETSAT;DHRS3;ATXN1;HSD17B11;ABCB1;SCP2;SOD2,age_changes_CD8_GZMK_02202026
Bile Acid Metabolism,0.8592411260709915,0.16636443186744576,0.8088589787898709,NR3C2;GSTK1;OPTN;NPC1;ABCA2;ACSL1;ACSL5;RETSAT;PEX1;ABCA5;ATXN1;HSD17B11;PFKM;SCP2;SLC29A1;APOA1,age_changes_CD8_GZMK_02202026
Myc Targets V2,0.0011938872970391596,-0.5616841861464762,-1.8242997510229535,NOP56;MYC;PPAN;IPO4;BYSL;EXOSC5;DCTPP1;PHB;GNL3;NOP16;RRP9;HK2;SRM;CDK4;HSPD1;TBRG4;HSPE1;WDR43;AIMP2;SORD;TCOF1;GRWD1;TMEM97;SLC19A1;WDR74;LAS1L;PES1;NDUFAF4;PA2G4;IMP4,age_changes_CD8_MAIT_02202026
Coagulation,0.0015394088669950737,0.48055235901384247,1.9563154545373749,CFH;CTSH;CRIP2;CPQ;ISCU;CAPN2;TIMP1;PECAM1;FYN;CLU;F12;RABIF;CD9;SERPINA1;USP11;CSRP1;F8;CTSO,age_changes_CD8_MAIT_02202026
Myc Targets V1,0.002387774594078319,-0.48130931695766077,-1.827675110906903,NOP56;MYC;PSMA4;PSMA1;EIF3J;FAM120A;CCT5;IMPDH2;NME1;POLD2;SRSF3;CCT2;TRIM28;EIF4A1;PSMA7;PHB;SERBP1;GNL3;DDX21;PSMB3;HNRNPD;PSMA2;ILF2;SET;EIF3B;UBE2E1;VDAC1;LSM2;CCT3;C1QBP;NOP16;EIF2S1;RRP9;CYC1;PRPF31;KPNA2;PRDX4;SRM;CDK4;HSPD1;COX5A;TXNL4A;PCBP1;APEX1;RUVBL2;PSMD8;HDAC2;PSMB2;RFC4;EXOSC7;PSMC6;NHP2;MRPL23;RAD23B;HSPE1;FBL;AIMP2;ABCE1;PSMC4;HSP90AB1;HNRNPA2B1;SSBP1;TARDBP;MCM7;RANBP1;VBP1;PHB2;SNRPG;PWP1;EIF3D;SSB;NCBP2;PSMD3;SYNCRIP;HDGF;CCT4;PPIA;IFRD1;RPS10;PA2G4;COPS5;TFDP1;SRSF2;RRM1;EIF2S2;TRA2B;EIF4E;CBX3;SLC25A3,age_changes_CD8_MAIT_02202026
Apoptosis,0.0030788177339901475,0.44518491806872795,1.9907200965072995,TSPO;HMGB2;F2R;LGALS3;ENO2;CD2;BAX;BIRC3;FEZ1;CASP6;TXNIP;SOD2;SAT1;TIMP1;FAS;LMNA;CLU;ATF3;FDXR;ISG20;GNA15;DPYD;PEA15;SOD1;CYLD;GPX4;BNIP3L;BTG3;SQSTM1;RELA;HSPB1;RHOB;CDKN1B;PDCD4;IFITM3;KRT18,age_changes_CD8_MAIT_02202026
Epithelial Mesenchymal Transition,0.004105090311986864,0.42804690748921675,1.8360361134311554,LGALS1;IGFBP3;AREG;VIM;ENO2;SGCB;VCAN;SAT1;TIMP1;CAPG;FAS;TGFBI;GLIPR1;ID2;WIPF1;IL15;CXCL8;FLNA;MAGEE1;IL32;RHOB;SDC4;ITGAV;TNFAIP3;CD44;PLAUR,age_changes_CD8_MAIT_02202026
Angiogenesis,0.006157635467980295,0.6135565450300183,1.7871624579954963,VCAN;TIMP1;ITGAV;LRPAP1;S100A4;APP,age_changes_CD8_MAIT_02202026
TNF-alpha Signaling via NF-kB,0.008620689655172414,0.37975611036220214,1.7158379284580583,AREG;BCL2A1;CCL5;BIRC3;NINJ1;PHLDA1;SOD2;PER1;SAT1;RIPK2;TUBB2A;TIPARP;MAP3K8;MSC;BHLHE40;BTG1;TRAF1;ID2;RELB;LITAF;PNRC1;ATF3;SERPINB8;PFKFB3;TANK;ZC3H12A;CEBPB;BCL3;KLF6;KLF9;BTG3;ICAM1;SQSTM1;RELA;RHOB;DUSP5;GFPT2;MXD1;KLF10;SDC4;DUSP2;TNIP1;DNAJB4;TNFAIP3;SLC16A6;CDKN1A;CD44;PLAUR,age_changes_CD8_MAIT_02202026
p53 Pathway,0.013341543513957308,0.3601889114791971,1.6709316018064084,F2R;RPS27L;S100A10;CDKN2A;DDB2;CD82;PVT1;CCNG1;AEN;BAX;NINJ1;ISCU;TXNIP;SAT1;PERP;RAD51C;FAS;XPC;RB1;BTG1;CGRRF1;ABCC5;DDIT4;PMM1;ATF3;PHLDA3;FDXR;HINT1;PITPNC1;KIF13B;TOB1;GM2A;MXD1;TSPYL2;ELP1;DNTTIP2;TAX1BP3;SLC3A2;ANKRA2;PLK3;CDKN1A;ZNF365;ABHD4;STOM;TNFSF9;RPL36;RETSAT;ACVR1B;RPL18;MDM2;CCNK;CCND3;TRAFD1;S100A4;APP;RAB40C;NOTCH1;ERCC5,age_changes_CD8_MAIT_02202026
KRAS Signaling Up,0.013634764250527797,0.37377761790848285,1.6430971177755,IGFBP3;CFH;NAP1L2;PRDM1;PCSK1N;IL10RA;BIRC3;TNFRSF1B;CTSS;PECAM1;ENG;TRAF1;FLT4;ID2;KCNN4;LY96;CD37;PRELID3B;LCP1;RABGAP1L;GFPT2;ACE;MAP4K1;MAFB;SCN1B;TNFAIP3;CDADC1;CCSER2;PLAUR;ZNF639;HDAC9,age_changes_CD8_MAIT_02202026
Allograft Rejection,0.016548645320197043,0.3507769245861859,1.6015536806354427,CD8B;F2R;HLA-DMA;HLA-DQA1;CDKN2A;CD2;CD8A;CD4;CCL5;CTSS;NCF4;IL4R;RIPK2;TIMP1;ITK;CAPG;IFNG;FAS;HLA-DRA;APBB1;FYB1;SPI1;CD3E;IL15;CXCR3;STAT1;BCL3;FLNA;GZMB;ICAM1;SRGN;TAPBP;PRKCB;HIF1A;HLA-E;HCLS1;MAP4K1;NLRP3;SOCS5;WAS;BCL10;HDAC9;ACVR2A;TPD52;NPM1;TRAT1;CD74,age_changes_CD8_MAIT_02202026
Interferon Alpha Response,0.02367876472461,-0.4548480134972308,-1.5949778445027751,SELL;ISG15;PSME2;CMPK2;IRF9;LGALS3BP;NCOA7;IFI44;PARP14;UBE2L6;NMI;USP18;SAMD9L;IFI35;SAMD9;RSAD2;IRF7;GBP2;PARP12;RTP4;PSMA3;EPSTI1;PROCR;IRF1;MX1;PSMB8;IFI44L;PLSCR1;DDX60;OAS1;IFIT3;PSME1;HERC6;SP110;LAP3;BST2,age_changes_CD8_MAIT_02202026
Oxidative Phosphorylation,0.04297994269340974,-0.4011264102883988,-1.5227085903892674,TIMM13;FXN;ATP5F1C;UQCRC2;TIMM8B;ECH1;SLC25A11;NDUFB3;NDUFA9;NDUFB8;ATP5PO;ACAA2;SLC25A5;VDAC1;ACADM;CYCS;ATP5MC3;NDUFA8;MTRF1;DECR1;MDH1;NDUFC2;NDUFA2;MRPS11;CYC1;CYB5A;SUCLG1;HSD17B10;HTRA2;COX5A;MRPS12;NDUFB5;BDH2;NDUFB6;PDHB;UQCRH;ECI1;MRPL15;NDUFA7;NDUFS6;SLC25A20;COX7A2L;ATP5PB;HADHB;LDHB;TIMM9;SDHD;IDH3A;NDUFS8;SLC25A4;NDUFB1;OAT;COX7B;SLC25A6;MRPL34;ATP5F1A;UQCRQ;ECHS1;ATP6V0B;VDAC2;AIFM1;PHB2;NDUFV2,age_changes_CD8_MAIT_02202026
Wnt-beta Catenin Signaling,0.060530085959885384,-0.5039690741314385,-1.4768651382636722,MYC;TP53;KAT2A;AXIN1;SKP2;RBPJ;HDAC2;ADAM17;PTCH1;LEF1;FRAT1;CSNK1E,age_changes_CD8_MAIT_02202026
Myogenesis,0.06670771756978654,0.3239279393548597,1.4186889173267616,IGFBP3;PDLIM7;FHL1;DAPK2;ACSL1;PTP4A3;SORBS3;MYO1C;BHLHE40;RB1;CLU;AGL;TPM3;PFKM;HDAC5;FXYD1;LSP1;MYH9;SYNGR2;SH2B1;GNAO1,age_changes_CD8_MAIT_02202026
Complement,0.0855911330049261,0.3068228010925652,1.3786837272487262,LGALS3;CFH;GCA;CTSH;CCL5;CPQ;ANXA5;CTSS;S100A9;TIMP1;CBLB;FYN;CLU;RABIF;CALM3;LIPA;SERPINA1;S100A12;CEBPB;CD55;GZMB;FCN1;CSRP1;PDP1;DUSP5;GATA3;RBSN;F8;CTSO;ME1;TNFAIP3;WAS;XPNPEP1;SIRT6;L3MBTL4;DOCK10;PLAUR;DGKH;GPD2;CASP7;PRKCD;VCPIP1;LCP2;LAMP2,age_changes_CD8_MAIT_02202026
Hypoxia,0.08928571428571429,0.30298040332244264,1.3557390975802759,IGFBP3;ENO2;TPBG;CASP6;IDS;ANXA2;TIPARP;BHLHE40;TGFBI;BCL2;BTG1;DDIT4;PNRC1;ATF3;PAM;PFKFB3;NR3C1;ISG20;ATP7A;ALDOA;FBP1;NAGK;GAPDH;KLF6;BNIP3L;MYH9;CDKN1B;SDC4;PFKL;KDM3A;JMJD6;TNFAIP3;XPNPEP1;CDKN1A;MIF;UGP2;PLAUR,age_changes_CD8_MAIT_02202026
Estrogen Response Late,0.09441707717569786,0.2993824045191022,1.3322462047792858,LSR;AREG;TPBG;S100A9;DYNLT3;SLC7A5;FKBP5;PERP;BCL2;ID2;TJP3;ISG20;CD9;ELOVL5;SERPINA1;IDH2;BTG3;TOB1;AFF1;ABHD2;PDCD4;FABP5;DUSP2;NMU,age_changes_CD8_MAIT_02202026
IL-2/STAT5 Signaling,0.12528419856006062,0.27664814526219733,1.2807496200836752,SERPINB6;IL10RA;FGL2;TNFRSF1B;TNFRSF4;PHLDA1;IL4R;SYT11;CDC42SE2;AHNAK;MYO1C;MAP3K8;CAPG;BHLHE40;NFKBIZ;BCL2;TRAF1;LRRC8C;TNFRSF18;ALCAM;ODC1;GABARAPL1;AHR;CYFIP1;KLF6;GPX4;SYNGR2;RABGAP1L;RHOB;PRKCH;MXD1;RHOH;IFITM3,age_changes_CD8_MAIT_02202026
Fatty Acid Metabolism,0.1401888341543514,0.28463503776907384,1.2515509309743,LGALS1;GLUL;ENO2;S100A10;ACSL1;PCBD1;LTC4S;ERP29;PRDX6;SUCLG2;ACSM3;BPHL;HSD17B11;ODC1;GABARAPL1;ALDOA;ELOVL5;ACO2;SDHA;ACSL5;CBR3;RAP1GDS1;ALAD;ME1;BLVRA;CCDC58;MIF;SERINC1;ACADVL;GPD2;RETSAT;ACOX1,age_changes_CD8_MAIT_02202026
Inflammatory Response,0.1409658691062632,0.27933643631896327,1.25959843006181,CD70;CD82;TPBG;IL10RA;CCL5;TNFRSF1B;IL4R;RIPK2;TIMP1;CYBB;IL15;CXCL8;KCNA3;AHR;GNA15;CD55;KLF6;ICAM1;RELA;IFITM1;TAPBP;MXD1;HIF1A;GPR132;CSF3R;NOD2;NLRP3;SCN1B;CDKN1A;C5AR1;PLAUR;ACVR2A;PTGER2;BEST1;TNFSF9;ACVR1B;LCP2;CD40;PROK2;SLC31A2;SLC4A4;PIK3R5,age_changes_CD8_MAIT_02202026
Apical Junction,0.181992337164751,0.27379595946409857,1.1900235144434599,CTNNA1;AKT3;SKAP2;VCAN;SORBS3;PECAM1;TGFBI;TRAF1;ZYX;AMIGO2;FYB1;CD274;CD99;MYH9;ICAM1;NF1;EXOC4;CNN2;GTF2F1;LDLRAP1;MAP4K2,age_changes_CD8_MAIT_02202026
Pancreas Beta Cells,0.1876267748478702,0.4185315111594725,1.1930674941225965,AKT3;SPCS1;SRP14;MAFB;FOXO1,age_changes_CD8_MAIT_02202026
Pperoxisome,0.18973214285714285,0.2936645958519789,1.2011532103956983,TSPO;GSTK1;ACSL1;SOD2;EPHX2;ABCD2;ATXN1;ABCC5;PABPC1;MVP;HSD17B11;LONP2;ELOVL5;IDH2;SOD1,age_changes_CD8_MAIT_02202026
PI3K/AKT/mTOR  Signaling,0.2351957975167144,-0.37311024225154316,-1.320033038162084,IL2RG;TIAM1;PRKAG1;AKT1;PTEN;DDIT3;MKNK2;LCK;CDK4;SMAD2;FASLG;HRAS;AKT1S1;PIK3R3;MKNK1;RIT1;TNFRSF1A;SLA;CSNK2B;PLCB1;CAB39;UBE2N;MAPK9;AP2M1;GRK2;TRAF2;MAP2K6;RPS6KA3;ACTR3;FGF22;MAPK1;MAPKAP1,age_changes_CD8_MAIT_02202026
TGF-beta Signaling,0.3034179287760949,-0.40121378273925634,-1.2734127335115406,SMURF2;TGIF1;NOG;TRIM33;TGFB1;IFNGR2;FNTA;SLC20A1;XIAP;BMPR2;FKBP1A;SMAD7;CDK9;ID1,age_changes_CD8_MAIT_02202026
mTORC1 Signaling,0.31152996657115567,-0.33293773766173035,-1.2541542465635631,GLRX;PSMA4;ENO1;ABCF2;PSMD13;CCT6A;CYB5B;CORO1A;EEF1E1;CTSC;STIP1;SDF2L1;RDH11;RRP9;DDIT3;ATP2A2;PPA1;PNP;HMBS;HK2;G6PD;PSMB5;HSPD1;TUBG1;PITPNB;TM7SF2;PIK3R3;SLC2A3;RIT1;PSMA3;SLC6A6;PSMC6;SLA;HSPE1;TES;SLC37A4;PRDX1;GOT1;HMGCS1;SCD;ERO1A;PSMC4;DDX39A;GLA;SORD;IDI1;PHGDH;EBP;TMEM97;ARPC5L;SERPINH1;NMT1;SYTL2;ACTR3;XBP1;ATP6V1D;SLC1A5;PPIA;AURKA;IFRD1;COPS5;PSMC2;ELOVL6;SEC11A;HMGCR,age_changes_CD8_MAIT_02202026
Interferon Gamma Response,0.3281200254695957,-0.3286091221703947,-1.233279359837896,ISG15;IFNAR2;CASP4;PSME2;CMPK2;P2RY14;IRF9;LGALS3BP;XAF1;GZMA;IFI44;TNFSF10;PSMA2;PARP14;UBE2L6;NMI;USP18;ST3GAL5;SAMD9L;RNF213;KLRK1;IFI35;NFKB1;RSAD2;PNP;IRF7;RAPGEF6;PARP12;RTP4;GCH1;GPR18;EIF4E3;NUP93;CASP3;OAS2;PSMA3;VAMP5;EPSTI1;PSMB2;IRF1;MX1;PSMB8;IFI44L;PLSCR1;BANK1;DDX60;LYSMD2,age_changes_CD8_MAIT_02202026
Protein Secretion,0.4039732953072336,0.25242043096872546,1.0657577271097423,TMED2;AP3S1;PAM;VAMP3;VAMP7;ATP7A;YKT6;SOD1;RAB9A;AP2B1;ARFIP1;VAMP4;RAB14;MON2;CD63;KRT18;SEC31A;ARCN1;ANP32E;RAB5A;NAPA;TPD52;M6PR;SGMS1;LAMP2;SNAP23;STAM;STX7;SCAMP3;GOLGA4;RAB2A;ABCA1,age_changes_CD8_MAIT_02202026
Bile Acid Metabolism,0.4404248768472906,0.2584563071108362,1.04368238154054,GSTK1;ACSL1;EPHX2;ABCD2;ATXN1;FDXR;HSD17B11;PFKM;LONP2;IDH2;SOD1;ACSL5;EFHC1,age_changes_CD8_MAIT_02202026
heme Metabolism,0.4812325979867209,0.219950713216794,1.0058340841793811,ACSL6;ISCA1;CAST;FN3K;NR3C1;ENDOD1;ARL2BP;ELL2;BNIP3L;GCLC;RNF19A;MKRN1;SEC14L1;SLC25A37;RIOK3;ALAD;UBAC1;SDCBP;BACH1;BLVRA;FECH;CDC27;MGST3;CIR1;TENT5C;ADIPOR1;EZH1;GMPS;PICALM;TCEA1;RBM38;ALDH6A1;TRAK2;MXI1;HTATIP2;SIDT2;LAMP2;CCND3,age_changes_CD8_MAIT_02202026
Cholesterol Homeostasis,0.49233094491715185,0.26134493738554604,1.0091858124943207,LGALS3;ANTXR2;ANXA5;CLU;PNRC1;ATF3;ALCAM;CD9;ACSS2;CXCL16;FABP5,age_changes_CD8_MAIT_02202026
Reactive Oxygen Species Pathway,0.5055125498475252,0.2743269264889263,1.0129342003382764,SOD2;TXN;PRDX6;FTL;SOD1;LSP1;GPX4;GCLC;PDLIM1;ABCC1;SCAF4;NQO1;SBNO2,age_changes_CD8_MAIT_02202026
Unfolded Protein Response,0.5232211079274116,-0.32457383691887765,-1.1528164157009324,NOP56;BANF1;EXOSC5;ARFGAP1;SRPRB;EIF4A1;ATF4;GOSR2;FKBP14;EIF4A3;NFYB;EIF2S1;RRP9;TATDN2;PDIA5;LSM1;EIF4A2;YIF1A;EXOSC2;NABP1;KHSRP;NHP2,age_changes_CD8_MAIT_02202026
Glycolysis,0.5327722063037249,-0.29325441211689135,-1.0948568376921113,GLRX;ENO1;CHST12;SLC16A3;AKR1A1;NASP;ME2;POLR3K;MDH1;CHST2;CYB5A;PGM2;B4GALT2;HK2;GALE;G6PD;FKBP4;FUT8;TSTA3;EXT1;ARPP19;TGFA;SLC37A4;LHPP;GOT1;SLC35A3;ERO1A;EFNA3;COPB2;NANP;PSMC4;CLN6;GMPPB;SLC25A10;STMN1;RPE;NSDHL;TPST1;PGLS;TALDO1;SRD5A3;ZNF292;GALK2;B4GALT4;CAPN5;PPIA;AURKA;RBCK1;B4GALT7;DLD,age_changes_CD8_MAIT_02202026
Apical Surface,0.5362274220032841,0.29135446855092917,0.9765398502182823,GSTM3;FLOT2;MAL;CRYBG1;HSPB1;GATA3;CROCC;PLAUR,age_changes_CD8_MAIT_02202026
Adipogenesis,0.5464272922636103,-0.2834587464944547,-1.0660591660697207,CCNG2;ECH1;DBT;ATP5PO;ACAA2;ESRRA;ACADM;JAGN1;DECR1;CYC1;SUCLG1;REEP5;TKT;DHRS7B;IFNGR1;TST;DGAT1;UCP2;RTN3;VEGFB;SCP2;MRPL15;PPM1B;NABP1;IDH3A;SQOR;LIPE;YWHAG;COX7B;COQ9;CRAT;UCK1;CAT;SLC25A10;SCARB1;UQCRQ;ECHS1;PREB;AIFM1;MAP4K3;TALDO1;RREB1;COQ3;SLC19A1;ACADS;NMT1;NDUFB7;GPAM;REEP6;COQ5;SLC1A5;UQCR10;DLD;GADD45A;SAMM50;ELOVL6,age_changes_CD8_MAIT_02202026
E2F Targets,0.5490687679083095,-0.28637147542429187,-1.077141797382586,NOP56;MYC;CKS2;PAICS;TP53;DCTPP1;NME1;POLD2;NASP;HNRNPD;UBE2T;EIF2S1;KPNA2;PRDX4;RPA2;SNRPB;CDK4;TUBG1;HMGA1;MCM3;PMS2;PPP1R8;UBE2S;SMC1A;HELLS;TBRG4;LUC7L3;CHEK2;IPO7;MSH2;NAA38;DDX39A;TIPIN;SMC4;STMN1;ZW10;MCM7;RANBP1,age_changes_CD8_MAIT_02202026
Notch Signaling,0.5521728748806113,-0.3790092405346547,-1.051311665966478,LFNG;KAT2A;PSENEN,age_changes_CD8_MAIT_02202026
G2-M Checkpoint,0.55938211740504,-0.29343281409004013,-1.0996125030593418,MYC;CKS2;TNPO2;SLC12A2;WRN;HIRA;NASP;RBM14;HNRNPD;KMT5A;RPS6KA5;MAPK14;TOP1;KPNA2;RPA2;CUL3;CDK4;TGFB1;E2F4;NUP50;HMGA1;MCM3;MTF2;CHMP1A;UBE2S;SMC1A;UPF1;RAD23B;SFPQ;DDX39A;UCK2;ATRX;SMC4;STMN1;CASP8AP2;PRPF4B;POLE;SYNCRIP;PRIM2;PRMT5;PRC1;AURKA;PAFAH1B1;NUSAP1;TFDP1;SMC2;SRSF2;FBXO5;TRA2B;SLC7A1;CKS1B;CCND1;PLK4;NDC80;BARD1;CUL1;MAP3K20;ORC5;CTCF;SQLE;DKC1;YTHDC1;JPT1;CUL4A;ORC6;SMARCC1;MCM2;KIF2C;HSPA8,age_changes_CD8_MAIT_02202026
DNA Repair,0.561972699777141,-0.3009462568521564,-1.1123852984004778,ADA;CMPK2;TP53;IMPDH2;NME1;POLR2H;POLR2G;TSG101;SRSF6;GTF2H5;NELFB;SAC3D1;ZNRD1;POLR1D;NUDT9;RPA2;PNP;REV3L;SNAPC4;ITPA;APRT;TAF10;RFC4;ERCC1;PDE6G;TAF12;BOLA2;UMPS;NELFCD;SUPT4H1;RBX1;DAD1;ALYREF;NCBP2;ERCC2;UPF3B;RAE1;ZNF707;GTF2B;GTF2H3;RAD52;RFC2;POLB;NT5C;RFC3;POM121;POLD1;POLD3;POLR2E,age_changes_CD8_MAIT_02202026
Estrogen Response Early,0.5783251231527093,0.21463713490357458,0.9527568306735653,AREG;TPBG;DYNLT3;SLC7A5;FKBP5;TIPARP;BHLHE40;BCL2;TJP3;ELF1;ELOVL5;ENDOD1;TOB1;AFF1;ABHD2;MED24;KLF10;KRT18,age_changes_CD8_MAIT_02202026
UV Response Up,0.5983003386298515,-0.3055580369017138,-1.116697778041204,AP2S1;POLR2H;CYB5B;CA2;ABCB1;DDX21;STIP1;AQP3;GCH1;TST;CDC34;DGAT1;PSMC3;FKBP4;CASP3;STK25;RFC4;WIZ;PRKACA;IRF1;MRPL23;NAT1;E2F5;DNAJA1;BID;SLC25A4;PPAT;EIF5;AGO2;NPTXR;CDC5L;MARK2;PRPF3;NR4A1;EPHX1;KLHDC3;HYAL2;BAK1;FURIN;TYRO3;FOSB;PLCL1;CHKA;RAB27A;MGAT1;RASGRP1;POLE3;ALAS1,age_changes_CD8_MAIT_02202026
UV Response Dn,0.725651331847607,-0.27498215097710366,-0.9760239016110989,MYC;SYNJ2;SIPA1L1;DBP;ATP2C1;PTEN;CELF2;MAPK14;DLG1;NFKB1;ATP2B1;MTA1;MRPS31;PIK3R3;ICA1;PRKCA;DYRK1A;SMAD7;ATRX;RXRA;TGFBR3;CDK13;ID1;DAB2;FBLN5;PRKAR2B;CACNA1A,age_changes_CD8_MAIT_02202026
Androgen Response,0.7596704871060173,-0.27084520272619145,-0.9340835644021417,ACTN1;SRF;STK39;AKT1;MAF;VAPA;UAP1;TNFAIP8;RAB4A;HPGD;ELK4;HOMER2;TSC22D1;SRP19;HMGCS1;SCD;SORD;IDI1;SLC38A2,age_changes_CD8_MAIT_02202026
KRAS Signaling Dn,0.7966370079927613,-0.270425194552925,-0.9352007994245038,ZBTB16;LFNG;CHST2;RSAD2;SLC16A7;CCDC106;RYR1;MX1;PDE6B;IFI44L;TCL1A;MAST3;MAGIX;PTPRJ;CD40LG;FGF22;YPEL1;STAG3;OXT;MTHFR;ENTPD7;ZC2HC1C;BARD1;LYPD3;P2RX6,age_changes_CD8_MAIT_02202026
Mitotic Spindle,0.8800848745332986,-0.22542146315625222,-0.8474155708339824,RANBP9;TIAM1;BIN1;ARHGAP10;PCNT;DLG1;SAC3D1;NCK2;CD2AP;RALBP1;RAPGEF6;SMC1A;FLNB;CAPZB;ARF6;ARFGEF1;EPB41;SMC4;CNTROB;RAB3GAP1;PKD2;PREX1;WASF2;ARHGEF2;UXT;MARK4;NET1;CLIP2;CEP192;GEMIN4;RHOF;PRC1;AURKA;CEP250;MAPRE1;DST;PAFAH1B1;NUSAP1;TUBGCP5;ARL8A;TSC1;PPP4R2;FBXO5;CYTH2;KPTN;SASS6;FARP1;NDC80;TBCD;CEP72;NCK1,age_changes_CD8_MAIT_02202026
Xenobiotic Metabolism,0.8846420612179925,-0.23935493455480344,-0.8647384592600414,MTHFD1;ECH1;DDAH2;CA2;MAN1A1;GSTO1;CNDP2;ATP2A2;CYB5A;SLC35D1;CBR1;GCH1;CSAD;MCCC2;CROT;PINK1;TNFRSF1A;ARPP19;SLC6A6;LONP1;SERTAD1;COMT;ASL;CAT;TPST1;UGDH;TMEM97;GART;NMT1;ATOH8;NFS1;SLC1A5;EPHX1;ESR1;CYP2E1,age_changes_CD8_MAIT_02202026
Hedgehog Signaling,0.9115826965934417,-0.2937636868150927,-0.7823414311121933,LDB1;TLE1;CELSR1;PTCH1;CDK5R1,age_changes_CD8_MAIT_02202026
IL-6/JAK/STAT3 Signaling,0.9156596486856857,-0.2404281388015767,-0.8057386625172076,IL2RG;IRF9;LTB;TNF;IL12RB1;IFNGR1;TGFB1;IFNGR2;TNFRSF1A;IRF1,age_changes_CD8_MAIT_02202026
Spermatogenesis,0.9294651384909265,-0.217418083752435,-0.7357580672836574,POMC;SLC12A2;PIAS2;STRBP;AGFG1;BRAF;CSNK2A2;NEFH;RFC4;LPIN1;TLE4;TALDO1;RAD17;AURKA;ACRBP;MAST2;JAM3;ZC2HC1C;IFT88;PSMG1;RPL39L;CHFR;VDAC3;HSPA1L;STAM2;KIF2C;GMCL1;PHKG2;CCT6B;IDE;SIRT1,age_changes_CD8_MAIT_02202026
Allograft Rejection,0.0,0.380944154279522,2.1527124160499427,CD4;CDKN2A;IL15;CD40LG;HLA-DMB;HLA-DMA;TPD52;HLA-DRA;HLA-DQA1;IFNGR1;FAS;RIPK2;TIMP1;STAT4;F2R;NCF4;GPR65;CCR5;TAPBP;CD74;CTSS;MAP4K1;ICAM1;CD2;APBB1;TLR3;FLNA;CD3E;CSF1;NLRP3;SPI1;HCLS1;NPM1;CRTAM;CD96,age_changes_CD8_TEMRA_02202026
Coagulation,0.004040156709108717,0.4031964701559937,2.036212468548374,CFH;CTSH;CLU;TIMP1;CAPN2;CSRP1;CTSO;CTSB;F8;SERPINA1;CPQ;FYN;ISCU;PECAM1;F12;CFD;LTA4H;PREP;SIRT2;LRP1;PDGFB;DPP4;BMP1,age_changes_CD8_TEMRA_02202026
Complement,0.007070274240940254,0.343422061275764,1.9329649169202379,CFH;CTSH;CD40LG;SPOCK2;ZEB1;CLU;CASP1;KYNU;GZMK;TIMP1;S100A12;CTSS;CSRP1;LIPA;CTSO;CTSB;S100A9;F8;CD36;SERPINA1;ANXA5;GATA3;CBLB;CPQ;FCN1;HSPA5;FYN;PRCP;GCA;LGALS3;CD59;CALM3;RBSN;EHD1;RCE1;LTA4H;CD55;PREP;PRKCD;KIF2A;LRP1;PRDM4;VCPIP1;RAF1;PDGFB;CDA;DPP4,age_changes_CD8_TEMRA_02202026
Apoptosis,0.008080313418217433,0.3570570149213563,1.9620004193628717,TSPO;IFNGR1;FAS;CLU;CASP1;TIMP1;PDCD4;F2R;HMGB2;ETF1;MADD;CDC25B;ENO2;CD2;SOD2;CD44;TXNIP;LGALS3;DPYD;RELA;BIK;CD14;RETSAT;ISG20;GNA15;RHOT2;LMNA;CDK2;TGFBR3;DAP;RHOB;PPT1;SPTAN1;PEA15;CTH;CYLD;FEZ1;ATF3;CTNNB1;DNAJC3;BCL10;BCAP31,age_changes_CD8_TEMRA_02202026
Epithelial Mesenchymal Transition,0.00969637610186092,0.34613141376039963,1.8425512264017383,IGFBP3;IL15;VIM;LGALS1;VCAN;TGFBI;FAS;TIMP1;VCAM1;MAGEE1;SGCB;ENO2;PLOD3;LOXL1;WIPF1;CD44;CADM1;GLIPR1;FLNA;COL6A2;QSOX1;SGCD;CD59;ACTA2;PFN2;NOTCH2;COPA;TGFBR3;RHOB,age_changes_CD8_TEMRA_02202026
Unfolded Protein Response,0.01346718903036239,0.34736708512282694,1.7993088689648649,HERPUD1;SPCS1;HSPA9;SRPRA;EEF2;ERN1;DCP1A;HSP90B1;YWHAZ;BAG3;HSPA5;DDIT4;DCTN1;DNAJB9;EXOC2;NPM1;SSR1;HYOU1;POP4;ATF6;DKC1;SDAD1;PDIA6;CALR;XPOT;SLC30A5;PARN;SERP1;SEC31A;ATF3;DNAJC3;SLC7A5;SLC1A4;NOLC1;EXOSC10;TUBB2A;EIF4G1;EDC4;ASNS,age_changes_CD8_TEMRA_02202026
Interferon Alpha Response,0.014223560910307898,-0.4069338295426139,-1.7283132473493785,USP18;IRF9;ISG15;PLSCR1;IRF7;SAMD9L;SELL;IFI35;OAS1;IFI44L;EPSTI1;MX1;BST2;SAMD9;IFI27;NMI;LY6E;RSAD2;PARP14;RTP4;SP110;MVB12A;UBE2L6;PSMA3;PSMB8;IRF1;LAMP3;PROCR;CMPK2;CNP;IFIT2,age_changes_CD8_TEMRA_02202026
Inflammatory Response,0.02135511403386036,0.30557485922474603,1.678678327662707,IL15;IL18R1;IL7R;CD70;NOD2;RIPK2;TIMP1;TAPBP;PROK2;C5AR1;SLAMF1;SLC4A4;KCNA3;BEST1;CD82;IL10RA;ICAM1;PDE4B;FPR1;TLR3;CSF1;NLRP3;RELA;CYBB;CD14;GNA15;GPR132;TNFRSF1B;CD55;IFITM1;RNF144B;CXCL8;C3AR1;IL15RA;CSF3R;RAF1;CXCR6;AHR;IL4R;MXD1;OSM;ACVR1B;ACVR2A;CCL5;ABI1;PLAUR;CD40;PIK3R5;IFNGR2;CD48;SRI,age_changes_CD8_TEMRA_02202026
heme Metabolism,0.02585700293829579,0.28737765459166953,1.608942850306461,GDE1;PRDX2;MGST3;CTSB;SEC14L1;FBXO7;MXI1;EIF2AK1;DMTN;CIR1;ISCA1;ARL2BP;SLC25A38;MKRN1;TMCC2;HTATIP2;ACSL6;NUDT4;TCEA1;RAD23A;RIOK3;GMPS;ADIPOR1;RCL1;CAST;MFHAS1;AGPAT4;NFE2L1;ATP6V0A1;BSG;OPTN;FECH;ENDOD1;EPOR;DCAF11;SLC10A3;SIDT2;BTRC;FOXJ2;NARF;NCOA4;BNIP3L;LRP10;TRAK2;PDZK1IP1;ASNS;MOSPD1;BLVRB;DCAF10;NEK7;ALDH6A1;TENT5C;SYNJ1,age_changes_CD8_TEMRA_02202026
IL-2/STAT5 Signaling,0.026036565458700624,0.28711587920415854,1.622755690904506,IL18R1;PRNP;PLIN2;IFNGR1;GALM;SERPINB6;GPR65;CDC42SE2;SLC39A8;AHNAK;GABARAPL1;IL10RA;ANXA4;RABGAP1L;BCL2;CD44;PLEC;PHTF2;RRAGD;LRIG1;SYNGR2;CSF1;FGL2;SYT11;BHLHE40;EOMES;TRAF1;FLT3LG;MAP3K8;ITGA6;HOPX;RHOB;TNFRSF1B;TNFRSF18;RNH1;NFKBIZ;CTLA4;IRF4;AHR;IL4R;MXD1;MYO1C;PRKCH;NOP2;RORA,age_changes_CD8_TEMRA_02202026
Protein Secretion,0.028281096963761018,0.3214977440895496,1.6250876834384584,TPD52;TMED10;GALC;ATP1A1;TMED2;RAB5A;ARF1;SGMS1;RAB9A;ANP32E;MON2;RAB14;SCAMP3;ERGIC3;AP2B1;PPT1;LMAN1;AP3S1;SEC31A;CD63;SNX2;YKT6;SEC24D;RAB2A;CLTC;VAMP3;NAPA;GBF1;AP3B1;ATP6V1H;COG2,age_changes_CD8_TEMRA_02202026
IL-6/JAK/STAT3 Signaling,0.029291136141038197,0.3208327601124965,1.561186433512481,IL18R1;IFNGR1;FAS;CD36;CD44;STAT3;CSF1;MYD88;ITGA4;PTPN1;CD14;MAP3K8;CCR1;TNFRSF1B;STAT1;IL7;IL15RA;CSF3R;LEPR;IL4R;ACVR1B;PTPN2;PTPN11;PIK3R5;GRB2;IFNGR2,age_changes_CD8_TEMRA_02202026
Interferon Gamma Response,0.030852105778648383,0.27596720728955343,1.5746719491851935,CFH;IL15;HLA-DMA;ZBP1;HLA-DQA1;FAS;CASP1;HLA-DRB1;RIPK2;STAT4;IL18BP;VCAM1;TAPBP;CD74;IL10RA;ICAM1;SOD2;PDE4B;IRF5;PELI1;PFKP;STAT3;FPR1;CIITA;TXNIP;ZNFX1;ADAR;CMTR1;FGL2;MYD88;PTPN1;PML;ISG20;ARID5B,age_changes_CD8_TEMRA_02202026
Fatty Acid Metabolism,0.0371694417238002,0.28009226309690693,1.4952103466861788,LGALS1;GLUL;ELOVL5;SUCLG2;ACSM3;ERP29;GABARAPL1;LTC4S;ENO2;CD36;HSD17B11;S100A10;SLC22A5;MIF;RAP1GDS1;ACSL5;ACADVL;PRDX6;RETSAT;PCBD1;ACSL1;ALDOA;DHCR24;SERINC1,age_changes_CD8_TEMRA_02202026
Myc Targets V1,0.03729375423792662,0.26648670027043725,1.5146524922644462,SNRPA1;PABPC1;PABPC4;ETF1;CNBP;EIF4G2;DUT;CANX;EIF4H;RSL1D1;GLO1;RPLP0;FBL;SF3A1;YWHAQ;XRCC6;MCM6;SNRPA;PSMD7;BUB3;U2AF1;NPM1;PTGES3;HNRNPA1;TUFM;HNRNPC;RNPS1;HNRNPA3;CDK2;KPNB1;PRDX4;EEF1B2;STARD7;SNRPD2;AP3S1;MAD2L1;XPOT;POLE3;NOLC1;PPIA;CUL1;RPL14;PRPS2;UBA2;RPL18;HSP90AB1;IMPDH2;SNRPD1;GOT2;EXOSC7;ILF2;NCBP1;PSMA6;EIF1AX;RRM1;RPL22;HNRNPU;PA2G4;CCT7;MRPL9;SYNCRIP;ODC1;UBE2L3;RPS5;HNRNPR,age_changes_CD8_TEMRA_02202026
p53 Pathway,0.038092906114453616,0.26685227969151776,1.5006699372427628,CDKN2A;CCNG1;PVT1;FAS;CASP1;RPS27L;ZNF365;AEN;F2R;RB1;DDB2;PERP;CGRRF1;CD82;SEC61A1;CEBPA;S100A10;DDIT4;ISCU;ANKRA2;TXNIP;FAM162A;RETSAT;PPM1D;PMM1;DNTTIP2;TOB1;STOM;CCNK;S100A4;ATF3;RPL36;PITPNC1;PRKAB1;HINT1;GM2A;SESN1;MXD1;ACVR1B;CYFIP2;RPL18;KIF13B;GLS2;NUDT15;ELP1;SAT1;BTG1,age_changes_CD8_TEMRA_02202026
Reactive Oxygen Species Pathway,0.038128978942213516,0.3363587622542322,1.4812976888759275,PRNP;PRDX2;SOD2;SCAF4;TXN;PFKP;PDLIM1;PRDX6;LSP1;PRDX4,age_changes_CD8_TEMRA_02202026
Androgen Response,0.038262660598029616,0.2934510867256894,1.4708258091455046,TPD52;INPP4B;ELOVL5;UBE2J1;MAF;FKBP5;CDC14B;INSIG1;B4GALT1;XRCC6;DNAJB9;ARID5B;DHCR24;LMAN1;ADAMTS1;PIAS1;GPD1L;NCOA4;SEC24D;CAMKK2;SAT1;RAB4A;ABCC4;ABHD2;HSD17B14;PA2G4;ELL2;UAP1;TMEM50A,age_changes_CD8_TEMRA_02202026
Adipogenesis,0.04197273914462945,0.2602712205117391,1.4470314395419819,RAB34;PLIN2;IFNGR1;PDCD4;GPHN;SLC5A6;RNF11;GPAT4;DHCR7;MGST3;LTC4S;CD302;BCL6;BAZ2A;SULT1A1;CD36;CD151;G3BP2;DNAJB9;NDUFA5;CMPK1;MCCC1;RIOK3;NDUFB7;BCL2L13;RETSAT;ALDOA;TOB1;STOM;MDH2;CHUK;PFKL;SLC25A1;PHYH;PGM1;GBE1;GHITM;ALDH2;FAH;DHRS7;BCKDHA;PEMT;PFKFB3;EPHX2;UBC;SDHC;SLC27A1;COX8A;TANK,age_changes_CD8_TEMRA_02202026
Myogenesis,0.04302766895200783,0.2574050873980583,1.4240232760823583,IGFBP3;GNAO1;SORBS3;PRNP;CLU;TPM3;DAPK2;HDAC5;RB1;CKB;CD36;SH2B1;SVIL;COL6A2;SYNGR2;AGL;SGCD;MYH9;CFD;ACSL1;BHLHE40;LSP1;SPTAN1;SIRT2;PFKM;NCAM1;FHL1,age_changes_CD8_TEMRA_02202026
Glycolysis,0.04465436362699108,0.260450507576294,1.4288739854658985,IGFBP3;VCAN;TGFBI;ECD;GFPT1;PKM;ENO2;PRPS1;MXI1;CD44;TXN;PFKP;B4GALT1;HSPA5;DDIT4;RRAGD;GNPDA1;FAM162A;MIF;AGL;QSOX1;BIK;CXCR4;ISG20;MPI;SLC37A4;CHPF2;ALDOA;CITED2;MDH2;HS2ST1;CTH;KIF2A;GLCE;GUSB;ARPP19;PPIA;CHPF,age_changes_CD8_TEMRA_02202026
KRAS Signaling Dn,0.05526869382291069,-0.3670445485778257,-1.5659471922014054,TCL1A;CHST2;LFNG;PDCD1;CCDC106;IFI44L;NUDT11;MX1;ZBTB16;RSAD2;LYPD3;SLC6A3;PDE6B;PLAG1;OXT;SPHK2;RYR1;BARD1,age_changes_CD8_TEMRA_02202026
G2-M Checkpoint,0.07071141709695926,-0.3219122177452925,-1.4977118287142397,CKS2;SMC4;MAPK14;MKI67;NDC80;NASP;GINS2;CENPF;RBM14;EZH2;CKS1B;MYBL2;AURKB;KIF11;TACC3;MTF2;FBXO5;HNRNPD;CCNB2;CUL3;TENT4A;RPA2;BARD1;SLC12A2;HIRA;KIF23;CTCF;UBE2S;LBR;CDC6;CDC45;CDC20;KPNA2;ABL1;E2F1;STAG1;AMD1;NUSAP1;XPO1;MARCKS;EXO1;RAD54L;PLK1;BUB1;TGFB1;STIL;BIRC5;DTYMK;TROAP;UBE2C;SMC2;SFPQ;KMT5A;CENPE;CDK1;NEK2;CHMP1A;POLQ;HMMR;STMN1;TOP1;PLK4;CCNF;KIF15;PBK;TNPO2;MEIS1;E2F4;UPF1;TTK;CASP8AP2;AURKA;KIF2C,age_changes_CD8_TEMRA_02202026
Hypoxia,0.08234224149993004,0.23847953407062666,1.3316610123756982,IGFBP3;TPD52;PLIN2;TGFBI;ENO2;BCL2;GPI;MXI1;PFKP;PNRC1;ERRFI1;ANXA2;HSPA5;DDIT4;RRAGD;IDS;FAM162A;MIF;MYH9;CXCR4;ISG20;BHLHE40;SLC37A4;ALDOA;VHL;CITED2;S100A4;ATF3;HK1;PFKL;SLC25A1;PDGFB;RORA;PGM1;KLHL24;GBE1;GAA;BNIP3L;PLAUR,age_changes_CD8_TEMRA_02202026
mTORC1 Signaling,0.10302399608227228,0.2271434239361353,1.2765366882980773,SKAP2;CCNG1;ELOVL5;TUBA4A;HSPA9;DHCR7;ETF1;CANX;INSIG1;GPI;HSP90B1;HSPA5;DDIT4;SYTL2;RPN1;TCEA1;FGL2;GMPS;SSR1;CXCR4;BHLHE40;SLC37A4;ALDOA;GGA2;DHCR24;PPA1;LTA4H;PSME3;CALR;CTH;SERP1;NUP205;UFM1;SLC7A5;SLC1A4;PFKL;RAB1A;PPIA;DAPP1;PGM1;GBE1;YKT6;UBE2D3;CYP51A1;ASNS;UCHL5,age_changes_CD8_TEMRA_02202026
Cholesterol Homeostasis,0.10614593535749267,0.2789017954732235,1.2890782433649395,ANTXR2;CLU;ETHE1;DHCR7;ACSS2;ABCA2;ANXA5;PNRC1;ERRFI1;PMVK;SREBF2;LGALS3;CXCL16;ATF3;CTNNB1;ATF5;GUSB,age_changes_CD8_TEMRA_02202026
KRAS Signaling Up,0.10715198228505726,0.23378201801396406,1.277063646469258,IGFBP3;CFH;NAP1L2;CDADC1;IL7R;PCSK1N;PRDM1;CTSS;MAP4K1;IL10RA;CD37;RABGAP1L,age_changes_CD8_TEMRA_02202026
Notch Signaling,0.17336488812392425,-0.4168867761585932,-1.349926634348051,LFNG;PRKCA;RBX1;NOTCH1;HES1;DLL1;DTX1;PSENEN;ST3GAL6;JAG1;ARRB1;DTX4;FZD1,age_changes_CD8_TEMRA_02202026
TGF-beta Signaling,0.1806392235609103,-0.36772255265305814,-1.3704573592627565,ID3;NOG;SMURF2;SMAD7;PMEPA1;TRIM33;CDK9;CDKN1C;FURIN;SERPINE1;TGFB1;HDAC1;LTBP2;BCAR3,age_changes_CD8_TEMRA_02202026
Pperoxisome,0.20620959843290892,0.2393500807513865,1.1774163162762727,TSPO;GSTK1;ELOVL5;PABPC1;CNBP;SOD2;HSD17B11;CADM1;ACSL5;RETSAT;ACSL1;DHCR24;MVP,age_changes_CD8_TEMRA_02202026
TNF-alpha Signaling via NF-kB,0.3457441799141114,0.18959475605646,1.0911052036111017,IL7R;BCL2A1;RIPK2;KYNU;MSC;SERPINB8;BCL6;ICAM1;SOD2;PDE4B;CD44;PNRC1;B4GALT1;LITAF;CSF1;RELA;BHLHE40;EHD1;TRAF1;MAP3K8;PER1;TNIP1;RHOB;TRIP10;ATF3;PANX1;IL15RA;AREG;G0S2;MXD1;BTG3;CCL5;PLAUR;SMAD3;TUBB2A;IFNGR2;PFKFB3;SAT1;BTG1,age_changes_CD8_TEMRA_02202026
Apical Surface,0.3558599477274176,-0.36772662533831246,-1.2397269457549507,SULF2;IL2RG;MAL;LYPD3;GAS1;APP;LYN;DCBLD2;ATP8B1;GSTM3;CD160;BRCA1;TMEM8B;IL2RB,age_changes_CD8_TEMRA_02202026
Apical Junction,0.36720535422788114,0.19862230308931947,1.0753833770613979,SORBS3;VCAN;SKAP2;TGFBI;VCAM1;SGCE;INSIG1;ICAM1;AKT3;B4GALT1;EXOC4;PECAM1;ZYX;CTNNA1;MYH9;ARHGEF6;TRAF1;PIK3CB;CDK8;MPP5;LDLRAP1;NEXN;ADAM15,age_changes_CD8_TEMRA_02202026
UV Response Up,0.3937894434882387,-0.2690672144194043,-1.2020700580118873,E2F5;CYB5B;POLR2H;DNAJA1;HSPA2;MARK2;AGO2;CHKA;CDC34;CCND3;SLC25A4;AP2S1;PRKACA;POLG2;CCNE1;NPTXR;NAT1;TYRO3;LYN;RRAD;DGAT1;IRF1;BAK1;TST;CHRNA5;CDKN1C;FURIN;EPHX1;CASP3;AMD1;CNP;CDC5L;GCH1;BID;NR4A1;FKBP4;GLS;FGF18;PPAT;ATP6V1F;ACAA1,age_changes_CD8_TEMRA_02202026
Pancreas Beta Cells,0.4413871204701273,0.32146029552891175,1.0365566420233905,SPCS1;AKT3,age_changes_CD8_TEMRA_02202026
Angiogenesis,0.4887196460535648,0.26413436431284454,1.0110684580969616,VCAN;TIMP1,age_changes_CD8_TEMRA_02202026
E2F Targets,0.49890833173965704,-0.24247977069767462,-1.120689876300905,CKS2;SMC4;TP53;MKI67;NASP;NME1;SNRPB;EZH2;RPA3;CKS1B;MYBL2;AURKB;TACC3;HNRNPD;NOP56;PCNA;RRM2;CCNB2;DCTPP1;RPA2;BARD1;TRIP13;EXOSC8;CCNE1;CTCF;UBE2S;DSCC1;LBR;CDC20;KPNA2;CBX5;STAG1;XPO1;RANBP1;CCP110;PLK1;BUB1B;SPC25;BRCA1;DNMT1;BIRC5;CENPE;CDK1;DEPDC1;HMMR;STMN1;MRE11;TIPIN;TK1;CIT;PLK4;HELLS;DLGAP5;NAA38;MCM4;NUP153;AURKA;KIF2C;SMC3;TFRC;SMC6;CDC25A;UBE2T;SPAG5;PAICS;SMC1A;CENPM;DIAPH3;JPT1;DDX39A;MCM7;GINS1,age_changes_CD8_TEMRA_02202026
UV Response Dn,0.5035140562248996,-0.2526999443362469,-1.098770079353786,DAB2;RXRA;MAPK14;SYNJ2;PRKCA;DBP;FHL2;SMAD7;ICA1;MRPS31;NFKB1;TENT4A;DLG1;SPOP;CACNA1A;FZD2;IGF1R;PRKAR2B;PTEN;KALRN,age_changes_CD8_TEMRA_02202026
PI3K/AKT/mTOR  Signaling,0.5044809010773751,0.19756127966991854,0.9986677105335581,THEM4;ARHGDIA;ARF1;HSP90B1;PRKAR2A;MYD88;PLCB1;CXCR4;CDK2;YWHAB;MAPK8;CALR;RAF1;DAPP1;CAB39L;PTPN11;MAPKAP1;UBE2D3;MKNK1;GRB2;CLTC;CDKN1B;GSK3B;PAK4;PLCG1;AKT1S1;ACACA;RIPK1;PIN1;IRAK4;NOD1;RPS6KA1;PLA2G12A;AP2M1;RAC1;RALB;SQSTM1,age_changes_CD8_TEMRA_02202026
DNA Repair,0.5194647638171734,-0.2557011748676318,-1.1344442518248012,GTF2H5;PDE6G;BOLA2;TP53;POLR2G;RBX1;NME1;NELFB;TYMS;POLR2H;RPA3;ADA;VPS37D;TSG101;PCNA;ZWINT;RPA2;CSTF3;SRSF6;ALYREF;RAD51;ZNF707;TAF12;PRIM1;TAF10;DAD1;AK1;SAC3D1,age_changes_CD8_TEMRA_02202026
Bile Acid Metabolism,0.56053916147989,0.1944613005330496,0.9710653236291863,NR3C2;GSTK1;ABCA2;HSD17B11;PEX16;ACSL5;RETSAT;ACSL1;DHCR24;OPTN;PFKM;ABCA3,age_changes_CD8_TEMRA_02202026
Oxidative Phosphorylation,0.5622924598828213,-0.22790128292547437,-1.058190653894383,FXN;ECH1;TIMM8B;SLC25A11;NDUFA7;TIMM13;ATP6V1D;ATP5F1C;NDUFS2;NDUFB2;NDUFA2;ATP5PF;NDUFB3;PDHB;NDUFA9;ATP6V1E1;MRPS12;MDH1;NDUFB8;NDUFC2;CYB5A;SLC25A4;ATP5MC3;HSD17B10;ACADM;UQCRC2;MTX2;MRPL15;SDHD;SLC25A20;PDP1;NDUFA8;ATP5PO;CYCS;MRPS11;TIMM17A,age_changes_CD8_TEMRA_02202026
Wnt-beta Catenin Signaling,0.5748011888825141,-0.2910982991551612,-1.0357991852634825,TP53;AXIN1;NOTCH1;DLL1;GNAI1;HEY2;LEF1;FRAT1;TCF7;NKD1;ADAM17;JAG2;JAG1;FZD1;SKP2,age_changes_CD8_TEMRA_02202026
Estrogen Response Late,0.6978108166013711,0.16894540284665904,0.9078634973830957,ELOVL5;PDCD4;TJP3;DYNLT3;PERP;FKBP5;DHCR7;S100A9;CKB;BCL2;SERPINA1;CD44,age_changes_CD8_TEMRA_02202026
Hedgehog Signaling,0.7171488150403813,-0.288625939403313,-0.9607452987326435,HEY2;CDK5R1;LDB1;NRCAM;TLE1;RTN1;OPHN1;VEGFA;CELSR1;ACHE;DPYSL2;GLI1;HEY1;NRP2;ETS2;L1CAM;NRP1;SLIT1;ADGRG1,age_changes_CD8_TEMRA_02202026
Estrogen Response Early,0.7359206660137121,0.16270563885252518,0.8810117866066696,ELOVL5;TJP3;DYNLT3;FKBP5;DHCR7;BCL2;ISG20L2;CD44;B4GALT1;SVIL;SLC22A5;GAB2;LRIG1;SLC39A6;BHLHE40;CANT1;TOB1;SH3BP5;ENDOD1;AFF1;ABCA3;NADSYN1;SLC7A5;SLC1A4;AREG;MYBBP1A;ABLIM1,age_changes_CD8_TEMRA_02202026
Myc Targets V2,0.8244440346419692,-0.2278825289787972,-0.8931053600336464,BYSL;PPAN;IPO4;NOP56;DCTPP1;SORD;HK2;PHB;PLK1,age_changes_CD8_TEMRA_02202026
Spermatogenesis,0.8330130043985466,-0.21072788623542554,-0.8625179359716815,EZH2;POMC;HSPA2;IFT88;TLE4;CCNB2;TKTL1;SLC12A2;SCG5;HSPA1L;GSTM3;IP6K1;MAP7;CSNK2A2;BUB1;CDK1;NEK2;PCSK4;TALDO1;RFC4;DMC1;DPEP3;CHFR;PIAS2;TTK;AURKA;KIF2C;AGFG1,age_changes_CD8_TEMRA_02202026
Mitotic Spindle,0.9272491752725187,-0.16621342019327492,-0.7738620552997232,SMC4;NDC80;RANBP9;PREX1;CENPF;KIF11;PIF1;FBXO5;RALBP1;CCNB2;YWHAE;MYO1E;FGD4;DLG1;GSN;KIF23;RAB3GAP1;CCDC88A;ABL1;SAC3D1;PKD2;ARL8A;TIAM1;NUSAP1;MARCKS;FGD6;SOS1;FSCN1;PLK1;BUB1;CTTN;SORBS2;OPHN1;BIRC5;CENPE;CDK1;NEK2;NET1;ANLN;DOCK4;NEDD9;CDC42EP1;BIN1;KIF15;PLEKHG2;DLGAP5;TTK;AURKA;KIF2C;MYO9B;SMC3;NCK2,age_changes_CD8_TEMRA_02202026
Xenobiotic Metabolism,0.9473847772040543,-0.15812156325548127,-0.7004469941994241,ECH1;DDAH2;GSTO1;HES6;IRF8;JUP;SPINT2;GSTM4;CYB5A;ESR1;TNFRSF1A;LONP1;TPST1;ITIH4;NMT1;CYP2J2;EPHX1;CSAD;SERPINE1;ACSM1;GCH1;IDH1;SERTAD1;MCCC2;ACP2;CYP2S1;ABCC2;SLC6A6;SLC22A1;POR;ASL;LPIN2;MPP2;SAR1B;DDT;ATP2A2;NQO1;GCNT2;DCXR,age_changes_CD8_TEMRA_02202026
Coagulation,0.0,0.492499506018514,1.9842779405121325,CLU;CAPN2;CTSH;ANXA1;CPQ;CFH;TIMP1;FYN;F8;PRSS23;SIRT2;PLEK;CSRP1;MAFF;SERPINA1;ISCU;WDR1;DPP4;RAC1;LTA4H;CTSB;C1R;PECAM1;LRP1;CTSK;HPN;APOA1;CFD;CTSO;F2RL2,age_changes_CD8_gdT_02202026
Epithelial Mesenchymal Transition,0.0,0.4884668799734049,1.9587609669341846,LGALS1;IGFBP3;IL15;FLNA;ITGB1;GLIPR1;SGCB;TIMP1;VCAM1;ENO2;WIPF1;CADM1;TGFBR3;VIM;FAS;ACTA2;PLOD3;PLOD1;SGCD;NOTCH2;VCAN;TGFBI;PPIB;COL6A2;IL32;RHOB;PDGFRB;CAPG;FUCA1;ID2;PLAUR;ITGAV,age_changes_CD8_gdT_02202026
Allograft Rejection,0.0,0.4887565849132952,2.0791730897539162,CDKN2A;F2R;HLA-DMA;CD2;HLA-DRA;IL15;GZMA;STAT4;KLRD1;GZMB;FLNA;HLA-DQA1;CCL5;NCF4;CTSS;TIMP1;CD8A;PRF1;GPR65;CD74;FAS;CCL4;IL2RB;SRGN;IL12RB1;MAP4K1;CD40;NCR1;TLR3;CD8B;ITGAL;TPD52;IFNG;CD4;TAPBP;RIPK2;ITGB2;FCGR2B;IL2RA;CSF1;TNF;SPI1;FGR;IGSF6;LYN;CAPG;HLA-DMB;IFNGR1;HCLS1;IRF4;JAK2;HDAC9;IL7,age_changes_CD8_gdT_02202026
Interferon Gamma Response,0.0,0.44929704003966303,1.962561973325604,ZBP1;HLA-DRB1;HLA-DMA;IL15;GZMA;IL10RA;STAT4;HLA-DQA1;CCL5;CFH;VCAM1;IL18BP;CASP1;CD74;FAS;AUTS2;CIITA;IL2RB;FGL2;CD40;XCL1;PDE4B;MT2A;TAPBP;RIPK2;CASP8;PTPN1;UPP1;OASL;SRI;MYD88;SPPL2A;IFITM2;FPR1;TRIM26;SLAMF7;MTHFD2;CMKLR1;PFKP;MVP;IL15RA;IFIT2;LATS2;CDKN1A;IRF4;GBP4;JAK2;PSMB9;TNFAIP2;IL7;IFIT3;VAMP8;BPGM;SOD2;ITGB7;CMTR1;IFITM3,age_changes_CD8_gdT_02202026
Apoptosis,0.0,0.4584240991723159,1.939847120356905,F2R;CLU;CD2;LGALS3;ANXA1;TIMP1;TSPO;HMGB2;ENO2;PRF1;CASP1;TGFBR3;FAS;FEZ1;PEA15;CASP8;SQSTM1;MADD;SLC20A1;RETSAT;LMNA;EBP;PDCD4;TNF;ERBB2;FDXR;BCAP31;RHOB;PDGFRB;BTG3;PSEN2;IFNGR1;PLCB2;CDKN1A;HMOX1;PMAIP1;BCL2L1;WEE1;RELA;CDC25B;PPP2R5B;SOD2;IFITM3;DNAJC3;CFLAR;RHOT2,age_changes_CD8_gdT_02202026
Complement,0.00038182512409316535,0.43890458431287294,1.8739118978806282,CLU;GZMA;GZMB;CTSH;LGALS3;ANXA5;CCL5;CPQ;CFH;CTSS;TIMP1;FYN;F8;CASP1;CBLB;GZMK;LIPA;HSPA5;PLEK;VCPIP1;S100A9;CSRP1;S100A12;GNG2;MAFF;CTSC;PRKCD;CALM3;SERPINA1;CDA;RBSN;LYN;PRDM4;FCN1;KYNU;ME1;DUSP5;JAK2;DPP4;PLAUR;PSMB9;L3MBTL4;GNGT2;XPNPEP1;LTA4H;CTSB;STX4;C1R;APOBEC3G;PRCP;CALM1;EHD1;CEBPB;LRP1;F5;SPOCK2;CPM;GCA;WAS;CTSO;CP;RNF4;MSRB1;HSPA1A,age_changes_CD8_gdT_02202026
IL-2/STAT5 Signaling,0.0019636720667648502,0.41544189086446376,1.7787147280411655,CST7;MAP3K8;TNFRSF1B;IL10RA;ANXA4;BHLHE40;AHNAK;HOPX;SERPINB6;GABARAPL1;GPR65;RABGAP1L;PTGER2;IL18R1;SYT11;IL2RB;FGL2;CDC42SE2;EOMES;PRNP;DHRS3;TNFRSF18;BATF;RORA;PTCH1;PLIN2;TWSG1;NFKBIZ;TNFRSF9;MAFF;IL2RA;PHLDA1;TRAF1;CSF1;PHTF2;ODC1;TNFRSF4;FAH;RHOB;DCPS;CCR4;PLPP1;NDRG1;SYNGR2;CAPG;GALM;IFNGR1;SOCS2;MYO1C;IRF4;GBP4;BCL2L1;ITGAV;CTLA4;COL6A1;SLC1A5,age_changes_CD8_gdT_02202026
Inflammatory Response,0.013459335624284079,0.3818035348679721,1.6182190416651436,CD70;IL15;TNFRSF1B;IL10RA;CCL5;PROK2;TIMP1;NMUR1;PTGER2;IL18R1;SLC4A4;IL2RB;CD40;TLR3;PDE4B;TAPBP;RIPK2;PTPRE;SRI;TNFRSF9;BEST1;FPR1;GPR132;CSF1;ADRM1;CMKLR1;NOD2;LYN;PTAFR;IL15RA;C5AR1;MEFV;CYBB;CDKN1A;PLAUR;RELA;LDLR;KCNA3;OSM;CSF3R;CXCL8;AQP9;CD82;ICAM1;HIF1A;SELENOS;EMP3;ABI1;GNA15;NLRP3;HPN;IFITM1;C3AR1;EIF2AK2;TNFSF9;KIF1B,age_changes_CD8_gdT_02202026
Myc Targets V1,0.015985790408525758,-0.4411673650735272,-1.6933661266151903,APEX1;MYC;NOP56;IMPDH2;PSMA4;MCM7;POLD2;NME1;CCT2;TRIM28;LSM2;PSMA7;SET;CBX3;EIF3J;DDX21;C1QBP;PSMA1;CCT3;GNL3;TXNL4A;SSBP1;SERBP1;PSMA2;EIF3B;CLNS1A;EIF3D;HDGF;PSMC6;NAP1L1;HSPD1;EIF2S2;NHP2;SRSF3;RSL1D1;SLC25A3;HNRNPD;HSP90AB1;SRM;ACP1;ILF2;CCT5;SMARCC1;SYNCRIP;CTPS1;RANBP1;PPM1G;NPM1;PSMD8;GSPT1;NCBP2;EEF1B2;PCNA;HNRNPA2B1;MAD2L1;ABCE1;UBE2E1;SNRPB2;PHB2;RPL22;RACK1;YWHAE;FBL;TARDBP;PGK1;VBP1;RPS10;FAM120A;HDAC2;PCBP1;RPS5;EIF4A1;PHB;TRA2B,age_changes_CD8_gdT_02202026
Myogenesis,0.016036655211912942,0.3916917645797131,1.5899543140940884,IGFBP3;CLU;GNAO1;ITGB1;NCAM1;BHLHE40;TPM3;DAPK2;SIRT2;PRNP;KIFC3;SGCD;FXYD1;FKBP1B;ACSL1;LSP1;IGFBP7;RB1;SORBS3;AGL;ADCY9;COL6A2;PSEN2;SYNGR2;MYH9;MYO1C;CDKN1A;PFKM,age_changes_CD8_gdT_02202026
Myc Targets V2,0.020481793960923624,-0.4970444078430972,-1.625706542546504,MYC;NOP56;PPAN;DCTPP1;CBX3;GNL3;HSPD1;SLC19A1;EXOSC5;IPO4;SRM;MRTO4;WDR43;TBRG4;SORD;NPM1;WDR74;MPHOSPH10;BYSL;PHB;HSPE1;RRP12;PUS1;NOP16;GRWD1;TMEM97,age_changes_CD8_gdT_02202026
Wnt-beta Catenin Signaling,0.02564387211367673,-0.52272736692546,-1.575805660730931,LEF1;TCF7;MYC;AXIN2;TP53;RBPJ,age_changes_CD8_gdT_02202026
Protein Secretion,0.030698739977090495,0.3914986699700149,1.511099569539845,CD63;AP2B1;GALC;TPD52;TMED2;TMED10;RAB9A;PAM;CTSC;ARF1;SNX2;SEC24D;SEC31A;ARFIP1;NAPA;MON2;VAMP3;VAMP7;SGMS1;ANP32E;TMX1;AP3B1;CLTC;LMAN1;GBF1;VPS4B;AP3S1;M6PR;IGF2R;SNAP23;KIF1B;PPT1;STX7;USO1;GLA;ATP1A1;RAB14;SCAMP3;LAMP2;YKT6;VAMP4;GOLGA4;RAB2A;YIPF6;VPS45;KRT18;STX12;AP1G1;ARCN1,age_changes_CD8_gdT_02202026
p53 Pathway,0.03353118817036343,0.34768472315698523,1.4874380696319178,CDKN2A;F2R;RPS27L;CGRRF1;DDB2;ZNF365;CASP1;FAS;S100A4;PERP;CCNG1;STOM;CEBPA;RHBDF2;KIF13B;PTPRE;DRAM1;UPP1;SEC61A1;RETSAT;TOB1;PMM1;AEN;RB1;ISCU;DDIT4;FDXR;SERTAD3;MAPKAPK3;NDRG1;S100A10;FUCA1;CDKN1A;HMOX1,age_changes_CD8_gdT_02202026
Cholesterol Homeostasis,0.04333715158457427,0.398352004141805,1.4528220113180867,CLU;LGALS3;ANXA5;LSS;ABCA2;STARD4;MVD;S100A11;EBP;ERRFI1;ACSS2;ANTXR2;DHCR7;ETHE1;GUSB;CXCL16;PLAUR;LDLR;SREBF2;IDI1;CYP51A1;FBXO6;ATF3,age_changes_CD8_gdT_02202026
mTORC1 Signaling,0.04634769583223191,0.32644196138256704,1.4362656683113961,BHLHE40;SKAP2;SLC7A5;FGL2;HSPA5;TBK1;CCNG1;SLC1A4;STARD4;SQSTM1;UCHL5;CALR;ITGB2;EBP;TPI1;ARPC5L;CTSC;GPI;HSPA9;MTHFD2;ADIPOR2;DDIT4;FDXR;TUBA4A;ACLY;CANX;SYTL2;FADS1;UFM1;RPN1;PSMD12;ME1;DHCR7;SRD5A1;GGA2;CDKN1A;G6PD;ACSL3;SSR1;INSIG1;SLC1A5;DHCR24;SLC2A1;LDLR;ALDOA;LTA4H;PIK3R3;HSP90B1;IDI1;GAPDH;PGM1;PSMC2;SLC9A3R1;CYP51A1,age_changes_CD8_gdT_02202026
KRAS Signaling Up,0.06087383406971036,0.3353402126512903,1.3916542048971872,IGFBP3;PRDM1;TNFRSF1B;IL10RA;NAP1L2;CFH;CTSS;RABGAP1L;ADAM8;LCP1;MAP4K1;CDADC1;ITGB2;LAT2;GALNT3;TRAF1;CMKLR1;CAB39L;KIF5C;FUCA1;CD37;GFPT2;ID2;PLAUR;HDAC9;LAPTM5;TMEM176B,age_changes_CD8_gdT_02202026
TNF-alpha Signaling via NF-kB,0.06216113020236732,0.32132278192207864,1.3761002949936034,MAP3K8;LITAF;MSC;BCL2A1;CCL5;BHLHE40;CCL4;CLCF1;PLEK;PDE4B;RIPK2;FOSL2;TNIP1;SQSTM1;PTPRE;DRAM1;PDLIM5;TNFRSF9;MAFF;B4GALT1;SERPINB8;PHLDA1;TRAF1;CSF1;TNF;ZFP36;RHOB;IL15RA;KYNU;IFIT2;BTG3;PANX1;DUSP5;TIPARP;CDKN1A;ZC3H12A;GFPT2;ID2;PLAUR;TNFAIP2;RELA;PER1;SMAD3;LDLR;SOD2;CFLAR;TANK;DUSP2;ICAM1;ATF3;PHLDA2;IFIH1;EHD1;AREG;CEBPB;SLC16A6,age_changes_CD8_gdT_02202026
IL-6/JAK/STAT3 Signaling,0.0936426116838488,0.3552189138023006,1.31710491158026,MAP3K8;TNFRSF1B;FAS;IL18R1;IL12RB1;PTPN1;MYD88;IL2RA;CSF1;TNF;IL15RA;IFNGR1;HMOX1;IL7;IL13RA1;LEPR;CSF3R,age_changes_CD8_gdT_02202026
Angiogenesis,0.11040200730922381,0.4517845843442826,1.2640853629478166,TIMP1;S100A4;VCAN;ITGAV;LRPAP1,age_changes_CD8_gdT_02202026
Unfolded Protein Response,0.11156930126002292,0.30706054251326453,1.268051319546845,HERPUD1;SLC7A5;PDIA6;HSPA5;POP4;SLC1A4;SRPRA;YWHAZ;DCTN1;CALR;WIPI1;HYOU1;MTREX;HSPA9;MTHFD2;DDIT4;EXOC2;SEC31A;XPOT;SPCS1;EXOSC10;ERN1;PARN;SSR1;BAG3;SHC1;HSP90B1;DNAJC3;EIF4EBP1;SDAD1;DNAJB9;ATF3,age_changes_CD8_gdT_02202026
UV Response Dn,0.11319379360616474,0.31468141582015546,1.2561052172739768,ANXA2;ANXA4;BHLHE40;PTPRM;FYN;INPP4B;TGFBR3;ATXN1;SYNE1;NOTCH2;BMPR1A;PDLIM5;SRI;NR1D2;SFMBT1;ATP2B4;MT1E;ERBB2;PDGFRB;INSIG1;SMAD3;PIAS3;LDLR;PIK3R3,age_changes_CD8_gdT_02202026
Xenobiotic Metabolism,0.11502984264785675,0.3001355848536262,1.270910297146302,PTGDS;DHRS7;GABARAPL1;FAS;CES1;MT2A;UPP1;BLVRB;PDLIM5;RETSAT;TMBIM6;NPC1;ASL;PTGES3;PMM1;NDRG2;CDA;FAH;SLC35B1;KYNU;SSR3;HMOX1;ID2;TMEM176B;ARPP19;SLC1A5;CYFIP2;AQP9;MAN1A1;ELOVL5;ABCD2;ENTPD5;PTS;CYP27A1,age_changes_CD8_gdT_02202026
Hypoxia,0.11683848797250859,0.30174643797310946,1.2764369232673345,IGFBP3;ANXA2;BHLHE40;ENO2;IDS;S100A4;HSPA5;TPD52;RORA;JMJD6;PLIN2;MT2A;FOSL2;MAFF;ERRFI1;TPI1;PAM;TGFBI;GPI;MT1E;DDIT4;SLC25A1;PFKP;ZFP36;NDRG1;TIPARP;MYH9;CDKN1A;HMOX1;PLAUR;XPNPEP1;SLC2A1;ALDOA;GAPDH;PGM1;TKTL1;ATF3;VHL;SLC37A4;GALK1;GRHPR;P4HA1;HK1;MIF;SAP30;MXI1;WSB1;CP,age_changes_CD8_gdT_02202026
Fatty Acid Metabolism,0.11845562967455023,0.31242675647772816,1.2819706288993795,LGALS1;GLUL;ENO2;GABARAPL1;PCBD1;ACSL5;RETSAT;ACSL4;ACSL1;SERINC1;BLVRA;LTC4S;RAP1GDS1;ODC1;ADIPOR2;SDHA;HSDL2;ALAD;ME1;S100A10;ACADVL;SLC22A5;DHCR24;ALDOA;DLST;IDI1;HSD17B11;SMS;ELOVL5,age_changes_CD8_gdT_02202026
Oxidative Phosphorylation,0.1271369893428064,-0.36187850560289997,-1.396496033862706,SLC25A5;ETFB;TIMM13;CYB5A;LDHB;ATP5F1C;COX7A2L;TIMM8B;FXN;NDUFB5;NDUFB3;UQCRC2;ECH1;BDH2;ATP5PO;NDUFA7;NDUFB8;ACADM;COX6C;NDUFS4;MTX2;NDUFA2;NDUFS2;SLC25A6;PDHB;UQCRH;ATP5PF;NDUFB2;SLC25A3;TIMM9;ATP5MF;NDUFC2;ATP5F1A;NDUFB1;NDUFB4;VDAC2;ATP5MG;ATP6V1F;SLC25A11;PMPCA;NDUFA9;PHB2;IDH3B;HSD17B10;NDUFA8;COX7C;COX15;MRPL15;ATP5ME;SDHD;MDH1;COX6B1;ATP5MC3;COX7B;NDUFB6;ACAA1;SUCLG1;ATP5F1E;PDHX;MRPS12;ATP5F1B;MRPS11;UQCRB;SURF1;NDUFS6,age_changes_CD8_gdT_02202026
KRAS Signaling Dn,0.16605239786856127,-0.37812280032989803,-1.343761663916757,CHST2;SGK1;LYPD3;CCDC106;SNN;LFNG;PLAG1;TCL1A;ZBTB16;SPHK2;STAG3;PDE6B;KRT1;PDCD1;IFI44L;EDAR;IGFBP2;GAMT;CAMK1D;MX1,age_changes_CD8_gdT_02202026
TGF-beta Signaling,0.17093139431616342,-0.411925474762508,-1.3195571433657336,ID3;NOG;FKBP1A;TRIM33;TGIF1;SMURF2;SPTBN1;ACVR1;PPM1A;SKI;HIPK2;IFNGR2;PMEPA1;HDAC1,age_changes_CD8_gdT_02202026
Androgen Response,0.20319737038697147,0.3005730715988699,1.1715818635659927,INPP4B;CDC14B;TPD52;TMEM50A;PDLIM5;ABHD2;MAF;UBE2J1;B4GALT1;ADRM1;ADAMTS1;SEC24D;UAP1;FADS1;PLPP1;NDRG1;ACSL3;ABCC4;INSIG1;ITGAV;DHCR24;IQGAP2;IDI1;PIAS1;SMS;GPD1L;LMAN1;ELOVL5;DNAJB9,age_changes_CD8_gdT_02202026
Reactive Oxygen Species Pathway,0.23861133139483656,0.32116927300118714,1.132475089570043,PDLIM1;PRNP;PRDX4;LSP1;PFKP;G6PD;SOD2;TXN;SELENOS;SCAF4;HHEX,age_changes_CD8_gdT_02202026
Adipogenesis,0.24083619702176404,0.2593386762211211,1.1419434089732403,DHRS7;MGST3;NDUFB7;RAB34;REEP5;APLP2;CD151;STOM;GPAT4;PLIN2;BAZ2A;COX8A;RETSAT;CD302;TOB1;CDKN2C;PDCD4;LTC4S;ADIPOR2;RNF11;SLC25A1;FAH;ACLY;ME1;DHCR7;IFNGR1;RMDN3;GRPEL1;BCL2L13;SLC1A5;RIOK3;SCP2;ALDOA;TANK;PGM1;UQCRC1;PEX14,age_changes_CD8_gdT_02202026
Pperoxisome,0.2415578465063001,0.29010150455010425,1.1359343314484518,TSPO;CADM1;ATXN1;DHRS3;ACSL5;RETSAT;ACSL4;ACSL1;SLC25A4;CNBP;FADS1;MVP;DHCR24;SCP2;SOD2;IDI1;PEX14;HSD17B11;STS;ELOVL5;ABCD2;ABCB1;VPS4B;SLC27A2,age_changes_CD8_gdT_02202026
Apical Surface,0.2540598832783557,-0.4293455292284104,-1.252162227763985,MAL;LYPD3;HSPB1;SULF2;APP;IL2RG;AKAP7,age_changes_CD8_gdT_02202026
Glycolysis,0.2611683848797251,0.261160249496653,1.1137505331503341,IGFBP3;ENO2;B3GAT1;HSPA5;PLOD1;ECD;GFPT1;VCAN;B4GALT1;TPI1;PAM;TGFBI;GOT2;GNE;AGL;DDIT4;PFKP;ME1;B4GALT4;PKM;PGAM1;G6PD;GUSB;ARPP19;IL13RA1;ALDOA;AK3;TXN;TKTL1;CHPF;CHST12;SLC37A4;PYGL;GALK1;QSOX1;CHPF2;ALG1;P4HA1;MIF;TGFA;SAP30;MXI1;ALDH9A1;CDK1;GALE;PYGB,age_changes_CD8_gdT_02202026
Apical Junction,0.2615774832269678,0.2674062814461434,1.1076858286105193,ITGB1;CTNNA1;VCAM1;ACTN4;SKAP2;SGCE;VCAN;CD99;MSN;MVD;B4GALT1;TGFBI;TRAF1;SORBS3;CAP1;VCL;MYH9;VASP;ADAM15;IKBKG;SYK;INSIG1;ZYX;SHC1;PIK3R3;GTF2F1;CERCAM;ICAM1;INPPL1;EXOC4;STX4;SIRPA;PECAM1;DHX16;NEXN;NF2;NECTIN3,age_changes_CD8_gdT_02202026
E2F Targets,0.26382798623445824,-0.3217971116918492,-1.230264841445734,SMC4;STMN1;CKS1B;PAICS;MYC;HMGA1;TP53;NOP56;MCM7;NASP;POLD2;NME1;MSH2;DCK;DCTPP1;TACC3;ORC6;CTCF;LUC7L3;CKS2;PNN;CBX5;NAP1L1;SNRPB;HNRNPD;TBRG4;SYNCRIP;CTPS1;RANBP1;GSPT1;EZH2;PCNA;HMGB3;MAD2L1;PSIP1;TFRC;EXOSC8;UBE2S;STAG1;PDS5B;ING3,age_changes_CD8_gdT_02202026
Bile Acid Metabolism,0.27649405537780936,0.28160784910552655,1.093909853709925,ATXN1;OPTN;NR3C2;ABCA2;ACSL5;RETSAT;NPC1;ACSL1;FDXR;FADS1;PFKM;PAOX;DHCR24;SCP2;PEX19;IDI1;AQP9;HSD17B11;ABCD2;SLC22A18;CYP27A1;SLC27A2;APOA1;ALDH9A1;PEX11G;GNMT;ABCA3;IDH2;SLC35B2,age_changes_CD8_gdT_02202026
Hedgehog Signaling,0.27705231004200076,0.36235139086903645,1.0887186077476634,ADGRG1;PTCH1;MYH9;AMOT;PML;HEY2,age_changes_CD8_gdT_02202026
Estrogen Response Early,0.30661634103019536,-0.32193725466284495,-1.1942255711570773,TIAM1;RETREG1;FAM102A;MAST4;BCL11B;MYB;MYC;IGF1R;NRIP1;CLDN7;AQP3;KDM4B;FLNB;IL6ST;RASGRP1;ELF1;OPN3;ABLIM1;RBBP8;SVIL;MED13L;AKAP1;TMEM164;FASN;HES1;CBFA2T3;RARA;KLF4,age_changes_CD8_gdT_02202026
heme Metabolism,0.31023907179544025,0.25282818989040645,1.0663371108708484,CAST;MGST3;OPTN;TENT5C;ENDOD1;BSG;RNF19A;HTATIP2;PICALM;FBXO7;BLVRB;DMTN;ADIPOR1;SLC10A3;BLVRA;LRP10;GDE1;ARL2BP;CIR1;ALAD;TMEM9B;NFE2L1;SEC14L1;RIOK3;SLC2A1;TSPAN5;BPGM;ACSL6;PPP2R5B;CTSB;KHNYN;EIF2AK1;CDC27;VEZF1;ISCA1;NFE2;NEK7;ERMAP;MXI1;HBQ1;ELL2,age_changes_CD8_gdT_02202026
Interferon Alpha Response,0.3395618556701031,0.2667373901433917,1.0465549628729371,IL15;CASP1;CD74;TENT5A;RIPK2;CASP8;OASL;IFITM2;TRIM26;CSF1;NUB1;UBA7;IFIT2;LPAR6;GBP4;PSMB9;IL7;IFIT3;CMTR1;IFITM3;GBP2;IFIH1;MOV10;IFITM1;TRIM21;EIF2AK2;TMEM140;TRAFD1;CD47;IFI30;RNF31,age_changes_CD8_gdT_02202026
G2-M Checkpoint,0.6249444937833037,-0.27729291494605157,-1.05869668699098,SMC4;STMN1;CKS1B;MYC;HMGA1;NASP;MTF2;TACC3;ORC6;CTCF;CUL3;CKS2;RBM14;CASP8AP2;HMGN2;CBX1;SFPQ;HNRNPD;FBXO5;TOP1;SMARCC1;SYNCRIP;SMC2;GSPT1;EZH2;HMGB3;ABL1;MAD2L1;PRMT5;MAPK14;CENPF;UBE2S;STAG1;PDS5B;DTYMK;NDC80;TENT4A;TRA2B;WRN;YTHDC1;SMC1A;PRPF4B;BARD1;RPA2;ARID4A;NUP50;ATF5;KMT5A;NSD2;CCND1;TNPO2;LBR;TMPO;SRSF10;NCL;SLC12A2,age_changes_CD8_gdT_02202026
Pancreas Beta Cells,0.8679976772783168,-0.3721437983013964,-0.9209600134527094,STXBP1;SEC11A;FOXO1;SRP9;SRPRB,age_changes_CD8_gdT_02202026
Mitotic Spindle,0.9138127220248669,-0.24054874953515695,-0.9289737431303539,SMC4;TIAM1;RAB3GAP1;DLG1;EPB41;FLNB;UXT;SAC3D1;CYTH2;MYO1E;RANBP9;PPP4R2;SPTBN1;RALBP1;NCK2;FBXO5;CD2AP;EPB41L2;PKD2;RICTOR;BIN1;ABL1;FGD4;CENPJ;YWHAE;TLK1;ARHGEF2;CENPF;ARL8A;STK38L;CCDC88A;CEP57;CDC42;NET1;NDC80;DST;RAPGEF6;SMC3;SMC1A;MYH10;TRIO;NIN;PCM1;CLIP2;SHROOM1;CAPZB,age_changes_CD8_gdT_02202026
UV Response Up,0.9199322824156306,-0.22530548870639613,-0.8305384996717212,POLR2H;AQP3;IL6ST;DDX21;AGO2;RASGRP1;PLCL1;E2F5;CDC34;POLG2;NR4A1;DGAT1;PPAT;PRKACA;WIZ;EPHX1;DNAJA1;PPP1R2;AP2S1;CHKA;FEN1;IGFBP2;ATP6V1F;FKBP4;CDC5L;TFRC,age_changes_CD8_gdT_02202026
DNA Repair,0.9321357206292818,-0.23495271277021643,-0.8756729053862217,POLR2H;PDE6G;TP53;IMPDH2;CSTF3;NME1;GTF2H5;RALA;SRSF6;POLR1D;SAC3D1;ADA;POLR2G;UPF3B;PRIM1;ZWINT;RAE1;APRT;NCBP2;PCNA;POLR1C;BOLA2;FEN1;TAF1C;POM121;TAF10;CETN2,age_changes_CD8_gdT_02202026
Estrogen Response Late,0.9328980300339091,-0.25802837520008104,-0.946432939515462,TIAM1;FAM102A;ETFB;SGK1;MYB;CD9;NRIP1;FLNB;IL6ST;RABEP1;PRKAR2B;COX6C;OPN3;RBBP8,age_changes_CD8_gdT_02202026
Notch Signaling,0.9667876919862084,-0.2742298115846307,-0.7690516046904499,MAML2;LFNG;PRKCA;HES1,age_changes_CD8_gdT_02202026
PI3K/AKT/mTOR  Signaling,0.9748001776198935,-0.23642092078959237,-0.8332781270447983,TIAM1;CAMK4;PTEN;LCK;IL2RG;MKNK2;MAPK8;MAP2K6;SMAD2;ARPC3;RPS6KA3;PDK1;CSNK2B,age_changes_CD8_gdT_02202026
Spermatogenesis,0.9809336145648313,-0.1974552718941865,-0.6729897752568896,CAMK4;STRBP;POMC;IP6K1;TLE4;ARL4A;PCSK4;EZH2;IFT88;PIAS2;JAM3;CSNK2A2;BRAF;SPATA6;SIRT1;COIL;CHFR,age_changes_CD8_gdT_02202026
Myc Targets V1,0.0,-0.4929930838934917,-2.88534030818338,LSM2;SERBP1;CCT2;NME1;PSMA4;CTPS1;APEX1;HDDC2;PSMA7;PHB;NOP56;PSMB2;HSPE1;NHP2;SLC25A3;CCT3;EIF3J;SMARCC1;SSBP1;TXNL4A;GNL3;ABCE1;COPS5;C1QBP;TRIM28;IMPDH2;HDGF;PSMD14;CCT5;SET;PCNA;SYNCRIP;SNRPG;POLE3;VDAC1;EIF3B;PSMA1;PSMB3;SSB;HSP90AB1;MCM7;PCBP1;KPNA2;LSM7;HNRNPA2B1;SRM;PSMD8;POLD2;HPRT1;FBL;CYC1;PSMA2;HDAC2;RFC4;DDX21;HNRNPD;RANBP1;PPIA;EIF4A1;SNRPB2;RAD23B;FAM120A;PA2G4;EXOSC7;PSMC4;COX5A;SRSF3;SNRPD3;RPS10;GSPT1;TFDP1;CDK4;ILF2;PSMC6;EEF1B2;SNRPD1;RRP9;CLNS1A;RSL1D1;ACP1;NOP16;PHB2;NDUFAB1;RPL22;RPS5;LDHA,age_changes_CD8_naive_02202026
Myc Targets V2,0.0,-0.5373566122353726,-2.6122573285522757,IPO4;PHB;NOP56;HSPE1;DCTPP1;GNL3;PPAN;BYSL;NDUFAF4;MRTO4;SRM;MPHOSPH10;EXOSC5;SORD;SLC19A1;TBRG4;PA2G4;TMEM97;CDK4;WDR43;TFB2M;RRP9;NOP16;HK2;DDX18;RABEPK,age_changes_CD8_naive_02202026
Oxidative Phosphorylation,0.0,-0.48785873928400664,-2.8670274996907144,SLC25A5;TIMM13;ATP5F1C;TIMM8B;CYB5A;NDUFB3;ATP5PF;SLC25A11;ATP6V1D;FXN;ATP5MC3;HSD17B10;UQCRH;NDUFA2;MRPS11;SLC25A3;ATP5MC1;DECR1;BDH2;TIMM10;NDUFB6;NDUFB2;SUCLG1;COX7B;NDUFC2;NDUFA7;PDHB;ETFB;ATP5MF;NDUFS6;VDAC1;TIMM9;ATP1B1;TOMM22;UQCRQ;COX6C;NDUFB8;ACADM;NDUFS4;UQCR10;MDH1;MRPL15;POLR2F;UQCRC2;ATP5ME;NDUFS2;ACAA1;ACAA2;ECH1;ATP5F1E;ATP5PO;CYC1;ATP6V0B;BAX;NDUFB1;MRPL34;MRPS12;MTX2;SDHD;SLC25A20;MRPS15;COX6A1;NDUFB4;ATP5F1B;COX7A2L;NDUFA8;NDUFA1;ATP5PB;IDH1;COX6B1;COX5A;ATP5MG;NDUFA9;ATP6V1F;ECHS1;MRPL11;SLC25A6;IDH2;AIFM1;LDHB;NDUFS8;SDHC,age_changes_CD8_naive_02202026
IL-2/STAT5 Signaling,0.0,0.5299637823370624,2.3337638225213575,CST7;AHNAK;ANXA4;TNFRSF4;PTGER2;IL10RA;HOPX;ADAM19;TNFRSF1B;CCR4;SYT11;IL2RA;CTLA4;BHLHE40;BATF;IL2RB;PRNP;TRAF1;MAP3K8;XBP1;GALM;CAPG;GLIPR2;MYO1C;SH3BGRL2;SLC39A8;IL18R1;PHTF2;TNFRSF18;CSF1;ALCAM;AHR;PIM1;DHRS3;FGL2;LRIG1;CYFIP1;RHOB;EOMES;CKAP4;TNFRSF9;P4HA1;KLF6;EMP1;SERPINB6;WLS;SMPDL3A;BCL2L1;PHLDA1;ECM1;RABGAP1L;SOCS2;NDRG1;GABARAPL1;IFNGR1;SLC1A5;GPR65;SYNGR2;IRF6;BCL2;TLR7;SELP;UCK2;RORA;CDCP1;APLP1;TNFRSF21;SNX9;F2RL2,age_changes_CD8_naive_02202026
Allograft Rejection,0.0,0.4928621643583395,2.134831451653339,CCL5;TIMP1;F2R;KLRD1;STAT4;CD4;FAS;IL2RA;IL15;CTSS;NCF4;TPD52;CDKN2A;IL2RB;FLNA;CD40;CD40LG;GZMB;CAPG;FGR;MAP4K1;CCL4;CCR2;CSF1;TNF;ACVR2A;GCNT1;DEGS1;NLRP3;IFNG;RIPK2;TLR3;KRT1;IL12RB1;FASLG;SRGN;PRF1;BCL3;SPI1;GZMA;IL18RAP;IL2;IL7;ICAM1;JAK2;TLR6;CCR5;NCR1;HLA-DQA1;TAPBP;ITGAL;TLR2;PF4;CD74;IL12A;HLA-G;BCAT1;IFNGR1;LYN;GPR65,age_changes_CD8_naive_02202026
Inflammatory Response,0.00021199205587664295,0.4625895695941337,1.9985632649386729,CCL5;GPR183;PTGER2;SLAMF1;IL10RA;TIMP1;IL15RA;CD82;TNFRSF1B;CD70;IL15;IL2RB;CD40;ICAM4;IL18R1;CSF1;BST2;ACVR2A;KCNA3;CDKN1A;NLRP3;AHR;RIPK2;SRI;NOD2;TLR3;CMKLR1;PROK2;GNA15;SLC4A4;FPR1;CSF3R;IL18RAP;ICAM1;TNFRSF9;MARCO;CXCR6;AQP9;TAPBP;KLF6;PLAUR;TLR2;BEST1;SGMS2;SLC7A1;AXL;PIK3R5;LY6E;ADM;LYN;CXCL8;ADORA2B;LTA;LAMP3;RELA;TNFAIP6;SPHK1;TLR1;EMP3;MEFV;ADGRE1;CYBB,age_changes_CD8_naive_02202026
Coagulation,0.0002826560745021906,0.5226473904044503,2.1112009664719418,CAPN2;CRIP2;TIMP1;PDGFB;CPQ;PLEK;CFH;ANXA1;CTSH;LRP1;CSRP1;CLU;APOA1;PRSS23;DPP4;F8;C1R;DUSP6;SERPINA1;ANG;A2M;SERPING1;F12;KLKB1;SPARC;THBS1;PF4;ITGA2;RAPGEF3;C8G;SERPINB2;CTSB;GP9;THBD;CTSO;CFD;F2RL2,age_changes_CD8_naive_02202026
Complement,0.0003391872894026287,0.4454694503864372,1.9364784776044024,CCL5;ANXA5;LGALS3;TIMP1;PDGFB;CPQ;PLEK;CFH;CTSS;GATA3;GZMK;CASP1;CTSH;APOBEC3G;CD40LG;F5;LRP1;GZMB;CSRP1;CLU;HPCAL4;ITGAM;DPP4;F8;PIM1;RBSN;C1R;DUSP6;SERPINA1;C4BPB;ANG;GZMA;MT3;S100A9;S100A12;SERPING1;LIPA;JAK2;HSPA1A;CD36;CD59;KLKB1;PLAUR;XPNPEP1;SPOCK2;PRKCD;CDA;FCN1;PIK3R5,age_changes_CD8_naive_02202026
KRAS Signaling Up,0.0004239841117532859,0.44417887527024214,1.9168941528394627,PRDM1;IGFBP3;ADAM8;IL10RA;WNT7A;TNFRSF1B;NAP1L2;CFH;CTSS;KIF5C;TRAF1;ACE;F2RL1;MAP4K1;PCSK1N;PLEK2;DUSP6;FLT4;CMKLR1;BIRC3;CAB39L;GNG11;CD37;LCP1;GPRC5B;PLAUR;EMP1;CSF2RA;HKDC1;PDCD1LG2;GFPT2;TMEM176A;TSPAN7;PPBP;EVI5;EPB41L3;ITGA2;VWA5A;FGF9;SEMA3B;RABGAP1L;F13A1;GALNT3;FBXO4;MALL;TLR8,age_changes_CD8_naive_02202026
Myogenesis,0.0004845532705751839,0.4482904362828183,1.8999328270269107,IGFBP3;ITGB1;FXYD1;BHLHE40;FHL1;SORBS3;PRNP;MYO1C;CLU;CDKN1A;PSEN2;GNAO1;PFKM;NAV2;CRAT;TNNC2;PTP4A3;WWTR1;CD36;SORBS1;PDLIM7;SPARC;SGCA;CHRNA1;CNN3;ADAM12;PVALB;NCAM1;KLF5;DAPK2;MAPRE3;TPD52L1;GAA;RB1;REEP1;TPM3;LARGE1;SYNGR2;ITGA7;ATP2A1;PPFIA4;PGAM2;EPHB3;ADCY9;SH2B1;MYLK;CFD;SPHK1;RYR1;IGFBP7;ITGB5,age_changes_CD8_naive_02202026
Interferon Gamma Response,0.0006359761676299289,0.43056368052115973,1.8813500291620777,CCL5;ZBP1;IL10RA;IL15RA;STAT4;FAS;CFH;IL15;SLAMF7;CASP1;CASP8;HLA-DRB1;IL2RB;CD40;UPP1;IL18BP;PFKP;XCL1;BST2;LATS2;CDKN1A;PIM1;ARID5B;RIPK2;SRI;C1R;FGL2;FCGR1A;CMTR1;ZNFX1;CMKLR1;ITGB7;PTPN1;GZMA;FPR1;SERPING1;IL7;ICAM1;JAK2;OASL;TXNIP;P2RY14;HLA-DQA1;TAPBP;ADAR;CD74;SECTM1;MVP;HLA-G;MTHFD2;CSF2RB;LY6E;RIPK1;PARP12;TRIM26;TRAFD1;IRF5;SELP;TNFAIP6;GBP6;SOD2,age_changes_CD8_naive_02202026
Epithelial Mesenchymal Transition,0.0008479682235065718,0.44206127624180896,1.861553463519483,IGFBP3;LGALS1;TGFBR3;ITGB1;TIMP1;GLIPR1;FAS;IL15;FLNA;ENO2;LRP1;ACTA2;CAPG;SGCB;PLOD3;CADM1;VCAN;VIM;RHOB;DST;IL32;CD59;SPARC;THBS1;PLAUR;ADAM12;WIPF1;ITGA2;SDC4;ANPEP;ECM1;TPM4;CXCL8;GPC1;IGFBP4;GAS1;MAGEE1;FZD8;TNFRSF12A;MYLK;MYL9;APLP1;EMP3;ITGB5;COL16A1;PFN2;FERMT2;CXCL1;SAT1;NOTCH2;COL5A3,age_changes_CD8_naive_02202026
IL-6/JAK/STAT3 Signaling,0.0010175618682078862,0.4690088578162118,1.8374371754973948,IL15RA;TNFRSF1B;FAS;IL2RA;MAP3K8;IL18R1;CSF1;TNF;PIM1;IL12RB1;PTPN1;CSF3R;A2M;HMOX1;IL9R;IL7;CD36;CSF2RA;TLR2;PF4;PIK3R5;CSF2RB;HAX1;IFNGR1;IL13RA1;CCR1;TNFRSF12A;TNFRSF21,age_changes_CD8_naive_02202026
TNF-alpha Signaling via NF-kB,0.0031606088330699495,0.3958540444455718,1.7344183670984845,CCL5;GPR183;IL15RA;PLEK;BCL2A1;BHLHE40;TRAF1;MAP3K8;CLCF1;CFLAR;SMAD3;MSC;F2RL1;CCL4;CSF1;TNF;CDKN1A;RIPK2;DRAM1;TNIP1;SQSTM1;BCL3;BIRC3;RHOB;SERPINB8;ICAM1;TNFRSF9;KLF6;PLAUR;PHLDA2;PANX1;CEBPD;TLR2;SLC16A6;ZC3H12A;GFPT2;PHLDA1;SDC4;DUSP4;SERPINB2;CCND1;TANK;KYNU;LAMB3;RELA;TNFAIP6;SPHK1;SOD2,age_changes_CD8_naive_02202026
TGF-beta Signaling,0.0046269519953730485,-0.39048732483228094,-1.7934742862800575,NOG;PMEPA1;FKBP1A;BMPR2;ID2;SMURF2;SKIL;FURIN;TGFBR1;SMAD7;TRIM33;SPTBN1;ID3;APC;PPM1A;SKI;SMURF1,age_changes_CD8_naive_02202026
UV Response Dn,0.005609635940120397,0.4072441786636585,1.6785072117938362,ANXA2;TGFBR3;ANXA4;INPP4B;MAGI2;KALRN;BHLHE40;SFMBT1;ATP2B4;SMAD3;MT1E;BMPR1A;ATXN1;ACVR2A;GCNT1;SRI;PIAS3;PTPRM;NR3C1;SLC7A1;CDC42BPA;MGLL;DLC1,age_changes_CD8_naive_02202026
Estrogen Response Late,0.0056531214900438125,0.390188407662082,1.6839173888809305,PERP;TJP3;BATF;ATP2B4;MICB;DYNLT3;XBP1;TST;LSR;PRSS23;DNAJC1;ELOVL5;CHPT1;UNC13B;SERPINA1;SLC27A2;PAPSS2;S100A9;ABHD2;JAK2;SLC22A5;MAPT;RAB31;SLC1A4;AFF1;PKP3;DLG5;DNAJC12;SEMA3B;MAPK13;CACNA2D2;TPD52L1;PDZK1;SLC2A8;CDC20;LARGE1;CCND1;MYOF;BCL2;IGFBP4;GPER1;SLC9A3R1;ABCA3;SFN;BLVRB;FDFT1,age_changes_CD8_naive_02202026
DNA Repair,0.006015037593984962,-0.32224895916974916,-1.7387239276142201,PDE6G;ADA;GTF2H5;TAF12;POLR2G;NME1;PDE4B;TP53;POLR2H;ITPA;IMPDH2;MPC2;CSTF3;CETN2;PCNA;DGCR8;RALA;RBX1;SAC3D1;NELFB;POLR2F;HPRT1;TAF10;NUDT9;POLR1D;APRT;BOLA2;RFC4;NELFCD;ALYREF;ZNRD1;RPA2,age_changes_CD8_naive_02202026
Apoptosis,0.007260727913775021,0.38224142901660624,1.6281403985402894,TGFBR3;LGALS3;TIMP1;F2R;KRT18;FAS;ANXA1;CASP1;CASP8;ENO2;CFLAR;TSPO;LMNA;CLU;PEA15;HMGB2;TNF;CDKN1A;PSEN2;SQSTM1;FASLG;PRF1;GNA15;BIRC3;RHOB;HMOX1;TXNIP;IGFBP6;EMP1;HGF;BCL2L1,age_changes_CD8_naive_02202026
Estrogen Response Early,0.007328868217449657,0.37802989089373684,1.6378362696583393,SH3BP5;KRT18;MYBL1;TJP3;BHLHE40;MICB;DYNLT3;XBP1;GAB2;PRSS23;SNX24;ELOVL5;CHPT1;RHOD;DHRS3;LRIG1;SLC27A2;NAV2;ENDOD1;PAPSS2;ASB13;ABHD2;JAK2;SLC22A5;MAPT;RAB31;SLC1A4;AFF1;KRT8;SEMA3B;DLC1;TPD52L1;PDZK1;REEP1;ELF3;ELF1;UGCG;CCND1;MYOF;WWC1;BCL2;IGFBP4;ADCY9;SLC9A3R1;ABCA3;SFN;BLVRB;FDFT1;ESRP2;WFS1;ALDH3B1;PODXL;PTGES;GREB1;NBL1;AQP3;ADCY1;NADSYN1;SULT2B1,age_changes_CD8_naive_02202026
Hypoxia,0.007688245226459584,0.3745276759377848,1.6284945867469063,IGFBP3;S100A4;ANXA2;PAM;PDGFB;BHLHE40;TPD52;ENO2;MT1E;PFKP;DDIT4;STBD1;CDKN1A;PIM1;GAPDH;FBP1;HMOX1;P4HA1;UGP2;NR3C1;KLF6;PLAUR;ERRFI1;KDELR3;XPNPEP1;SDC4;DPYSL4;NDRG1;NDST1;GAA;ADM;LARGE1;PFKL;GPC1;ADORA2B;GALK1;BCL2;CASP6;PPFIA4;PGAM2;RORA;CITED2;SLC25A1;WSB1;AK4;ZFP36;KIF5A;CDKN1B;CSRP2;IDS;TMEM45A;CAVIN1;MXI1;CAVIN3;MYH9;SULT2B1;TPI1;ERO1A;MAFF;PGF;ALDOA;ATF3,age_changes_CD8_naive_02202026
p53 Pathway,0.00847968223506572,0.3625935588592726,1.5948703680484158,S100A4;STOM;DDB2;ZBTB16;F2R;CD82;PERP;FAS;CGRRF1;CASP1;CDKN2A;GLS2;S100A10;UPP1;DDIT4;CDKN1A;DRAM1;ZNF365;RHBDF2;RPS27L;HMOX1;TXNIP;CEBPA;CCNG1;WWP1;VDR;SEC61A1;PHLDA3;VWA5A;ABHD4;TCN2;NDRG1;TPD52L1;CDKN2B;TGFA;RB1;EPS8L2;ANKRA2;AEN;KIF13B,age_changes_CD8_naive_02202026
Angiogenesis,0.008828845621215482,0.5184335660595661,1.6006229466067536,S100A4;TIMP1;FGFR1;VCAN;PF4;THBD;TNFRSF21;PTK2;APP;JAG2;PDGFA;COL5A2;NRP1;OLR1;VEGFA;LRPAP1;MSX1,age_changes_CD8_naive_02202026
Apical Surface,0.03177649342824627,0.4461548865604771,1.4658129346295012,GATA3;IL2RB;CRYBG1;GSTM3;MAL;FLOT2;PLAUR;CD160;LYN;GAS1,age_changes_CD8_naive_02202026
E2F Targets,0.045112781954887216,-0.24388202525687688,-1.462775122215099,STMN1;SMC4;MSH2;PAICS;NME1;CTPS1;TP53;NASP;CKS2;NOP56;DCTPP1;SNRPB;EZH2;CDKN2C;ING3;CKS1B;PCNA;SYNCRIP;GINS4;TIPIN;MCM7;UBE2T;SMC1A;BARD1;KPNA2;UBE2S;POLD2;HNRNPD;RPA2;RANBP1;EXOSC8;TBRG4;PMS2;PNN;PA2G4;GSPT1;CDK4;HMGA1;PRKDC;RAD51C;LUC7L3,age_changes_CD8_naive_02202026
G2-M Checkpoint,0.06907378335949764,-0.24043928956459412,-1.3787140505954945,STMN1;SMC4;MTF2;SMC2;NASP;CKS2;SQLE;SMARCC1;EZH2;CENPF;MAPK14;CDKN2C;TOP1;HIRA;WRN;CKS1B;SYNCRIP;CUL3;SMC1A;BARD1;KPNA2;E2F3;CBX1;UBE2S;ABL1;DTYMK;UPF1;HNRNPD;CHMP1A;RPA2;RAD23B;MT2A;RBM14;TENT4A;GSPT1;TFDP1;CDK4;HMGN2;HMGA1;MNAT1;STAG1;ATF5;SNRPD1;DR1;SLC12A2;PRPF4B;SFPQ;GINS2;CTCF;DDX39A;LBR;KMT5A;HMGB3;FANCC;NCL;JPT1;PAFAH1B1;LMNB1;CHAF1A;SAP30,age_changes_CD8_naive_02202026
Protein Secretion,0.07008457367281816,0.34527007030813883,1.3815686556117075,PAM;KRT18;TPD52;CD63;ANP32E;M6PR;TMED10;RAB9A;VAMP3;ARF1;DST;AP2B1;GALC;SEC24D;ARFIP1;TMED2,age_changes_CD8_naive_02202026
Fatty Acid Metabolism,0.08572554945259295,0.32020047907331345,1.3533232043325432,LGALS1;PCBD1;LTC4S;BLVRA;GLUL;ENO2;S100A10;ELOVL5;DLST;YWHAH;CBR3;CRAT;ACSL5;SDHA;SMS;CD36;SLC22A5;SERINC1;CPT1A;RAP1GDS1;ALDH1A1;MGLL;PRDX6;AQP7;IL4I1;GABARAPL1,age_changes_CD8_naive_02202026
UV Response Up,0.09224985540775016,-0.23736562487469368,-1.310341480311237,AP2S1;PRKACA;POLR2H;KLHDC3;RASGRP1;FKBP4;BAK1;POLG2;BCL2L11;CDC5L;IGFBP2;POLE3;MARK2;E2F5;FURIN;DNAJA1;ABCB1;EPHX1;ACAA1;PDAP1;CDC34;NAT1;AGO2;CASP3;RFC4;DDX21;NR4A1;BID;PSMC3,age_changes_CD8_naive_02202026
mTORC1 Signaling,0.09793715056872952,-0.22168677987264104,-1.2885790695053463,PHGDH;CD9;MLLT11;PSMD13;ENO1;PSMA4;ATP6V1D;RDH11;MTHFD2L;EEF1E1;HSPE1;SQLE;HMBS;ATP5MC1;COPS5;ABCF2;GLRX;PSMD14;SCD;PSMA3;CACYBP;HPRT1;PPA1;PDAP1;SORD;NMT1;EBP;PPIA;CORO1A;SEC11A;PIK3R3;TMEM97;IDH1;PSMC4;PSPH;HMGCR;SYTL2;PSMC6;LGMN;RIT1;GCLC;NFKBIB;RRP9;DDIT3;CCT6A;HMGCS1;FADS1;LDLR;NAMPT;LDHA;DDX39A;HK2;TOMM40;CFP;DHFR;TM7SF2;PDK1,age_changes_CD8_naive_02202026
Cholesterol Homeostasis,0.10742215631421888,0.3514100918487316,1.3219256005479127,ANXA5;LGALS3;S100A11;ACSS2;CLU;ALCAM;ANTXR2;ABCA2;PLAUR;ERRFI1;SEMA3B;CXCL16;CTNNB1;LSS;TNFRSF12A;FDFT1,age_changes_CD8_naive_02202026
Unfolded Protein Response,0.17351069982648928,-0.22588974746864218,-1.1875009018122327,BANF1;DNAJA4;LSM1;NOP56;NHP2;LSM4;DCP2;TATDN2;CKS1B;PDIA5;GOSR2;ARFGAP1;TTC37;ATF4;SRPRB;EIF4A3;EXOSC5;DDX10;CNOT4;YIF1A;EIF4A1;SEC11A;EXOSC2;KHSRP;CNOT6,age_changes_CD8_naive_02202026
Androgen Response,0.18164954074855996,0.31274367377111334,1.2536538707777358,INPP4B;CDC14B;TPD52;MAF;GPD1L;ELOVL5;ARID5B;NKX3-1;HSD17B14;SMS;ABHD2;SEC24D;KRT8;NDRG1;XRCC6;CCND1;IQGAP2;MAP7;PIAS1;SAT1;UBE2J1;DNAJB9;DHCR24;GUCY1A1;PDLIM5;PLPP1;MERTK;ANKH;UAP1;SELENOP,age_changes_CD8_naive_02202026
Apical Junction,0.19202947061492573,0.28667311564904946,1.2407450026567326,ITGB1;ADAM15;CTNNA1;SORBS3;TRAF1;CD99;VCL;ACTN4;ICAM4;CRB3;YWHAH;SYMPK;ADAM23;VCAN;PIK3CB;CRAT;ICAM1;PARVA;GTF2F1;ITGA2;CD34;MAPK13;LIMA1;SHC1;CLDN5;SIRPA;NECTIN2;CERCAM;LAMB3;MYL9;EXOC4;COL16A1;CD276;MMP9;STX4,age_changes_CD8_naive_02202026
heme Metabolism,0.20116415394571285,0.2829396797483984,1.2240585074895534,OPTN;BLVRA;CAST;FN3K;LRP10;ICAM4;ACSL6;OSBP2;FBXO34;PRDX2;PDZK1IP1;DMTN;MKRN1;ENDOD1;FBXO7;TENT5C;MGST3;HTATIP2;CLIC2;NR3C1;KAT2B;E2F2;SNCA;NFE2L1;ABCG2;RNF19A;ASNS;ANK1;LMO2;TRAK2;CTSB;VEZF1;TAL1;NFE2;BLVRB;HBD;RHD;ARHGEF12;ARL2BP;GYPE;MXI1;ALDH6A1;AQP3;RIOK3;FTCD;HBQ1,age_changes_CD8_naive_02202026
Xenobiotic Metabolism,0.20246089304442905,0.2880257626095346,1.2285960523353205,FAS;DHRS7;UPP1;PTGDS;ASL;ELOVL5;ACSM1;CES1;MPP2;FBP1;NPC1;PTGES3;CYP27A1;PAPSS2;HMOX1;CD36;CYP2E1;AQP9;ALDH2;ABCC3;CDA;BCAT1;GABARAPL1;GSS;DHRS1;SLC1A5;CYP2S1;SSR3;CDO1;CASP6;IGFBP4;KYNU;TMBIM6;PDK4;BLVRB;DDC;PGRMC1;ARG1;APOE;CCL25;VNN1;PTGES;PMM1;PDLIM5;PROS1,age_changes_CD8_naive_02202026
Interferon Alpha Response,0.20470581040058647,0.29725017235795237,1.216386888386578,IL15;CASP1;CASP8;LPAR6;CSF1;BST2;UBA7;RIPK2;CMTR1;IL7;OASL;TXNIP;ADAR;CD74;MOV10;LY6E;ELF1;PARP12;TRIM26;TRAFD1;LAMP3,age_changes_CD8_naive_02202026
Bile Acid Metabolism,0.249363226869754,0.2997701208609502,1.1823327824391092,OPTN;GSTK1;APOA1;PEX16;ATXN1;PFKM;SLC27A2;NPC1;CYP27A1;ACSL5;ABCA2;AQP9;NR3C2;ALDH1A1;HSD3B7;ABCA3;NR1I2;BCAR3;EPHX2;PEX19;DHCR24;SLC23A1;LIPE;SOAT2;PIPOX;SULT2B1;RXRA;ACSL1;PEX11A;KLF1,age_changes_CD8_naive_02202026
Pancreas Beta Cells,0.30480071592525876,0.401276412394658,1.14563268273545,DPP4;STXBP1;VDR;PAK3;LMO2;NEUROG3;PAX6,age_changes_CD8_naive_02202026
Wnt-beta Catenin Signaling,0.3222041116777959,-0.24717904018566914,-1.074166656465699,TP53;LEF1;TCF7;CCND2;HDAC2;MAML1;NOTCH1;FRAT1;NKD1;RBPJ;CSNK1E,age_changes_CD8_naive_02202026
Adipogenesis,0.5238802392450924,0.23602238078052154,1.0293603759451364,STOM;LTC4S;RAB34;APLP2;DHRS7;TST;BAZ2A;REEP5;SULT1A1;CD302;CAVIN2;CRAT;MGST3;RMDN3;SOWAHC;GPAT4;CD36;SORBS1;NABP1;ALDH2;MGLL;GPHN;QDPR;IFNGR1;SLC1A5;PFKL;ITGA7;TANK;BCL2L13;RNF11;MYLK;CMBL;SLC25A1;EPHX2;MCCC1;RTN3;DNAJB9;GPD2;APOE;LIPE;CAVIN1,age_changes_CD8_naive_02202026
Glycolysis,0.5292911655100083,0.23488632835535025,1.020022253291158,IGFBP3;PAM;ENO2;PFKP;PKM;DDIT4;CHPF2;PYGL;VCAN;ANG;P4HA1;PKP2;UGP2;KDELR3;SLC16A3;EGLN3;B3GAT1;B3GNT3;DPYSL4;ECD;TGFA;HAX1;IL13RA1;ELF3;GPC1;CHST12;ADORA2B;GALK1;CASP6;PPFIA4;PGAM2;DSC2;MIOX;CITED2;NOL3;G6PD;AK4,age_changes_CD8_naive_02202026
Reactive Oxygen Species Pathway,0.5384113665996155,0.2769590033675077,0.9938137709767693,PRNP;PFKP;PRDX2;MGST1;PRDX6;SRXN1;MBP;SOD2;G6PD;FES;TXNRD2;GPX4;SCAF4;GPX3;PRDX4;TXN;MPO;ABCC1;GCLM;PTPA;PDLIM1,age_changes_CD8_naive_02202026
Hedgehog Signaling,0.5405155024685072,0.3078667579737758,1.0076265467357175,ADGRG1;RTN1;L1CAM;HEY2;OPHN1;MYH9;NF1;CELSR1;VLDLR;NRP1;PML;VEGFA;SLIT1;HEY1;NRP2;RASA1,age_changes_CD8_naive_02202026
KRAS Signaling Dn,0.5406080080928898,0.2505033649499582,1.0296697552731782,ZBTB16;CD40LG;PDCD1;CLSTN3;IFNG;KRT1;THNSL2;TENT5C;CCR8;TGM1;MYO15A;PRKN;DLK2;CALCB;TCF7L1;SERPINB2;ALOX12B;MYOT;SLC5A5;MEFV;RYR1;CACNA1F;PNMT;KCNQ2;KCND1;C5;RIBC2;COPZ2;SELENOP;CD80;SIDT1;TG;THRB;IL5;YPEL1;MSH5;KRT15;CPEB3;ZNF112,age_changes_CD8_naive_02202026
Spermatogenesis,0.5481366357713952,0.2522672662007642,0.9966502893318376,MLF1;ACE;IL12RB2;PCSK1N;PRKAR2A;NCAPH;GSTM3;SPATA6;NPHP1;DMC1;TSN;PSMG1;PHF7;PACRG;DBF4;MAP7,age_changes_CD8_naive_02202026
Pperoxisome,0.7050620231728393,0.2248822103751569,0.9013453948936938,GSTK1;TSPO;ATXN1;ELOVL5;YWHAH;DHRS3;CADM1;SLC27A2;SLC25A4;CRAT;ACSL5;ALDH1A1;MVP;HSD3B7;CEL;SEMA3C;SOD2;NR1I2;EPHX2;IDE;CNBP;DHCR24;ACSL4,age_changes_CD8_naive_02202026
PI3K/AKT/mTOR  Signaling,0.7656694697062447,0.21043893219653417,0.8567995981258852,TBK1;ARHGDIA;CDKN1A;PRKAR2A;SQSTM1;FASLG;CAB39L;ARF1;SLA;HSP90B1;RIPK1;DAPP1;RALB;FGF17;IRAK4,age_changes_CD8_naive_02202026
Mitotic Spindle,0.8172353961827646,-0.14483210133155158,-0.8414914698263782,PCNT;SMC4;EPB41L2;RALBP1;EPB41;FLNB;CENPF;CD2AP;BCL2L11;CAPZB;RANBP9;KPTN;UXT;SAC3D1;SPTBN1;SMC1A;DLG1;ABL1;PPP4R2;ARHGAP10;WASF2;APC;CENPJ;NCK2;ARFGEF1;WASL;RASA2;STK38L;PCM1;RAPGEF6,age_changes_CD8_naive_02202026
Notch Signaling,0.9135295561555798,0.22790915923791544,0.7299906465917113,PSEN2;CUL1;APH1A;CCND1;ST3GAL6;FZD1;NOTCH2,age_changes_CD8_naive_02202026
Epithelial Mesenchymal Transition,0.0,0.5817370286549163,2.115650670174307,LGALS1;GLIPR1;ENO2;IGFBP3;TGFBR3;ITGB1;VIM;FAS;TIMP1;SGCB;CD44;ACTA2;CAPG;PLOD3;FLNA;ID2;CD59;VCAN;IL15;TNFAIP3;IGFBP4;ITGA5,age_changes_CD8aa_02202026
IL-2/STAT5 Signaling,0.0,0.5313055056535742,2.1050919381782065,RORA;PHLDA1;IL10RA;PTGER2;DHRS3;NFKBIZ;PRNP;BHLHE40;TNFRSF1B;ANXA4;AHNAK;CDC42SE2;GABARAPL1;CST7;ADAM19;PLIN2;BCL2;GALM;IFNGR1;CD44;SNX9;PTCH1;KLF6;CAPG;SLC39A8;EOMES;RABGAP1L;ODC1;BATF;SOCS2;NDRG1;TRAF1;SYT11;HOPX;MYC;CISH;ALCAM;CD48;CCND2;RGS16;AHR;GBP4;FGL2;SYNGR2;FLT3LG;P4HA1;MYO1C;LRIG1;CSF1;IL18R1;MAP3K8;RRAGD;GPR65;IL2RA;CTLA4;GPX4;LRRC8C,age_changes_CD8aa_02202026
Apoptosis,0.001178627553693033,0.4950777831679548,1.9489562623702503,ANXA1;LGALS3;F2R;ENO2;HMGB2;CD2;CLU;TGFBR3;BIRC3;FAS;PRF1;TIMP1;IFNGR1;CD44;BTG3;SOD1;CASP1;TNF;SMAD7;SOD2;LMNA;CYLD;PDCD4;WEE1;CCND2;ANKH;CDC25B;TXNIP;IER3;PEA15;FEZ1;CD69;ATF3;KRT18;FASLG;RELA;GPX4;CASP8;RETSAT;FDXR;CDKN1B;SC5D;ETF1,age_changes_CD8aa_02202026
Allograft Rejection,0.0024751178627553695,0.4631822741142424,1.8344696683778918,GZMA;CCL5;F2R;CCL4;CD2;STAT4;GZMB;CD28;CD8B;NCF4;HLA-DMA;FAS;IL18RAP;PRF1;HLA-DQA1;TIMP1;HLA-DRA;MAP4K1;IFNGR1;SIT1;CCR5;CAPG;ITK;CD8A;CCR2;APBB1;IL12RB1;CD40LG;FLNA;TNF;CD74;CTSS;CD4;TPD52;CCND2;IL15;GBP2;IFNG;JAK2;CDKN2A;CSF1;CD96,age_changes_CD8aa_02202026
Coagulation,0.0026519119958093246,0.5346800101016073,1.8402815241908288,ANXA1;DPP4;CLU;FYN;CAPN2;CTSH;CFH;TIMP1;PLEK;F8;CTSB;ISCU;CFD;CPQ,age_changes_CD8aa_02202026
UV Response Dn,0.0038305395495023577,0.48125117351661434,1.7843727261203841,ANXA2;INPP4B;ATXN1;TGFBR3;SMAD3;BHLHE40;FYN;MT1E;ANXA4;SYNE1;NR1D2;PTPRM;SMAD7;MYC;SRI;RUNX1;SFMBT1;MAP2K5;NR3C1;PRKCE;CITED2;ATP2B4;SYNJ2;PEX14;PRDM2;PIAS3;SLC22A18;CDKN1B;NEK7,age_changes_CD8aa_02202026
Complement,0.0055563870388385846,0.44034062286818565,1.738097974204326,GZMA;GZMK;LGALS3;CCL5;DPP4;CLU;GZMB;FYN;CTSH;CFH;TIMP1;PLEK;F8;CTSB;DUSP5;ANXA5;CASP1;CD40LG;S100A9;CTSS;HSPA5;CD59;CPQ;HSPA1A;CD55;TNFAIP3;CTSC;JAK2;PREP;CBLB;KIF2A;VCPIP1;SPOCK2;RBSN;LRP1;PRKCD;USP14;CALM1,age_changes_CD8aa_02202026
Hypoxia,0.00596680199057098,0.4432065203019575,1.7207013637917998,RORA;ENO2;IGFBP3;ANXA2;MT2A;MXI1;BHLHE40;MT1E;S100A4;IDS;PLIN2;BCL2;KLF6;PAM;SAP30;FAM162A;JMJD6;NDRG1;HSPA5;GAPDH;CXCR4;GPI;BTG1;TPD52;FOXO3;TNFAIP3;GAA;NR3C1;IER3;ZFP36;GRHPR;P4HA1;SLC6A6;ATF3;CITED2;PFKL;TIPARP;ERO1A;RRAGD;FOSL2;ALDOA;WSB1;TGFBI;PNRC1;CDKN1B;MYH9,age_changes_CD8aa_02202026
TNF-alpha Signaling via NF-kB,0.010254059717129388,0.40988947133670767,1.640584017549299,CCL5;CCL4;PHLDA1;GPR183;SMAD3;BCL2A1;BHLHE40;BIRC3;IL7R;PLEK;MSC;PTGER4;PDE4B;CD44;BTG3;KLF6;DUSP5;IL15RA;ID2;TNF;DUSP4;TRAF1;BTG1;SOD2;MYC;TNFAIP3;IER3;B4GALT5;ZFP36;PER1;CSF1;CD69;ATF3;TNIP1;TIPARP;MAP3K8;RELA;GFPT2;TANK;TNFSF9;FOSL2;PHLDA2;EGR1;PNRC1;SERPINB8;ZC3H12A;CLCF1;KLF9,age_changes_CD8aa_02202026
Inflammatory Response,0.010411210057621793,0.4242109720497701,1.645963982102572,CCL5;GPR183;IL10RA;PTGER2;TNFRSF1B;CD82;CCR7;IL18RAP;TIMP1;IL7R;PTGER4;PDE4B;KLF6;IL15RA;KCNA3;CD70;MYC;SRI;CD48;CD55;RGS16;IL15;AHR;ITGA5;CXCR6;CSF1;SLC31A2;IL18R1;GABBR1;CD69;C3AR1;CYBB;RELA,age_changes_CD8aa_02202026
Interferon Alpha Response,0.011258926514627966,-0.5226467997438463,-1.7411475868475947,ISG15;ELF1;LGALS3BP;PSME2;IRF7;TENT5A;EPSTI1;IRF9;NMI;IRF1;IFI44;IFI44L;IFI35;PLSCR1;IFITM3;ISG20;IRF2;IFITM2;RTP4;PSME1;SAMD9L;BST2;USP18;MX1;MVB12A;UBE2L6;RIPK2;SP110;PARP9;PARP12;PARP14;PNPT1;PSMB8;LY6E;TAP1;DHX58;RSAD2;MOV10;HLA-C;LAP3;NCOA7,age_changes_CD8aa_02202026
Angiogenesis,0.0176794133053955,0.6604236507984445,1.5702512047548283,S100A4;TIMP1;CCND2;VCAN;FGFR1,age_changes_CD8aa_02202026
p53 Pathway,0.029465688842325827,0.3740563962667695,1.5015396453280878,F2R;TOB1;PERP;PLK3;S100A4;CD82;RPS27L;FAS;SESN1;ISCU;STOM;S100A10;DDB2;CASP1;CCNG1;PVT1;FAM162A;CCNK;HINT1;NDRG1;BTG1;SEC61A1;FOXO3;CCND2;RGS16;RPL36;TXNIP;ZNF365;IER3;MDM2;CDKN2A;LDHB;KIF13B;UPP1;ATF3,age_changes_CD8aa_02202026
KRAS Signaling Up,0.033182898819357695,0.3827760403455586,1.4801882678256593,PRDM1;IGFBP3;IL10RA;BIRC3;TNFRSF1B;CFH;MAP4K1;IL7R;PCSK1N;RABGAP1L;LAPTM5;KCNN4;ID2;ACE;CTSS;TRAF1;CXCR4;ADAM8;CCND2;ANKH;LCP1;RGS16;NAP1L2;TNFAIP3;C3AR1;WNT7A;ERO1A;GFPT2;PPBP;KIF5C,age_changes_CD8aa_02202026
Myogenesis,0.03497998203996109,0.38680548821807104,1.4660315017339927,IGFBP3;CLU;ITGB1;PRNP;BHLHE40;SORBS3;DAPK2;GNAO1;CFD;LSP1;PDLIM7;FHL1;GAA;SYNGR2;MYO1C;GABARAPL2;PFKM;ATP6AP1;MYH9;RB1;CRAT;SPTAN1;PTP4A3;RYR1;FKBP1B;ADCY9;ACSL1,age_changes_CD8aa_02202026
KRAS Signaling Dn,0.05920870767104354,-0.4561583396987763,-1.484900698230512,CHST2;LYPD3;YPEL1;SNN;IFI44L;LFNG;PDE6B;SGK1;SKIL;MX1;PLAG1;BARD1;IDUA;SPHK2;SLC16A7;PDCD1;NR4A2;CCDC106;RSAD2;IGFBP2,age_changes_CD8aa_02202026
Apical Surface,0.06771913153651232,-0.5457251144250608,-1.4932946565628493,HSPB1;MAL;LYPD3;IL2RG;IL2RB;APP;SULF2;AKAP7;ADAM10;LYN,age_changes_CD8aa_02202026
Oxidative Phosphorylation,0.07914363049988482,-0.4168116161126089,-1.542993640054422,NDUFB2;SLC25A5;CYB5A;TIMM13;ATP5F1C;ETFB;VDAC1;TIMM8B;SLC25A11;NDUFB6;ATP5PO;NDUFC2;FXN;NDUFB8;ATP5F1E;COX7B;NDUFA2;PDHA1;NDUFB3;ECH1;UQCRH;COX5A;ATP5MF;UQCRC2;HSD17B10;MRPS11;CYCS;ACADM;MDH1;TIMM17A;OAT;ACAA1;ATP5MC3;CASP7;DLD;BAX;NDUFS6;PDP1;COX6A1;UQCRQ;ATP6V1E1;SDHD;PMPCA;NDUFS4;IDH1;ETFA;MDH2;MRPL11;NDUFA9;TOMM22;CYC1;ATP6V0B;NDUFS8;DECR1;MRPS12;COX6C;SLC25A6;SLC25A20;ATP5F1B;NDUFA7;NDUFS2;NDUFB4;UQCR10;SLC25A3;SUCLG1;ALDH6A1;MTX2;COX15;MTRF1;ATP5ME;ALAS1;COX10;NDUFA8;LDHA;ATP5F1A;BDH2;ATP6V1D;NDUFB1;PDHB;ACO2;ATP5PF;AIFM1,age_changes_CD8aa_02202026
PI3K/AKT/mTOR  Signaling,0.08212393457728634,-0.44597850808093287,-1.5016435781395183,VAV3;IL2RG;ITPR2;ARPC3;TIAM1;MKNK2;PTEN;LCK;CFL1;AKT1;PRKAG1;MAPK1;CSNK2B;HRAS;GRK2;AP2M1;PIN1;PFN1;CAB39;RPS6KA3;GRB2;PIK3R3;CALR;UBE2D3;MAP2K6;TRIB3;PPP1CA;PDK1;ACTR3;MAPKAP1;AKT1S1;DDIT3;MAP2K3;MAPK8;PTPN11;PLA2G12A;CDK2,age_changes_CD8aa_02202026
Wnt-beta Catenin Signaling,0.1097193427013745,-0.5022968957707866,-1.4067797502336161,LEF1;TCF7;AXIN1;HDAC2;FRAT1;TP53;NOTCH1,age_changes_CD8aa_02202026
TGF-beta Signaling,0.12564583539013394,-0.45589802551858777,-1.3724445431389778,ID3;TRIM33;FURIN;SPTBN1;TGFB1;FKBP1A;SKIL;ARID4B;APC;TGIF1;UBE2D3;HIPK2;ENG;CDK9;PPP1CA;TGFBR1;JUNB;RHOA;ID1;HDAC1,age_changes_CD8aa_02202026
Glycolysis,0.2993713986380304,0.2899202467976894,1.1356324865382001,ENO2;IGFBP3;MXI1;CD44;PAM;SOD1;SAP30;FAM162A;HSPA5;AK3;PKM;CXCR4;TXN;VCAN;GNPDA1;PGAM1;PAXIP1;IER3;KIF2A;P4HA1;GOT2;CITED2;ERO1A;RRAGD;ALDOA;TGFBI;HAX1,age_changes_CD8aa_02202026
IL-6/JAK/STAT3 Signaling,0.30441739785227867,0.3361568971518299,1.1509676099398625,TNFRSF1B;FAS;IFNGR1;CD44;IL15RA;IL12RB1;PTPN1;TNF;ITGA4;CSF1;IL18R1;MAP3K8;IL2RA;MYD88;HAX1;CCR1;PIK3R5;STAT1;TYK2,age_changes_CD8aa_02202026
Reactive Oxygen Species Pathway,0.3063738329276184,0.34328054571640726,1.1411489834154163,PRNP;PRDX6;SOD1;LSP1;SOD2;PRDX1;TXN;CDKN2D;PRDX2;PRDX4;GPX4,age_changes_CD8aa_02202026
Estrogen Response Late,0.31987951807228915,0.3020344274564739,1.1533388787233887,TOB1;PERP;BCL2;DYNLT3;CD44;BTG3;FKBP5;BATF;TJP3;ID2;S100A9;PDCD4;CISH;IGFBP4;JAK2;ZFP36;AFF1;SLC7A5;ATP2B4;SLC16A1;DNAJC1;AMFR;SERPINA1;PRSS23,age_changes_CD8aa_02202026
Estrogen Response Early,0.39601885804085907,0.2818381188731481,1.0825396805688978,TOB1;DHRS3;BHLHE40;BCL2;DYNLT3;CD44;FKBP5;TJP3;MYC;CISH;IGFBP4;SH3BP5;JAK2;AQP3;AFF1;LRIG1;SLC7A5;ENDOD1;MYBL1;KRT18;TIPARP;SLC16A1,age_changes_CD8aa_02202026
Cholesterol Homeostasis,0.41347727867993717,0.29964105824870113,1.035227899787881,LGALS3;CLU;ANTXR2;ANXA5;ALCAM;S100A11;ATF3;LSS;SREBF2;PNRC1;SC5D;CXCL16,age_changes_CD8aa_02202026
Pancreas Beta Cells,0.4165606525480805,0.43796321965093205,1.0573773197229623,DPP4;SPCS1;FOXO1,age_changes_CD8aa_02202026
UV Response Up,0.41659769512833944,0.2670239482092627,1.0269190570125173,ENO2;DNAJB1;ARRB2;RAB27A;SLC25A4;BTG3;CYB5R1;BTG1;SOD2;SIGMAR1;YKT6;TGFBRAP1;AQP3;RPN1;BSG;ATF3;NUP58;PRKCD,age_changes_CD8aa_02202026
Interferon Gamma Response,0.42025966879111315,-0.32390489090540875,-1.1852729117776593,ARID5B;ISG15;LGALS3BP;IFNAR2;PSME2;IRF7;IL2RB;PSMA2;EPSTI1;VAMP5;GPR18;IRF9;NMI;IRF1;IFI44;IFI44L;XAF1;IFI35;XCL1;VAMP8;PLSCR1;IFITM3;CASP3;ISG20;IRF2;IFITM2;RTP4;PSME1;CASP4;NFKB1;SAMHD1;SAMD9L;BST2;USP18;KLRK1;SOCS3;ST8SIA4;MX1;NLRC5;UBE2L6;RIPK2;RBCK1;CASP7;ARL4A;RNF213;SP110;PARP12;PFKP;PARP14;PTPN6;ICAM1;NAMPT;PNPT1,age_changes_CD8aa_02202026
Unfolded Protein Response,0.42638132871751655,0.2744645428928259,1.0378055543773932,ERN1;HERPUD1;DNAJB9;XPOT;BAG3;EEF2;HSPA5;SERP1;PDIA6;SLC7A5;EXOSC1;SEC31A;NABP1;ATF3;SPCS1;HSP90B1;EXOSC9;ERO1A;YWHAZ;SSR1;PARN;HYOU1;EXOC2;DDX10;NPM1;EXOSC10;HSPA9;FKBP14;MTREX,age_changes_CD8aa_02202026
Protein Secretion,0.42647566550788135,0.2865440567133544,1.0452894986034031,ATP1A1;TMED2;TMED10;ANP32E;PAM;SOD1;GALC;TPD52;YKT6;CTSC;RAB9A;SEC24D;SEC31A;AP2B1;RAB14;KRT18;BNIP3;CLTC;VAMP3;SCAMP3;SNX2;TSG101;KIF1B,age_changes_CD8aa_02202026
Fatty Acid Metabolism,0.4286373755893138,0.2739772935670974,1.060580303356296,LGALS1;ENO2;GLUL;PCBD1;GABARAPL1;PRDX6;S100A10;ODC1;ACAA2;LTC4S;D2HGDH;ACSL5;GRHPR;NCAPH2;CBR3;ADIPOR2;MCEE;ALDOA;RETSAT;CCDC58;SERINC1;CRAT,age_changes_CD8aa_02202026
Myc Targets V1,0.46252663556784157,-0.32595739648742755,-1.1882083878403356,TXNL4A;PSMA7;PSMA2;LSM2;VDAC1;IFRD1;TRA2B;PSMD8;PCNA;CCT5;TRIM28;HDAC2;EIF3J;SERBP1;CTPS1;GSPT1;SET;EIF4A1;PPM1G;CBX3;ILF2;RANBP1;PHB;MCM7;COX5A;PSMA4;HDDC2;NME1;HDGF;CCT2;EIF3B;EIF2S1;PSMC6;SMARCC1;CCT3;KPNA2;UBE2E1;HNRNPA2B1;SNRPB2;TARDBP;CYC1;HNRNPD;SRSF3;RPS10;DHX15;RAD23B;NOP56;PSMB3;SLC25A3;HPRT1;CLNS1A;RNPS1;AIMP2;PSMA1;CCT4;SNRPD1;LDHA;LSM7,age_changes_CD8aa_02202026
Pperoxisome,0.4870678365636459,0.27445676809763697,0.9887586235178595,ATXN1;DHRS3;GSTK1;SLC25A4;CNBP;SOD1;ABCD2;SOD2;PRDX1;ACSL5,age_changes_CD8aa_02202026
Mitotic Spindle,0.5179106196728864,-0.30687081379953013,-1.1201576788453438,SMC4;CLASP1;TIAM1;GSN;RICTOR;FLNB;EZR;ARL8A;CDC42;FGD4;NIN;RAB3GAP1;SMC1A;CSNK1D;SPTBN1;MYO1E;CD2AP;DLG1;EPB41;RASA1;DST;PREX1;SSH2;STK38L;KLC1;RALBP1;BIN1;APC;PPP4R2;ROCK1;CYTH2;MYO9B;MAPRE1;UXT;RABGAP1;CEP192;TUBA4A;CEP250;ALS2;CENPJ;CDK5RAP2;MYH10;AKAP13;KNTC1;TRIO;RAPGEF6;ABL1;CCDC88A;KIFAP3;CEP72;GEMIN4;PAFAH1B1;ARF6;KATNA1;KIF5B;ARFGEF1;MARK4;ARHGAP10,age_changes_CD8aa_02202026
Xenobiotic Metabolism,0.5549988481916609,-0.32265256552233934,-1.1247523691600236,SPINT2;DDAH2;DHRS1;CYB5A;MTHFD1;ASL;PTGDS;ATP2A2;NINJ1;ECH1;DCXR;MCCC2;DDT;CROT;ELOVL5;SERTAD1;FBP1;ETS2;TPST1;EPHX1;IDH1;SLC35B1;DHPS;CAT;GSTM4;ALDH9A1;COMT;SLC46A3;ARPP19;PPARD;HPRT1;ADH5;TMEM97;ACP2;CSAD,age_changes_CD8aa_02202026
Apical Junction,0.5983236389464793,-0.31228168232273373,-1.0800394426721633,ACTN1;EVL;LDLRAP1;CLDN7;ACTG1;PTEN;ARPC2;AKT2;VASP;SKAP2;GNAI2;DLG1;RAC2;HRAS;RASA1;ACTB;YWHAH;MAPK14;PFN1;TSPAN4;AKT3,age_changes_CD8aa_02202026
Myc Targets V2,0.6095613382240888,-0.33657784422522063,-1.0611700966629443,DCTPP1;CBX3;PHB;NDUFAF4;PPAN;TFB2M;TBRG4;MRTO4;NOP56;FARSA;RCL1;AIMP2;TMEM97;IPO4;EXOSC5;NOP16;SRM;RRP9;WDR43;UNG,age_changes_CD8aa_02202026
Androgen Response,0.6483817092835752,-0.30293529903521155,-1.0054339731009707,ACTN1;ARID5B;HPGD;DBI;AKT1;IDI1;ZMIZ1;ELOVL5;SGK1;ZBTB10;UBE2I;ELK4;RPS6KA3,age_changes_CD8aa_02202026
E2F Targets,0.6497842053199995,-0.269594989560378,-0.9906739828443452,SMC4;STMN1;CKS2;DCTPP1;NASP;TRA2B;PCNA;SNRPB;SMC1A;CTPS1;GSPT1;PRIM2;RANBP1;TP53;MCM7;NME1;UBE2S;CTCF;EIF2S1;ING3;KPNA2;BARD1;SMC6;TBRG4;TIPIN;DCK;EZH2;HNRNPD;CKS1B;RBBP7;PNN;LBR;MRE11;NOP56;MCM3;TUBB;CBX5;GINS4;DNMT1;ASF1B;TFRC;PAICS;TIMELESS;NUP153;SUV39H1;MSH2;TACC3;CDKN2C;HELLS;XPO1;PMS2,age_changes_CD8aa_02202026
Spermatogenesis,0.6652700990555172,-0.3157288305910099,-1.0292822897083094,POMC;TLE4;STRBP;CHFR;GMCL1;BRAF;MTOR;IFT88;ARL4A;TKTL1;CSNK2A2;PGS1;EZH2;TSN,age_changes_CD8aa_02202026
Notch Signaling,0.6757563541426707,-0.4006991653178349,-1.0108201125576795,MAML2;ARRB1;LFNG;PRKCA;NOTCH1;RBX1;PPARD;DTX2;HES1;FBXW11,age_changes_CD8aa_02202026
Adipogenesis,0.7074406818705368,-0.24565044455931317,-0.884071526449852,EPHX2;GADD45A;CCNG2;UCP2;ETFB;MGLL;LPCAT3;ATP5PO;COX7B;TKT;ECH1;ABCB8;DDT;ACADM;MTCH2;VEGFB;DHRS7B;PPP1R15B;PPM1B;STAT5A;HIBCH;DLD;COQ5;ARL4A;DBT;COX6A1;UQCRQ;IDH1;DNAJC15;MDH2;BCL6;CYC1;DECR1;COQ9;CAT;PGM1,age_changes_CD8aa_02202026
G2-M Checkpoint,0.7273518829323944,-0.25126848954178027,-0.9041500724091167,SMC4;STMN1;CKS2;NASP;RBM14;TRA2B;SMC1A;GSPT1;PRIM2;CUL3;HMGN2;TGFB1;UBE2S;MAPK14;CTCF;SMC2;NUP50;YTHDC1;PRPF4B;E2F4;SMARCC1;KPNA2;BARD1;SFPQ;KMT5A;MTF2;CHMP1A;EZH2;HNRNPD;SQLE;CKS1B;LBR;NCL;RAD23B,age_changes_CD8aa_02202026
DNA Repair,0.7308969969215304,-0.2511525010829052,-0.8879269059945869,RALA;DGUOK;ITPA;PCNA;REV3L;DGCR8;SDCBP;PDE6G;TP53;NT5C;VPS37B;NME1;POLR2G;NELFB;SRSF6;UPF3B;CLP1;FEN1;RAE1;ERCC4;MPC2;PRIM1;TAF12;RBX1;ELOA;TAF10;AGO4;NELFCD;TAF13;ALYREF,age_changes_CD8aa_02202026
heme Metabolism,0.7508710550564387,-0.2556079448340374,-0.9088974534190255,ANK1;DAAM1;GYPC;TFDP2;TNRC6B;UCP2;ADD1;CDR2;ACP5;RBM38;KLF3;SDCBP;MARK3;YPEL5;EPB41;UROS;HDGF;GLRX5;PGLS;ASNS;USP15;MPP1;FBXO34;CLCN3;CAT;SEC14L1;RBM5;HEBP1;TRAK2;PICALM;ALDH6A1;RCL1;SLC11A2;MKRN1,age_changes_CD8aa_02202026
Bile Acid Metabolism,0.762853271741898,-0.28245085513015505,-0.9197594157708281,EPHX2;LCK;PRDX5;RXRA;IDI1;EFHC1;PXMP2;SULT1B1;ABCD3;CROT;MLYCD;IDH1;PEX1;CAT;PECR;ALDH9A1;PNPLA8;PEX13,age_changes_CD8aa_02202026
mTORC1 Signaling,0.7707213519670326,-0.2524593693155396,-0.9326377315659282,CD9;ITGB2;PHGDH;IFRD1;CYB5B;SEC11A;SKAP2;ATP2A2;IDI1;EDEM1;PSMA4;CORO1A;ELOVL5;SLC2A3;ASNS;PSMD13;EEF1E1;PITPNB;PSMC6;MLLT11;MTHFD2L;TM7SF2;IDH1;PIK3R3;ADD3;CALR;NAMPT;SYTL2;UBE2D3;STIP1;DDIT4;PGM1;SQLE;PNO1;ABCF2;HMGCS1;NFYC;TRIB3;HPRT1;PDK1;SLC37A4;ACTR3;TMEM97;TUBA4A;ENO1;TPI1;LDHA;TFRC;ATP6V1D;DDIT3;G6PD,age_changes_CD8aa_02202026
Hedgehog Signaling,0.8075563122053431,0.3472828986603315,0.8528319590654582,PTCH1;ADGRG1;MYH9;CDK6,age_changes_CD8aa_02202026
Interferon Alpha Response,0.001957845146685429,-0.5235472012413978,-1.9432932472145912,SP110;IRF1;UBE2L6;IRF2;HLA-C;NCOA7;GBP4;CD74;ADAR;PSMA3;ISG20;IRF9;ISG15;LAP3;NMI;IRF7;CD47;EPSTI1;SAMD9;IFI44L;PSME1;PSMB8;LY6E;IFI35;IFITM2;MX1;B2M;PARP14;UBA7;GBP2;BST2,age_changes_HSPC_02202026
Interferon Gamma Response,0.002447306433356787,-0.4534480038403052,-1.8439817687787279,SP110;ARID5B;IRF1;UBE2L6;HLA-B;IRF2;XAF1;BTG1;STAT1;PTPN2;HLA-A;RNF213;NFKB1;GBP4;CD74;ADAR;PSMA3;ISG20;IRF9;OAS2;ISG15;LAP3;HLA-DRB1;NMI;RBCK1;LYSMD2;IRF7;NFKBIA;EPSTI1;SPPL2A;AUTS2;RAPGEF6;IRF8;IFI44L;PSME1;CIITA;PSMB8;PSMB2;LY6E;IFI35;IFITM2;MX1;B2M;SRI;PARP14;TNFAIP2;BST2;PARP12;TAPBP;IFI44;HIF1A;APOL6;PSMB10;TXNIP;PDE4B;BANK1;SOCS3;PNP;PTPN1;PML;IFIT3,age_changes_HSPC_02202026
KRAS Signaling Up,0.0026104601955805723,-0.4767030631710019,-1.8249831723305463,GNG11;IL2RG;ID2;DOCK2;JUP;LAT2;IKZF1;IL7R;LAPTM5;EMP1;FCER1G;PECAM1;RBM4;ETS1;TSPAN13;CTSS;SATB1;MYCN;BTBD3;KCNN4;IRF8;PSMB8;TFPI;TRIB2;CD37;AKT2;IL1B;SDCCAG8;LCP1;BIRC3;NIN;LY96;GUCY1A1;GYPC;PRELID3B;ENG,age_changes_HSPC_02202026
Myc Targets V1,0.024717794976903545,-0.39040079613019424,-1.6318881466735218,TXNL4A;SRSF7;PGK1;PHB;SSB;HDGF;SERBP1;TRIM28;HNRNPU;COPS5;CCT5;PSMA7;NOP56;HNRNPA3;CANX;HSPE1;PSMD8;CUL1;TOMM70;UBE2L3;HNRNPD;CYC1;SRSF2;PPM1G;SSBP1;NAP1L1;TRA2B;EIF3J;HNRNPA2B1;PSMA4;LDHA;SF3B3;PHB2;PSMD14;PSMB3;MRPS18B;PCBP1;PSMB2;EIF4A1;PRDX3;TUFM;XRCC6;SRPK1;EIF2S1;MCM5;POLE3;PSMD3;PA2G4;EIF3B;SRSF1;RPS10;DHX15;SNRPD3;MRPL23;DDX21;GSPT1;SNRPA;UBE2E1;GNL3;PTGES3;SYNCRIP;NCBP2;KPNB1;VDAC1;YWHAE;EIF4H;XPO1;YWHAQ;ABCE1;RACK1;SNRPG;SF3A1;HDAC2;RRM1;RPS3;SNRPB2;ERH;NCBP1;C1QBP;PSMA1;CCT7;RSL1D1;HSP90AB1;IFRD1;TARDBP;SRM,age_changes_HSPC_02202026
Notch Signaling,0.0267106016440655,-0.5866398984642577,-1.5814986378842903,APH1A;CUL1;RBX1;MAML2;SKP1;TCF7L2;PSENEN;ST3GAL6;HES1;LFNG;NOTCH2;KAT2A;ARRB1;SAP30,age_changes_HSPC_02202026
Wnt-beta Catenin Signaling,0.02904136967583387,-0.5345180600733448,-1.5902081145620397,GNAI1;TCF7;TP53;CSNK1E;CUL1;RBPJ;LEF1,age_changes_HSPC_02202026
IL-6/JAK/STAT3 Signaling,0.02936767720028144,-0.46362873658710085,-1.602368479072759,LTB;IL2RG;IRF1;STAT1;PTPN2;IFNAR1;DNTT;IRF9;CD44;ITGA4;TGFB1;MAP3K8;IFNGR1;IL1B,age_changes_HSPC_02202026
UV Response Dn,0.060203738260576956,-0.3959732137587196,-1.4871927644479843,CDK13;PHF3;NIPBL;NFKB1;FYN;ZMIZ1;NR3C1;RUNX1;MAPK14;ATP2B1;PTEN;ADD3;RASA2;PRDM2;TFPI;MIOS;SRI;CDKN1B;ATRX;IGF1R;ATP2B4;DBP;AGGF1;RXRA;SPOP;AKT3;MRPS31;GCNT1;INSIG1;ABCC1;DYRK1A,age_changes_HSPC_02202026
Allograft Rejection,0.0665667349873046,-0.3643425332858705,-1.4622859288066155,LTB;IL2RG;CD79A;CSK;HLA-DMB;HLA-DRA;EIF5A;STAT1;CCND3;HLA-A;UBE2N;CD74;ETS1;WAS;CTSS;CD7;IRF7;CD47;EIF3J;IL16;TGFB1;HLA-E;IRF8;IL27RA;LYN;BCL10;B2M;IFNGR1;IL1B;HCLS1;LY75;GBP2;CD3E;IFNGR2;RPS19;PRKCB;TAPBP;EIF3A;CAPG;HIF1A;GCNT1;PSMB10;RPS9;CD3G;ABCE1;DEGS1;SOCS5;CD247;RPL9;IKBKB;LCK,age_changes_HSPC_02202026
TGF-beta Signaling,0.08986509223286121,-0.4340622518555459,-1.414759822468975,ID2;SPTBN1;ARID4B;FNTA;XIAP;TGFB1;HIPK2;TRIM33;HDAC1;ID3;IFNGR2;ENG;CDK9,age_changes_HSPC_02202026
Glycolysis,0.1031819017840721,0.31511019397380907,1.378604788298666,TPI1;PGAM1;KIF2A;PFKP;ALDOA;TXN;AK3;PRPS1;RPE;NDUFV3;GUSB;SDHC;PLOD2;FKBP4;MIF;TALDO1;QSOX1;PYGL;FAM162A;GFPT1;HDLBP;CXCR4;PGLS;AGL;PGM2,age_changes_HSPC_02202026
Fatty Acid Metabolism,0.11360431610569553,0.3287413185761373,1.4185093568829232,GLUL;ACSM3;LTC4S;ELOVL5;ALDH1A1;PCBD1;HSD17B11;PRDX6;ALDOA;IDH3G;METAP1;SDHC;GSTZ1;SERINC1;GCDH;UROD;MIF;RDH11;CRAT;ACOT2;CPOX;SUCLA2;CA2;CD36;ALDH3A2;OSTC;ACO2;ACSL1;UGDH;BCKDHB;BPHL;RETSAT;MGLL;NSDHL;GABARAPL1;SUCLG2;REEP6;HADHB;HSD17B4;CPT2,age_changes_HSPC_02202026
Androgen Response,0.11720372991748684,-0.3697746120482083,-1.3719687835023398,IQGAP2;ARID5B;SRP19;DBI;CCND3;ZMIZ1;RPS6KA3;SPCS3;FKBP5;UBE2J1;XRCC5;HMGCS1;TNFAIP8;XRCC6;B2M;PA2G4;TSC22D1;ELL2;PIAS1;ADRM1;GUCY1A1;ACTN1;PTK2B;INSIG1;CAMKK2,age_changes_HSPC_02202026
Xenobiotic Metabolism,0.12152535099012934,0.3279227121953673,1.3816105894177009,MT2A;ASL;ELOVL5;PGD;DCXR;TKFC;TMEM97;GSTM4;CAT;AHCY;AKR1C3;SPINT2;PYCR1;GCNT2;SSR3;SLC46A3;BLVRB;DHRS1;CA2;CD36;ACO2;UGDH;GSR;BPHL;GSS;RETSAT;MTHFD1;DHPS;FAH,age_changes_HSPC_02202026
Coagulation,0.1313224204524554,0.39849192498177294,1.479789242217071,TIMP1;ANXA1;CTSB;CPQ;CLU;LTA4H;KLF7;CFH;MSRB2;RAC1;GNB2;CFD;CAPN2;APOA1;DUSP6;SERPING1;PLEK;MAFF,age_changes_HSPC_02202026
heme Metabolism,0.13305948950605928,0.32101453027817484,1.4356451757631221,FOXO3;HEBP1;SDCBP;MINPP1;LRP10;KLF3;PSMD9;NFE2;FBXO7;HBD;HMBS;PRDX2;CTSB;TFDP2;CAT;CLIC2;GATA1;ERMAP;MPP1;UROD;NNT;SEC14L1;FBXO9;NUDT4;GMPS;HBB;CPOX;BLVRB;PGLS;SLC25A38;KLF1;SIDT2;EPOR;CA2;ATP6V0A1;TAL1;ALDH6A1;ICAM4;HBQ1;DCAF11;HTATIP2;FBXO34;NCOA4;ASNS;PPOX,age_changes_HSPC_02202026
Bile Acid Metabolism,0.16258966341732575,0.33819342200635605,1.299693847789901,ALDH1A1;HSD17B11;CAT;PFKM;ATXN1;PEX7;KLF1;PEX19;APOA1;FDXR;ACSL1;RETSAT;ISOC1;ABCD1;SLC23A2;HSD17B4;PEX11G;PHYH;PEX11A;SLC27A5;PEX16;HSD3B7;OPTN;GNPAT;LONP2,age_changes_HSPC_02202026
Apical Junction,0.1857505582917801,-0.3379567804344649,-1.3080894777012149,EVL;JUP;GNAI2;CD34;GNAI1;MYL12B;RAC2;CD99;PECAM1;MAP4K2;ARHGEF6;MAPK14;PTEN;ARPC2;NF1;SORBS3;STX4;SYK;AKT2;EXOC4;SHC1;MVD;NECTIN2;ACTN1;AKT3,age_changes_HSPC_02202026
Apical Surface,0.20263697268194195,-0.46022834218018954,-1.2868611518199835,IL2RG;ADAM10;APP;LYN,age_changes_HSPC_02202026
Reactive Oxygen Species Pathway,0.21782845932192998,0.4073908615081721,1.5039671040274845,PDLIM1;PTPA;TXNRD1;PRDX6;PFKP;TXN;PRDX2;CAT;MGST1;HHEX;FES,age_changes_HSPC_02202026
Protein Secretion,0.2411412605667554,-0.32862875388461715,-1.2440036041040856,GNAS;RAB2A;AP3B1;COPB2;BET1;COPE;RPS6KA3;ADAM10;MAPK1;COPB1;RER1;STX16;SNX2;CLTA;USO1;RAB14;DNM1L;CTSC;CLN5;ARCN1;DST;BNIP3;STX7;ATP1A1;YKT6;SCRN1;ARFGEF1;LAMP2;TMX1,age_changes_HSPC_02202026
PI3K/AKT/mTOR  Signaling,0.25403040778243446,-0.32714334315548693,-1.246206316961752,IL2RG;UBE2N;RPS6KA3;MAPK1;THEM4;GRK2;MAP2K3;PTEN;CALR;ACTR3;ACTR2;YWHAB;HSP90B1;VAV3;CFL1;CDKN1B;CAMK4;PIN1;PRKCB;ATF1;RIT1;CSNK2B;SMAD2;PLA2G12A;MAPK8;NFKBIB;STAT2;LCK;ARPC3;ARHGDIA;TSC2;TRAF2,age_changes_HSPC_02202026
Oxidative Phosphorylation,0.2643702774633669,-0.29397544533133824,-1.221718026660045,NDUFA9;SLC25A11;NDUFS7;NDUFS6;NDUFB8;ATP5PO;ATP6V0E1;NDUFA2;MGST3;HSD17B10;UQCR10;MRPL34;CYB5R3;ATP6V1E1;NDUFC1;TOMM70;MRPS30;ISCU;CYC1;ATP5MF;IDH2;NDUFA8;ECI1;NDUFC2;SDHD;LDHA;PDHA1;PHB2;NDUFB3;ECH1;MDH1;CYB5A;FH;ATP5F1B;PRDX3;OPA1;IDH1;ATP5MC1;IMMT;ATP6V1G1;SLC25A6;GLUD1;POLR2F;COX4I1;ATP6V1D;MPC1;ATP5MC3;ACADM;COX11;BCKDHA;NDUFA6;ATP5PF;ATP5F1E;NDUFA1;VDAC1;ACADVL;AIFM1;COX7B;MRPS12;COX17,age_changes_HSPC_02202026
Mitotic Spindle,0.33554010793341166,-0.29031395590671355,-1.1765569687129713,DOCK2;ROCK1;SPTBN1;BIN1;RALBP1;EZR;ARHGAP4;EPB41;CNTRL;CAPZB;PAFAH1B1;SMC1A;NF1;RASA2;CDK5RAP2;TUBGCP2;ARL8A;ATG4B;RAPGEF6;ARHGEF7;MID1IP1;PCM1;MAP1S;RANBP9;PPP4R2;BCR;ARHGAP27;MARCKS;NIN;SOS1;DST;TRIO;SUN2;PREX1;RFC1;HDAC6;GSN;YWHAE;RICTOR;SPTAN1;NCK2;ARFGEF1;ACTN4;CEP57,age_changes_HSPC_02202026
Unfolded Protein Response,0.35768743138194636,-0.303646918622702,-1.1573001380675907,FUS;HERPUD1;ATF4;LSM1;NOP56;SPCS3;HSPA5;YIF1A;ATP6V0D1;CALR;BANF1;CNOT4;DDX10;EIF4EBP1;CKS1B;SRPRB;CNOT2;EIF4A1;HSP90B1;EIF2S1;SHC1,age_changes_HSPC_02202026
mTORC1 Signaling,0.36087980666279174,-0.275267308579873,-1.138427368171407,TES;CACYBP;PGK1;CORO1A;PSMB5;COPS5;PSMA3;PDAP1;CANX;HSPE1;HSPA5;MAP2K3;CYB5B;PSMC2;BTG2;ADD3;CALR;EBP;HMGCS1;ENO1;ACTR3;PSMA4;ACTR2;PRDX1;DDX39A;TOMM40;LDHA;PSMD14;USO1;HSP90B1;PFKL;PNO1;IDH1;ATP5MC1;G6PD;TFRC;IMMT;PITPNB;EEF1E1;CCT6A;CTSC;ATP6V1D;DHFR,age_changes_HSPC_02202026
IL-2/STAT5 Signaling,0.36220135213680443,-0.28616246957629915,-1.1288361748454068,LTB;HOPX;RHOH;CD81;CD79B;CCND3;EMP1;CTSZ;GBP4;KLF6;CD48;CD44;GADD45B;DENND5A;IRF8;HIPK2;MAP3K8;PLAGL1;HUWE1;IFNGR1,age_changes_HSPC_02202026
G2-M Checkpoint,0.36504912689561964,-0.27452888626776006,-1.1205413327995148,NCL;NASP;CTCF;HNRNPU;SFPQ;SLC38A1;HSPA8;CUL1;MAPK14;RBM14;HNRNPD;FOXN3;SRSF2;PAFAH1B1;SMC1A;PRPF4B;TOP1;TRA2B;CKS1B;DDX39A;TGFB1;MNAT1;TACC3;LBR;STAG1;MCM5;SRSF1;DR1;ODF2;CDKN1B;ATRX;STMN1;MARCKS,age_changes_HSPC_02202026
Inflammatory Response,0.37193905562952934,-0.29600537381929504,-1.1416477659572069,IRF1;IL7R;NFKB1;IFNAR1;KLF6;CD48;ATP2B1;CD82;NMI;BTG2;IRF7;SEMA4D;NFKBIA;CCR7;LY6E;PSEN1;LYN;IL1B;SRI;BST2;EMP3;ADRM1;PTPRE;IFNGR2;TAPBP;HIF1A;RGS1;CD55;CALCRL,age_changes_HSPC_02202026
TNF-alpha Signaling via NF-kB,0.38651126270814856,-0.27266710289279217,-1.0939883122559375,ID2;IRF1;CCNL1;IER2;BTG1;IL7R;NFKB1;NFAT5;KLF6;ATP2B1;CD44;GADD45B;MAP2K3;BTG2;NFKBIA;KLF2;TNFAIP8;DENND5A;IER5;GADD45A;MAP3K8;FOSB;IL1B;TSC22D1;TNFAIP2;BIRC3;MARCKS;PTPRE;IFNGR2;TANK,age_changes_HSPC_02202026
UV Response Up,0.4007198273052895,-0.2798409472803495,-1.095136735662209,IRF1;EIF5;BTG1;CCND3;HNRNPU;PPP1R2;HLA-F;PDAP1;CYB5B;BTG2;NFKBIA;POLR2H;AGO2;ARRB2;LYN;TFRC;POLE3;FOSB;CYB5R1;CDC5L;MRPL23;GRINA;DDX21;DNAJB1;NXF1;YKT6;NUP58;TGFBRAP1;NPTX2;MGAT1;STK25;WIZ;BAK1;ALAS1,age_changes_HSPC_02202026
Adipogenesis,0.48139973705542954,0.2423319336961819,1.0982120327888776,LTC4S;MTCH2;CD302;ALDOA;RNF11;NDUFB7;CAT;IDH3G;CMPK1;STAT5A;UQCRQ;ETFB;SDHC;SDHB;COX8A;BCL2L13;RAB34;REEP5;DRAM2;UQCRC1;RTN3;TALDO1;CRAT;PLIN2;NDUFAB1;UCK1;GRPEL1;CD36;CMBL;CS;ACO2;DLAT;TST;PPM1B;ELMOD3;COQ5;RETSAT;GPAT4;MGLL;FAH;QDPR,age_changes_HSPC_02202026
Cholesterol Homeostasis,0.4875425984276056,-0.2942398673443843,-1.03983303848504,GNAI1;FDPS;S100A11;ANTXR2;FDFT1;ACAT2;EBP;ANXA5;FABP5;HMGCS1;ECH1,age_changes_HSPC_02202026
Estrogen Response Late,0.493918214701735,0.25804463994664145,1.0768787434331994,ELOVL5;TPSAB1;MEST;DCXR;PPIF;ETFB;FKBP4;CHPT1;BTG3;DNAJC12;CKB;S100A9;AREG;ALDH3B1;MDK;BLVRB;FOS;GLA;SORD;CA2;ALDH3A2;NCOR2;UGDH;TST;ITPK1,age_changes_HSPC_02202026
E2F Targets,0.5091526907428281,-0.24787549785913443,-1.023112080745998,NASP;CTCF;DCK;TP53;NOP56;SNRPB;LUC7L3;PHF5A;PSIP1;HNRNPD;CBX5;SRSF2;SMC1A;NAP1L1;TRA2B;CKS1B;RFC2;DDX39A;RAD50;TACC3;RBBP7;XRCC6;LBR;EIF2S1;STAG1;MCM5;TFRC;PA2G4;NUP153;SRSF1;CDKN1B;STMN1;GSPT1;SYNCRIP;RFC1;DNMT1;XPO1;TMPO;ASF1A;PRIM2;PNN;RNASEH2A;SMC6;NBN;TUBB;PRKDC;IPO7;EZH2;NCAPD2;RPA2;MSH2;EED,age_changes_HSPC_02202026
Complement,0.5244927301888359,-0.25073600344165436,-0.999500356902133,IRF1;IRF2;GNAI2;FYN;FCER1G;GNG2;USP16;WAS;CTSS;HSPA5;LAP3;IRF7;USP15;ANXA5;DOCK10;STX4;PSEN1;LYN;PPP4C;RNF4;CD46;CTSC;CASP10;ATOX1;CBLB;CTSD;HSPA1A;CD55,age_changes_HSPC_02202026
Hypoxia,0.5259410827049231,0.2512450275938069,1.1025432774870458,TPI1;MT2A;FOXO3;PFKP;ALDOA;BHLHE40;LXN;GCNT2;KLF7;MIF;FAM162A;PLIN2;HDLBP;CXCR4;PGM2;FOS;PLAUR;DDIT4;DUSP1;FOSL2;RRAGD;NDRG1;S100A4;AK4;CITED2;DDIT3;MAFF;PDK3;P4HA1;TIPARP;MYH9;HEXA;BNIP3L;PGM1;TPD52;ATF3,age_changes_HSPC_02202026
Apoptosis,0.526018981393087,-0.250678115569943,-0.9907292693291132,IRF1;ROCK1;EMP1;APP;ISG20;TSPO;CD44;SATB1;XIAP;CREBBP;GADD45B;BTG2;EBP;LEF1;ADD1;GADD45A;DAP;PSEN1;BCL10;IFNGR1;DNM1L;IL1B;CDKN1B;BIRC3;PPP3R1;RARA,age_changes_HSPC_02202026
DNA Repair,0.5330777257725161,-0.2498825193515193,-1.0040585031257008,ADA;MRPL40;ZNRD1;TAF10;RALA;EDF1;ALYREF;NELFE;GTF2A2;RNMT;TP53;XPC;POLR2H;RFC2;POLR2C;DCTN4;SF3A3;RBX1;SNAPC5;HCLS1;CETN2;POLR2F;POLR2I;PDE6G;ADRM1;NME4;ERCC1;GUK1;NCBP2;COX17;POLR2A;POLB;GTF2H5;PDE4B;PNP,age_changes_HSPC_02202026
p53 Pathway,0.6030489359315571,-0.23831536683555501,-0.9481729309027799,ADA;CD81;MAPKAPK3;BTG1;CCND3;DGKA;DNTTIP2;TP53;APP;CYFIP2;ISCU;S100A10;CD82;BTG2;XPC;TGFB1;IER5;GADD45A;TRIAP1;MDM2;RB1;TSC22D1;PITPNC1;MXD4;PTPRE;ANKRA2;CTSD;RXRA,age_changes_HSPC_02202026
Myogenesis,0.6145434480913605,0.25103758676751914,1.0222690476562037,FHL1;BHLHE40;MYL6B;KCNH2;PFKM;CLU;HDAC5;OCEL1;PDE4DIP;CKB;CRAT;MYLPF;TNNT3;IGFBP7;CFD;AGL;CD36;ACSL1;ITGB1,age_changes_HSPC_02202026
Epithelial Mesenchymal Transition,0.6368963685038725,0.25344677845107066,0.9986041106206495,CXCL8;TIMP1;MEST;FLNA;PLOD2;TPM1;CD59;GLIPR1;P3H1;AREG;QSOX1;SERPINE2;PLAUR;GPX7;ITGB1;COLGALT1;FUCA1;SNTB1,age_changes_HSPC_02202026
Pperoxisome,0.6591776196337535,0.24075159415796085,0.9767989834111749,ELOVL5;PABPC1;ALDH1A1;HSD17B11;CAT;ABCC5;ATXN1;NUDT19;IDE;RDH11;CRAT,age_changes_HSPC_02202026
Estrogen Response Early,0.6814770050010073,0.2262071287373366,0.9536531139723246,ELOVL5;DEPTOR;BHLHE40;FHL2;KRT8;PPIF;FKBP4;CHPT1;KDM4B;DLC1;PMAIP1;AREG;ALDH3B1;BLVRB;TMEM164;FOS;MPPED2;GLA;KRT18;NCOR2;GAB2;ITPK1;MINDY1;DYNLT3;TIPARP;AKAP1,age_changes_HSPC_02202026
Myc Targets V2,0.6955224490630045,0.24342927872875825,0.9332265559150045,AIMP2;TMEM97;PES1;TFB2M;PUS1;SUPV3L1;WDR74;NPM1;RABEPK;SORD,age_changes_HSPC_02202026
Hedgehog Signaling,0.8196108190680697,-0.3472920592925965,-0.8382826855148432,NF1;ADGRG1,age_changes_HSPC_02202026
Angiogenesis,0.8632364661884617,0.3257078384793872,0.8483098530086896,TIMP1;S100A4;PRG2;ITGAV,age_changes_HSPC_02202026
Spermatogenesis,0.9269479029643,-0.21199708945670862,-0.7474795326125734,BRAF;STRBP;SLC2A5;PIAS2;TLE4;COIL,age_changes_HSPC_02202026
KRAS Signaling Dn,0.930108515725584,0.20190882503106394,0.7625794532059245,NR4A2;MTHFR;CLSTN3;SELENOP;SKIL;ZBTB16;MAGIX;SPTBN2;NR6A1;GTF3C5;GP1BA,age_changes_HSPC_02202026
Notch Signaling,0.015495657138196794,-0.5512246605494435,-1.7048451290318347,TCF7L2;LFNG;RBX1;KAT2A;ST3GAL6;HES1;ARRB1;PRKCA;FZD5,age_changes_ISGhi_CD14_mono_02202026
Myc Targets V2,0.02365126615830037,-0.46440379908580665,-1.6389225639697989,PPAN;HSPE1;SRM;UTP20;RRP9;GNL3;NDUFAF4;DDX18;NOP2;NOP16;UNG;IPO4;TBRG4;PLK1;MYC;BYSL;MRTO4;HSPD1;HK2;PRMT3;NOP56;NPM1;GRWD1;DCTPP1;CDK4;RCL1,age_changes_ISGhi_CD14_mono_02202026
Complement,0.041928721174004195,0.28042874477644764,1.8497083521389535,CCL5;PIM1;CR1;S100A12;TIMP1;GZMB;GZMA;GNG2;RBSN;F5;SERPINA1;ADAM9;WAS;SERPING1;LTA4H;RABIF;CD55;PIK3R5;PDP1;KYNU;L3MBTL4;LRP1;GNB2;CASP4;ANG;CTSO;USP15;GRB2;PFN1;GMFB;PRKCD;ITGAM;PSMB9;CPQ;PRCP;KIF2A;RCE1;PIK3CG;CTSB;LGALS3;CLU,age_changes_ISGhi_CD14_mono_02202026
Coagulation,0.12928022361984629,0.24183645575718696,1.4264760485606458,TIMP1;ANXA1;SERPINA1;ADAM9;SERPING1;LTA4H;RABIF;FURIN;CTSK;PECAM1;RAC1;LRP1;KLF7;GNB2;WDR1;ANG;CTSO,age_changes_ISGhi_CD14_mono_02202026
Hypoxia,0.1781970649895178,0.2507695295234067,1.4387109146668668,PIM1;MT2A;GAPDH;HMOX1;FBP1;MYH9;KLF6;CAVIN3;ALDOA;ADM;ZFP36;ZNF292;IDS;S100A4;GRHPR;CITED2;MIF;DDIT4;MT1E;RBPJ;KLF7;GALK1;MAP3K1;SLC6A6;HDLBP;VHL;PFKFB3;FOXO3;AK4;MXI1;IRS2;LDHA;GYS1;FOS;NOCT;GPI;NDST1;NFIL3;PRDX5;SAP30;CCNG2;KDM3A;TPI1,age_changes_ISGhi_CD14_mono_02202026
IL-6/JAK/STAT3 Signaling,0.19654088050314464,0.23508538189007702,1.3386670213579848,PIM1;IL1R2;HMOX1;STAT3;PIK3R5;CXCL3;CSF3R;TNFRSF12A;STAT1;SOCS3;GRB2;PTPN11;IFNGR2;MYD88;IL12RB1;LTBR;IL17RA,age_changes_ISGhi_CD14_mono_02202026
Reactive Oxygen Species Pathway,0.2809224318658281,0.24003057208597206,1.2486758088419345,CDKN2D;PRDX2;GPX4;PRNP;MBP;LSP1;TXNRD2;SBNO2;TXN;PTPA,age_changes_ISGhi_CD14_mono_02202026
Wnt-beta Catenin Signaling,0.29706805855727275,-0.41616737844319857,-1.3573618664726674,TCF7;NOTCH4;LEF1;TP53;KAT2A;NKD1;MYC;SKP2;AXIN1;WNT5B;GNAI1;FRAT1;WNT6;CSNK1E,age_changes_ISGhi_CD14_mono_02202026
Angiogenesis,0.2994908655286014,0.2766570151220524,1.1665442534477386,TIMP1;VCAN;APP;S100A4;LRPAP1;JAG1,age_changes_ISGhi_CD14_mono_02202026
KRAS Signaling Dn,0.30583533825388415,-0.3815939638213569,-1.382274736613124,RYR1;TCL1A;CKM;PDK2;SNN;LFNG;YPEL1;SERPINB2;NR6A1;PDE6B;DTNB;IFI44L;COPZ2;RSAD2;GPRC5C;LYPD3;ENTPD7;GP1BA;PLAG1;VPS50;SKIL;MAGIX;PTPRJ;CPEB3;TFCP2L1;CD80;TENT5C;ITGB1BP2;SIDT1;FGGY;CACNA1F;CD40LG;THNSL2,age_changes_ISGhi_CD14_mono_02202026
Xenobiotic Metabolism,0.319706498951782,0.18264640319556044,1.1884433686230822,MT2A;AQP9;BCAT1;PGD;CYP27A1;HMOX1;FBP1;MAN1A1;CSAD;PSMB10;KYNU;VNN1;ETS2;PTS;UPP1,age_changes_ISGhi_CD14_mono_02202026
Apoptosis,0.4350104821802935,0.184724336472781,1.0500337550522125,TIMP1;TXNIP;ANXA1;PRF1;HMOX1;ETF1;SPTAN1;DPYD;GPX4;APP;MCL1;DNAJC3;TNFRSF12A;IGF2R;RELA;IFITM3;CASP2;CASP4;BTG3;CASP8;HMGB2;RNASEL;LGALS3;DAP;CLU;PDCD4;BCL2L1;ROCK1;SAT1;GSN,age_changes_ISGhi_CD14_mono_02202026
Interferon Gamma Response,0.44025157232704404,0.2407122822814778,1.0,CCL5;PIM1;VAMP5;MT2A;HIF1A;FCGR1A;IL10RA;TXNIP;GZMA;CD74;IFITM2;STAT3;FPR1;SERPING1;HLA-DMA;BPGM;TAPBP;HLA-DRB1;CMTR1;LATS2;PSMB10;HLA-B;MVP;STAT1;PSME2;IFITM3;SOCS3;PSME1;UPP1;CASP4;TRAFD1;TRIM26;ST8SIA4,age_changes_ISGhi_CD14_mono_02202026
Apical Junction,0.46936873980899135,0.17842149757121434,1.0069834932152486,CD99;VCAN;FYB1;NECTIN2;ZYX;ADAM9;MYH9;INSIG1;CNN2;CTNNA1;RSU1;PECAM1;MAP3K20;ACTB;MPP5;EXOC4;SIRPA,age_changes_ISGhi_CD14_mono_02202026
Myc Targets V1,0.48525873669616276,-0.32910146943290314,-1.2720387628347505,KPNA2;HSPE1;SSB;PSMA2;GSPT1;ODC1;NME1;PCNA;SRM;ABCE1;EIF4A1;RRP9;SRSF7;RPS10;RPS6;GNL3;SNRPB2;SRSF3;TXNL4A;EIF3B;CDK2;DDX18;EIF3J;NOP16;POLD2;PSMC6;PRDX4;G3BP1;PSMA4;MYC;IFRD1;IMPDH2;EXOSC7;PSMA1;EIF1AX;TCP1;HSPD1;NOP56;EIF2S1;CCNA2;NPM1;CCT5;RPS5;NAP1L1;CCT3;EEF1B2;CCT4;SRSF2;EIF3D;CDK4;NDUFAB1;RANBP1;MCM2;MRPL9;SLC25A3,age_changes_ISGhi_CD14_mono_02202026
Apical Surface,0.5074419932308445,-0.4183729986083716,-1.2854767603876653,GHRL;IL2RG;TMEM8B;MAL;AKAP7;DCBLD2;LYPD3;ATP8B1;EPHB4,age_changes_ISGhi_CD14_mono_02202026
DNA Repair,0.6262601548659534,-0.3142166128733997,-1.1990108300144944,RPA3;FEN1;ALYREF;CSTF3;BOLA2;NME1;PCNA;ZNRD1;RBX1;TP53;POLR2H;ADA;RFC3;NUDT9;EIF1B;POLR2I;GTF2H5;PDE4B;COX17;POLR1C;IMPDH2;SURF1;AK1;TAF10;UMPS;POLR2K;SNAPC4;ITPA;POLA1;SNAPC5;CMPK2;ZWINT;UPF3B;TSG101,age_changes_ISGhi_CD14_mono_02202026
E2F Targets,0.6417444847694,-0.31491726704184553,-1.2100047919986578,KPNA2;CKS1B;RPA3;GSPT1;STMN1;UBE2S;CKS2;NME1;PCNA;DCK;TP53;IPO7;PPP1R8;PMS2;RAD51AP1;RFC3;ASF1B;DONSON;POLD2;UNG;RAD50;TBRG4;MCM3;PLK1;PRDX4;SUV39H1;PSMC3IP;MYC;EED;PTTG1;WDR90;MMS22L;CSE1L;RAD51C;ASF1A;TCF19;NOP56;EIF2S1;CNOT9;MKI67;NAP1L1;NUP205;CENPE;SRSF2;PRKDC;DCTPP1;CDK4;RANBP1;MCM2;LIG1;POLA2;PAICS;DCLRE1B;AK2;GINS1;AURKA;CHEK1,age_changes_ISGhi_CD14_mono_02202026
TGF-beta Signaling,0.6541478068208078,-0.3387167525484056,-1.1580104510920093,ID3;CDKN1C;SMAD3;ENG;PMEPA1;TGFBR1;TRIM33;XIAP;BMPR2;SMURF2;CDK9;SMAD7;SMURF1;SKIL,age_changes_ISGhi_CD14_mono_02202026
Interferon Alpha Response,0.6550585164947192,-0.3205418078322662,-1.1805988905300184,IFI27;IRF9;CXCL10;TDRD7;SAMD9;IFIH1;ISG15;USP18;GMPR;ISG20;HERC6;TRIM14;IFI44L;PSMA3;PROCR;RSAD2;CD47;IFI30;SELL;BST2;IFIT2;SAMD9L;LY6E;IRF7;CMPK2;PNPT1;CNP;LGALS3BP;RNF31;RIPK2,age_changes_ISGhi_CD14_mono_02202026
Pancreas Beta Cells,0.6848487319881521,-0.4358370363663727,-1.163447438052219,SRPRB;VDR;LMO2;AKT3;SPCS1;SRP9;STXBP1,age_changes_ISGhi_CD14_mono_02202026
IL-2/STAT5 Signaling,0.7084894064464264,-0.31367552553392986,-1.2143192677363122,RABGAP1L;LTB;CD81;GADD45B;CD79B;SMPDL3A;CDKN1C;ODC1;BATF3;CAPN3;CXCL10;SPRED2;ETFBKMT;CD48;CTSZ;ENO3;AMACR;RHOH;TNFRSF9;CISH;IL3RA;RRAGD;NOP2;EEF1AKMT1;SOCS1;TIAM1;MYC;BMPR2;SOCS2;PHTF2;SELP;COCH;LCLAT1;IKZF2;UMPS;LRIG1;SELL;PLAGL1;ST3GAL4;HK2;LRRC8C;ARL4A;SCN9A;IGF1R;WLS;XBP1;ITGA6;UCK2;SERPINB6;BCL2,age_changes_ISGhi_CD14_mono_02202026
Unfolded Protein Response,0.8993306575168502,-0.29320703194429854,-1.0896701038658598,DNAJA4;CKS1B;CCL2;VEGFA;TATDN2;EIF4A1;SRPRB;PAIP1;RRP9;SLC7A5;IFIT1;HERPUD1;EXOSC2;CNOT6;HSPA9;GOSR2;TSPYL2;NOP56;EIF2S1;XBP1;NPM1;EIF4A2;SPCS1;FKBP14;ERN1;NFYB;TTC37;KIF5B,age_changes_ISGhi_CD14_mono_02202026
Bile Acid Metabolism,0.9339725777355757,-0.2738369902394053,-1.0048358350098965,GCLM;SLC29A1;SLC27A5;AMACR;LIPE;ISOC1;PEX6;PFKM;FDXR;NR3C2;KLF1;ABCA6;SCP2;PEX7;PEX1;DHCR24;CROT;PEX12;NEDD4;TFCP2L1;NPC1;ABCA3;ABCA5;RXRA;APOA1;PEX13;GNMT;MLYCD;ALDH8A1;PEX11A;PXMP2;PEX11G;ACSL5;ABCA9;PIPOX;BCAR3;HACL1,age_changes_ISGhi_CD14_mono_02202026
UV Response Dn,0.935197412789877,-0.2916125113923656,-1.0954988494398297,DBP;CACNA1A;SMAD3;LPAR1;BCKDHB;ERBB2;NFKB1;PPARG;DYRK1A;MYC;MTA1;PRKCA;PIAS3;MAP2K5;SLC7A1;PTEN;DLG1;AKT3;SMAD7;PDGFRB;IGF1R;GCNT1;SFMBT1;PRKAR2B;MIOS;ITGB3;LDLR;DLC1;MAPK14;LAMC1;PIK3R3;TENT4A;DAB2;ARHGEF9;RXRA;PTPRM;WDR37,age_changes_ISGhi_CD14_mono_02202026
G2-M Checkpoint,0.9412796150552543,-0.26560643282413887,-1.0142054581567796,KIF23;KPNA2;CKS1B;DTYMK;MARCKS;GSPT1;ODC1;STMN1;UBE2S;CKS2;SLC12A2;SLC38A1;ABL1;SLC7A5;SMAD3;CHAF1A;ORC5;PURA;MCM3;PLK1;G3BP1;SUV39H1;MYC;PTTG1;E2F2;FBXO5;SLC7A1;MNAT1;CASP8AP2;KATNA1;CCNA2;MKI67;KNL1;UCK2;FANCC;WRN;MAPK14;CENPE;SRSF2;GINS2;CDK4;KIF5B;CENPF;MCM2;NUSAP1;MTF2;POLA2;TENT4A;AURKA;CHEK1;KIF11;RBM14;HIRA;AURKB;CCNB2;RACGAP1;SNRPD1;TRAIP;MAD2L1;BUB1;PLK4;E2F1;PRMT5;UBE2C;CUL3,age_changes_ISGhi_CD14_mono_02202026
KRAS Signaling Up,0.9414931001148982,-0.2728433824547715,-1.04735852188624,RABGAP1L;C3AR1;IL2RG;JUP;CXCL10;GUCY1A1;IL7R;FUCA1;ENG;PRDM1;GNG11;ADAM8;CAB39L;IKZF1;DCBLD2;GADD45G;TSPAN13;CBX8;MAP4K1;ADAMDEC1;MPZL2;GPNMB;IL1B;ST6GAL1;CMKLR1;HDAC9;ADGRA2;YRDC;CCL20;CROT;SCN1B;PRELID3B;PDCD1LG2;CSF2RA;CXCR4;AMMECR1;CA2;MMD;CBL;TRIB2,age_changes_ISGhi_CD14_mono_02202026
Spermatogenesis,0.9496187252783101,-0.29541937926660455,-1.0567771725097876,POMC;NEFH;RPL39L;CAMK4;PARP2;SLC12A2;SIRT1;CSNK2A2;STAM2;DPEP3;MLF1;STRBP;ARL4A;OAZ3;NCAPH;CCT6B;IFT88;AURKA;HSPA2;SLC2A5;ZC3H14;CCNB2,age_changes_ISGhi_CD14_mono_02202026
UV Response Up,0.9599151816661909,-0.28482123578405943,-1.0663598624907944,NR4A1;FEN1;CDKN1C;BID;PARP2;PLCL1;GGH;RASGRP1;POLR2H;GPX3;CDK2;GLS;CDC34;NAT1;CLCN2;E2F5;ATP6V1C1;AGO2;BTG1;RRAD;PPIF;HYAL2;AQP3;GCH1;HTR7;PPAT;CNP;DNAJA1;CA2;SLC6A8;TUBA4A;WIZ;HSPA2;POLG2;IL6;FOSB;IL6ST;STIP1;DLG4,age_changes_ISGhi_CD14_mono_02202026
Fatty Acid Metabolism,0.9601727272141942,-0.2691883142225809,-1.0209031205964954,IL4I1;CD1D;ODC1;LTC4S;HSPH1;ACADM;ECI1;OSTC;CPOX;SUCLG1;BCKDHB;SDHD;ENO3;ECI2;CPT2;CCDC58;REEP6;EHHADH;GPD2;HSP90AA1;MDH1;UGDH;DHCR24;CRYZ;NSDHL;CA2;SUCLA2;HMGCL;PDHA1;G0S2;SUCLG2;HCCS;FASN;ALAD;MCEE,age_changes_ISGhi_CD14_mono_02202026
Inflammatory Response,0.9633547211224956,-0.2508891927267949,-0.9765022282583601,C3AR1;CCR7;OSM;CCL2;FFAR2;AXL;CXCL10;IL7R;RASGRP1;CD48;ICAM4;LPAR1;TNFRSF9;NFKB1;CLEC5A;SELENOS;PDE4B;SLC11A2;DCBLD2;GPR132;MYC;PTGIR;FZD5;SLC7A1;IL1B;IRAK2;GP1BA;STAB1;CMKLR1;SELL;KCNJ2;BST2;LY6E;IRF7;TNFSF9;CCL20;SCN1B;PSEN1;GCH1;GNAI3;SLC31A2;ITGB3;LDLR,age_changes_ISGhi_CD14_mono_02202026
Estrogen Response Early,0.9691582052223083,-0.2700518784627009,-1.0301153597357897,FCMR;ABLIM1;RASGRP1;SLC7A5;CBFA2T3;CISH;TIPARP;BCL11B;PMAIP1;SLC16A1;MYB;SIAH2;ELF3;HES1;TGIF2;TIAM1;MYC;FAM102A;TBC1D30;OPN3;LRIG1;PPIF;AQP3;RETREG1;RAPGEFL1;PAPSS2;MYOF;IGF1R;XBP1;BCL2;MAST4;DLC1;MINDY1;MYBL1;CELSR1;DEPTOR;EGR3;ABCA3;ISG20L2;RPS6KA2;DHRS3;FASN;ARL3;SLC19A2;FARP1;IL6ST;WFS1;SLC1A4;FLNB;ANXA9,age_changes_ISGhi_CD14_mono_02202026
Protein Secretion,0.997247481955715,-0.13188322332857194,-0.48219387537712205,CLN5;ATP7A;GOSR2;COG2;GNAS;BNIP3;ARCN1;BET1;TSG101;TPD52;VAMP4;CLCN3;YIPF6,age_changes_ISGhi_CD14_mono_02202026
PI3K/AKT/mTOR  Signaling,0.9995810982639672,-0.2634588774254999,-0.9782742557359297,IL2RG;PAK4;CAMK4;NCK1;THEM4;CDK2;MAPK9;HRAS;CAB39L;TIAM1;RPTOR;PTEN;UBE2N;SLA;PRKAG1;CXCR4;PIK3R3;CDK4;PLCG1;MAPK1;DDIT3;MAPKAP1;TSC2;ATF1;PLA2G12A;MKNK2;AKT1;MAPK10;SLC2A1;E2F1,age_changes_ISGhi_CD14_mono_02202026
TNF-alpha Signaling via NF-kB,1.0,-0.23999071802903466,-0.9295411794972087,NR4A1;GADD45B;CCL2;MARCKS;SNN;CXCL10;VEGFA;PTX3;IFIH1;IL7R;PLK2;SERPINB2;RCAN1;SMAD3;CCL4;RNF19B;PMEPA1;TNFRSF9;TIPARP;NFKB1;GADD45A;PDE4B;TRIP10;SPSB1;IER5;HES1;ZC3H12A;MYC;NFKBIE;SLC2A6;IL23A;IL1B;EGR2;BTG1;YRDC;IFIT2;TNFSF9;CCL20;NFKB2;TANK,age_changes_ISGhi_CD14_mono_02202026
Adipogenesis,1.0,-0.16769228807347392,-0.6474586116925307,ESRRA;ATP5PO;LTC4S;SAMM50;DRAM2;ACADM;C3;SUCLG1;GPX3;LIPE;CPT2;VEGFB;GADD45A;PPARG;MGST3;GPHN;REEP6;MYLK;GPD2;CAVIN2;SOWAHC;SCP2;ARL4A;ANGPT1;LPL;TANK,age_changes_ISGhi_CD14_mono_02202026
heme Metabolism,1.0,-0.1667357400215368,-0.6405819146505946,GLRX5;GCLM;C3;RBM38;CPOX;ICAM4;ARHGEF12;MGST3;SLC11A2;E2F2;LMO2;NFE2L1;KLF1;ARL2BP;AQP3;CCDC28A;TSPAN5;UBAC1;FECH;MFHAS1;DAAM1;TFDP2;EPOR;RCL1;CA2;CLCN3;TENT5C;ISCA1;SLC6A8;NNT;P4HA2;ALAD;CLIC2;SNCA;ANK1;GCLC;HDGF;KDM7A;PPP2R5B;NCOA4;CIR1;SLC2A1;HTRA2;ABCB6;TMEM9B;FN3K;KHNYN;PC;SLC10A3;TNS1;MINPP1;FOXJ2;FBXO7,age_changes_ISGhi_CD14_mono_02202026
Glycolysis,1.0,-0.21020654625746854,-0.8012831845530879,CHST12;GALE;RPE;STMN1;VEGFA;SDC3;PPFIA4;AGRN;NANP;POLR3K;ISG20;RRAGD;CYB5A;EFNA3;XYLT2;ELF3;HOMER1;PPP2CB;COG2;MDH1;B3GALT6;CAPN5;GOT1;HK2;FAM162A;GALK2;GNPDA1;SLC25A10;PGM2;ALDH7A1;CXCR4;SLC16A3;CLN6;NSDHL;ARPP19,age_changes_ISGhi_CD14_mono_02202026
Oxidative Phosphorylation,1.0,-0.18672606208386416,-0.7247237743656626,NDUFB8;NDUFC2;ATP5PO;FXN;CYCS;ACADM;ECI1;TIMM17A;SUCLG1;SDHD;NDUFA8;SLC25A11;CYB5A;COX17;MGST3;HSPA9;MTX2;SURF1;ATP6V1C1;MDH1;MRPS11;NDUFA7;NDUFS6;SLC25A12;OPA1;ATP5F1B;COX11;NDUFB5;NDUFAB1;CS;SUCLA2;SLC25A3;ISCA1;NNT;CASP7;ACADSB;NDUFB6;PDHA1;HCCS;ATP5PF;NDUFA9;ECH1;TIMM8B;ATP5MC1,age_changes_ISGhi_CD14_mono_02202026
Cholesterol Homeostasis,1.0,-0.17967002050406225,-0.6422422696723922,FABP5;LGMN;TM7SF2;PPARG;PMVK;ATXN2;LPL;ANTXR2;ERRFI1;LDLR;NSDHL;GNAI1;FBXO6;FASN;ECH1;TMEM97;STX5;MVD;ALDOC;FDPS,age_changes_ISGhi_CD14_mono_02202026
Epithelial Mesenchymal Transition,1.0,-0.21078489734817565,-0.7969490324838079,GADD45B;TAGLN;COL8A2;MEST;VEGFA;PTX3;FUCA1;CALU;PMEPA1;GADD45A;MYLK;BASP1;PDGFRB;PCOLCE;EFEMP2;SERPINH1;FBN2;SGCB;CALD1;ITGB3;LAMC1;TGFBI;SLC6A8;CD59;DAB2;SNTB1;ITGB5;GPX7;MYL9;COL7A1;IL6;CAPG,age_changes_ISGhi_CD14_mono_02202026
Mitotic Spindle,1.0,-0.17105829976013795,-0.6625433861247888,KIF23;CDC42EP2;STK38L;MARCKS;RALBP1;KNTC1;ABL1;ARHGEF12;NCK1;MID1IP1;RAPGEF6;CEP131;RHOF;PLK1;SASS6;TIAM1;FBXO5;NCK2;FSCN1;KIFAP3;DLG1;RANBP9;KATNA1;CENPJ;ALS2;CEP72;CD2AP;CENPE;KPTN;TRIO;DOCK4;KIF5B;RASA1;CENPF;BCR;NUSAP1;TUBA4A;MAPRE1;CYTH2;AURKA;SAC3D1;KIF11;FARP1;CCNB2;FLNB;PIF1;RACGAP1;LRPPRC;ABR;ARHGAP29;BUB1;SHROOM1;PLEKHG2;RASA2;RASAL2;TPX2;PRC1;MAP3K11;HDAC6;YWHAE;ECT2;CTTN;CLIP2;ARHGEF11;GEMIN4,age_changes_ISGhi_CD14_mono_02202026
Hedgehog Signaling,1.0,-0.2972855936631152,-0.856194108010485,RTN1;VEGFA;CDK6;TLE1;CELSR1;RASA1;NRP2,age_changes_ISGhi_CD14_mono_02202026
p53 Pathway,1.0,-0.21720162725886022,-0.8400709376588721,CD81;PCNA;EI24;TP53;PLK2;ADA;TPRKB;FUCA1;VDR;RNF19B;CYFIP2;GADD45A;HRAS;SOCS1;IER5;MXD4;PROCR;PITPNC1;FDXR;AK1;IFI30;STEAP3;BTG1;ST14;RRAD;IRAK1;RAD51C;WWP1;TSPYL2;FAM162A;RPS27L;TNFSF9,age_changes_ISGhi_CD14_mono_02202026
Allograft Rejection,1.0,-0.23949790237104557,-0.9230357015997546,CD79A;LTB;IL2RG;IFNAR2;CCL2;CD1D;NME1;ABCE1;CD96;RPS19;HLA-DOA;CD3D;CCL4;ITK;TRAT1;APBB1;NCK1;EIF3J;CD8B;SOCS1;TAP2;HLA-DOB;LY75;CD47;MAP4K1;GLMN;GALNT1;IL1B;STAB1;HDAC9;ITGAL;CD247;IRF7;UBE2N;PF4;GCNT1;CCR5;NPM1;ELANE;TPD52,age_changes_ISGhi_CD14_mono_02202026
mTORC1 Signaling,1.0,-0.18338447029462127,-0.7055687056696587,HSPE1;ABCF2;LGMN;PNO1;RRP9;SLC7A5;PITPNB;SYTL2;EEF1E1;TM7SF2;PSPH;HSPA9;UNG;PSMC6;PLK1;PSMA4;PSMA3;IFRD1;FDXR;IFI30;GOT1;HSPD1;HK2;CORO1A;SERPINH1;SLA;XBP1;DHCR24;DHFR;PRDX1;LDLR;NUP205;CXCR4;PIK3R3;MCM2;GTF2H1;SLC1A5;TUBA4A;AURKA;PHGDH;TOMM40;DDIT3,age_changes_ISGhi_CD14_mono_02202026
Estrogen Response Late,1.0,-0.2324838387474291,-0.8793348221252001,FABP5;GALE;IMPA2;MEST;SLC29A1;SLC7A5;CISH;ISG20;SLC16A1;MYB;SIAH2;TIAM1;CKB;FAM102A;TSPAN13;OPN3;ST14;PPIF;RAPGEFL1;PAPSS2;MYOF;UGDH;MOCS2;HOMER2;XBP1;PRKAR2B;LLGL2;BCL2;SLC2A8;GINS2;XRCC3;CA2;EGR3;MAPK13;ABCA3;RPS6KA2;ARL3;FARP1;IL6ST;WFS1;SLC1A4;FLNB;ANXA9;COX6C;PERP;RABEP1;SCUBE2,age_changes_ISGhi_CD14_mono_02202026
Myogenesis,1.0,-0.24786185912139577,-0.9407505104398908,GADD45B;RYR1;CKM;TAGLN;PTP4A3;ABLIM1;PPFIA4;AGRN;DES;GPX3;ENO3;SGCA;MYLPF;SMTN;PFKM;MYOM2;CKB;IFRD1;MYLK;AK1;GABARAPL2;TNNI2;EIF4A2;PKIA;MYBPC3;FXYD1;DTNA;CASQ1;MAPK12;MYOM1;SLC6A8;FHL1;CHRNB1;TSC2;ITGB5;CTF1;NQO1;SORBS3;TNNC2;TNNT3;FDPS,age_changes_ISGhi_CD14_mono_02202026
Androgen Response,1.0,-0.1691932601644348,-0.6168354797008881,GUCY1A1;STK39;PMEPA1;CDK6;MAF;HERC3;ELK4;MAK;APPBP2;HOMER2;DHCR24;GNAI3;TPD52;SRF;SRP19;UAP1;ABCC4;MYL12A;NCOA4;AKT1;INPP4B;NDRG1;KRT8,age_changes_ISGhi_CD14_mono_02202026
Pperoxisome,1.0,-0.194365339325281,-0.7094182608744322,SLC25A19;ECI2;ISOC1;HRAS;PEX6;EHHADH;ITGB1BP1;SCP2;DHCR24;PEX2;PRDX1;CLN6;ABCB9;CLN8;CDK7;ERCC1;HMGCL;DHRS3;ECH1;DLG4;PEX13;FDPS;MLYCD,age_changes_ISGhi_CD14_mono_02202026
Myc Targets V1,0.0,-0.669166976703767,-2.3135115087140976,RPS10;HSP90AB1;RSL1D1;NPM1;CCT3;PHB;SET;APEX1;EIF3D;HNRNPD;EIF4A1;C1QBP;RANBP1;TRIM28;CLNS1A;SERBP1;RPL22;RPS6;LDHA;SNRPG;NOP56;RPS2;HSPE1;CCT7;PA2G4;NME1;LSM7;RAN;SNRPD2;RACK1;EEF1B2;CCT2;PSMC6;PHB2;HNRNPU;SNRPD1;SRSF3;ERH;SRM;DDX18;PSMA4;RPL34;HNRNPA3;GNL3;EIF3J;ILF2;SRSF7;RPS5;HNRNPA1;LSM2;NHP2;NCBP2;MYC;SSB;PSMA1;EIF3B;IMPDH2;HDAC2;RPL18;CCT4;SMARCC1;VDAC1;FBL;HNRNPC;RPS3;COX5A;DUT;PSMA7;PRPF31;HSPD1;STARD7;CNBP;CDK4;RPL6;MRPL23;RPLP0;DDX21;MRPS18B;CYC1;GSPT1;NDUFAB1;NOP16;RPL14;SRSF2;HNRNPR;HPRT1;TCP1;MCM7;PSMD7;PPM1G;RNPS1;SSBP1;SLC25A3;SNRPD3;NOLC1;PSMB3;TUFM;ABCE1;EIF2S2;SRSF1;KPNB1;UBA2;MCM5;PABPC4;PSMD3;CCT5;TFDP1;HDDC2;SNRPB2;XRCC6;PSMA2;MRPL9;TRA2B;PSMD14;SNRPA1;VBP1;FAM120A;POLD2;RUVBL2;G3BP1;PCNA;RRP9;RFC4;PRDX3;RRM1;PSMD8;SRPK1,age_changes_Mgk_02202026
Coagulation,0.0,0.5714158896480998,3.422416760712189,PLEK;CLU;TIMP1;CD9;PF4;GP1BA;SPARC;GP9;VWF;CAPN2;WDR1;THBS1;ITGB3;PROS1;SERPINE1;GSN;SERPINA1;PECAM1;RAC1;CASP9;ITGA2;SIRT2;CPQ;P2RY1;MMP1,age_changes_Mgk_02202026
Angiogenesis,0.0,0.6641342765704762,2.6919256129914095,FSTL1;TIMP1;PF4;VCAN;APP;PDGFA;S100A4;PTK2,age_changes_Mgk_02202026
Oxidative Phosphorylation,0.0,-0.5864232480097172,-2.029120076173811,ATP5MC2;ATP5MC3;HSD17B10;LDHB;UQCRB;SLC25A5;TIMM13;COX7C;SLC25A6;LDHA;NDUFB8;ATP5MF;MRPS15;UQCRQ;ATP5PO;PHB2;UQCRC2;NDUFA9;NDUFC2;ATP5PB;SDHC;MDH1;NDUFB6;SDHD;ATP5MG;ACAA1;ATP5F1A;COX6C;ECHS1;ATP5ME;NDUFB5;ATP5F1C;NDUFB2;SUCLG1;MRPL11;ECH1;UQCR10;ATP5F1B;IDH3B;NDUFA2;VDAC1;ATP5PD;PDHB;COX5A;COX4I1;DECR1;ACADM;TIMM8B;MRPS12;OXA1L;CYC1;ACAT1;NDUFAB1;TIMM10;NDUFV2;MRPL15;NDUFS6;TOMM22;NDUFB1;TIMM9;NDUFV1;NDUFS3;ATP5MC1;CYB5A;BDH2;SLC25A3;ATP5PF;POLR2F;NDUFB7;FDX1;COX7A2;COX7A2L;SLC25A11;GLUD1;COX5B;ETFDH;ATP6V1G1;ETFB;CYCS;NDUFS7;COX6A1;DLD;UQCRFS1;NDUFS8;NDUFS2;FXN;ABCB7;CS;NDUFA7;ATP5F1E;GRPEL1;COX8A;COX11;NDUFA8;SUPV3L1;SDHB;ACAA2;RHOT1;PRDX3;UQCRC1;COX7B;TIMM17A;MRPS11;HCCS;POR;PMPCA;AIFM1;VDAC2;MTX2;MDH2;IMMT;ATP6V0B;RHOT2;MRPS22;NDUFB3;ECI1;FH;SUCLA2;OAT;HADHA;IDH3A;MRPL35;PDHA1;NDUFA1;ATP5F1D;COX10;MRPS30;ACADSB;BCKDHA;NDUFA3;MTRF1;TIMM50;PHYH;SURF1;LRPPRC;HADHB;PDHX,age_changes_Mgk_02202026
Myc Targets V2,0.0,-0.6290457064547651,-2.022589153161465,NPM1;PHB;NOP56;HSPE1;PA2G4;SRM;DDX18;GNL3;MYC;DCTPP1;WDR74;TBRG4;WDR43;HSPD1;NDUFAF4;CDK4;NOP16;TCOF1;EXOSC5;NOLC1;MPHOSPH10;GRWD1;NOC4L;PES1;TFB2M;NIP7;MCM5;UNG;PPAN;IMP4;SUPV3L1;RRP9;MRTO4;MYBBP1A;AIMP2;RCL1;RRP12;LAS1L;DUSP2;NOP2,age_changes_Mgk_02202026
Myogenesis,0.007049345417925478,0.3410018871743802,1.8833077087929835,CLU;ITGB1;SPARC;PVALB;CRAT;MYLK;FHL1;CD36;KIFC3;CDKN1A;TPM3;GSN;HDAC5;MYH9;TNNC2;SPHK1;PDLIM7;APP;FKBP1B;SVIL;ITGB5;GNAO1;MYL4;RIT1;MYO1C;FLII;IFRD1;SIRT2;ATP6AP1;TGFB1;MYOM1,age_changes_Mgk_02202026
E2F Targets,0.024961914540927607,-0.4351443971222242,-1.5000081383043242,PNN;STMN1;HNRNPD;RANBP1;NASP;SMC4;NOP56;PA2G4;NME1;HMGA1;RAN;SNRPB;LUC7L3;RPA3;DDX39A;MYC;DCTPP1;PAICS;TBRG4;DUT;CBX5;SMC6;CDK4;GSPT1;LBR;SRSF2;RFC1;MCM7;PRKDC;RPA2;EXOSC8;NOLC1;CKS2;MSH2;TP53;SRSF1;DCK;SMC1A;EED;MCM5;UNG;XRCC6;MCM3;POLE4;NBN;TRA2B;TMPO;CKS1B;IPO7;UBE2S;POLD2;PCNA;TFRC;MRE11;ILF3;HUS1;NUP107;SMC3;RAD50;USP1;EIF2S1;CDC25B;PRIM2;ASF1A;HMGB2;NCAPD2;PRPS1;ANP32E;UBE2T;CSE1L;UBR7;PHF5A;PRDX4;SHMT1;ING3;BARD1;RAD51C;NUP153;POLE;RNASEH2A;RAD1;PPM1D;SSRP1;XPO1;KPNA2;NUP205;CTCF;CCP110,age_changes_Mgk_02202026
G2-M Checkpoint,0.02510620306428557,-0.425981405287111,-1.4673042908373544,STMN1;ARID4A;HNRNPD;HMGN2;SFPQ;ATRX;NASP;SMC4;HMGA1;HNRNPU;SNRPD1;CBX1;MTF2;DDX39A;PRPF4B;MYC;DKC1;NCL;SLC38A1;SMARCC1;SRSF10;CDK4;GSPT1;LBR;SRSF2;MNAT1;E2F4;YTHDC1;RPA2;HSPA8;EWSR1;RPS6KA5;CASP8AP2;NOLC1;CKS2;SRSF1;SMC1A;KPNB1;MCM5;RBM14;TFDP1;CUL3;MCM3;TRA2B;TMPO;CKS1B;FOXN3;UBE2S;SMAD3;SQLE;G3BP1;PRMT5;WRN;ILF3;DTYMK;HUS1;LIG3;ORC5;PURA;SMC2;CDC25B;PRIM2;KIF20B;MARCKS,age_changes_Mgk_02202026
Pancreas Beta Cells,0.02608015059695182,-0.5774044446018749,-1.4744592725086616,SEC11A;FOXO1;SRP9;SRPRB;SRP14;AKT3;SPCS1;DPP4;ELP4,age_changes_Mgk_02202026
DNA Repair,0.02696134122174509,-0.4334406859597733,-1.4849074279141297,EDF1;POLR1D;APRT;TAF9;NME1;RNMT;RPA3;RAE1;NCBP2;IMPDH2;DUT;ADA;UPF3B;POLR2K;HPRT1;TAF12;POLR2C;ZNRD1;MPG;RPA2;POLR2F;POLR2I;TP53;POM121;PDE4B;NUDT9;GTF2H3;NELFE;NT5C;POLE4;POLR2H;ITPA;REV3L;ERCC4;POLR2D;PCNA;CSTF3;RFC4;FEN1;TARBP2;MRPL40;BRF2;ALYREF;POLR3GL;SF3A3;ELOA;ERCC1;POLR3C;DDB1;SUPT5H;ERCC3;CLP1;TSG101;POLB;GTF3C5;XPC;POLR2J;SNAPC5;PRIM1;AAAS;GTF2H5;SURF1;SNAPC4;NME3;NELFB;ELL;POLH;GMPR2;SSRP1;HCLS1;POLR1C;POLR2A;UMPS;GTF2F1;CMPK2;ERCC5,age_changes_Mgk_02202026
Wnt-beta Catenin Signaling,0.028915420080935793,-0.5037208583575913,-1.5033549088433333,TCF7;LEF1;MYC;HDAC2;TP53;MAML1;ADAM17;DVL2;KAT2A;CCND2;RBPJ;NCSTN;AXIN2;PPARD;SKP2,age_changes_Mgk_02202026
Unfolded Protein Response,0.03462924560591113,-0.4478392469036815,-1.5071499941036763,NPM1;FUS;EIF4A1;NOP56;SEC11A;IMP3;NHP2;RPS14;DKC1;EEF2;EIF4A2;EDEM1;EXOSC1;LSM4;MTREX;ATF6;EXOSC5;NOLC1;DDX10;BANF1;SRPRB;EIF4A3;EXOSC2;PAIP1;CKS1B;TSPYL2;KHSRP;RRP9;ALDH18A1;SDAD1;DNAJB9;CALR;CNOT4;TTC37;EIF2S1;CEBPB;ARFGAP1;SPCS1;GOSR2;NFYB;SEC31A;EXOSC9;SSR1;PDIA6;PREB;HERPUD1;CXXC1;DCP1A;CEBPG;PARN;SERP1;ERO1A;TUBB2A;NOP14;GEMIN4;DCTN1;ZBTB17;HSP90B1;EIF4EBP1;HYOU1;TATDN2;EXOSC10,age_changes_Mgk_02202026
Interferon Alpha Response,0.03852503573657613,-0.4243391476481747,-1.4192170218245101,SELL;ISG20;ISG15;PSMA3;IL4R;IRF9;PSME2;LY6E;IFI44L;NUB1;IRF1;PSME1;CMTR1;SP110;NMI;GBP2;DDX60;SAMD9;GBP4;SAMD9L;MX1;PARP14;ADAR;CASP8;TRIM5;STAT2;OGFR;BST2;PNPT1;EIF2AK2;PSMB8;IFI35;IRF7;LGALS3BP;TRIM14;TRIM25;PARP12;LAP3;OAS1;TRIM26;DHX58;MOV10;SLC25A28;RTP4;MVB12A,age_changes_Mgk_02202026
Allograft Rejection,0.05619382127868306,-0.40147409087807934,-1.3776539551602018,IL2RG;NPM1;EIF3D;RPL9;CD3D;RPS9;NME1;TRAT1;RPL39;ETS1;CD3G;EIF3J;SIT1;EIF3A;RPS3A;LTB;CD79A;CD7;UBE2N;IL27RA;LY86;IL4R;MRPL3;RPS19;IFNAR2;HLA-DMB;IL16;LCK;CRTAM;IRF8;HLA-DOB;HLA-DRA;CD8B;ABCE1;IFNGR2;TAPBP;GBP2;PTPN6;HLA-DMA;LY75;FCGR2B;CSK;PTPRC;APBB1;MAP4K1;IKBKB;NCF4;NCK1;HLA-DQA1;HLA-DOA;CD3E;IL1B;CCND2;TPD52;GPR65;BCL10;EIF5A;CAPG;GALNT1;IRF7;CD96;GLMN;SOCS1;TLR1;WAS;TAP2;CD247,age_changes_Mgk_02202026
TGF-beta Signaling,0.12928251692873488,-0.4131542842628927,-1.298839079120119,ID2;ID3;FNTA;ARID4B;NOG;HDAC1;TGIF1;CDK9;IFNGR2;JUNB;APC;TRIM33;SMAD3;PMEPA1;SPTBN1;SMURF2;SKIL;UBE2D3;XIAP,age_changes_Mgk_02202026
Interferon Gamma Response,0.14171352817188249,-0.3702754824845288,-1.2845043607106745,ISG20;ISG15;PSMA3;IL4R;BTG1;IFNAR2;IRF9;PSME2;LY6E;VAMP5;IFI44L;SRI;RNF213;IRF8;IRF1;RBCK1;PSME1;LYSMD2;CD38;PDE4B;PTPN2;CMTR1;XAF1;TAPBP;GPR18;SP110;NMI;DDX60;RAPGEF6;PSMA2;GBP4;PTPN6;HLA-DMA;MX2;PIM1;SAMD9L;ST3GAL5;MX1;ARL4A;PARP14;NFKB1;CIITA;PELI1;ADAR;HLA-DRB1;ARID5B;CASP8;HLA-DQA1;VAMP8;BPGM;STAT2;OGFR;BST2;PNPT1;EIF2AK2;TNFSF10;PSMB8;IFI35;AUTS2;NFKBIA;IRF7;LGALS3BP;TRIM14;TRIM25;ITGB7;NCOA3;SOCS1;PARP12;APOL6;LAP3;CD69;OAS2;TNFAIP3;TRIM26;ZNFX1;DHX58;SLC25A28;RTP4;PML,age_changes_Mgk_02202026
PI3K/AKT/mTOR  Signaling,0.21433029512515708,-0.3673729525190334,-1.240636348289846,IL2RG;MKNK2;CAMK4;CSNK2B;UBE2N;CDK4;LCK;GRK2;MAP2K6;CXCR4;PIN1;DDIT3;PRKAG1;MAPK8;ATF1;MAPK9;TSC2;ECSIT;NCK1;CALR;RPS6KA3;RPS6KA1;STAT2;SLC2A1;PLCG1;UBE2D3;THEM4;PIKFYVE;TNFRSF1A;ACACA;PRKAR2A;MAPKAP1;HRAS;E2F1;PTPN11;NFKBIB;PTEN;HSP90B1;TIAM1;AKT1S1;MAP3K7;PPP1CA,age_changes_Mgk_02202026
Fatty Acid Metabolism,0.3922916373056299,-0.34789835660448754,-1.1754125453383468,APEX1;HSD17B10;ERP29;LDHA;SUCLG2;SDHC;MDH1;OSTC;SDHD;ACAA1;ECHS1;HSD17B11;SUCLG1;ECH1;HSP90AA1;IDH3B;PDHB;DECR1;ACADM;PSME1;NTHL1;ETFDH;UROS;HSD17B7;HSDL2;DLD;NBN;ADSL;HIBCH;IDI1;HMGCS1;GSTZ1;ACAA2;HCCS;MIF;NCAPH2;MDH2;CCDC58;MCEE;GRHPR;ECI1;FH;SUCLA2;GCDH;BCKDHB;PDHA1;ELOVL5;HSPH1;PCBD1;HADHB;ACAT2;ACO2;IDH1;ACSS1;BPHL;XIST;CPT2;AUH;UBE2L6,age_changes_Mgk_02202026
Epithelial Mesenchymal Transition,0.4954682779456193,0.40172195810750017,1.0,FSTL1;LGALS1;TPM4;TIMP1;ITGB1;SPARC;SAT1;MYLK;MYL9;IGFBP2;SDC4;DAB2;FLNA;TPM1;THBS1;ITGB3;GADD45A;SERPINE1;ENO2;VCAN;CALD1;WIPF1;SERPINE2;PLOD2;ITGB5;TGFBR3,age_changes_Mgk_02202026
Complement,0.4954682779456193,0.25195597396384545,1.0,CCL5;PLEK;CLU;TIMP1;CA2;GP1BA;FCER1G;GP9;CD36;XPNPEP1;CALM3;LIPA;S100A9;SERPINE1;SRC;SERPINA1;GPD2;LGALS3;GZMB;KIF2A;GZMK;GZMA;S100A12;FCN1;DGKG;JAK2;CALM1;ITGAM;CASP9;LYN;CASP1,age_changes_Mgk_02202026
Apical Junction,0.4954682779456193,0.3334250555085728,1.0,CLDN5;ITGB1;NEXN;YWHAH;CRAT;MYL9;VWF;VCL;CD99;RSU1;ACTN1;ZYX;ICAM2;SRC;VCAN;NECTIN2;MSN;MYH9;PIK3CB;RHOF;IKBKG;AMIGO2;JAM3;INSIG1;PECAM1;CAP1;ACTB;LDLRAP1;PTK2;MAP4K2;CADM2;ITGA2;IRS1;ACTN4;FYB1;PFN1;SYMPK;CTNNA1;STX4;SYK;VASP,age_changes_Mgk_02202026
heme Metabolism,0.4954682779456193,0.24577259968885282,1.0,CA2;PDZK1IP1;ENDOD1;HDGF;SNCA;MPP1;DMTN;TAL1;DAAM1;CLCN3;NCOA4;GCLM;CCND3;EIF2AK1;NFE2;HBQ1;ADIPOR1;FN3K;TRIM58;SMOX;SPTB;MKRN1;EPOR;SLC10A3;TNS1;MAP2K3;ISCA1;RIOK3;SEC14L1;RHD;BSG;XK;MYL4;ANK1;ARHGEF12;TMCC2;NEK7,age_changes_Mgk_02202026
Adipogenesis,0.6128835390283678,-0.3256207750400778,-1.1197609452682855,JAGN1;DDT;UQCRQ;ATP5PO;SDHC;ECHS1;SUCLG1;ECH1;UQCR10;TKT;DECR1;ACADM;VEGFB;CYC1;NDUFAB1;MRPL15;CHCHD10;PLIN2;NDUFS3;PTCD3;NDUFB7;SOD1;PDCD4;ETFB;EPHX2;CCNG2;COX6A1;PPM1B;DLD;NMT1;CS;HIBCH;ESYT1;GRPEL1;COX8A;ABCB8;DGAT1;ARL4A;DRAM2;SDHB;ACAA2;PRDX3;UQCRC1;COX7B;CAT;DNAJB9;POR;SLC5A6;AIFM1;MDH2;IMMT;GHITM;QDPR;COQ5;MTCH2;IDH3A;TANK;PREB;BAZ2A;BCKDHA;RREB1;ATP1B3;PHYH;LPCAT3;PIM3;ACO2;IDH1;ATL2;PEX14;CPT2;DLAT;LIPE;GPAT4;TOB1;GPHN;STAT5A,age_changes_Mgk_02202026
UV Response Up,0.6829600188542267,-0.32357670495458113,-1.0988325472830625,HNRNPU;ACAA1;DNAJA1;GLS;BTG2;FKBP4;BTG1;RASGRP1;MRPL23;DDX21;EIF2S3;CYB5B;NXF1;PSMC3;STIP1;IRF1;PPP1R2;JUNB;KLHDC3;RXRB;POLR2H;E2F5;EIF5;GRPEL1;DGAT1;TFRC;PLCL1;RFC4;TGFBRAP1;STK25;FEN1;MARK2;NUP58;POLG2;FOS;NFKBIA;BAK1;FOSB;PPAT;PRPF3,age_changes_Mgk_02202026
p53 Pathway,0.7372181620102858,-0.3143403659741894,-1.0804500346398047,LDHB;CD81;MKNK2;HINT1;RPL36;RACK1;MXD4;PRMT2;RPL18;FAM162A;RPS12;BTG2;BTG1;DGKA;ADA;DEF6;TRIAP1;PLK3;PITPNC1;EI24;DNTTIP2;BLCAP;TP53;POM121;DDIT3;IP6K2;PMM1;TSPYL2;WRAP73;DCXR;PCNA;JUN;NOL8;NDRG1;CYFIP2;PVT1;VAMP8;RAD9A;RPS27L;RHBDF2;CCND2;SESN1;ANKRA2;FOS;CTSF;BAK1;TRAF4;ZFP36L1;RRP8;SOCS1;HRAS;XPC;ELP1;AEN;IER5;RAD51C;POLH;TPRKB;PPM1D;ACVR1B;NUDT15;RALGDS;CCP110;GM2A;IRAK1;TOB1;ERCC5;FBXW7,age_changes_Mgk_02202026
Pperoxisome,0.8187219392377539,-0.3198640505395432,-1.04964848449255,ACAA1;HSD17B11;ECH1;SMARCC1;GNPAT;CNBP;PRDX1;FIS1;CTBP1;MSH2;SOD1;EPHX2;ITGB1BP1;LONP2;PEX2;IDI1;GSTK1;PEX13;CAT;ERCC1;ABCD3;BCL10;SLC25A17;ERCC3;ELOVL5;HRAS;IDH1;PEX14;SLC25A19;ABCB4;SLC23A2;CDK7;ALDH1A1;SLC35B2;SIAH1;ACSL5;IDH2;CLN6;PEX6;MVP;CTPS1,age_changes_Mgk_02202026
mTORC1 Signaling,0.8231736198899875,-0.30315722604649353,-1.05659282535927,LDHA;HSPE1;PSMC6;TES;PSMA3;PSMA4;SEC11A;PPA1;DDX39A;SHMT2;BTG2;CORO1A;HSPD1;PRDX1;PSMC2;UFM1;EDEM1;CYB5B;HPRT1;CCT6A;ATP5MC1;STIP1;EEF1E1;GGA2;CACYBP;PITPNB;CXCR4;EIF2S2;DDIT3;PSMD12;UNG;PNO1;NMT1;GLRX;PSMD14;PSMB5;TOMM40;IDI1;SQLE;HMGCS1;EBP;RRP9;TFRC;ACSL3;ENO1;CALR;IMMT;QDPR;SLC2A1;SDF2L1;UBE2D3;HSPA4;DHFR;ACACA;SSR1;ELOVL5;PSME3;ARPC5L;SYTL2;SERP1;PSMG1;NFKBIB;ERO1A;UCHL5,age_changes_Mgk_02202026
IL-6/JAK/STAT3 Signaling,0.9459143338424179,-0.3132639201312568,-1.0169136887417303,IL2RG;LTB;IL4R;IRF9;HAX1;IRF1;IFNAR1;CD38;CD44;IFNGR2;PTPN2;ITGA4;PIM1;JUN;STAT2;IL1B;BAK1;TNFRSF1A;SOCS1;TYK2;IL10RB;PTPN11,age_changes_Mgk_02202026
KRAS Signaling Dn,0.9987114699309428,-0.1394315912540983,-0.45517137701127913,BTG2;IFI44L;CAMK1D;LFNG;SLC16A7;MX1;TCL1A;ASB7;CCDC106;SKIL;GTF3C5;LYPD3;BARD1;GAMT;SPHK2;YPEL1;PDE6B;FGGY;COQ8A;SLC25A23;KMT2D;STAG3;CPEB3;SGK1;VPS50;NR4A2;CLSTN3;DTNB;IDUA,age_changes_Mgk_02202026
Apical Surface,1.0,-0.2065242322260516,-0.5993151733097741,IL2RG;MAL;AKAP7;LYPD3;CRYBG1;SULF2;B4GALT1;GHRL;DCBLD2;HSPB1;BRCA1;TMEM8B;CROCC,age_changes_Mgk_02202026
Inflammatory Response,1.0,-0.24269197732802497,-0.8255441417388566,SELL;CCR7;CD48;ATP2B1;MYC;IL4R;BTG2;LY6E;RASGRP1;LCK;SRI;IRF1;IL7R;IFNAR1;PSEN1;CD55;PDE4B;IFNGR2;TAPBP;RGS1;NMI,age_changes_Mgk_02202026
Hedgehog Signaling,1.0,-0.24202253452923259,-0.6724617342533624,LDB1;CDK6;PML;RASA1;TLE3;TLE1;DPYSL2;ETS2;CDK5R1;NF1;NRCAM,age_changes_Mgk_02202026
Bile Acid Metabolism,1.0,-0.2856405332898679,-0.9324312429356498,HSD17B11;GNPAT;LCK;SULT1B1;SOD1;EPHX2;LONP2;PEX16;IDI1;GSTK1;PEX13;CAT;PECR;HACL1;SLC27A5;ABCD3;PXMP2;NPC1;PHYH;PEX1;IDH1;SLC23A2;LIPE;PNPLA8;ALDH1A1;SLC35B2;ACSL5;ABCA1;IDH2;EFHC1;PEX6;ABCA5;ABCD1;ISOC1;PEX26;ABCD2;FDXR;ABCA2;RETSAT;NUDT12;MLYCD;AR;AMACR;HSD17B4;NR3C2;SLC22A18;SCP2;PEX19;ABCA6;RXRA;PEX11A;ACSL1;PEX7;KLF1;ALDH9A1;DHCR24,age_changes_Mgk_02202026
IL-2/STAT5 Signaling,1.0,-0.24607119444760764,-0.8392162929439037,SELL;CD81;ICOS;CD48;MYC;LTB;DCPS;IL4R;CD79B;RHOH;IRF8;PLIN2;CD44;ANXA4;SWAP70;IKZF2;GBP4;PIM1;POU2F1;FLT3LG;ARL4A;LCLAT1;GADD45B;NDRG1;PRKCH;FAM126B;ITGA6;CKAP4;AHCY;DENND5A;ADAM19;BCL2;CD83;P2RX4;NOP2;CCND2;SNX14;TNFSF10;GPR65;CAPG;ITGAE;AGER;PUS1;NCOA3;SOCS1;PDCD2L;PLPP1;CTSZ;PTRH2;BMPR2,age_changes_Mgk_02202026
Protein Secretion,1.0,-0.13931151053527602,-0.4645900120621339,TMED10;SOD1;ATP1A1;SNX2;COPB1;RPS6KA3;ERGIC3;COPE;TMX1;GOLGA4;TPD52;GOSR2;RAB22A;SEC31A;ANP32E;TSG101;COG2;CLN5;ARFGAP3;SCAMP1;SCAMP3;ICA1;ABCA1;SCRN1;ARCN1;GALC;MON2;USO1;ATP6V1H;KIF1B;TMED2;STX16;STX7;DST;AP3B1;ARFIP1;NAPG;PPT1;SEC24D;GNAS;VPS4B;LMAN1;RAB2A,age_changes_Mgk_02202026
UV Response Dn,1.0,-0.22725193207898967,-0.7650618081396805,ATRX;CDK13;DBP;ATP2B1;MYC;MRPS31;SRI;YTHDC1;CITED2;ANXA4;DLG1;CELF2;PIK3CD;SMAD3;WDR37;NFKB1;TOGARAM1;ARHGEF9;PRDM2;MGMT;AKT3;BCKDHB;DUSP1;MTA1;SFMBT1;PHF3;SLC7A1;SCAF8;PTEN;PEX14;FBLN5;TGFBR2;IGF1R;SIPA1L1;ICA1;NIPBL;NR3C1;NOTCH2;SMAD7;PRKCA;MIOS;ATRN;PRKCE;TENT4A;RASA2;RUNX1;FYN,age_changes_Mgk_02202026
Apoptosis,1.0,-0.23161870158859357,-0.78414399266771,ISG20;CYLD;LEF1;SATB1;DNAJA1;BTG2;CREBBP;IRF1;CD38;PSEN1;CD44;SOD1;ADD1;DFFA;MCL1;PDCD4;DDIT3;DAP3;EBP;JUN;GADD45B;CASP8;VDAC2;BIRC3;RHOT2;IL1B;MGMT;CDC25B;CCND2;ROCK1;TNFSF10;HMGB2;BCL10;XIAP,age_changes_Mgk_02202026
TNF-alpha Signaling via NF-kB,1.0,-0.255885990922939,-0.8766554470677689,ID2;KLF2;CCNL1;ATP2B1;MYC;IER2;BTG2;BTG1;PNRC1;REL;TGIF1;IRF1;TNFAIP8;IL7R;CD44;PDE4B;IFNGR2;JUNB;MCL1;NFKB2;BIRC2;SMAD3;PMEPA1;KDM6B;NFKB1;JUN;TNIP1;ZBTB10;GADD45B;BIRC3;DENND5A;IL1B;CEBPB;DUSP2;GPR183;CD83;MARCKS;EIF1;FOS;NFKBIA;YRDC;FOSB;TANK;DUSP1;PER1;CD69;IL23A;IER5;ZFP36;TNFAIP3;TNIP2,age_changes_Mgk_02202026
Notch Signaling,1.0,-0.26201473506719597,-0.7411864354089801,MAML2;LFNG;SKP1;KAT2A;PPARD;PSENEN;FBXW11;NOTCH2;NOTCH1;PRKCA;SAP30;DTX2;APH1A,age_changes_Mgk_02202026
Xenobiotic Metabolism,1.0,-0.2243083229796635,-0.7635188826042032,ID2;DDT;SHMT2;ECH1;SERTAD1;IRF8;HPRT1;CYB5A;ETFDH;NMT1;DHPS;ADH5;JUP;PMM1;DHRS1;DCXR;MTHFD1;CNDP2;CAT;LONP1;PTGES3;POR;CYFIP2;DDAH2;AHCY;CSAD;HACL1;AP4B1;TNFRSF1A;GART;PPARD;ELOVL5;NPC1;ACO2;IDH1;COMT;BPHL;MCCC2;NFS1;TMEM97;UGDH;SSR3;PEMT;IGFBP4,age_changes_Mgk_02202026
KRAS Signaling Up,1.0,-0.2916561240185422,-0.9882999565519653,IL2RG;GYPC;ID2;IKZF1;SATB1;ETS1;MAP3K1;WDR33;SDCCAG8;CD37;IRF8;IL7R;RBM4;PRELID3B;CXCR4;LAPTM5;TRIB2;ATG10;GLRX;JUP;LY96;MAP4K1;LAT2;ADAM17;ZNF639;BIRC3;BPGM;IL1B;TOR1AIP2;DOCK2;CBR4;CCND2;PSMB8;KCNN4;YRDC;ZNF277,age_changes_Mgk_02202026
Estrogen Response Early,1.0,-0.20408683017394058,-0.6992625503300193,FAM102A;RETREG1;BCL11B;FCMR;MYC;FKBP4;RASGRP1;FLNB;CHPT1;CD44;MED13L;KDM4B;NXT1;ABLIM1;TGIF2;AKAP1;FDFT1;MYBBP1A;MED24;UGCG;UNC119;SLC2A1;OPN3;RRP12;BCL2,age_changes_Mgk_02202026
Reactive Oxygen Species Pathway,1.0,-0.22218010065032373,-0.7035867034506574,PRDX1;LAMTOR5;SOD1;JUNB;PRDX2;NDUFS2;GLRX;HMOX2;STK25;CAT;SCAF4;TXN;PRDX4,age_changes_Mgk_02202026
Mitotic Spindle,1.0,-0.22005816973286424,-0.7651178761425403,SMC4;SUN2;ARF6;UXT;BIN1;RFC1;FLNB;TUBGCP2;CNTRL;ARHGEF2;CSNK1D;ATG4B;RICTOR;SMC1A;ARHGAP4;EZR;TUBD1;PCM1;RAPGEF6;PREX1;DLG1;APC;ARFIP2;SPTBN1;ARL8A;NCK1;SMC3;RALBP1;CEP57;RHOT2;CEP192;KLC1;DOCK2;PLEKHG2;KIF20B;MARCKS;ROCK1;DYNC1H1;RAB3GAP1;ABR;SPTAN1;CEP250;PCNT;SOS1;CCDC88A;NET1;LRPPRC;AKAP13;TUBGCP5;GEMIN4;KATNA1;CENPF;TIAM1;RASA1;NUMA1;MARK4;LMNB1;TSC1;KPTN;NOTCH2;INCENP;MAP1S;ARHGEF7;TUBGCP6;STK38L;BRCA2;RASA2;ALS2;MYO9B;KIF5B;KIF1B;CEP131;RABGAP1;SASS6;PPP4R2;ALMS1;KIF22;CENPJ;NF1;EPB41L2;DST;MID1IP1;PKD2;ARHGEF11;EPB41;TPX2;MYO1E;CDC42;FSCN1;SAC3D1;TAOK2,age_changes_Mgk_02202026
Androgen Response,1.0,-0.23261943054009254,-0.7633407476161087,PA2G4;UBE2I;DBI;TNFAIP8;SRP19;XRCC6;PTK2B;CDK6;IDI1;HMGCS1;PMEPA1;ZBTB10;ACSL3;ARID5B;NDRG1;DNAJB9;RPS6KA3;ELK4;GNAI3;RRP12;NGLY1;TPD52;XRCC5,age_changes_Mgk_02202026
Spermatogenesis,1.0,-0.29775291570028795,-0.9731383876457583,CAMK4;PEBP1;STRBP;COIL;TLE4;TSN;ZC3H14;CHFR;LPIN1;BRAF;ARL4A;RFC4;RAD17;RPL39L;SIRT1;TKTL1;AGFG1;PRKAR2A;CSNK2A2;TOPBP1;PSMG1;SLC12A2,age_changes_Mgk_02202026
Estrogen Response Late,1.0,-0.20461110698341947,-0.6939415339464053,ISG20;ID2;FAM102A;COX6C;FKBP4;MOCS2;FLNB;HPRT1;CHPT1;CD44;PDCD4;RABEP1;ETFB;FABP5;NXT1;PTPN6;DCXR;FDFT1;OPN3;DUSP2;BCL2;FOS;ELOVL5;ZFP36;RNASEH2A;SNX10;MYB;METTL3;FKBP5;MAPK13;SLC26A2;GALE;TIAM1;TOB1;NRIP1;UGDH;IGFBP4;ARL3;IDH2;DNAJC1,age_changes_Mgk_02202026
Glycolysis,1.0,-0.26710455521568405,-0.9122982320699186,STMN1;ISG20;NASP;AKR1A1;LDHA;SDHC;MDH1;ANKZF1;FAM162A;FKBP4;HAX1;CYB5A;PGLS;RBCK1;POLR3K;CD44;CXCR4;CITED2;SOD1;DLD;ZNF292;GLRX;B4GALT4;RPE;B3GAT3;SLC25A13;MXI1;ENO1;MED24;MIF;MDH2;LHPP;GALK1;PRPS1;TKTL1;TXN;COG2;ERO1A;ALG1;IDH1;NT5E;GNPDA1;GALE;BPNT1;B3GALT6;MPI;PPIA;SRD5A3;GALK2;B4GALT7;GUSB;CLN6;NDUFV3;AGL;RRAGD;GMPPB;HSPA5;HS2ST1;B4GALT1;GYS1;GOT1;PGM2;GCLC;PGAM1;EXT2;GOT2;SAP30;SLC35A3;ABCB6;P4HA1,age_changes_Mgk_02202026
Hypoxia,1.0,-0.2705280735213208,-0.9309475125695204,PLAC8;ISG20;LDHA;TES;ETS1;HEXA;MAP3K1;ANKZF1;WSB1;FAM162A;BTG1;PNRC1;PLIN2;NAGK;CXCR4;CITED2;DDIT3;ILVBL;CCNG2;ZNF292;GLRX;PIM1;JUN;MXI1;NDRG1;ENO1;AMPD3;MIF;SLC2A1;BCL2;GRHPR;TPD52;GALK1;FOS;RBPJ;TKTL1,age_changes_Mgk_02202026
Cholesterol Homeostasis,1.0,-0.21822718574824218,-0.7082853510876096,ETHE1;ECH1;PNRC1;PCYT2;STX5;HSD17B7;FABP5;IDI1;SQLE;HMGCS1;EBP;FDFT1,age_changes_Mgk_02202026
p53 Pathway,0.08224811514736122,0.40278329405177,1.628454379038888,DDIT4;TXNIP;EPS8L2;CDKN1A;FAS;TAP1;CCNG1;DRAM1;SAT1;SLC3A2;PVT1;RETSAT;AEN;DNTTIP2;ANKRA2;RAP2B;TRIB3;FUCA1;RPS27L;FDXR;HMOX1;JUN;S100A4;PPP1R15A;SLC7A11;ABHD4;MXD1;PERP;CTSF;F2R;CD82;PLXNB2;TSPYL2;MDM2;RHBDF2;RGS16;IP6K2;TAX1BP3;NOL8;PMM1;TP63;TRIAP1;SERTAD3;ISCU;ELP1;NINJ1;EPHX1;STOM;SEC61A1;SESN1;HINT1;BAX;PIDD1;RAB40C;HDAC3;CDKN2A;CCNK;BTG1;PRKAB1;RPL18;RRP8;PITPNC1;KIF13B;WWP1;VAMP8;POM121;RNF19B;ATF3;TRAFD1;TCN2;RCHY1;VWA5A;SLC35D1;PRMT2;ZFP36L1;IER3;ABAT;S100A10;ST14;CYFIP2;GM2A;CASP1,age_changes_PCs_02202026
Xenobiotic Metabolism,0.08998911422005404,0.3522496193801523,1.4216102198860787,IGF1;FAS;KYNU;DHRS7;SLC1A5;BLVRB;ALDH9A1;PTGES3;SLC6A6;RETSAT;JUP;SLC12A4;ARPP19;PGD;HMOX1;ELOVL5;COMT;UGDH;PDLIM5;ETFDH;NQO1;PPARD;PYCR1;PMM1;CYB5A;MT2A;BCAT1;DHPS;CROT;NINJ1;SHMT2;EPHX1;SSR3;CES1;DHRS1;CASP6;CNDP2;DDAH2;SPINT2;ACOX3;HACL1;ALAS1;ASL;ESR1;ACO2;HPRT1;LCAT;ALDH2;ACP1;AHCY;IDH1;ABCD2;SLC35D1;SLC46A3,age_changes_PCs_02202026
TNF-alpha Signaling via NF-kB,0.09745364904015066,0.35375771799185146,1.4292072753357725,MSC;CDKN1A;PLEK;CCL5;KYNU;CFLAR;CD44;TAP1;EIF1;EHD1;DRAM1;RELA;TNIP1;SAT1;NFKB2;GPR183;TNFAIP8;RELB;MARCKS;BIRC3;KLF6;JUN;PPP1R15A;CCL4;RIPK2;ZFP36;MXD1;MAFF;PDLIM5;IER2;PLAUR;ICAM1;IFNGR2;TRIB1;KLF10;LITAF;SOD2;NFE2L2;DUSP1;CD80;NFKBIA;SERPINB8;SQSTM1;NINJ1;ICOSLG;SGK1;TLR2;DUSP4;RCAN1;BTG1;SIK1;PER1;ZC3H12A;BCL2A1;TGIF1;PFKFB3;PNRC1;RNF19B;TRAF1;KLF9;ATF3;PTGER4;AREG;SLC2A3;IL15RA;IER3;MYC;BTG3;BHLHE40;TNIP2,age_changes_PCs_02202026
Interferon Gamma Response,0.10719133438159362,0.3396408846906163,1.3936045992588402,ARID5B;MVP;TXNIP;CDKN1A;CCL5;FAS;TAP1;CD74;ARL4A;TAPBP;IRF5;RBCK1;MTHFD2;IL15;PSMB9;CSF2RB;ZNFX1;FGL2;IFITM2;PTPN1;RIPK2;JAK2;TRIM26;TOR1B;PFKP;HLA-DQA1;ISG20;ISOC1;NLRC5;ICAM1;ITGB7;HLA-DMA;OASL;PELI1;GZMA;HELZ2;SOD2;CD40;C1R;MT2A;IL10RA;TDRD7;NFKBIA;TRIM14;SSPN;HLA-DRB1;ZBP1;PSMB8;APOL6;HERC6;SAMHD1;CASP4;CD86;ST8SIA4;NMI;UBE2L6;IRF4;STAT4;BTG1;HIF1A;IRF2;PML;IL18BP,age_changes_PCs_02202026
Epithelial Mesenchymal Transition,0.10847074950610813,0.3559133770814082,1.380102780612401,ENO2;LGALS1;TIMP1;ACTA2;FAS;CD44;VIM;EMP3;CAPG;SAT1;IL15;FUCA1;JUN;FLNA;GLIPR1;TGFBR3;PLAUR;ITGB1;NT5E;QSOX1;FBLN5;WIPF1;MYL9;SGCB,age_changes_PCs_02202026
Cholesterol Homeostasis,0.10885779945974278,0.3817895870360186,1.4346434674568929,ATF5;LGALS3;FDFT1;ANTXR2;ETHE1;TRIB3;CXCL16;IDI1;PLAUR;S100A11;LSS;ALDOC;STARD4;CYP51A1;HMGCS1;FBXO6;ANXA5;CTNNB1;CHKA;GUSB;CPEB2;DHCR7;PMVK;PNRC1;ATF3;ACSS2,age_changes_PCs_02202026
Apoptosis,0.11928175843831208,0.337669599387939,1.3627698788071732,ENO2;TIMP1;TXNIP;LMNA;CDKN1A;LGALS3;FAS;CFLAR;CD44;TAP1;RELA;SAT1;BIK;RETSAT;TSPO;GPX4;PDCD4;FDXR;HMOX1;PAK1;BIRC3;JUN;MGMT;ISG20;TGFBR3;F2R;XIAP;PPT1;RARA;ROCK1,age_changes_PCs_02202026
Reactive Oxygen Species Pathway,0.12788775551344594,0.3681263706360758,1.348684946847294,PRNP;MBP;GPX4;TXN;SELENOS;MSRA;FTL;GCLM;PFKP;NQO1;PDLIM1;SOD2,age_changes_PCs_02202026
Inflammatory Response,0.13062935935169132,0.3586792496206647,1.4347080641167345,CD70;TIMP1;CDKN1A;CCL5;EMP3;TAPBP;RELA;P2RX4;ICAM4;SLC7A1;GPR183;IL15;RHOG;SELENOS;KLF6;RIPK2;PIK3R5;MXD1;PLAUR;ABI1;ICAM1;RAF1;CD82;TLR1;IFNAR1;RGS16;GNAI3;IFNGR2;LYN;BEST1;KCNA3;CD40;IL10RA;LAMP3;NFKBIA;ICOSLG;SLAMF1;AHR;NMI;TLR2;ADRM1;CD55;TNFRSF1B;HIF1A;EBI3;PTGER2,age_changes_PCs_02202026
heme Metabolism,0.13293677253682093,0.327187073846488,1.3372946174894385,OPTN;RIOK3;ASNS;TCEA1;ATG4A;MGST3;BLVRB;AQP3;CAST;BLVRA;ACP5;ICAM4;ARL2BP;NUDT4;SLC6A9;ISCA1;FBXO7;NFE2L1;TMEM9B;NARF;SLC7A11;GCLM;RNF123;TFDP2;RAD23A;CTNS;LRP10;UBAC1;EZH1;UCP2;CLCN3;PPOX;ADIPOR1;CCDC28A;EIF2AK1;NR3C1;DCAF11;SLC10A3;MINPP1;HAGH;PGLS;HBB;ELL2;FECH;NCOA4;SDCBP;LAMP2;MKRN1;HTRA2;USP15;SLC2A1;SLC25A38;CIR1;SYNJ1;EPOR;HMBS,age_changes_PCs_02202026
Allograft Rejection,0.13885417086642746,0.3545149081553028,1.4505231818117699,HLA-E;TIMP1;HLA-DOB;CCL5;FAS;TAP1;SRGN;CD74;TAPBP;CAPG;HCLS1;TPD52;IL15;IL12RB1;UBE2N;IL27RA;FLNA;CCL4;FCGR2B;RIPK2;JAK2;HLA-DQA1;F2R;ABI1;ICAM1;UBE2D1;HLA-DMA;TLR1;MRPL3;GZMA;IFNGR2;LYN;CD79A;SPI1;CD40;CD80;BCAT1;NPM1;PRF1;CTSS;CSK;ICOSLG;MAP4K1;IL12A;ITGAL;CD86;GZMB;ST8SIA4;GPR65;CDKN2A;HLA-DOA;RPL39;IRF4;TLR6;TLR2;STAT4,age_changes_PCs_02202026
Complement,0.14514373261299035,0.32408082806831456,1.3145110759128353,TIMP1;CTSH;LGALS3;PLEK;CCL5;KYNU;EHD1;CD46;LTA4H;PSMB9;RHOG;GNG2;CTSC;JAK2;APOBEC3G;PIK3R5;PRCP;GNGT2;MAFF;GCA;CPQ;CTSO;PLAUR;RAF1;HSPA5;GZMA;GNAI3;LYN;FDX1;GMFB;C1R;RBSN;LIPA;SERPINA1;CTSS;RNF4;ANXA5;USP14;PRKCD;XPNPEP1;CSRP1;DUSP6;LAMP2;PRDM4;CASP4;GZMB;APOBEC3F;KIF2A;S100A12;USP15;CD55;IRF2;ANG;DOCK9;CR1;S100A13;ADAM9;PREP;CD59;IRF7;BRPF3;PDP1;PIK3CA;ZEB1;HSPA1A;CASP1;USP16;AKAP10;LGMN;CEBPB;GNB2;TNFAIP3;PIM1;LRP1,age_changes_PCs_02202026
KRAS Signaling Up,0.1505347855386157,0.3346614781568978,1.317332929390767,LY96;PRDM1;ADAM8;RABGAP1L;JUP;LAT2;KCNN4;FUCA1;BIRC3;SDCCAG8;PPP1R15A;WDR33;PLAUR;IKZF1;CDADC1;RGS16;TRIB1;EVI5;IL10RA;LAPTM5;NIN;CROT;DNMBP;CTSS;ANKH;PRELID3B;AVL9;PSMB8;MAP7;DUSP6;MAP4K1;ERO1A;CBX8;CAB39L;LCP1;USP12;KIF5C;TNFRSF1B;F13A1;HDAC9;PTBP2;DOCK2,age_changes_PCs_02202026
Androgen Response,0.1533685441277265,0.3926728915308106,1.508528047453256,ARID5B;MYL12A;ABHD2;SAT1;TPD52;ABCC4;HPGD;CDC14B;TNFAIP8;ELOVL5;DNAJB9;VAPA;IDI1;SORD;NGLY1;PDLIM5;PIAS1;UBE2J1;GNAI3;HMGCS1;APPBP2;UBE2I;ANKH;ELL2;MAP7;NCOA4;SGK1;PLPP1;PTK2B;CDK6;ADRM1;CAMKK2;TMEM50A;HERC3,age_changes_PCs_02202026
Hypoxia,0.15675523122202958,0.36423964359983435,1.4672365794960116,ENO2;DDIT4;CDKN1A;ATP7A;PGM1;TPD52;SLC6A6;HK1;PLIN2;ANXA2;HMOX1;KLF6;JUN;S100A4;GRHPR;PPP1R15A;IDS;WSB1;ZFP36;KLHL24;PFKP;BCL2;ISG20;PAM;MAFF;CITED2;PLAUR;HSPA5;GPI;KDELR3;VHL;SCARB1;ALDOC;HK2;ILVBL;PDK1;DUSP1;ZNF292;MT2A;NR3C1;SLC25A1;TPST2;RORA;XPNPEP1;ERO1A;TES;CASP6;NDST1;JMJD6;LARGE1;SLC2A1;BTG1;TMEM45A;GALK1;NAGK;PFKFB3;PNRC1;GBE1;CDKN1B;UGP2;ATF3;BNIP3L;SLC2A3,age_changes_PCs_02202026
Apical Junction,0.16791137694443983,0.320629486749993,1.2871154988249203,MAPK13;CERCAM;TSPAN4;ICAM2;ICAM4;RSU1;CTNNA1;JUP;DHX16;WASL;VASP;MYL12B;SYK;ITGB1;ICAM1;CNN2;RHOF;ITGA3;MDK;VAV2;ARHGEF6;CD99;RASA1;PKD1;SORBS3;PIK3R3;MYL9;MAPK11;RAC2;AMIGO2;CD86;ZYX;EXOC4;TIAL1;ADAM15;SYMPK;MAP3K20;ARPC2;MSN;IKBKG;TRAF1;ADAM9;KCNH2;CAP1;PLCG1;PIK3CB;CDK8;ITGB4;PTPRC;PECAM1;GAMT;SKAP2,age_changes_PCs_02202026
TGF-beta Signaling,0.1706043623755191,0.35249348609606024,1.2923944213088672,RAB31;BMPR1A;PPP1R15A;PPM1A;RHOA;XIAP;HDAC1;IFNGR2;SLC20A1;KLF10;APC;ACVR1;UBE2D3;TGFBR1;CTNNB1;TGIF1;PPP1CA;SPTBN1;WWTR1;ENG;BMPR2;HIPK2;SKI;MAP3K7;FNTA;FKBP1A;LEFTY2;SMAD7,age_changes_PCs_02202026
Coagulation,0.18384872797645446,0.3380592842324036,1.2719818698249736,TIMP1;CTSH;CAPN2;PLEK;LTA4H;F12;MAFF;CPQ;CTSO;C1R;USP11;SERPINA1;DUSP14;ISCU;CSRP1;DUSP6;LAMP2;MST1;ANG;S100A13;WDR1;RAC1;ADAM9;PREP;MMP11;CFD;PECAM1;LGMN;GNB2;LRP1;A2M;PRSS23;GSN;RAPGEF3;RABIF;SPARC;LEFTY2,age_changes_PCs_02202026
Pperoxisome,0.21842858567618095,0.3202888337738501,1.2484756998682192,MVP;ALDH9A1;RETSAT;GSTK1;TSPO;ACSL5;CNBP;ERCC1;ELOVL5;HSD17B11;IDI1;ACSL1;ISOC1;CDK7;PEX14;SLC27A2;PEX2;SOD2;ECI2;PEX11B;VPS4B;SMARCC1;SCP2;PABPC1;EHHADH;FIS1;SIAH1;PRDX1;SLC23A2;PEX5;GNPAT;IDH1;PEX11A;ABCD2,age_changes_PCs_02202026
Estrogen Response Late,0.22281762103557856,0.31135552637092184,1.2303078907028684,LLGL2;MAPK13;CD44;ABHD2;CLIC3;FDFT1;BLVRB;SLC9A3R1;SLC29A1;PDCD4;RAB31;ELOVL5;DYNLT3;NXT1;SLC16A1;JAK2;ZFP36;UGDH;BCL2;LSR;ISG20;SORD;PERP;SLC27A2;SCARB1;MDK;CHPT1;MICB;SLC2A8;SERPINA1;CKB,age_changes_PCs_02202026
Unfolded Protein Response,0.22305857110552896,0.3110371089556879,1.2249603974556098,DDIT4;HSPA9;PSAT1;ASNS;BAG3;EIF4A2;MTHFD2;HERPUD1;XPOT;CHAC1;ERN1;YWHAZ;MTREX;EEF2;DNAJB9;DCP1A;CEBPG;SPCS1;TSPYL2;HSPA5;KDELR3;PAIP1;NABP1;SDAD1;NPM1;SRPRA;IMP3;POP4;DCTN1;DKC1;ERO1A,age_changes_PCs_02202026
mTORC1 Signaling,0.2271015602951256,0.30193478392436013,1.2385845446340489,DDIT4;CDKN1A;HSPA9;PSAT1;CCNG1;ASNS;TCEA1;SLC1A5;MTHFD2;PGM1;LTA4H;SLC9A3R1;SLC6A6;TRIB3;FDXR;ELOVL5;FGL2;CTSC;PPP1R15A;SLC7A11;NFYC;IDI1;SORD;M6PR;PPA1;HSPA5;CANX;GPI;CACYBP;ADIPOR2;STARD4;HK2;CYP51A1;UCHL5;PDK1;PSME3;BCAT1;HMGCS1;ACTR3;COPS5;UBE2D3;PIK3R3;SQSTM1;TUBA4A;SHMT2;ERO1A;TES;UNG;GTF2H1;HSPA4;PSMC6;SEC11A;SLC2A1;PRDX1;SLA;PSMG1;SLC7A5;HMBS;DHCR7;HPRT1;GBE1;TXNRD1;IDH1;CCT6A;SLC2A3;ARPC5L;FKBP2;SC5D;RPN1;SRD5A1;STIP1;BHLHE40;CTH;TPI1;PNP;GSK3B;LGMN;P4HA1;SKAP2;ALDOA;ITGB2,age_changes_PCs_02202026
Glycolysis,0.23057118666520757,0.30370139054347395,1.2317547587778745,ENO2;DDIT4;IDUA;CD44;RBCK1;ALDH9A1;BIK;SLC16A3;TXN;ARPP19;AK3;BPNT1;PFKP;ISG20;PAM;PYGB;LHPP;XYLT2;CITED2;GALK2;PRPS1;GNE;HSPA5;KDELR3;SLC25A13;NT5E;HK2;CYB5A;ZNF292;QSOX1;PHKA2;PGLS;ERO1A;CHPF2;SRD5A3;CASP6;FUT8;GUSB;KIF2A;AKR1A1;GALK1;ANG;GFPT1;GLCE;NANP;UGP2;HAX1;MDH2;IDH1;AGL;IER3;SPAG4;CTH;EXT2;GNPDA1;TPI1;VEGFA;TSTA3;CHPF;P4HA1;TKTL1;ALDOA;NDUFV3;GOT2;SAP30;SOD1;PGAM1,age_changes_PCs_02202026
Fatty Acid Metabolism,0.2397387412812966,0.30046363077242855,1.2079180721341958,ENO2;LGALS1;MGLL;ALDH9A1;BLVRA;HPGD;RETSAT;CRYZ;ACSL5;TP53INP2;PCBD1;BCKDHB;ELOVL5;HSD17B11;HSDL2;GRHPR;UGDH;IDI1;ACSL1;ETFDH;SERINC1;ACOT2;ADIPOR2;HMGCS1;ECI2;APEX1;SUCLG2;ACSM3;SUCLA2;ACADM;METAP1;SDHA;EPHX1;MCEE,age_changes_PCs_02202026
Bile Acid Metabolism,0.2419465387251542,0.3193684465194027,1.2111964039791192,OPTN;PHYH;ALDH9A1;RETSAT;GSTK1;ACSL5;SLC29A1;FDXR;ABCA5;PEX16;HSD17B11;PECR;GCLM;IDI1;ACSL1;ISOC1,age_changes_PCs_02202026
IL-2/STAT5 Signaling,0.2496100037526478,0.2929355241260185,1.1981772020424633,PRNP;RNH1;AHNAK;CD44;ARL4A;CAPG;SLC1A5;RABGAP1L;MYO1E;P2RX4;COCH;PLIN2;POU2F1;GPX4;FGL2;SOCS2;CST7;KLF6;SLC39A8;CDC42SE2;SYNGR2;SNX14;PUS1;BCL2;MXD1;MAFF;ANXA4;ETFBKMT;RGS16;NT5E;HK2;MYO1C;SNX9;IL10RA;CYFIP1;RORA;BCL2L1;ITGAE;TNFRSF18;AHR;PLPP1;CD86;GPR65;SLC29A2;PTCH1;IRF4;SYT11;SWAP70;TNFRSF1B;PTGER2;PTRH2;TNFRSF4;SERPINB6;TRAF1;NCOA3;AHCY;SLC2A3;ITGAV;IL2RB;AMACR;DCPS;MYC;BHLHE40;HUWE1;TIAM1;IKZF4;TNFRSF8;PNP;AGER;SOCS1;HOPX,age_changes_PCs_02202026
Protein Secretion,0.2610078529926935,0.30027292017991103,1.1888081701763222,VAMP7;ATP7A;TPD52;ARFGAP3;ZW10;CTSC;AP2B1;ARF1;GALC;PAM;RAB5A;M6PR;TSG101;STX12;PPT1;SNAP23;CLCN3;ERGIC3;TMED2;TMED10;SSPN;VPS4B;LAMP2;RAB14;SCAMP1;NAPG;ICA1;MON2;RAB9A;BNIP3;SCRN1;CD63;AP3S1;VAMP3,age_changes_PCs_02202026
UV Response Dn,0.27407974841753013,0.29941456225464563,1.1785892737645756,MGLL;SLC7A1;SYNE1;ANXA2;KCNMA1;BCKDHB;SFMBT1;BMPR1A;TOGARAM1;MGMT;SIPA1L1;TGFBR3;PDLIM5;ANXA4;CITED2;PEX14;NR1D2;VAV2;PRDM2;DUSP1;SLC22A18;FBLN5;NR3C1;YTHDC1;PIK3R3;CELF2;ICA1;NIPBL;AGGF1;NOTCH2;CDKN1B;RASA2;PIAS3;ATRX;MYC;BHLHE40;ATP2C1;DBP;MIOS;MAP2K5;RUNX1,age_changes_PCs_02202026
Angiogenesis,0.4160464459944362,0.40615166780763384,1.1133995206756768,TIMP1;S100A4;VAV2,age_changes_PCs_02202026
Adipogenesis,0.42278534159521863,0.27336690180568773,1.11611368420551,DHRS7;RIOK3;MGLL;ARL4A;UBC;MGST3;PHYH;SLC1A5;MIGA2;PGM1;DRAM2;RETSAT;PLIN2;GPX4;PDCD4;BCL2L13;TKT;NKIRAS1;GPAT4;DNAJB9;SAMM50;GPHN;G3BP2;SQOR;PEX14;UCP2;ADIPOR2;SCARB1;REEP5;NABP1;CHCHD10;CD151;CS;SSPN;SLC25A1;GRPEL1;NDUFB7;ACADM;ATL2;SCP2;RMDN3;STOM;ESYT1;ARAF;DNAJC15,age_changes_PCs_02202026
Estrogen Response Early,0.4482600309796031,0.2749685908004864,1.0975300753888582,SH3BP5;CD44;ABHD2;CLIC3;FDFT1;BLVRB;AQP3;SLC9A3R1;NADSYN1;RAB31;ELOVL5;DYNLT3;NXT1;SLC16A1;JAK2;BCL2;RARA;SLC27A2;GAB2;SYNGR1;SCARB1;MREG;CHPT1;KLF10;MICB;TUBB2B;SLC2A1;SNX24;SLC7A5;DHCR7;ENDOD1;MYBL1;AREG;PEX11A;RPS6KA2;UNC119;SLC39A6;SLC26A2;ABAT;MYC;MYBBP1A;BHLHE40;ZNF185;TIAM1;MYB;DEPTOR;AFF1,age_changes_PCs_02202026
G2-M Checkpoint,0.4746192893401015,-0.22693171806754675,-1.0,STMN1;PTTG1;CCNB2;CENPF;SMC2;CDKN2C;TROAP;HMGB3;UBE2C;MKI67;CDKN3;EZH2;CDC20;NUSAP1;CKS1B;AURKB;BIRC5;UBE2S;NASP;TOP1;CKS2;TOP2A;DTYMK;HMGA1;PLK1;CENPA;GINS2;CTCF;RBM14;SRSF2;SMC4;MYBL2;CENPE;MAD2L1;CHEK1;MCM6;SMC1A;CDK1,age_changes_PCs_02202026
E2F Targets,0.4746192893401015,-0.3042524658094089,-1.0,RRM2;STMN1;MCM7;TK1;NME1;PTTG1;CCNB2;CDKN2C;HMGB3;MKI67;CDKN3;EZH2;CDC20;CKS1B;AURKB;BIRC5;UBE2S;NASP;RANBP1;CKS2;DNMT1;SSRP1;TOP2A;HMGA1;RPA3;CENPM;PLK1;HMGB2;ASF1B;CNOT9;NCAPD2;LYAR;CBX5;CTCF;DONSON;SRSF2;NAP1L1;SMC4;MYBL2;CDCA3;CENPE;UBE2T;MAD2L1;CHEK1;MCM6;DLGAP5;SMC1A;CDK1;PCNA;NOP56;MCM4;RPA1,age_changes_PCs_02202026
Interferon Alpha Response,0.5216405273555619,0.2725095242858288,1.068577635747178,TXNIP;TAP1;CD74;IL15;PSMB9;HLA-C;IFITM2;RIPK2;TRIM26;NUB1;TMEM140;ISG20;UBA7;OASL;HELZ2;TDRD7;LAMP3;TRIM14;CNP;PSMB8;HERC6;NMI;UBE2L6,age_changes_PCs_02202026
DNA Repair,0.5394068899290042,0.2610240022866353,1.0578969122425104,SMAD5;HCLS1;DCTN4;POLL;APRT;GPX4;MPC2;ERCC1;EIF1B;AK3;TAF13;POLR3GL;POLR2H;SNAPC4;NME3;STX3;RNMT;TSG101;IMPDH2;VPS28;TMED2;NELFCD;ELL;ELOA;USP11;POLR3C;GTF2A2;SDCBP;POLR2F;TAF6;GTF2H1;ITPA;SEC61A1;TARBP2;ZNF707;ADRM1;BRF2;POLR2K;ARL6IP1;DAD1;POM121;HPRT1;POLB;POLR2A;POLR1D;TAF1C;SF3A3;ERCC4;SUPT5H;EDF1;TK2;NFX1;NUDT21;BCAP31;POLE4;PNP;RALA;POLR2C;GUK1;GTF2H3;SUPT4H1;CMPK2;RRM2B;GTF2H5,age_changes_PCs_02202026
Notch Signaling,0.5952236960582725,0.31706981971734643,1.0240751119392888,APH1A;SKP1;PPARD;CUL1;NOTCH2;DTX2;PSEN2;FZD7;NOTCH1;SAP30;ARRB1,age_changes_PCs_02202026
UV Response Up,0.6010885779945975,0.2592120472168466,1.027934380725332,ENO2;HLA-F;TAP1;ASNS;SELENOW;AQP3;STARD3;HMOX1;CREG1;POLR2H;CEBPG;ICAM1;PPT1;EIF5;LYN;MGAT1;SOD2;NUP58;PARP2;NFKBIA;SQSTM1;GRPEL1;CNP;TUBA4A;PRKCD;EPHX1;CHKA;NAT1;STK25;BTG1;GRINA;ALAS1;POLG2;ATF3;KCNH2;BSG;HSPA13;POLE3;RPN1;STIP1;BTG3;RXRB;ALDOA;CDC5L;HYAL2;CYB5R1;ATP6V1F;TMBIM6;AP2S1;TFRC;EIF2S3;PSMC3;UROD;E2F5;PPAT;PPP1R2,age_changes_PCs_02202026
Hedgehog Signaling,0.613758772065049,0.33432633007699075,1.0293245297503135,TLE1;RASA1;PTCH1;CDK6;PML;HEY1;VEGFA;ETS2;ADGRG1;DPYSL2,age_changes_PCs_02202026
Myc Targets V2,0.6147556256817233,0.273919564485858,1.0119925562073688,NDUFAF4;PPRC1;AIMP2;GRWD1;PUS1;SORD;RABEPK;NIP7;WDR74;HK2;NPM1;UNG;SLC29A2;MAP3K6;TFB2M;RCL1;MYC;MYBBP1A;SUPV3L1;CDK4,age_changes_PCs_02202026
Oxidative Phosphorylation,0.6235323825428588,0.24216592534959933,1.003489721210519,HSPA9;MGST3;PHYH;ACAT1;CYB5R3;RETSAT;ATP6V0E1;GPX4;ATP5MG;RHOT1;ISCA1;HADHA;NQO2;SLC25A12;COX10;UQCRC2;ATP6V1G1;MRPL34;NDUFV1;ETFDH;GPI;MTX2;LRPPRC;FDX1;AFG3L2;CYB5A;CS;ATP1B1;UQCRH;BDH2;ISCU;SUCLA2;GRPEL1;SLC25A6;GLUD1;NDUFB7;ACADM;PHB2;SDHA;ATP6V1E1;SLC25A3;POLR2F;ATP6AP1;OXA1L;BAX;MTRR;VDAC1;VDAC2;HTRA2;CPT1A;ALAS1;MTRF1;COX7A2L;ACO2;TCIRG1;MDH2;ACAA2;IDH1;OAT;ABCB7;NDUFB5;COX4I1;AIFM1;PDP1;TOMM70;SUPV3L1;SLC25A5;NDUFA3,age_changes_PCs_02202026
Myogenesis,0.7608434463572955,0.23612851179026056,0.9394198296216179,IGF1;PRNP;CDKN1A;EIF4A2;TNNI2;TPM3;SYNGR2;SMTN;ACSL1;ITGB1;PLXNB2;NQO1;MYO1C;DMPK;SORBS3;CKB;SSPN;PDE4DIP;ATP6AP1;FLII;LARGE1;KCNH2;PSEN2;HDAC5;AGL;BHLHE40;MEF2A;PICK1;ITGB4;CFD;NOTCH1;WWTR1;CHRNB1;PDLIM7;CRAT;RIT1;GSN;LSP1;MYL2;SH3BGR;SPARC;RB1;TAGLN;MAPK12;GABARAPL2;MAPRE3;FKBP1B;ENO3;IFRD1;MEF2C;VIPR1;CD36;SH2B1;TPM2;PTP4A3;SIRT2;MYLPF;FHL1;RYR1;TNNC2;PKIA;MYH9;AKT2;GAA;IGFBP7;MYL4;LPIN1;SPEG;MYH3;ACTN3;GNAO1;BAG1;FXYD1;OCEL1;APP;PYGM;MYLK;FOXO4,age_changes_PCs_02202026
PI3K/AKT/mTOR  Signaling,0.7624139759768513,0.24501788641189748,0.9466094978895525,CDKN1A;UBE2N;TRIB3;RPS6KA1;ARF1;RALB;RAF1;RPTOR;PRKAR2A;PDK1;PLA2G12A;ACTR3;ATF1;UBE2D3;PIK3R3;THEM4;SQSTM1;MKNK1;CAB39L;SLC2A1;ECSIT;SLA;CDKN1B;RAC1;ARPC3;PLCG1;MAPK8;TIAM1;YWHAB;CDK4;EIF4E;E2F1;PPP1CA;GSK3B;PAK4;RIT1;ACTR2;DAPP1;ARHGDIA;RPS6KA3;MAP3K7;DDIT3;CALR;NOD1;TRAF2,age_changes_PCs_02202026
Spermatogenesis,0.8663782803614434,0.2352115589439999,0.885183193987327,ARL4A;RAD17;PHF7;PEBP1;PHKG2;ACRBP;MLLT10;DBF4;PRKAR2A;ZC3H14;PARP2;CCT6B;COIL;MAP7;RPL39L;MAST2;IFT88;PSMG1;DPEP3,age_changes_PCs_02202026
Mitotic Spindle,0.8896850035421983,0.21048644818621237,0.8625957897318622,KIF22;MYO1E;PCGF5;SORBS2;CLIP1;WASL;CEP192;MARCKS;KATNA1;PXN;FLNA;TUBGCP2;CLIP2;PDLIM5;ARHGEF7;TUBGCP5;ABI1;FGD4;RHOF;ROCK1;CEP57;LRPPRC;KATNB1;TBCD;YWHAE;ARHGAP10;STAU1;RAB3GAP1;RASA1;NIN;APC;KIFAP3;TUBA4A;ARHGAP5;ARHGEF2;HOOK3;ALMS1;CAPZB;RACGAP1;CLASP1;CDC42;ARHGEF3;ANLN;NOTCH2;EZR;SHROOM1;DOCK2;TRIO;KIF15;PAFAH1B1;LATS1;MYO9B;SSH2;MAPRE1;RASA2,age_changes_PCs_02202026
Myc Targets V1,0.9709914123291538,0.15439410241919874,0.6402408494937762,PTGES3;PABPC4;YWHAQ;SRPK1;XPOT;EIF4G2;CNBP;AIMP2;CLNS1A;EIF4H;IMPDH2;CANX;RNPS1;PWP1;HNRNPA3;YWHAE;CCT7;SNRPA1;NPM1;STARD7;APEX1;CUL1;COPS5;BUB3;GLO1;UBA2;SMARCC1;PHB2;U2AF1;RPLP0;SERBP1;SLC25A3;PABPC1;VDAC1;HDDC2;PSMC6;ERH;UBE2E1;ORC2;RPL18;AP3S1;PRDX4;HPRT1;G3BP1;SNRPA;ACP1;VBP1;EEF1B2;PRPF31;POLE3;TOMM70;MYC;PRPS2;PPM1G;LSM2;CDK4;EIF4E,age_changes_PCs_02202026
Apical Surface,0.9719454417085704,0.24202244455042787,0.7936507878442861,PLAUR;ADIPOR2;LYN;FLOT2;MDGA1;CROCC;NCOA6;IL2RB;CRYBG1;AFAP1L2;ADAM10;AKAP7;GATA3;CD160,age_changes_PCs_02202026
IL-6/JAK/STAT3 Signaling,0.9785546469818533,0.20312002030014262,0.7677817018444962,FAS;CD44;IL12RB1;CSF2RB;HMOX1;PTPN1;JUN;PIK3R5;IFNAR1;IFNGR2,age_changes_PCs_02202026
Pancreas Beta Cells,0.9915890407903643,0.2303976914621584,0.6404297020838874,SPCS1;SRP9;SEC11A;MAFB;SRP14;SRPRB;LMO2,age_changes_PCs_02202026
Wnt-beta Catenin Signaling,1.0,0.20036625460613716,0.6825478378414979,PPARD;DVL2;CUL1;CTNNB1;NUMB;PTCH1;PSEN2;HEY1;HDAC5;MYC;AXIN1;NOTCH1;NCSTN;FRAT1,age_changes_PCs_02202026
KRAS Signaling Dn,1.0,0.17319362886130854,0.6522008514086739,IDUA;VPS50;YPEL1;DTNB;CD80;MFSD6;CAMK1D;PLAG1;SGK1;MTHFR;CLSTN3;MAGIX;SLC29A3;BARD1;KMT2D;IFNG;GAMT;COPZ2;SIDT1;CDKAL1;MSH5;UGT2B17;GTF3C5;OXT;STAG3;CPEB3;VPREB1;SNN;NR6A1;CD40LG;SLC16A7;RYR1;ZC2HC1C,age_changes_PCs_02202026
E2F Targets,0.0,-0.6226673866714971,-2.347790061262458,SMC4;HNRNPD;NOP56;CKS1B;CTCF;UBE2S;RRM2;HMMR;BIRC5;CDKN2C;HMGB2;CKS2;AURKB;ATAD2;DLGAP5;SPC25;MXD3;DSCC1;MYC;TOP2A;STMN1;EZH2;UBE2T;PLK1;BRCA2;DCTPP1;SPAG5;CENPE;MYBL2;PCNA;CDK1;MKI67;NME1;RANBP1;ASF1B;SRSF2;KPNA2;E2F8;CBX5;KIF2C;AURKA;BRCA1;TACC3;CCNB2;KIF4A;MMS22L;BUB1B;LMNB1;PSIP1;CDC20;MELK;LUC7L3;SYNCRIP;RFC2;CDC25A;CDCA3;DNMT1;ESPL1;DCLRE1B;USP1;DEK;MAD2L1;SNRPB;RAD51AP1;TFRC;TMPO;WEE1;PHF5A;KIF22;BARD1;EIF2S1;STAG1;DUT;MSH2;RPA3;TIPIN;JPT1;RFC3;IPO7;DDX39A;HELLS;CDKN3;GINS4;SMC3;MLH1;CDCA8;PLK4;CCNE1;TBRG4;ORC6;SPC24;RACGAP1;POLD3;TK1;NCAPD2;TP53;SUV39H1;MCM7;DEPDC1;NUP107;CENPM;NASP;RAN;SLBP,age_changes_Proliferating_NK_02202026
G2-M Checkpoint,0.0,-0.6399098218517574,-2.40060857461424,SMC4;UBE2C;KMT5A;POLQ;HNRNPD;CENPF;CKS1B;CTCF;UBE2S;BUB1;HMMR;BIRC5;CDKN2C;CKS2;AURKB;SMC2;MYC;TOP2A;STMN1;EZH2;E2F1;KIF11;PLK1;BRCA2;PRC1;DTYMK;TGFB1;CENPE;MYBL2;CDK1;MKI67;NUP98;CUL3;KNL1;SMAD3;SRSF2;KPNA2;KIF2C;UPF1;AURKA;TACC3;CCNB2;KIF15;NEK2;TPX2;ARID4A;KIF4A;KIF23;TROAP;LMNB1;PBK;SFPQ;NUSAP1;CDC20;SYNCRIP;CDC25A;ESPL1;BUB3;STIL;MAD2L1;TNPO2;CHAF1A;HMGN2;E2F3;TMPO;SLC7A1;KIF22;BARD1;HIRA;STAG1;CDC27;GINS2;SMARCC1;INCENP;JPT1;CCNA2;ODF2;DDX39A;RBM14;CDKN3;CDC7;KIF20B;TENT4A;E2F2;PLK4;CENPA;NDC80;ORC6;RACGAP1,age_changes_Proliferating_NK_02202026
Epithelial Mesenchymal Transition,0.003232758620689655,0.4815421422354935,2.044865404228031,LGALS1;FAS;ENO2;GLIPR1;ACTA2;SAT1;VIM;PLOD1;IL32;AREG;CD44;COL6A2;VCAN;PDGFRB;TIMP1;TNFAIP3;ITGB1;FLNA;TPM1;SGCB;TGFBR3;COPA;EMP3;WIPF1;CADM1;BMP1;CXCL8;RHOB;PLOD3;PPIB;NOTCH2;ITGAV;SDC4;COLGALT1;QSOX1,age_changes_Proliferating_NK_02202026
Angiogenesis,0.005387931034482759,0.6793729191635175,1.8754400363318555,S100A4;VCAN;TIMP1;CCND2,age_changes_Proliferating_NK_02202026
Hypoxia,0.00646551724137931,0.4189381781627119,1.9266863219583157,S100A4;MT1E;NDRG1;PFKP;ENO2;ANXA2;CDKN1A;PLIN2;PNRC1;HSPA5;PGK1;TKTL1;CXCR4;DDIT4;PFKL;SLC25A1;ALDOA;CITED2;GRHPR;MT2A;TNFAIP3;BNIP3L;GPI;VHL;MYH9;BCL2;IDS;GBE1;GAA;MIF;TPD52;FOSL2;XPNPEP1;HK1;ISG20;ALDOC;ATF3;NDST2,age_changes_Proliferating_NK_02202026
Mitotic Spindle,0.011297444569710635,-0.4400741672179594,-1.6339947554712153,SMC4;CENPF;BUB1;BIRC5;DLGAP5;TOP2A;CENPJ;KIF11;PLK1;BRCA2;PRC1;CENPE;CDK1;GSN;SAC3D1;KIF2C;AURKA;ARF6;CCNB2;KIF15;NEK2;TPX2;RALBP1;PREX1;KIF4A;KIF23;LMNB1;NUSAP1;ESPL1;CCDC88A;CEP57;CD2AP;CEP250;SPTBN1;DLG1;KIF22;CDC27;HDAC6;INCENP;ANLN;TUBD1;FLNB;CNTRL;MYO9B;CDK5RAP2;SMC3;KIF20B;LATS1;NDC80;ECT2;CKAP5;RACGAP1;NET1;SASS6;YWHAE,age_changes_Proliferating_NK_02202026
Reactive Oxygen Species Pathway,0.01163793103448276,0.46342758572982495,1.7425020919459828,PRDX2;PFKP;PRDX1;PRNP;FTL;SOD1;SOD2;PDLIM1;LSP1;PRDX4;CAT;PTPA;G6PD;MSRA;HHEX;GPX4;OXSR1,age_changes_Proliferating_NK_02202026
TGF-beta Signaling,0.012417011148690968,-0.5293275149957661,-1.6548962710625577,SMURF2;TRIM33;TGFB1;SMAD3;SMAD7;ID1;FURIN;XIAP;SKIL;SPTBN1;ARID4B;FNTA,age_changes_Proliferating_NK_02202026
Pperoxisome,0.01293103448275862,0.4162359843540359,1.77661273439964,TSPO;PRDX1;MVP;PABPC1;ELOVL5;SCP2;ALDH9A1;GNPAT;SOD1;CRAT;PEX2;SOD2;FADS1;RETSAT;ERCC1;CAT;ACOT8;ERCC3;HSD17B11;IDI1;PEX5;ABCC5;CADM1;ACSL1;PEX14;SLC25A4;RDH11;IDH1;IDE;SIAH1,age_changes_Proliferating_NK_02202026
p53 Pathway,0.02216748768472906,0.34997874140610946,1.6391570824088333,S100A4;F2R;TOB1;NDRG1;FAS;CDKN2A;CDKN1A;SAT1;ELP1;CASP1;PVT1;VAMP8;WWP1;RPL36;KIF13B;DDB2;RPS27L;DDIT4;CCNG1;TAP1;ISCU;CGRRF1;TAX1BP3;SEC61A1;POLH;RETSAT;CEBPA;PMM1;GM2A;PERP;MXD1;RPL18;CYFIP2;CTSF;AEN;CCND2;ABCC5;RB1;TM7SF3;DCXR;APAF1;ATF3;MDM2;IFI30;FBXW7,age_changes_Proliferating_NK_02202026
Apoptosis,0.024245689655172414,0.36781574637903414,1.6432264804681356,TSPO;LGALS3;CD2;F2R;ANXA1;FAS;ENO2;CDKN1A;SAT1;TNF;CASP1;CD69;HSPB1;CDC25B;PEA15;CD44;LMNA;PPT1;SOD1;TAP1;PDGFRB;TIMP1;SOD2;BNIP3L;RETSAT;SPTAN1;RNASEL;PPP2R5B;TGFBR3;NEDD9;CCND2;CYLD;ETF1;CTNNB1;MCL1;ROCK1;ISG20;CLU;PRF1;GPX4;ATF3;DPYD;BIRC3;RHOB,age_changes_Proliferating_NK_02202026
TNF-alpha Signaling via NF-kB,0.03144592476489028,0.3322737379822737,1.5303265644992863,CCL5;PER1;CDKN1A;SAT1;TNF;LITAF;CD69;MSC;BCL2A1;AREG;PNRC1;KLF9;CD44;TAP1;SOD2;TNFAIP3;MXD1;NAMPT;ETS2;PANX1;TANK;FOSL2;MCL1;TNIP1;IL7R;PDLIM5;DDX58;ATF3;LDLR;TGIF1;CEBPB;BIRC3;RHOB;IFIT2;RIPK2;SLC2A6;TUBB2A;TRAF1;SQSTM1;ZFP36;DUSP2;SDC4;ZC3H12A,age_changes_Proliferating_NK_02202026
Interferon Alpha Response,0.031907647500939496,-0.43525874218206123,-1.4973469337796352,IRF9;PSMA3;SAMD9L;SELL;RSAD2;SLC25A28;PLSCR1;MX1;GBP4;LY6E;USP18;NMI;IFITM2;EPSTI1;PARP14;SAMD9;TDRD7;IFI44L;IFITM3;PSMB8;TMEM140;IFI35;GBP2;PSME2;IRF2;RTP4;IRF7;CD47;ISG15;PARP9;NUB1;B2M;OAS1;IFI27;TENT5A;IFI44,age_changes_Proliferating_NK_02202026
Xenobiotic Metabolism,0.03265086206896552,0.33561303104446966,1.5330752087477533,PTGDS;CES1;FAS;GABARAPL1;PGD;SLC1A5;ELOVL5;ALDH9A1;MT2A;RETSAT;PMM1;AKR1C3;UGDH;CYFIP2;CYB5A;CAT;SHMT2;AHCY;CNDP2;ETS2;HPRT1;SLC35B1;PDLIM5;DCXR;FAH;HACL1;IDH1;HMOX1,age_changes_Proliferating_NK_02202026
Adipogenesis,0.033135775862068964,0.3316244357420881,1.56290164116776,TOB1;PLIN2;SLC1A5;SCP2;QDPR;SDHC;ACLY;CD151;PFKL;IDH3G;SQOR;SLC25A1;NDUFA5;SOD1;ALDOA;CRAT;CHCHD10;RAB34;RTN3;UBC;RNF11;ARAF;GPHN;BCL2L13;RETSAT;GPAT4;PHYH;GHITM;MGST3;GBE1;CAT;MTCH2;ADIPOR2;TANK;COX6A1;TKT;AK2;MCCC1;TALDO1;SLC5A6;ELMOD3;G3BP2;NDUFB7;PEX14;GPX4;FAH;BCKDHA;IDH1;SLC19A1;NDUFS3;PGM1;UQCRC1;NABP1;CMPK1;REEP5;SLC27A1;RIOK3;DHCR7,age_changes_Proliferating_NK_02202026
Wnt-beta Catenin Signaling,0.03472110377409137,-0.5105993558702654,-1.5012906301058053,TCF7;MYC;AXIN1;LEF1;HDAC2;CSNK1E;NOTCH1;MAML1;TP53;NCSTN;KAT2A,age_changes_Proliferating_NK_02202026
Fatty Acid Metabolism,0.035201149425287355,0.3432650155448248,1.5398894444519273,LGALS1;GABARAPL1;ENO2;DLST;GLUL;ELOVL5;SDHC;ALDH9A1;ERP29;IDH3G;ACADVL;SUCLG2;ALDOA;SERINC1;CRAT;GRHPR;RAP1GDS1;RETSAT;BCKDHB;UGDH;ACOT8;HSD17B11;IDI1;ADIPOR2;ACOT2;D2HGDH;MIF;FASN;ACSL1;SDHA;ACAT2;RDH11;IDH1,age_changes_Proliferating_NK_02202026
Myc Targets V1,0.035961835567247066,-0.39181066877837417,-1.4761844559285866,HNRNPD;NOP56;EIF3J;PSMA4;HDGF;TXNL4A;MYC;EIF4A1;SRSF7;PSMA2;PCNA;NME1;FAM120A;RANBP1;TRIM28;SRSF2;KPNA2;EIF3B;CCT2;TYMS;VBP1;TARDBP;CDC20;GNL3;SYNCRIP;PSMA1;SRM;USP1;PSMD8;DEK;BUB3;LSM2;C1QBP;MAD2L1;HDAC2;EIF2S1;SET;DUT;SMARCC1;SERBP1;SNRPG;PCBP1;NCBP2;CCNA2;CYC1;SRSF3;UBE2E1;PSMA7;HNRNPA2B1;YWHAE;MCM7;TOMM70;RAN;TRA2B;HSPD1;ILF2;PSMD14;PSMC6;RPS10;CCT4,age_changes_Proliferating_NK_02202026
Myc Targets V2,0.036233245646999875,-0.47079855574341134,-1.5111616983015685,NOP56;MYC;PPAN;PLK1;DCTPP1;WDR43;GNL3;SRM;NDUFAF4;UTP20;WDR74;PLK4;TBRG4;HSPD1;BYSL;MPHOSPH10;MRTO4;EXOSC5;RABEPK;SUPV3L1;RRP12;NOP16;PHB;MCM5;IPO4;PUS1,age_changes_Proliferating_NK_02202026
Spermatogenesis,0.03737316798196167,-0.45193084733325445,-1.5222184611364133,BUB1;EZH2;CDK1;ARL4A;KIF2C;AURKA;POMC;CCNB2;IL12RB2;NEK2;MLLT10;STRBP;IP6K1;RPL39L;NCAPH;GMCL1;GFI1;CDKN3;CSNK2A2;SLC12A2;AGFG1;NEFH;MLF1;VDAC3;BRAF;TTK;CHFR,age_changes_Proliferating_NK_02202026
Bile Acid Metabolism,0.042295258620689655,0.36835552448358716,1.4635712347719574,LCK;SCP2;ALDH9A1;GNPAT;SOD1;OPTN;SLC29A1;FADS1;PEX16;RETSAT;SLC22A18;PNPLA8;PHYH;CAT;HSD17B11;IDI1;PEX7;PAOX;ACSL1;HACL1;IDH1;FADS2,age_changes_Proliferating_NK_02202026
Allograft Rejection,0.056200265251989394,0.3117275123282192,1.4087823320599615,CCL5;HLA-DQA1;CD2;F2R;CD8A;FAS;HLA-DRA;CDKN2A;TNF;LCK;IRF4;CD74;ITK;CTSS;CD8B;GZMB;CD3D;TAP1;TIMP1;WAS;FLNA;SRGN;HLA-E;MAP4K1;HCLS1;GCNT1;IL12RB1;ABCE1;RPS19;CFP;CCND2;IFNG;HLA-DMA;TPD52;CD40;PTPN6;PRF1;NPM1,age_changes_Proliferating_NK_02202026
Coagulation,0.0604987684729064,0.3520119370861174,1.3887753339693165,ANXA1;PRSS23;CTSH;CAPN2;CPQ;WDR1;CTSB;TIMP1;ISCU,age_changes_Proliferating_NK_02202026
Complement,0.0625,0.30112656681404487,1.3763989751132217,CCL5;LGALS3;ANXA5;SPOCK2;LCK;CTSH;CASP1;FCN1;LIPA;S100A9;S100A12;HSPA5;CTSS;CPQ;GZMB;CTSB;TIMP1;CD46;TNFAIP3;WAS;L3MBTL4;GCA;PIK3CG;GRB2;CSRP1,age_changes_Proliferating_NK_02202026
Glycolysis,0.06546336206896552,0.2959256966288511,1.361178275424838,PFKP;ENO2;PLOD1;PKM;B3GAT1;NDUFV3;SDHC;HSPA5;PGK1;TKTL1;CXCR4;CD44;ECD;ALDH9A1;DDIT4;VCAN;AGL;SRD5A3;GNPDA1;SOD1;ALDOA;AK3;CITED2,age_changes_Proliferating_NK_02202026
Myogenesis,0.10634074410163341,0.2938666715827268,1.2628273138662995,SYNGR2;CDKN1A;HDAC5;PRNP;COL6A2;AGL;CRAT;LSP1;ITGB1;SPTAN1;MYH9;TPM3;DAPK2;RB1;GAA;ABLIM1;SCD;ACSL1;CLU;FLII;MYO1C,age_changes_Proliferating_NK_02202026
KRAS Signaling Dn,0.1064402480270575,-0.4199310604685046,-1.3581808842166456,CHST2;ZBTB16;LFNG;RSAD2;MX1;YPEL1;SKIL;BARD1;IFI44L;RIBC2;GTF3C5,age_changes_Proliferating_NK_02202026
mTORC1 Signaling,0.10686063218390805,0.26588832772305127,1.2703185041739407,TUBA4A;FGL2;PRDX1;CDKN1A;SLC1A5;ELOVL5;TCEA1;QDPR;HSPA5;ACLY;PGK1;CXCR4;DDIT4;CALR;PFKL;FKBP2;CCNG1;ALDOA;PPA1;HSPA4;FADS1;GPI;RPN1;ADD3;M6PR;NAMPT;YKT6;SSR1;GBE1;NFYC;SHMT2;IDI1;CANX;G6PD;ADIPOR2;STARD4;CFP;SLC1A4;HPRT1;SYTL2;ETF1;SCD;PSAT1;UCHL5;LDLR;IFI30;SEC11A;MTHFD2;RDH11;IDH1;FADS2;ATP5MC1;ACTR2;PGM1,age_changes_Proliferating_NK_02202026
Interferon Gamma Response,0.10858265720081135,0.2672995885510476,1.2776448679058596,CCL5;HLA-DQA1;HLA-DRB1;ZBP1;PFKP;FAS;FGL2;CDKN1A;MVP;IRF4;CASP1;CD69;CD74;BPGM;ITGB7;VAMP8;MYD88;TAP1;NLRC5;MT2A;SOD2;TNFAIP3;NOD1,age_changes_Proliferating_NK_02202026
Cholesterol Homeostasis,0.13011853448275862,0.30464588338186577,1.2280205932943529,LGALS3;ANXA5;PNRC1;LSS;ETHE1;IDI1;STARD4;CTNNB1;SCD;FASN;MVD;ALDOC;CLU;ATF3;LDLR;ACAT2;FADS2,age_changes_Proliferating_NK_02202026
Apical Junction,0.21628694581280788,0.2593729693464385,1.1397905212632846,CNN2;VCL;CTNNA1;RSU1;ADAM15;VCAN;ZYX;EXOC4;CRAT;ITGB1;LIMA1;GTF2F1;CD99;MYH9;SHC1;CERCAM;RRAS;CDK8;DHX16;MVD;MAPK13;BMP1;TAOK2;RASA1;TRAF1;MSN;MPP5;TSC1;SORBS3;IKBKG;PIK3CB;NF2;INSIG1,age_changes_Proliferating_NK_02202026
Androgen Response,0.3591300940438872,0.2509769997271829,1.055955130092684,NDRG1;SAT1;ELOVL5;SEC24D;FADS1;APPBP2;UAP1;ADRM1;MAF;UBE2J1;IDI1;CAMKK2;RAB4A;SCD;TPD52;XRCC6;INPP4B;PDLIM5;XRCC5,age_changes_Proliferating_NK_02202026
Notch Signaling,0.4213086331181033,-0.442334540891087,-1.1808498443210937,LFNG;NOTCH1;KAT2A;DTX2;SAP30;RBX1;DLL1;ARRB1,age_changes_Proliferating_NK_02202026
Unfolded Protein Response,0.568684407796102,0.21868404547105363,0.96466031896878,EEF2;SLC30A5;HERPUD1;HSPA5;DDIT4;CALR;SRPRA;POP4;EXOSC1;RPS14;PDIA6;DCTN1;EXOSC10;SSR1;SHC1;SLC1A4;YWHAZ;CNOT2;PSAT1;EIF4EBP1;NPM1;HYOU1;ATF3;NOP14;CEBPB;SEC11A;MTHFD2,age_changes_Proliferating_NK_02202026
DNA Repair,0.6771342227232869,-0.2957626382988182,-1.0898078024815838,PDE6G;PCNA;NME1;ALYREF;NELFB;SAC3D1;POLR3C;RAD51;TYMS;POLR2H;SDCBP;DGCR8;COX17;RFC2;ZWINT;CETN2;TSG101;DUT;PNP;RPA3;TAF10;GTF3C5;UMPS;NCBP2;SRSF6;RFC3;POLR2G;FEN1;POLD3;ADA;TP53;PDE4B,age_changes_Proliferating_NK_02202026
Inflammatory Response,0.7196166854565952,-0.26914502019562836,-0.9608622637789327,CHST2;MYC;NFKB1;TNFSF10;P2RX4;SELL;LY6E;PSEN1;NMI;RASGRP1;SLC7A1;SLC11A2;GPR183;ATP2B1;ATP2C1;LYN;IL18R1;IL2RB;PDE4B;RHOG;RTP4;CCR7;IRF7,age_changes_Proliferating_NK_02202026
Protein Secretion,0.7385506465517241,0.20727475842089968,0.8837341194157977,AP2B1;SEC24D;TMED2;ERGIC3;PPT1;SOD1;RAB14;ATP1A1;M6PR;GALC;YKT6;MON2;GBF1;COG2;SCAMP3;TPD52;CLTA;RAB5A,age_changes_Proliferating_NK_02202026
Hedgehog Signaling,0.7386849398722285,-0.3905528899843832,-1.012539065236341,TLE1;LDB1;DPYSL2,age_changes_Proliferating_NK_02202026
IL-2/STAT5 Signaling,0.7486204236634428,-0.2634377597390552,-0.9642787517338439,MYC;CAPG;TNFSF10;IKZF2;ITGA6;ARL4A;P2RX4;CD81;XBP1;SELL;PLSCR1;GBP4;RORA;FURIN;LTB;CCND3;IRF8;ITGAE;PTRH2;CASP3;DHRS3;PNP;MAPKAPK2;UMPS;PIM1;IFITM3;EOMES;CTSZ;SOCS2;CCNE1;SOCS1;IGF2R;IL18R1;IL2RB;GPR65;FLT3LG;RABGAP1L;GSTO1,age_changes_Proliferating_NK_02202026
PI3K/AKT/mTOR  Signaling,0.7667230364524614,-0.30378095934272503,-1.0503636468578408,E2F1;RPS6KA3;IL2RG;CDK1;AKT1;SLA;FASLG;TNFRSF1A;HRAS;AKT1S1;CSNK2B;MAPK1;NFKBIB;PLCB1;ACACA;MKNK2;PFN1;THEM4;MAPK9;TRIB3;TSC2;MAPK8;ARPC3;GSK3B;GRK2,age_changes_Proliferating_NK_02202026
UV Response Dn,0.7703456241572164,-0.2841078865466785,-0.987065535417317,DYRK1A;MYC;NFKB1;DAB2;RXRA;SMAD3;SMAD7;ID1;DBP;SLC7A1;DLG1;AKT3;TGFBR2;TOGARAM1;SFMBT1;SIPA1L1;ATP2B1;SYNJ2;ATP2C1;MTA1;TENT4A;MGMT,age_changes_Proliferating_NK_02202026
IL-6/JAK/STAT3 Signaling,0.7703975113783457,-0.30272876819154776,-0.9716843063272779,IRF9;CD38;IL2RG;TGFB1;TNFRSF1A;LTB;PIM1;SOCS1;CD9;IL18R1;JUN;BAK1,age_changes_Proliferating_NK_02202026
Apical Surface,0.7716867092571715,-0.3586336241625545,-1.0173678755728934,CD160;IL2RG;BRCA1;LYN;IL2RB;GAS1;SULF2,age_changes_Proliferating_NK_02202026
KRAS Signaling Up,0.7727190368819455,-0.2940968396062915,-1.032399740226095,FCER1G;TRIB2;SATB1;CBR4;YRDC;IL2RG;GYPC;SDCCAG8;ETS1;IRF8,age_changes_Proliferating_NK_02202026
Estrogen Response Late,0.8300920706501316,-0.22737019083540466,-0.8079892040780132,TOP2A;CLIC3;XBP1;NRIP1;BAG1;METTL3;NXT1;CDC20;RBBP8;LLGL2;JAK1;PPIF;STIL;PDCD4;GINS2;FLNB;PLK4;BTG3;FABP5;CD9;ETFB;TST;RABEP1;OPN3;AMFR;CDC6;FAM102A;KIF20A;TSPAN13;IGFBP4;COX6C,age_changes_Proliferating_NK_02202026
UV Response Up,0.8525479143179255,-0.22760217473357292,-0.8146484255195654,CYB5B;BID;AGO2;POLR2H;FURIN;CCND3;PRKACA;CDC5L;RASGRP1;PPIF;GLS;TFRC;CASP3;NUP58;LYN;RXRB;CCNE1;BTG3;FEN1,age_changes_Proliferating_NK_02202026
Estrogen Response Early,0.8802410479411606,-0.24888377404048032,-0.8786707898385485,MYC;CLIC3;XBP1;NRIP1;BAG1;NXT1;RHOBTB3;RBBP8;MYBL1;SLC37A1;SVIL;RASGRP1;PPIF;DHRS3,age_changes_Proliferating_NK_02202026
Oxidative Phosphorylation,0.8821166854565953,-0.21535876245591729,-0.8184863605082418,FXN;NDUFA7;NDUFB8;NDUFC2;ATP5PO;ECI1;CPT1A;ACADM;TIMM8B;MDH1;COX17;DLAT;TIMM9;TIMM10;BDH2;ACAA2;SLC25A20;ATP5MC3;NDUFS6;HSD17B10;TIMM17A;SLC25A11;CYC1;PDP1;COX15;IDH3A;MPC1;MTX2;PMPCA;TOMM70;ETFB;ETFDH;NNT;SLC25A5;CYCS;PDHB;ATP6V1C1;UQCRQ;HSPA9;VDAC3;ECH1;ECHS1;NDUFS2;NDUFB6;SUPV3L1;MRPL11;ATP1B1;VDAC2;NDUFV2;COX6C;RHOT2;NDUFB1;NDUFA8;NDUFS4;NDUFA2;MRPL35,age_changes_Proliferating_NK_02202026
heme Metabolism,0.8874739503262614,-0.23499207577848522,-0.8562767567631359,HDGF;GYPC;DAAM1;MARK3;RBM38;BTRC;CCND3;SDCBP;CDR2;BACH1;TFRC;FOXO3;CDC27;SLC11A2;XPO7;LPIN2;TFDP2;E2F2;SNCA;CPOX;HAGH;PICALM;TRAK2;NNT;GCLM;GCLC;KHNYN;FOXJ2;ADD1;UBAC1;ALAD;MBOAT2;MOSPD1;BMP2K;KLF3,age_changes_Proliferating_NK_02202026
Pancreas Beta Cells,0.8986712252667354,-0.3562211798307835,-0.8303351626389408,AKT3;SRP9,age_changes_Proliferating_NK_02202026
DNA Repair,0.10395725585416009,-0.420163793321095,-1.4005303971639183,ZNRD1;RBX1;TSG101;TAF10;SF3A3;PCNA;DGUOK;SUPT4H1;REV3L;POLR3C;GTF2A2;RPA2;TAF12;AAAS;POLR3GL;POM121;NELFB;APRT;TP53;POLB;ITPA;EIF1B;VPS28;IMPDH2;SAC3D1;POLR2H;PNP;POLR2E;POLD3;TK2;ADRM1;DDB1;DAD1;SDCBP;ERCC3;NT5C;ERCC1;EDF1;SUPT5H;POLR2G;ALYREF;TARBP2;RRM2B;RNMT;GMPR2;PDE6G;ELL;NFX1;POLA2;RAE1;TAF6;POLD1;RALA,age_changes_cDC1_02202026
Reactive Oxygen Species Pathway,0.11241678885882848,-0.45896413351004456,-1.407164109509998,FES;CAT;SOD2;STK25;LAMTOR5;OXSR1;EGLN2;PRNP;PRDX1;HMOX2;NDUFA6;TXNRD1;LSP1;MBP;ATOX1;TXNRD2;SBNO2;TXN,age_changes_cDC1_02202026
Protein Secretion,0.11423762417133063,-0.4262565003154796,-1.376810200560633,CTSC;TSG101;COPB2;MAPK1;GNAS;NAPA;ATP7A;LAMP2;STX12;BET1;SNX2;CLTC;SEC22B;IGF2R;SEC31A;SCAMP3;GOLGA4;STX7;SCAMP1;ADAM10;COPB1;YKT6;RAB9A;CLCN3;PAM;BNIP3;ARFGAP3;PPT1;VAMP4;M6PR;DNM1L;AP2B1;ARCN1;RAB14;VAMP3;YIPF6;KRT18;CLTA;RPS6KA3;RAB22A;TMED10,age_changes_cDC1_02202026
Interferon Alpha Response,0.11552012556535389,-0.4439617135934133,-1.420814379631886,EPSTI1;STAT2;TRIM26;ISG20;NCOA7;UBE2L6;IFI35;SP110;IRF7;LY6E;PSMB9;TRIM25;GMPR;IFITM2;PSME1;PSMA3;TRIM14;TRAFD1;LAP3;BST2;OAS1;PSMB8;NUB1;PARP14;TRIM21;SELL;NMI,age_changes_cDC1_02202026
Interferon Gamma Response,0.1346626463724417,-0.4272758935884619,-1.4268582441558173,EPSTI1;FGL2;STAT2;TNFAIP2;P2RY14;CIITA;IRF5;TRIM26;PTPN6;ISG20;PML;IDO1;SOD2;NLRC5;UBE2L6;RBCK1;STAT1;IFI35;SP110;MT2A;IRF7;TNFSF10;CD40;LY6E;MTHFD2;ST8SIA4;PSMB10;SAMHD1;PSMB9;TRIM25;IFITM2;PSME1;PIM1;PSMA3;TRIM14;RNF213;PNP;TRAFD1;LAP3;IRF8;BST2;VAMP8;PSMB8;NFKB1;HLA-DQA1;NCOA3;PARP14;MYD88;TRIM21;NMI,age_changes_cDC1_02202026
Myc Targets V1,0.14582515850560707,-0.4337325148449169,-1.4762510122907821,VDAC3;PSMC6;MRPS18B;NOP16;DDX18;TRIM28;KPNA2;ERH;POLE3;MCM5;EIF4A1;PCNA;EIF2S1;CCT2;CDK4;SRSF1;HNRNPA2B1;YWHAE;PSMC4;EIF3B;SYNCRIP;G3BP1;PWP1;SNRPD1;PSMD3;CBX3;CCT5;MYC;HNRNPD;SNRPD3;PSMD14;PCBP1;NOP56;SNRPA;RUVBL2;EIF3J;SRPK1;IMPDH2;SNRPB2;CSTF2;SRSF3;CANX;ILF2;TXNL4A;PSMA1;COPS5;NHP2;DDX21;CNBP;TOMM70;SET;RAN;HSPE1;PHB2;KPNB1;TRA2B;SNRPG;GSPT1;VBP1;U2AF1;CLNS1A;PPIA;SF3B3;TCP1;PA2G4;AIMP2;PSMB3;NDUFAB1;CTPS1;EIF4G2;HSP90AB1;POLD2;MCM7,age_changes_cDC1_02202026
E2F Targets,0.172266853913247,-0.4285134722065785,-1.4297171270976023,PHF5A;LUC7L3;KPNA2;MCM5;PCNA;RFC1;EIF2S1;PPP1R8;CDK4;DDX39A;SRSF1;CKS2;TFRC;SMC1A;RPA2;TACC3;SYNCRIP;STMN1;TUBB;EXOSC8;MTHFD2;MYC;CTCF;NUP107;TP53;HNRNPD;LYAR;TBRG4;PRPS1;NOP56;RAD50;RAD51C;STAG1;DCTPP1;RBBP7;SMC4;ASF1A;MCM3;POLD3;RAD1;RAN;TRA2B;PAICS;GSPT1;NBN;PSIP1;NCAPD2;PA2G4;CHEK2;JPT1;SNRPB;CTPS1;POLD2;POLA2;MCM7;POLD1;RPA1;NUP153;DNMT1;NAP1L1;PAN2,age_changes_cDC1_02202026
Notch Signaling,0.18309110810298312,-0.4808454805027686,-1.305158133652281,RBX1;CCND1;LFNG,age_changes_cDC1_02202026
mTORC1 Signaling,0.18762520394043908,-0.3806931411679371,-1.2944112893141422,NFYC;FGL2;TBK1;XBP1;CTSC;PSMC6;CACYBP;PSME3;ATP6V1D;SLC1A5;PSMC2;DDX39A;TFRC;SQSTM1;CYB5B;PSMG1;IDH1;P4HA1;SKAP2;PSMC4;DAPP1;ACTR3;FKBP2;NMT1;STARD4;ATP2A2;SLC6A6;MTHFD2;CALR;HSP90B1;PRDX1;FADS1;PSMD14;MTHFD2L;PSMD12;CCT6A;SLA;TXNRD1;SSR1;PITPNB;ACLY;SDF2L1;CANX;PSMA3;COPS5;PNP;TES;PSMB5;DDIT3;YKT6;HSPE1,age_changes_cDC1_02202026
PI3K/AKT/mTOR  Signaling,0.19010576219225356,-0.40501829684087104,-1.3207741098637713,UBE2N;TBK1;STAT2;MAPK1;GRK2;CDK4;SQSTM1;ATF1;NCK1;DAPP1;ACTR3;TNFRSF1A;CSNK2B;PPP1CA;CALR;HSP90B1;PTEN;CLTC;SLA;MAP2K6;PRKCB;ECSIT;DDIT3;IRAK4;MYD88,age_changes_cDC1_02202026
Myc Targets V2,0.19095020755457345,-0.4200895199599869,-1.3106950788374383,NOP16;DDX18;MCM5;CDK4;RABEPK;CBX3;MYC;TBRG4;NOP56;DCTPP1;FARSA;PUS1;HSPE1;PES1;MRTO4;NDUFAF4;PA2G4;RRP12;AIMP2;NOP2;WDR74;MPHOSPH10;EXOSC5;NIP7;NPM1;PHB;RCL1;PPAN,age_changes_cDC1_02202026
G2-M Checkpoint,0.19380021065240288,-0.4527816134813259,-1.5103806329654081,KIF20B;CCND1;KPNA2;MCM5;TGFB1;MTF2;PML;CDK4;DDX39A;SRSF1;PRPF4B;CKS2;SMC1A;YTHDC1;PURA;RPA2;TACC3;SYNCRIP;MT2A;STMN1;G3BP1;CUL3;SNRPD1;KATNA1;MYC;CHMP1A;CTCF;SRSF10;CBX1;HNRNPD;MARCKS;STAG1;ODF2;PRMT5;CUL5;SMC4;MCM3;UPF1;MAPK14;MNAT1;HSPA8;SFPQ;KPNB1;TRA2B;GSPT1;NUP50;ABL1;CASP8AP2;NCL;JPT1;CHAF1A;E2F4;TLE3;CDC27;NOTCH2;POLA2,age_changes_cDC1_02202026
Complement,0.2099502282067698,-0.3831854918183185,-1.2767635892510736,GNAI2;CTSC;RNF4;ERAP2;GCA;RHOG;USP8;GNB4;MAFF;HSPA1A;LAMP2;VCPIP1;APOBEC3G;IRF7;CTSO;GMFB;PSMB9;CSRP1;SRC;GNAI3;CTSH;PIM1;DPP4;CD46;MSRB1;LAP3;CPQ;DYRK2;ATOX1;KYNU;GNG2;STX4;PRKCD;TIMP2;CD59;PSEN1;CTSB;PIK3CA,age_changes_cDC1_02202026
Mitotic Spindle,0.26030028293509017,-0.3723501037307604,-1.2406869666762408,CNTRL;KIF20B;EZR;GSN;RICTOR;CEP131;RFC1;SMC1A;ARL8A;NEDD9;WASF2;NCK1;YWHAE;STK38L;DLG1;PREX1;FSCN1;CAPZB;KATNA1;ARHGEF2;CLIP1;PCM1;AKAP13;VCL;RHOT2;MARCKS;ARHGAP27;SAC3D1;TBCD;CCDC88A;CEP250;RHOF;SMC4;PPP4R2;BCL2L11;SPTAN1;CYTH2;ROCK1;ABL1;RASA2;KATNB1;SOS1;TRIO;MYO9B;TUBA4A;LATS1;CDC27;NOTCH2;MAPRE1;RAB3GAP1;CSNK1D;CEP192;BCR,age_changes_cDC1_02202026
IL-2/STAT5 Signaling,0.2643377873236819,-0.3699587000225341,-1.2326644767826718,FGL2;XBP1;AHR;HUWE1;SLC1A5;DHRS3;P4HA1;MAFF;PRNP;CAPG;ITGAE;TNFSF10;CD81;BATF3;MYC;BMPR2;IGF2R;TNFRSF1B;IFNGR1;CYFIP1;PIM1;PNP;GSTO1;RNH1;IRF8;PUS1;LTB;SWAP70;SNX14;NCOA3;IL18R1;FAM126B;PLEC;SELL;BATF;IL10RA;HIPK2;DENND5A;NOP2;TWSG1;EEF1AKMT1;CD79B;PRAF2;IFITM3;MYO1C;SERPINB6,age_changes_cDC1_02202026
Unfolded Protein Response,0.27522887059038725,-0.37533118376495855,-1.242091830140008,XBP1;IMP3;EIF4A1;BANF1;EIF2S1;LSM1;PREB;NFYB;ATP6V0D1;FKBP14;DCP2;EIF4A2;CNOT4;MTHFD2;CALR;HSP90B1;PAIP1;HYOU1;LSM4;TTC37;NOP56;POP4;SEC31A;SPCS3;SSR1;NHP2;SRPRA;TSPYL2;EXOSC10;SLC30A5;SRPRB;ALDH18A1;ERO1A;CEBPG;TUBB2A;DCP1A;EXOSC5;DCTN1;EIF4G1;CNOT6;SLC1A4;NPM1;CEBPB;CKS1B;EXOSC2,age_changes_cDC1_02202026
Apical Junction,0.3540709730950475,-0.36881241322054087,-1.1955474794006586,TIAL1;GNAI2;PIK3CB;VASP;NEGR1;SKAP2;DLG1;FSCN1;RAC2;EXOC4;PTEN;VCL;PTPRC;SRC;PTK2;RHOF;ICAM2;YWHAH;MAPK14;SYMPK;NF2;EVL;MAP4K2;GNAI1;FYB1;STX4;CAP1;ACTG1,age_changes_cDC1_02202026
Pancreas Beta Cells,0.4049115512323624,-0.5018847068253538,-1.174219894843202,SRP9;DPP4;LMO2;SRPRB;SRP14,age_changes_cDC1_02202026
Wnt-beta Catenin Signaling,0.4430004815222625,-0.4037961710683267,-1.1573993934321407,NCSTN;NCOR2;MYC;ADAM17;TP53;DVL2;GNAI1;KAT2A;MAML1;NUMB;PSEN2;CSNK1E;CCND2;FRAT1;NOTCH1;RBPJ,age_changes_cDC1_02202026
Glycolysis,0.4644080047913096,-0.34912273418713446,-1.1457821406524493,COPB2;SDHC;AKR1A1;ISG20;SLC16A3;RBCK1;IDH1;P4HA1;POLR3K;PSMC4;STMN1;FUT8;NSDHL;CYB5A;PRPS1;GLCE;GYS1;UGP2;PKM;PMM2;CHPF2;DLD;GALE;PAM;PPIA;B3GALT6;CASP6;NDUFV3;ARPP19;TXN;GMPPA;ME2;LHPP;SLC35A3;B4GALT4;ERO1A;IER3;ADORA2B;KIF2A;CHST12;AGL;TPI1;TSTA3;GCLC;B4GALT7;GALK2;B3GAT3,age_changes_cDC1_02202026
IL-6/JAK/STAT3 Signaling,0.5317291493950381,-0.35512604317570684,-1.1214450449504443,STAT2;TGFB1;LTBR;STAT1;TNFRSF1A;IFNAR1;TYK2;TNFRSF1B;IFNGR1;PIM1;BAK1;CSF2RA;LTB;IL18R1;IFNGR2;MYD88;STAT3;CD38,age_changes_cDC1_02202026
Apical Surface,0.5872193436960277,0.23509340960467534,0.9268952207075639,FLOT2;B4GALT1;PLAUR,age_changes_cDC1_02202026
Allograft Rejection,0.6231180686065964,-0.32537034732638204,-1.0867641086555053,UBE2N;IL16;TGFB1;PTPN6;CXCR3;ICOSLG;NCK1;STAT1;TLR6;NCF4;CAPG;IRF7;CD40;ST8SIA4;IKBKB;PSMB10;TLR3;ITGAL;EIF3A;LY75;IFNGR1;EIF3J;TLR1;TAP2;MRPL3;PTPRC;PRKCB;MAP4K1;IRF8;LTB;CRTAM;HLA-DQA1;IFNGR2,age_changes_cDC1_02202026
Adipogenesis,0.6395234224068821,-0.321866393799948,-1.0896984828158052,POR;ESYT1;SDHC;YWHAG;SLC1A5;CCNG2;CAT;MGST3;ESRRA;PREB;REEP5;STOM;IDH1;ETFB;DECR1;NMT1;DLAT;PPP1R15B;LTC4S;SULT1A1;IFNGR1;DRAM2;ACLY;ENPP2;ATP5PO;IDH3A;COQ5;DLD;STAT5A;UCP2;GHITM;SQOR;MGLL;SUCLG1;HADH;BCL6;PTCD3;UQCRC1;NDUFAB1;IDH3G;JAGN1;GRPEL1;PPM1B;DNAJC15;TST;MYLK;AIFM1,age_changes_cDC1_02202026
Coagulation,0.7429008075008777,-0.34536499211667965,-1.0521953070036025,GSN;ARF4;MAFF;LAMP2;CTSO;CSRP1;THBD;CTSH;DPP4;CPQ,age_changes_cDC1_02202026
UV Response Up,0.7799128477313563,-0.314595331696787,-1.0363890157733795,HLA-F;POLE3;KLHDC3;SOD2;TFRC;SQSTM1;CYB5B;STK25;BSG;CDC5L;SULT1A1;ALAS1;ATP6V1F;BAK1;POLR2H;DDX21;YKT6;BCL2L11;SELENOW;PPT1;RPN1;CDC34;PRKCD;TUBA4A;GRPEL1;TST;TMBIM6;DNAJB1;CEBPG;PRPF3;SLC25A4;STIP1;GLS;NUP58;HSPA13;PPAT;AP2S1;NXF1;RFC4;CHKA;DNAJA1,age_changes_cDC1_02202026
Fatty Acid Metabolism,0.8064777996832272,-0.3097214597159489,-1.0225233270209502,SDHC;UBE2L6;IDH1;PDHB;DECR1;PDHA1;OSTC;NSDHL;ALDH3A2;HSD17B4;LTC4S;ACSL1;HSP90AA1;PCBD1;BLVRA;SUCLA2;ETFDH;SERINC1;HADHB;PSME1;ACAT2;METAP1;HSDL2;YWHAH;HSPH1;GLUL;DLD;BPHL;NBN;MGLL;SUCLG1;ACSS1;HADH;GRHPR;IDH3G;ACSL4;CD1D;DLST;GCDH,age_changes_cDC1_02202026
Oxidative Phosphorylation,0.8311805330867307,-0.2971532714472541,-1.0083327995901057,VDAC3;NDUFA7;POR;NDUFB3;SDHC;ATP6V1D;AFG3L2;MGST3;NDUFA8;IDH1;PDHB;ETFB;DECR1;ATP6V0E1;MRPS12;PDHA1;BAX;TCIRG1;DLAT;ACAT1;CYB5A;TIMM10;ATP5PB;ATP5F1C;RHOT1;ATP6V1G1;RHOT2;NDUFA6;SUCLA2;ETFDH;ALAS1;ATP6V1F;HADHB;SLC25A11;CYCS;ATP5PO;TOMM70;IDH3A;ATP6V1E1;COX15;PHB2;DLD;GLUD1;OGDH;MRPS11;TIMM9;NDUFB2;SUCLG1;TIMM8B;UQCRC1;NDUFAB1;IDH3G;GRPEL1;ATP5PF;UQCRC2;NDUFA9;AIFM1;DLST;NDUFV2;NDUFA1;SLC25A4;COX6A1;NDUFA3;HTRA2;FXN;GPI;NDUFB7;NNT;ECI1;ATP5MC2,age_changes_cDC1_02202026
Apoptosis,0.8362384089547923,-0.30311941129925174,-0.9989858679624712,GSN;CCND1;CASP2;ISG20;SOD2;DAP3;SQSTM1;NEDD9;PLCB2;BAX;PEA15;SLC20A1;TNFSF10;ADD1;IGF2R;IFNGR1;RHOT2;CFLAR;PTK2;HSPB1;DFFA;DDIT3;BCL2L11;SPTAN1;ROCK1;PPT1;CASP6;SATB1;CD38;TIMP2;PSEN1;BIRC3;DNM1L;IER3;IFITM3;RARA;KRT18;XIAP;BCAP31;SC5D;DAP;MADD;CASP8,age_changes_cDC1_02202026
Angiogenesis,0.8626943005181348,0.2764228873198218,0.9337669317401435,S100A4;TIMP1;LRPAP1,age_changes_cDC1_02202026
TGF-beta Signaling,0.9331320953550977,-0.2986230337369372,-0.8836841728118376,TGFB1;NCOR2;ARID4B;CDK9;PPP1CA;SLC20A1;BMPR2,age_changes_cDC1_02202026
UV Response Dn,0.9470982516768435,-0.27785057740287483,-0.8890486302388523,SPOP;YTHDC1;DLG1;MYC;PTEN;TGFBR2;NIPBL;MAPK14;NFKB1;RASA2;WDR37;MIOS;PIK3CD;AGGF1;MGLL;SYNE1;NOTCH2;CELF2;DBP;SRI;ADD3;ADORA2B;PEX14;ATXN1;PHF3;ID1;GCNT1;PRKAR2B;MAP2K5;MTA1,age_changes_cDC1_02202026
Spermatogenesis,0.9515527009630806,-0.30936194509801695,-0.9494807475133035,VDAC3;PSMG1;PHKG2;MLLT10;ACRBP;NF2;BRAF;SPATA6;LPIN1;RAD17;STAM2;RFC4;PGS1;STRBP;IP6K1;AGFG1;ZC3H14,age_changes_cDC1_02202026
Bile Acid Metabolism,0.9567165571506805,-0.3096779648624064,-0.9571746837143301,CAT;IDH1;PRDX5;HSD17B4;FADS1;ACSL1;PEX26;GNPAT;ABCA5;PNPLA8;SLC27A5;EFHC1;ATXN1;GSTK1;LIPE;LCK;PEX6;FADS2;PEX19;ISOC1;PXMP2;ABCD3;PEX16;CROT;GCLM;PAOX;SLC23A2;HACL1;ACSL5;BCAR3;SLC22A18;PIPOX,age_changes_cDC1_02202026
Cholesterol Homeostasis,0.9569465957148987,-0.2270737756343867,-0.7181696271881185,NSDHL;STARD4;STX5;ATXN2;ACAT2;S100A11;GNAI1;ACTG1;FABP5;HMGCR;SC5D;SCD;FBXO6;PLSCR1;CHKA;EBP;FDFT1;PNRC1;FASN;ANXA5,age_changes_cDC1_02202026
Xenobiotic Metabolism,0.965418192224743,-0.27229893863974897,-0.8930493410503608,POR;SLC1A5;CAT;IDH1;MT2A;TNFRSF1A;NMT1;ATP2A2;SLC6A6;PSMB10;CYB5A;SLC46A3;ADH5;ETFDH;ALAS1;GSTO1;IRF8;DDAH2;SSR3;BLVRB;KYNU;BPHL;MCCC2;CASP6;ARPP19;BCAT1;TMBIM6;DHRS7;NFS1;PINK1;FAH;SAR1B;GSTM4;ACOX1;GCLC,age_changes_cDC1_02202026
Pperoxisome,0.9663745798189167,-0.28462618619879476,-0.9040237861145609,DHRS3;CAT;SOD2;IDH1;PRDX5;HSD17B4;PRDX1;FADS1;SIAH1;ACSL1;CNBP;CDK7;YWHAH;ERCC3;ERCC1;GNPAT;ACSL4;CTPS1;ECI2;SLC25A4;PEX14;ACOX1;SLC25A19;CRAT;PEX11B;ATXN1;GSTK1,age_changes_cDC1_02202026
Estrogen Response Late,0.9693521406001528,-0.19872754323576336,-0.6486942367114256,XBP1;CCND1;ST14;PTPN6;ISG20;NCOR2;ETFB;AMFR;ALDH3A2;RAB31;SIAH2;BLVRB;GALE;BATF;ITPK1;CKB;HOMER2;TST;FABP5;METTL3,age_changes_cDC1_02202026
Hypoxia,0.973513558166911,-0.22041544097844917,-0.7263315860331996,WSB1;PLAC8;HEXA;CCNG2;ISG20;NAGK;ATP7A;P4HA1;MAFF;MT2A;SLC6A6;PRDX5;ILVBL;GYS1;PIM1;UGP2;LXN;TES;DDIT3;SIAH2;PAM;HK1;B3GALT6;CASP6,age_changes_cDC1_02202026
Inflammatory Response,0.9907071374616448,-0.2756541593206705,-0.9059151225230255,AHR;SCARF1;RHOG;SLC31A2;ICOSLG;IFNAR1;IRF7;PTPRE;TNFSF10;CD40;ATP2A2;LY6E;MYC;TLR3;TNFRSF1B;TLR1;GNAI3;CALCRL;BST2;ADRM1;NFKB1;IL18R1;IFNGR2;SELL;NMI,age_changes_cDC1_02202026
KRAS Signaling Up,0.9920661946118899,-0.22866476343333944,-0.7322066501380136,WDR33;GUCY1A1;CD37;RBM4;PRELID3B;CLEC4A;ADAM17;TNFRSF1B;ATG10;MAP4K1;CSF2RA;IRF8;PSMB8;IL10RA;SATB1;FBXO4;BIRC3;MMD;TOR1AIP2;ERO1A;CBL;EVI5;FUCA1;GNG11;ETS1;ID2;PECAM1;ADAM8,age_changes_cDC1_02202026
Estrogen Response Early,0.9921510784250853,-0.2566662293753031,-0.8398532329012158,XBP1;CCND1;SYNGR1;DHRS3;NCOR2;AMFR;UGCG;CBFA2T3;MYC;NADSYN1;UNC119;GAB2;RAB31;SIAH2;BLVRB;INPP5F;MED13L;ITPK1;RRP12;AKAP1;ELF1;ADD3;ISG20L2;RARA;KRT18;MICB;KDM4B;SLC1A4;SLC39A6;FDFT1;FASN;SH3BP5,age_changes_cDC1_02202026
p53 Pathway,1.0,-0.22281398040069716,-0.7431932031446868,TGFB1;PCNA;ST14;STOM;EI24;IER5;BAX;BLCAP;KIF13B;PTPRE;CD81;POM121;TRIAP1;TP53;WRAP73;RAD51C;MXD4;BAK1;COQ8A;DGKA;TRAFD1;DDIT3;VAMP8;RNF19B;TSPYL2;PITPNC1,age_changes_cDC1_02202026
Androgen Response,1.0,-0.28662354517541155,-0.9177051932578525,CCND1;NCOA4;TNFAIP8;GUCY1A1;VAPA;XRCC5;FADS1;UBE2I;SPCS3;GNAI3;TMEM50A;CDK6;ZBTB10;ADRM1;SRF;PA2G4;RRP12;HOMER2;HERC3;HMGCR,age_changes_cDC1_02202026
TNF-alpha Signaling via NF-kB,1.0,0.2854359459738096,1.0,PTGER4;SLC2A3;AREG;MAP3K8;NAMPT;PLK2;SOCS3;RIPK2;NR4A2;CD69;MCL1;KLF4;DUSP1;ATF3;REL;PPP1R15A;IL1B;CDKN1A;DUSP4;ZFP36;DUSP2;CD83;BCL3;ATP2B1;B4GALT1;BTG2;IL6ST;NR4A3;BIRC2;MAP2K3;TNFAIP3;RELA;PLAUR;KLF6;FOSL2;CCNL1,age_changes_cDC1_02202026
heme Metabolism,1.0,-0.27638495089575194,-0.9101496377162853,UBAC1;NCOA4;CCDC28A;CAT;MGST3;TFRC;LAMP2;VEZF1;DAAM1;BSG;MARK3;ADD1;NARF;BLVRA;ARL2BP;SLC10A3;FBXO34;KHNYN;EZH1;SLC25A37;BLVRB;FBXO9;CLCN3;CIR1;LMO2;UCP2;SDCBP;RBM5;CTSB;CDC27;GDE1;DCAF11;SIDT2;RBM38;HTRA2;MKRN1;GCLC;NNT;PICALM;EPB41;XPO7;MBOAT2,age_changes_cDC1_02202026
Myogenesis,1.0,-0.2564376121881856,-0.8150899248330478,GSN;TGFB1;PICK1;PRNP;EIF4A2;ACSL1;MEF2C;CHRNB1;LSP1;SPTAN1;CKB;CFD;RYR1;MYLK;GABARAPL2;MYO1C;LPIN1;AGL;SCD;TSC2;GAA;CRAT;PDLIM7;APP;SH2B1,age_changes_cDC1_02202026
KRAS Signaling Dn,1.0,-0.25562532947760597,-0.756906375221627,LFNG;KCNMB1;PTPRJ;MTHFR;SPHK2;COQ8A,age_changes_cDC1_02202026
Epithelial Mesenchymal Transition,1.0,-0.25753845426471383,-0.7958694965156295,ANPEP;TGFB1;GLIPR1;BASP1;CAPG;TPM1;FBLN2;P3H1;SERPINH1;ITGA5;CD59;MYLK;NOTCH2;MCM7;CALU,age_changes_cDC1_02202026
Coagulation,0.0,0.3841018559682447,2.1697132031573685,SERPINA1;C1QA;CD9;TIMP1;THBD;LTA4H;LRP1;CSRP1;DUSP6;CTSO,age_changes_cDC2_02202026
Angiogenesis,0.0,0.6429769620657864,2.220628555640642,VCAN;TIMP1;THBD;S100A4;LRPAP1,age_changes_cDC2_02202026
Reactive Oxygen Species Pathway,0.0,0.4052520840466006,1.8792946458937654,PRDX2;CDKN2D;MGST1;GPX4;GPX3;G6PD;MSRA;PRDX6;PRNP;ATOX1;PFKP;LSP1;HHEX;TXN;ERCC2,age_changes_cDC2_02202026
Hypoxia,0.0,0.2789486223801417,1.9093641442297176,MT2A;DDIT4;PIM1;IRS2;CHST2;ALDOA;GPI;HMOX1;TNFAIP3;MT1E;SLC2A3;MIF;MYH9;CAVIN3;S100A4;TPI1;PFKP;SLC6A6;PFKL;BNIP3L;ADORA2B;SCARB1;PFKFB3;CDKN1A;FBP1;GRHPR;NEDD4L;DTNA;FOS;PLAUR;GAPDH,age_changes_cDC2_02202026
Complement,0.018064516129032256,0.2956649949896556,1.6571179843601622,FCN1;SERPINA1;S100A12;C1QA;S100A9;PIM1;TIMP1;LTA4H;CCL5;LRP1;TNFAIP3;CSRP1;WAS;DUSP6;CTSO;ITGAM;C1QC;PLA2G7;LGALS3;ATOX1;CALM3;CTSL;PLSCR1;L3MBTL4;CTSH;GRB2;CASP4;GNGT2;CD36;SERPING1,age_changes_cDC2_02202026
Wnt-beta Catenin Signaling,0.019135234590616376,-0.5564560475091785,-1.6513847048017631,MYC;TP53;MAML1;TCF7;NCOR2;HDAC2;DVL2;RBPJ;HDAC5;NOTCH4;PPARD;LEF1;AXIN1;CSNK1E;KAT2A;NUMB,age_changes_cDC2_02202026
IL-6/JAK/STAT3 Signaling,0.023655913978494626,0.31870406033349863,1.5997834344438322,CD14;MAP3K8;PIM1;IL1R2;CD9;HMOX1;STAT1;IL1R1;IL12RB1;SOCS3;EBI3;STAT3;ACVR1B;GRB2;IFNGR2;CXCL3;CD36;IL17RA;CD44;IL15RA;TNFRSF1B,age_changes_cDC2_02202026
Inflammatory Response,0.05898617511520737,0.23908110543133818,1.4595460797504554,CD14;FPR1;MARCO;RNF144B;CHST2;HIF1A;TIMP1;CCL5;RIPK2;ADGRE1;IL18;PTGER2;IL1R1;ICOSLG;EBI3;P2RY2;ADORA2B;ACVR1B;CDKN1A;EMP3;SRI;ADRM1;IFNGR2;C5AR1;PLAUR;IL10RA;CYBB;IFITM1;IL15RA;TNFRSF1B;NFKBIA;LDLR;CSF3R;SCN1B;ABCA1,age_changes_cDC2_02202026
Apoptosis,0.06451612903225806,0.2351459888722353,1.4236415748077689,CD14;TIMP1;DPYD;HMOX1;MGMT;HSPB1;GPX4;GPX3;IL18;MCL1;TSPO;LGALS3;BCL2L1;EMP1;HMGB2;BNIP3L;PMAIP1;CDKN1A;IFITM3;SAT1;CASP4;CTNNB1;PSEN2;TXNIP;CD44;CDC25B;EGR3,age_changes_cDC2_02202026
Estrogen Response Late,0.14480286738351253,0.2782326324937582,1.2976204952113253,SERPINA1;S100A9;ALDH3B1;CD9;AREG;FKBP4;RAB31;SCARB1;COX6C;SGK1;DCXR;SLC2A8;OLFM1;BLVRB;TOB1;SLC16A1;FOS;ELOVL5;ITPK1;CD44;SLC22A5;MYOF;EGR3;TST;FKBP5;MEST;RBBP8;HPRT1;ADD3;SLC1A4;ALDH3A2;RNASEH2A;NAB2;CHPT1,age_changes_cDC2_02202026
Fatty Acid Metabolism,0.1870967741935484,0.21318864137784765,1.2271895814707987,SUCLG2;ALDOA;HSD17B11;GSTZ1;G0S2;MIF;BLVRA;UBE2L6;IDH3B;PRDX6;PTS;ACOT8;PSME1;ACSL1;DLD;GRHPR;SDHA;ACOT2;CD36;D2HGDH;ELOVL5;ACO2;SLC22A5;HADHB;ALDH9A1;AUH;MDH2;VNN1;IDH3G;ACADVL;ALDH3A2;ADSL;DECR1;UROD;SMS,age_changes_cDC2_02202026
Glycolysis,0.3645161290322581,0.19510941145361815,1.0801240626795785,DDIT4;IRS2;CHST2;VCAN;ALDOA;G6PD;LHPP;MIF;PKM;FKBP4;TPI1;ECD;PFKP;ADORA2B;PGAM1;QSOX1;PGLS;DLD;AKR1A1;TXN;PYGL,age_changes_cDC2_02202026
Adipogenesis,0.38709677419354843,0.2297307406263991,1.0881082090328653,CDKN2C;ALDOA;SULT1A1;RNF11;UQCRC1;GPX4;GPX3;COX8A;SLC5A6;PIM3;AIFM1;STOM;PEMT;CMPK1;UQCR11;TKT;PFKL;SCARB1;PFKFB3;ATL2;GPAT4;DLD;TOB1;CAVIN2;CD36;ACLY;DNAJB9;ACO2;COX6A1;TST;COX7B;APLP2;MDH2;UQCRQ;SLC19A1;ABCA1;NABP1;BCKDHA;IDH3G;NDUFS3;CS;ATP1B3;DECR1;SQOR;TALDO1,age_changes_cDC2_02202026
Myc Targets V2,0.3904323827046918,-0.43477847479186565,-1.3719438372391894,PPAN;MYC;NOP56;WDR43;MAP3K6;MCM5;IPO4;DCTPP1;LAS1L;MRTO4;GRWD1;NOC4L;NOP16;DDX18;CDK4;SRM;HSPE1;TBRG4,age_changes_cDC2_02202026
Oxidative Phosphorylation,0.4952853598014888,0.23134224585908628,1.0,GPI;UQCRFS1;TCIRG1;UQCRC1;GPX4;OXA1L;COX8A;IDH3B;AIFM1;HADHA;COX5B;ATP5PB;UQCRH;ATP5F1D;NQO2;UQCR11;COX4I1;ATP6V0C;ATP5MG;COX6C;ATP5PD;DLD;SDHA;NDUFS8;COX6B1;NDUFA4;COX5A;NDUFA1;ATP5MC1;VDAC1;ATP6AP1;ISCA1;LDHB;NDUFA2;ACO2;HADHB;COX6A1;ATP5MC2;COX7A2;COX7B;MPC1;NDUFS7;COX10;MDH2;UQCRQ;ATP5F1A;NDUFS6;BCKDHA;IDH3G;ACADVL;BAX;MRPS12;COX7C;NDUFS3;MRPS15;CS;DECR1;SURF1;CYB5R3;GLUD1;GOT2;LDHA;ABCB7;MRPL34;ETFB;NDUFS4;PDK4;ALDH6A1;NDUFB2;HSPA9;MTRF1;NDUFA3;RHOT1;ATP5F1E,age_changes_cDC2_02202026
E2F Targets,0.600429316160687,-0.3595394991901437,-1.2296442583689757,STMN1;SRSF2;MYC;HNRNPD;TP53;NOP56;RANBP1;UBE2S;NME1;NUP107;GSPT1;PCNA;RFC3;CKS2;MSH2;PAN2;RAN;ASF1A;MAD2L1;CTCF;RBBP7;MCM5;BRMS1L;EED;DCTPP1;TFRC;POLD3;NUP153;SMC6;BARD1;RAD1;MCM6;NUDT21;RPA3;MRE11;NAP1L1;BIRC5;MCM2;CDK4;MMS22L;STAG1;POLD2;HELLS;TBRG4;ING3;SNRPB;PRIM2;TRA2B;BRCA1;CSE1L;MYBL2;UNG;DCK;CBX5;RFC2;LYAR;DDX39A;SUV39H1;CCP110;GINS4;ORC6;SMC4;CTPS1;KPNA2;RAD50;IPO7;DONSON;ATAD2,age_changes_cDC2_02202026
PI3K/AKT/mTOR  Signaling,0.610855565777369,-0.39760794137554295,-1.2962682948492972,IL2RG;MAPK9;SLA;HRAS;MAPK1;TIAM1;DDIT3;AKT1;UBE2N;ATF1;PLA2G12A;TNFRSF1A;CAB39;MAP2K6;CAB39L;CSNK2B;PRKCB;RPS6KA3;PLCB1;TBK1;TRAF2;RPTOR;ACACA;PAK4;CDK4;CAMK4;THEM4;NFKBIB,age_changes_cDC2_02202026
Notch Signaling,0.6296964121435142,-0.4193683190877656,-1.1679098099460437,LFNG;ST3GAL6;HES1;RBX1;PPARD;KAT2A;TCF7L2;MAML2;ARRB1;SAP30,age_changes_cDC2_02202026
IL-2/STAT5 Signaling,0.6716957988347133,-0.34385737732003435,-1.1730295701134816,SCN9A;IRF8;LTB;MYC;XBP1;ST3GAL4;GADD45B;IL3RA;CD81;CTSZ;MAPKAPK2;AGER;BATF3;RABGAP1L;CCND3;TIAM1;CD48;CD79B;ODC1;LRRC8C;CA2;PNP;RRAGD;IL18R1;RHOH;SNX9;BHLHE40;ALCAM;DCPS;SOCS1;PLAGL1;BMPR2;IGF1R;SNX14;ADAM19;NDRG1;LCLAT1;IL4R;PDCD2L;CISH;TNFRSF8;CD83;TLR7;CAPN3;UMPS;GUCY1B1,age_changes_cDC2_02202026
Interferon Alpha Response,0.7137442502299908,-0.3724303551250465,-1.2306222283499657,IFI30;IRF9;USP18;IFIT2;IFI27;SAMD9;CMPK2;CNP;TMEM140;HERC6;PARP14;IFI35;IFI44L;IRF7;SP110;ISG15;TENT5A;LPAR6;OAS1;DDX60;MX1;IL4R;TRIM14;IFIT3;EPSTI1;EIF2AK2;CASP8;RSAD2;TRIM25;TRIM5;ISG20;IRF2;DHX58;IFIH1;NMI;HELZ2;OGFR;CCRL2;NCOA7;CD47;SLC25A28;TAP1;HLA-C;OASL;MVB12A;IL7,age_changes_cDC2_02202026
G2-M Checkpoint,0.7205151793928243,-0.3459340933180605,-1.178840907974642,RBM14;PURA;STMN1;SRSF2;MYC;HNRNPD;E2F4;MARCKS;MAPK14;UPF1;UBE2S;GSPT1;ODC1;CKS2;NSD2;ARID4A;CASP8AP2;SLC7A1;CDC27;DR1;MAD2L1;CTCF;MCM5;HIRA;RPS6KA5;E2F3;AMD1;CBX1;BARD1;PRMT5;MCM6;BIRC5;MCM2;CDK4;STAG1;NUSAP1;E2F2;RBL1;PRIM2;LIG3;TGFB1;KPNB1;TRA2B;GINS2;MYBL2;NUP50;KIF5B;FOXN3;TNPO2;SLC7A5;PAFAH1B1;SFPQ;DDX39A;ATF5;SUV39H1;CUL3;ORC6;SMC4;YTHDC1;PRPF4B;KPNA2;SMARCC1,age_changes_cDC2_02202026
TGF-beta Signaling,0.7433971732039808,-0.3718537633177486,-1.1350979642226429,ID3;ARID4B;CDK9;NCOR2;FNTA;SMURF1;PMEPA1;SMURF2;CDH1;BMPR2;XIAP;SLC20A1;SPTBN1;SMAD7;BCAR3;TGFB1;TRIM33,age_changes_cDC2_02202026
Androgen Response,0.7583256669733212,-0.3304697407235522,-1.0774139296499916,SRF;GUCY1A1;STK39;CCND3;AKT1;PDLIM5;SLC38A2;TSC22D1;HMGCR;LMAN1;PMEPA1;TPD52;ELK4;TNFAIP8;RPS6KA3;MYL12A;NDRG1;TMEM50A;SCD;SRP19;APPBP2,age_changes_cDC2_02202026
Protein Secretion,0.7586629868138609,-0.3410437237243686,-1.1199929418271808,BET1;RAB22A;MAPK1;GOSR2;TSG101;RER1;GNAS;ATP6V1H;STX7;ARFGEF2;SNX2;ARFGEF1;LMAN1;TPD52;CLN5;VAMP4;CLCN3;YKT6;YIPF6;RPS6KA3;OCRL;USO1,age_changes_cDC2_02202026
UV Response Dn,0.7998160073597056,-0.37707512661329917,-1.2422291475618294,MYC;FZD2;DBP;MAPK14;TOGARAM1;PDLIM5;NFKB1;MRPS31;SPOP;ATP2B1;SLC7A1;BHLHE40;ABCC1;NR3C1;FYN;BCKDHB;DAB2;CDK13;IGF1R;MTA1;SFMBT1;PRDM2;CITED2;DYRK1A;SMAD7;ACVR2A;PHF3,age_changes_cDC2_02202026
Pancreas Beta Cells,0.8032592981995005,-0.4799934249158412,-1.1815812827099987,ELP4;SRP9;DPP4;LMO2,age_changes_cDC2_02202026
Unfolded Protein Response,0.8068690585709904,-0.32485214992428824,-1.0778520253672037,EIF4A1;XBP1;NFYB;PAIP1;NOP56;CNOT6;EIF4A2;GOSR2;TSPYL2;MTREX;EIF4A3;IFIT1;DNAJA4;ERN1;TTC37;FUS;TATDN2;WIPI1;DDX10;EDEM1;PARN;CNOT2;ZBTB17;SHC1;SLC30A5;PREB;IMP3;LSM1;KHSRP;KIF5B;DCP2;SLC7A5;CNOT4;NFYA;CXXC1;EXOSC9,age_changes_cDC2_02202026
Hedgehog Signaling,0.8202764976958525,0.21153279199612424,0.8048015606042025,TLE3;MYH9;ETS2,age_changes_cDC2_02202026
Pperoxisome,0.84557760546721,-0.33485814557165805,-1.0812617164098595,CTBP1;HRAS;SLC25A19;YWHAH;MLYCD;SLC35B2;CLN8;PEX6;MSH2;ISOC1;HMGCL;FDPS;RETSAT;IDH2;IDH1;PEX2;ABCB4;SIAH1;CLN6;ECI2;ACAA1;RDH11;CDK7;DHCR24,age_changes_cDC2_02202026
KRAS Signaling Dn,0.9041681409666691,-0.3388597992487949,-1.0824137907184754,LFNG;TCL1A;RYR1;NR6A1;MAST3;IFI44L;PTPRJ;RIBC2;BARD1;SNN;MX1;KCNMB1;ASB7;ENTPD7;RSAD2;YPEL1;PDK2;VPS50;GP1BA;SPHK2;SKIL;GPRC5C;GAMT;PDE6B;CPEB3;GTF3C5;C5;MFSD6;STAG3;CAMK1D;MEFV;ZC2HC1C;CLSTN3;PLAG1;PRKN;CACNA1F;CCDC106;TENT5C;MSH5,age_changes_cDC2_02202026
Myc Targets V1,0.949770009199632,-0.2884140471059838,-0.9902538514624202,EIF4A1;SRSF2;MYC;HNRNPD;NOP56;RANBP1;PSMA1;NME1;PSMC6;GSPT1;TRIM28;EIF3J;PCNA;ODC1;PSMA2;TXNL4A;RAN;MAD2L1;MCM5;HDAC2;TARDBP;SSB;IFRD1;SNRPB2;PSMA4;HDGF;MCM6;EIF3B;NAP1L1;NOP16;DDX18;MCM2;CDK4;SRM;RPS10;POLD2;ERH;HSPE1;GLO1;VBP1;SRSF7;KPNB1;SNRPG;PSMD3;TRA2B;COPS5;PSMC4;TOMM70;YWHAE;TYMS;RUVBL2;HSP90AB1;EIF2S2;SRSF3;CTPS1;HNRNPA2B1;KPNA2;SMARCC1,age_changes_cDC2_02202026
Spermatogenesis,0.970131861392211,-0.20239443305345856,-0.645523953708964,POMC;STRBP;RPL39L;CSNK2A2;GMCL1;CCT6B;CAMK4;AGFG1;IFT88;PGS1;CHFR;TSN;PIAS2;ARL4A;RFC4;BRAF,age_changes_cDC2_02202026
DNA Repair,0.9735341112671282,-0.2930544425578757,-0.996339783241548,NELFB;TP53;NME1;TSG101;EIF1B;PCNA;COX17;PNP;ALYREF;SRSF6;CMPK2;RFC3;REV3L;UPF3B;TAF12;POLD3;ERCC4;TAF1C;RBX1;TAF10;GTF2H5;POLR2K;GTF2A2;ZNRD1;BOLA2;POM121;FEN1;NUDT21;RPA3;SNAPC5;GTF2B;NUDT9;SNAPC4;ZWINT,age_changes_cDC2_02202026
Apical Junction,0.9773478775134709,-0.20575309058443375,-0.6916390579257862,TMEM8B;HRAS;MAPK14;YWHAH;ICAM4;LIMA1;PBX2;JUP;ACTG1;RRAS;GNAI2;RASA1;CLDN15;CDH1;MVD;LDLRAP1;INPPL1;SHC1;PIK3CB;TGFBI,age_changes_cDC2_02202026
Myogenesis,0.9798758049678014,-0.23769493030926925,-0.7915947110109935,RYR1;GADD45B;BIN1;TPM2;EIF4A2;GABARAPL2;TNNI2;MYLPF;ABLIM1;BHLHE40;ITGB5;PPFIA4;FDPS;HDAC5;IFRD1;SVIL,age_changes_cDC2_02202026
Allograft Rejection,0.9813518047513394,-0.2987302556372687,-1.0189072479290617,CD79A;IRF8;TAP2;LTB;IFNAR2;IL2RG;IL1B;LY75;CCND3;NME1;AKT1;UBE2N;EIF3J;CXCR3;ETS1;HLA-DOB;SIT1;IKBKB;CCR5;CCR1;GZMB;DEGS1;TPD52;TLR3;HLA-DMB;IRF7;CD3G;SOCS1;CD3D;PRKCB;TLR1;EIF3A,age_changes_cDC2_02202026
UV Response Up,0.98996872125115,-0.2729439384787457,-0.9128056681328852,CDC34;DNAJA1;CYB5B;GLS;CCND3;CA2;CNP;HYAL2;DGAT1;STK25;MARK2;RXRB;STIP1;POLG2;TFRC;AGO2;YKT6;AMD1;E2F5;FOSB;GCH1;PLCL1;FEN1;PPP1R2;AQP3;GGH;PRKCD;KLHDC3;ATP6V1C1;CTSV;ACAA1;CASP3;PPAT,age_changes_cDC2_02202026
Bile Acid Metabolism,0.9929192509718965,-0.25157194612713063,-0.8054787225233686,PAOX;MLYCD;SLC35B2;PEX6;FDXR;ISOC1;PXMP2;RETSAT;IDH2;IDH1;PEX7;PNPLA8;BCAR3;DHCR24;ABCA2;GNPAT;AMACR;PECR;PEX26;SLC23A2;NUDT12;HACL1;LIPE;ACSL5;PEX1;NEDD4;ABCD1;ABCD2;ABCA5;NPC1;AR;ABCD3,age_changes_cDC2_02202026
Epithelial Mesenchymal Transition,0.9939839982158291,-0.2286948312572212,-0.7490505640931608,FBLN2;GEM;GADD45B;TPM1;TPM2;JUN;PMEPA1;ITGB5;PTX3;BASP1;GPX7;TNFRSF12A;CXCL8;DAB2;TGFBI;CD59;SNTB1;PVR;P3H1;TGFB1;TPM4,age_changes_cDC2_02202026
Apical Surface,0.9956148420729838,-0.3320875634985123,-0.925160879447972,TMEM8B;IL2RG;SULF2,age_changes_cDC2_02202026
Cholesterol Homeostasis,0.9996933455995093,-0.30365858589957256,-0.9645389752215865,LGMN;ACTG1;SC5D;ALCAM;HMGCR;PMVK;HSD17B7;FDPS;SREBF2;TNFRSF12A;ATXN2;MVD;ACAT2;FBXO6;SCD;STX5;S100A11;TM7SF2;ALDOC,age_changes_cDC2_02202026
Interferon Gamma Response,1.0,-0.23598391880177136,-0.8077574133212514,IFI30;IRF9;IRF8;IFNAR2;SLAMF7;USP18;LYSMD2;P2RY14;IFIT2;GPR18;IFI27;NFKB1;PNP;CMPK2;PSMA2;IFIT1;ST3GAL5;BANK1;ISOC1;HERC6;PARP14;IFI35;IFI44L;IRF7;TNFAIP2;SOCS1;SP110;ISG15;GCH1;DDX60;RAPGEF6;OAS3;MX1;MX2;IL4R;TRIM14;IFIT3;EPSTI1;EIF2AK2;CASP8;CASP7;HLA-G;RSAD2;TRIM25;HLA-DRB1;ITGB7;CASP3,age_changes_cDC2_02202026
KRAS Signaling Up,1.0,-0.27477489471002053,-0.9299015298602522,GNG11;IRF8;IL2RG;GUCY1A1;IL1B;ST6GAL1;RABGAP1L;CCSER2;CSF2RA;JUP;ETS1;CA2;C3AR1;GADD45G;ADAM8;TSPAN13;CAB39L;LAT2;CLEC4A;FCER1G;WDR33;ZNF639;LY96;CD37;RBM4;TMEM176A;BIRC3;SATB1,age_changes_cDC2_02202026
TNF-alpha Signaling via NF-kB,1.0,-0.24383430961379465,-0.8304435052312529,MYC;GEM;GADD45B;IER3;MARCKS;RCAN1;IL1B;IFIT2;PTPRE;PDLIM5;B4GALT5;NFKBIE;NFKB1;JUN;ATP2B1;TSC22D1;PHLDA2;NFE2L2;HES1;IER5;BHLHE40;DUSP5;PMEPA1;TIPARP;NFKB2;PTX3;TNFAIP2;TANK;FOSB;GCH1;TNFAIP8;SNN;GPR183,age_changes_cDC2_02202026
Mitotic Spindle,1.0,-0.25863149404543834,-0.887513347595689,BIN1;MARCKS;RICTOR;TIAM1;PDLIM5;PLEKHG2;ABR;CYTH2;MYO9B;ARL8A;TRIO;PCNT;MID1IP1;CDC27;KLC1;NCK2;MAP3K11;ARFGEF1;PPP4R2;RASA1;SASS6;RAPGEF6;PKD2;KIFAP3;PREX1;FGD6;BIRC5;RABGAP1;ARHGEF11;SPTBN1;CLIP2;RALBP1;CNTRL;KNTC1;EZR;KATNB1;LLGL1;NUSAP1;SUN2;KIF5B;YWHAE;CEP250;CLASP1;PAFAH1B1;RAB3GAP1;TAOK2;KIF3B;TUBD1;RHOF;CEP131;RANBP9;SMC4;STK38L,age_changes_cDC2_02202026
Estrogen Response Early,1.0,-0.24392492201624127,-0.8188707868855976,MYC;XBP1;CBFA2T3;CLIC3;FCMR;TIAM1;RPS6KA2;FAM102A;KDM4B;ABLIM1;HES1;NCOR2;AKAP1;BHLHE40;SYNGR1;TIPARP;SLC39A6;RARA;ABAT;SVIL;IGF1R;ENDOD1;AQP3,age_changes_cDC2_02202026
p53 Pathway,1.0,-0.29579494869012596,-1.0023098385031464,IFI30;ST14;HRAS;IER3;CD81;TP53;CD82;CCND3;PTPRE;DDIT3;RAD9A;PCNA;TSPYL2;SLC35D1;JUN;TSC22D1;CEBPA;ZMAT3;FDXR;WRAP73;RCHY1;PITPNC1;IER5;MXD4;SOCS1;FBXW7;HDAC3;RETSAT;CYFIP2;TRAF4;ABAT;CTSD;POM121;SP1;TPRKB;NDRG1,age_changes_cDC2_02202026
mTORC1 Signaling,1.0,-0.24806171486526793,-0.8542885478665604,IFI30;SLA;XBP1;CYB5B;GCLC;ATP2A2;ABCF2;EEF1E1;PSMC6;DDIT3;PITPNB;NMT1;PNP;LGMN;CORO1A;ATP6V1D;FDXR;SC5D;BHLHE40;HMGCR;STIP1;TFRC;GGA2;YKT6;UFM1;IFRD1;IDH1;PSMA4;EDEM1;PSPH;PSMB5;TBK1;ACACA;USO1;MCM2;SCD;GOT1;NFKBIB;NUFIP1;HSPE1;TM7SF2;RDH11;MLLT11;DHCR24;PNO1;COPS5;PSMC4;GLRX;SLC37A4;UNG;SLC7A5;SERPINH1;DDX39A;TXNRD1;CTSC;EIF2S2,age_changes_cDC2_02202026
heme Metabolism,1.0,-0.20693139910936892,-0.700702938803048,DAAM1;GCLC;CPOX;CCND3;ICAM4;KDM7A;MARK3;TNRC6B;CA2;CDC27;NR3C1;TFRC;SLC10A3;LMO2;CLCN3;RNF19A;HDGF;ENDOD1;PIGQ;AQP3;DCUN1D1;RBM38;SYNJ1;EZH1;FBXO34;MBOAT2;E2F2;DCAF10;CDR2;PPP2R5B;BMP2K;HTRA2;NFE2L1;ALAD;MGST3,age_changes_cDC2_02202026
Xenobiotic Metabolism,1.0,-0.2751575722840046,-0.9283357231136468,IRF8;CES1;NFS1;GCLC;SERTAD1;ATP2A2;PDLIM5;NMT1;JUP;SLC35D1;CA2;POR;NDRG2;TNFRSF1A;ABHD6;GCNT2;SAR1B;PINK1;CYP2E1;RETSAT;IDH1;GCH1;CYFIP2;PPARD,age_changes_cDC2_02202026
TNF-alpha Signaling via NF-kB,0.0,0.5554540091551824,2.808418158221023,CDKN1A;ID2;MXD1;IER2;NFKBIA;AREG;NAMPT;IRS2;SGK1;FOS;DUSP1;KLF10;PER1;MCL1;BHLHE40;SLC2A3;SOCS3;MAP3K8;TNFAIP3;PPP1R15A;RIPK2;VEGFA;SAT1;PDE4B;CD83;CCNL1;CD44;HBEGF;NR4A2;IFIH1;PLAUR;SERPINB8;NR4A1;RELA;TIPARP;CD69;BCL2A1;PHLDA2;KLF6;BTG1;KLF4;IER3;RNF19B;REL;DUSP2;KYNU;EIF1;BIRC3;KLF9;NFIL3;BTG2;NR4A3;EGR1;ETS2;TGIF1;PTGS2;CEBPD;RELB;SOD2;G0S2;IL18;JUNB;ATP2B1;KDM6B;TANK;NINJ1;FOSL2;GADD45B,age_changes_moDC_02202026
Hypoxia,0.018486186710485776,0.37015486293262034,1.8105826325281769,CDKN1A;MT2A;IRS2;FOS;DUSP1;BHLHE40;SLC2A3;TNFAIP3;PPP1R15A;VEGFA;JMJD6;IDS;ZNF292;PLAUR;DDIT4;UGP2;TIPARP;KLF6;BTG1;SLC6A6;FBP1;IER3;NFIL3;TES;LDHA;ISG20;CXCR4;FOSL2;SAP30;NDRG1;HMOX1;PLIN2;ZFP36;PGM2;MT1E;KLHL24,age_changes_moDC_02202026
Protein Secretion,0.025880661394680086,0.35204292810343996,1.660376553203538,GLA;CD63;ANP32E;SNX2;AP3B1;ARFIP1;VAMP3;TMED2;VAMP4;ATP1A1;NAPG;STX12;RAB2A;VPS4B;SCAMP1;COPE;LMAN1;STX16;RAB9A;ADAM10,age_changes_moDC_02202026
Inflammatory Response,0.029783300811338197,0.35198562715938736,1.71363189725648,CD55;CDKN1A;MXD1;HIF1A;NFKBIA;FPR1;NAMPT;RIPK2;PDE4B;HBEGF;PLAUR;RELA;CD69;KLF6;C5AR1;EREG;TNFSF10;BTG2;OSM;TIMP1;EMP3;CD14;IL18;EIF2AK2;SELENOS;PTGIR;PIK3R5;ATP2B1,age_changes_moDC_02202026
Apoptosis,0.03004005340453939,0.34012501542923684,1.6639495258606725,CDKN1A;PMAIP1;ANXA1;MCL1;SAT1;CD44;IFNGR1;CTNNB1;HMGB2;EBP;RELA;CD69;DPYD;IER3;ANKH;VDAC2;EREG;TNFSF10;CYLD;BIRC3;GSR;BTG2;CASP4;TIMP1;SC5D;SOD2;CD14;ISG20;IL18;LMNA;CD2;GADD45B;LGALS3;DNAJC3;HMOX1;GPX4;EMP1;RARA;BAX;CDKN1B;DAP;CASP1;PSEN1,age_changes_moDC_02202026
Estrogen Response Late,0.03953989935298346,0.3363421839934162,1.5978794737311215,TOB1;ID2;AREG;GLA;SGK1;FOS;NXT1;CD44;FKBP5;KLF4;CD9;ALDH3B1;DUSP2;ARL3;PPIF;RBBP8;JAK2;ISG20;COX6C;DYNLT3;METTL3;SLC1A4;NRIP1;FKBP4;HPRT1;ZFP36;TST;SNX10,age_changes_moDC_02202026
Oxidative Phosphorylation,0.051497234407781804,0.29716638160181447,1.5465804834637507,ACAT1;MRPS11;FH;OXA1L;TIMM17A;ABCB7;ATP6V1D;NQO2;MFN2;ATP5F1C;SUCLG1;VDAC2;ATP5ME;NDUFB4;UQCRB;NDUFS4;SUPV3L1;PDP1;LDHA;NDUFB3;ACADVL;DLD;VDAC1;ISCA1;MRPS15;ACO2;COX6C;COX5B;HADHB;OGDH;UQCRH;NDUFS6;VDAC3;SLC25A3;ATP5MG;MTX2;OAT;HCCS;LDHB;GPX4;NDUFA1;NDUFS2;UQCRFS1;TIMM50;COX7C;SLC25A5;ATP5F1D;HSPA9;UQCR10;ATP5MC1;BAX;PRDX3;NDUFC1;NDUFA4;COX5A;COX7A2L;TOMM70;CS;HSD17B10;MPC1;ATP6V1G1;TIMM10;COX7A2;ATP5F1E;ATP5PF;TOMM22;SLC25A11;ATP6V1F;NDUFS1;SDHA;IDH1;SDHB;PHB2;COX6B1;FDX1;NDUFA5;TIMM8B;ECHS1;SUCLA2,age_changes_moDC_02202026
mTORC1 Signaling,0.05160727123343946,0.291278450239601,1.525217657104014,CDKN1A;NAMPT;GLA;BHLHE40;SLC2A3;PPA1;PPP1R15A;TBK1;FKBP2;MTHFD2L;EBP;DDIT4;ATP6V1D;EIF2S2;SLC6A6;CD9;SERP1;IDI1;NFIL3;GSR;BTG2;HMGCR;SC5D;RAB1A;EEF1E1;TES;LDHA;CALR;PDAP1;CACYBP;CXCR4;RPN1;SLC1A4;SSR1;NUFIP1;CFP;HPRT1;FGL2;TUBA4A;UBE2D3;HSPA9;ACSL3;ATP5MC1;PSMC2;SQLE;HSPE1;TOMM40;INSIG1,age_changes_moDC_02202026
Cholesterol Homeostasis,0.06162062236828592,0.34618667432159317,1.4907780498549958,CXCL16;PLSCR1;CTNNB1;PLAUR;EBP;ATXN2;CD9;IDI1;NFIL3;HMGCR;ALCAM;SC5D;LGALS3;ETHE1;FDPS;SQLE;TP53INP1;GSTM2;STARD4;ANXA5;MVD;ACSS2;LGMN;ATF3;LDLR;CLU;ANTXR2,age_changes_moDC_02202026
TGF-beta Signaling,0.0778660591744704,0.36255070206565976,1.4318465452179208,ID2;KLF10;ID1;PPP1R15A;CTNNB1;TGIF1;ARID4B;HDAC1;JUNB;FKBP1A;THBS1;UBE2D3;SKIL;SKI,age_changes_moDC_02202026
Estrogen Response Early,0.08380404642086885,0.29868292069901325,1.4344167818117803,TOB1;PMAIP1;AREG;GLA;FOS;NXT1;KLF10;BHLHE40;CD44;FKBP5;TIPARP;KLF4;ALDH3B1;ISG20L2;ARL3;PPIF;SH3BP5;RBBP8;JAK2;DYNLT3;SLC1A4;NRIP1;NADSYN1;FKBP4,age_changes_moDC_02202026
Interferon Gamma Response,0.09140392317962412,0.27168945116837867,1.3959811282501098,CDKN1A;HIF1A;MT2A;NFKBIA;FPR1;NAMPT;ARL4A;UPP1;SOCS3;PSMB2;TNFAIP3;RIPK2;PDE4B;PLSCR1;PNPT1;IFIH1;CD69;IFITM2;BTG1;TNFSF10;CASP4;PTGS2;SERPING1;NCOA3;SOD2;VAMP5;JAK2;ISG20;TRIM25;EIF2AK2;STAT3;FCGR1A;APOL6;IL10RA,age_changes_moDC_02202026
Apical Surface,0.10952984129349526,-0.5339546810564912,-1.5169740516644459,IL2RG;TMEM8B;CROCC;SULF2;FLOT2;CRYBG1,age_changes_moDC_02202026
Epithelial Mesenchymal Transition,0.11139112505036301,0.30535200878877294,1.355302654209454,ID2;AREG;TNFAIP3;VEGFA;SAT1;CD44;DAB2;PLAUR;ANPEP;TIMP1;ACTA2;EMP3;QSOX1;ITGB1;GLIPR1;GADD45B;IL32;BASP1;THBS1;CXCL8,age_changes_moDC_02202026
Notch Signaling,0.1216998236594392,-0.48456057662424246,-1.4679911862307853,LFNG;CUL1;ARRB1;PRKCA;KAT2A;TCF7L2;NOTCH2;FZD1;APH1A,age_changes_moDC_02202026
Xenobiotic Metabolism,0.12488446133305946,0.2698961491170768,1.3176841569004214,ID2;MT2A;UPP1;GABARAPL1;SLC6A6;FBP1;CDA;PTGES3;SLC35B1;KYNU;MCCC2;SERTAD1;GSR;ETS2;ARPP19;SPINT2;COMT;ACO2;DDAH2;CSAD;NINJ1;ACP2;DHPS;SAR1B;HMOX1;HPRT1;CNDP2;ALDH2;TMBIM6,age_changes_moDC_02202026
Reactive Oxygen Species Pathway,0.12632227585498612,0.32466001286248186,1.3271375459393007,OXSR1;PDLIM1;PRDX2;NDUFB4;GLRX2;GSR;SOD2;SELENOS;JUNB;CDKN2D;MSRA;PRDX6;GPX4;NDUFS2;ABCC1,age_changes_moDC_02202026
IL-2/STAT5 Signaling,0.13813289514224095,0.25814251911399483,1.2745192797196456,MXD1;ARL4A;BHLHE40;GABARAPL1;SLC2A3;SNX14;MAP3K8;CD83;PLSCR1;CD44;IFNGR1;NFKBIZ;KLF6;CDC42SE2;TNFSF10;NFIL3;ANXA4;CKAP4;ALCAM;NCOA3;GALM;GLIPR2;IL10RA;GADD45B;NDRG1;GPX4;PLIN2;GPR65;FGL2;EMP1,age_changes_moDC_02202026
p53 Pathway,0.1444459883162467,0.2519840992369011,1.2754880454994768,TOB1;CDKN1A;MXD1;RAP2B;FOS;UPP1;PLK3;PPP1R15A;SAT1;HBEGF;XPC;DDIT4;ZMAT3;BTG1;KLF4;GM2A;IER3;RNF19B;RRP8;BTG2,age_changes_moDC_02202026
KRAS Signaling Up,0.14865975146348978,0.265197016895462,1.280400008989375,ID2;F13A1;TNFAIP3;PPP1R15A;ADAM17;HBEGF;PLAUR;KLF4;CCSER2;HDAC9;ANKH;EREG;BIRC3;AVL9;PTGS2;ZNF277;G0S2;MAFB;WDR33;CXCR4;IL10RA;ATG10;FBXO4;STRN;EMP1;LAPTM5,age_changes_moDC_02202026
heme Metabolism,0.15194348199758925,0.2523788757785951,1.2542482317831627,SEC14L1;USP15;BLVRA;CIR1;KLF3;YPEL5;SDCBP;NEK7;FBXO9;ALAD;RIOK3;PRDX2;CAST;RBM5;BTG2;EPB41;EIF2AK1;RNF19A;ADIPOR1;SNCA;ISCA1,age_changes_moDC_02202026
Glycolysis,0.15959741193386054,0.2507297105576425,1.2395062994304353,IRS2;VEGFA;AK3;CD44;ZNF292;ME2;DDIT4;UGP2;NASP;IER3;IL13RA1;PYGL;CHPF2;AGL;NDUFV3;SLC25A13;ARPP19;LDHA;QSOX1;DLD;ISG20;GNPDA1;CXCR4;SAP30;FKBP4;PYGB,age_changes_moDC_02202026
E2F Targets,0.16032089014728163,-0.337288701329849,-1.405980920243059,CDK4;HNRNPD;NME1;POP7;MCM7;CBX5;GSPT1;MLH1;PRKDC;RNASEH2A;PPM1D;PRPS1;STMN1;PAN2;DDX39A;PMS2;SRSF1;NCAPD2;CHEK2;RAD50;NOP56;RAN;ORC2;SLBP;XPO1;RPA1;PA2G4;PAICS;MSH2;SMC4;RFC3;RPA2;CTCF;MRE11;MCM5;RAD1;POLA2;CCNB2;POLD2;TP53;BARD1;CKS2;SSRP1;CSE1L;BRCA2;PRIM2;CTPS1;STAG1;UBE2S;SMC1A,age_changes_moDC_02202026
Fatty Acid Metabolism,0.16285450197332707,0.2464139232479621,1.2286170178868987,BLVRA;GLUL;GABARAPL1;HIBCH;FH;ALAD;ECI2;SUCLG1;CRAT;HSD17B11;IDI1;SUCLG2;LDHA;ACADVL;G0S2;SMS;DLD;ACO2;HADHB;HCCS;PRDX6;PSME1;SERINC1;HSD17B4;XIST;HADH;UBE2L6;ACSL1;HSD17B10;ODC1;NTHL1;ERP29;PCBD1;METAP1;SDHA;CBR1;IDH1;GRHPR;ECHS1;SUCLA2;ACOT8;ALDH3A2;ACOT2;MCEE,age_changes_moDC_02202026
UV Response Dn,0.20334805381534352,0.25576518122565234,1.1802511199002819,DUSP1;BHLHE40;ID1;NEK7;DAB2;PRKCE;ATRX;MRPS31;ANXA4;RUNX1;NIPBL;CELF2;TENT4A;SIPA1L1;PEX14;ATP2B1;SYNJ2;MIOS;MT1E;ABCC1;CDKN1B;INSIG1;PHF3;SCAF8,age_changes_moDC_02202026
Adipogenesis,0.2057288505886637,0.23038068600381695,1.1852696142433676,TOB1;ATP1B3;ARL4A;PIM3;HIBCH;UBC;RNF11;IFNGR1;G3BP2;NABP1;CMPK1;DNAJB9;RIOK3;SULT1A1;SUCLG1;CRAT;APLP2;BCL2L13;DLD;SQOR;ACO2;PEX14;RTN3;TANK;ARAF;TKT;MTCH2;GPX4;PLIN2;ALDH2;BAZ2A;TST;UQCR10;HADH;PRDX3,age_changes_moDC_02202026
Myc Targets V2,0.21210540694930827,-0.4246525372784913,-1.5206555556228154,NDUFAF4;CDK4;PRMT3;BYSL;NOP16;PPAN;AIMP2;GNL3;NOP56;RABEPK;HK2;PA2G4;GRWD1;RCL1;MCM5;MYBBP1A;EXOSC5;IPO4;SRM,age_changes_moDC_02202026
Allograft Rejection,0.2666633551068392,-0.3144451062349436,-1.2971682068980785,IL2RG;IKBKB;TGFB1;IFNAR2;NME1;CD74;PRKCB;ITGAL;TAP1;TAP2;IRF7;STAB1;CCR2;CXCR3;PTPN6;AKT1;CCR5;CD4;CD7;TLR6;CCL4;IL15;MAP4K1;ITGB2;LTB;IL27RA;TLR1;TRAF2;CSK;IRF8;FLNA;TLR2;CD79A,age_changes_moDC_02202026
Complement,0.271772619903461,0.22066453399569222,1.127646038452266,CD55;USP15;APOBEC3G;TNFAIP3;PLSCR1;PLAUR;CDA;GNG2;S100A12;KYNU;PLA2G7;CASP4;TIMP1;GRB2;SERPING1;PDP1;USP16;JAK2;WAS;PIK3R5;CPQ;LGALS3;AKAP10;VCPIP1;ADAM9;CALM1;CTSS;CASP1;C1QA;PSEN1;CD46;LAP3;GNAI3;PIM1;SERPINA1;SH2B3;ANXA5,age_changes_moDC_02202026
G2-M Checkpoint,0.28949656011722924,-0.3147343594472119,-1.3106182842256238,ATF5;CDK4;HNRNPD;TGFB1;E2F4;UPF1;CUL1;GSPT1;MARCKS;RAD23B;MTF2;STMN1;PML;RBM14;DDX39A;SRSF1;SFPQ;MAPK14;KPNB1;CDC27;CHAF1A;XPO1;SLC38A1;SMC4;ORC5;RPA2;CTCF;MCM5;RBL1;NSD2;POLA2;CCNB2;PURA;TFDP1;NOTCH2;BARD1;CKS2;BRCA2;PRIM2;ABL1;STAG1;UBE2S;SMC1A;MCM6;NUP50,age_changes_moDC_02202026
Androgen Response,0.3074869056177467,0.24445183972268203,1.1017250540617536,SGK1;SAT1;VAPA;FKBP5;DBI;DNAJB9;ANKH;CAMKK2;IDI1;GSR;HMGCR;TMEM50A;UAP1;SMS;IQGAP2;LMAN1;NDRG1;ZBTB10,age_changes_moDC_02202026
PI3K/AKT/mTOR  Signaling,0.3226287161910439,-0.3192503501787768,-1.2340496497739493,IL2RG;CDK4;PRKCB;SLA;PIKFYVE;HRAS;GRK2;AKT1;PLA2G12A;PFN1;MAP2K3;MKNK2;SLC2A1;PPP1CA;HSP90B1;CSNK2B;MAPK8,age_changes_moDC_02202026
Interferon Alpha Response,0.3286959668749401,-0.3246756265102769,-1.2501167901778436,IFI30;CD74;TAP1;IRF9;IRF7;SLC25A28;MOV10;CASP8;IFIT2;TRIM21;NCOA7;TRIM14;TXNIP;IFIT3;ADAR;IL15;LGALS3BP;DDX60;UBA7,age_changes_moDC_02202026
Angiogenesis,0.379796335942993,0.3418835491368767,1.05984665125791,VEGFA;LRPAP1;TIMP1,age_changes_moDC_02202026
DNA Repair,0.3820478586833727,0.20892056482730723,1.0523549039283633,MPC2;SDCBP;PDE4B;AK3;POLR2J;POLR1D;UPF3B;NCBP2;GMPR2;XPC;VPS28;CDA;TMED2;MPG;SF3A3;EIF1B;GTF2H3;POLR2G;ERCC8;DCTN4;POLD3;VPS37B;REV3L;NELFE;POLR2E;APRT;POLR3GL;POLE4;GPX4;HPRT1;RFC2,age_changes_moDC_02202026
Mitotic Spindle,0.4047278035803481,-0.2855844370013303,-1.1828387610200028,MAP3K11;MYO1E;LRPPRC;DOCK2;DLG1;RANBP9;BIN1;ARL8A;MAP1S;SPTBN1;MARK4;ARHGAP4;HDAC6;ARHGEF2;MARCKS;ARFIP2;CDK5RAP2;GEMIN4;CDC27;NCK2;TUBGCP6;SASS6;SMC4;RHOF;CCDC88A;CLASP1;TRIO;FGD4;FLNA;ACTN4;CCNB2;ALS2;NOTCH2;PREX1;OPHN1;BRCA2;PCNT;ABL1;FGD6;SMC1A;CDC42EP2;ABR;KATNB1,age_changes_moDC_02202026
Bile Acid Metabolism,0.4613665151628046,-0.30928066249777597,-1.1443695099812174,PAOX;PEX7;FADS2;HACL1;PEX13;RXRA;ABCD3;PXMP2;ABCA5;MLYCD;NPC1;SLC27A5;SOD1;ALDH1A1;CAT;CYP27A1;ACSL5;GCLM;GNPAT;DHCR24,age_changes_moDC_02202026
Myc Targets V1,0.5472766559868862,-0.25209702258235966,-1.079593343384539,EIF4A1;CDK4;HNRNPD;NME1;MCM7;CUL1;GSPT1;NOP16;RAD23B;RNPS1;TARDBP;HDGF;AIMP2;SRSF1;GNL3;RPLP0;NOP56;RAN;ORC2;KPNB1;XPO1;SNRPA;PA2G4;SRPK1;PPIA;GOT2;PSMD3;TXNL4A;UBA2;CSTF2;CAD;MCM5;XPOT;POLD2;SET;TFDP1;SRM;CCT5,age_changes_moDC_02202026
Apical Junction,0.5547163761901859,-0.2754611887944219,-1.093899296117058,TMEM8B;TGFBI;DLG1;PTK2;INPPL1;ACTN1;CTNND1;HRAS;PFN1;ACTB;LDLRAP1;MAPK14;GNAI2;ICAM2;PBX2;RHOF;SORBS3,age_changes_moDC_02202026
IL-6/JAK/STAT3 Signaling,0.7147292267626073,-0.2655305563763559,-0.9839684799517423,IL2RG;IL3RA;TGFB1;IL6ST;IRF9;TNFRSF21;IL18R1;IL10RB;CSF2RB;LTB;TYK2;TLR2,age_changes_moDC_02202026
Pperoxisome,0.7216398334794877,-0.2629635448935266,-1.0008537232877324,CTBP1;HMGCL;HRAS;PEX11B;PEX13;DLG4;MSH2;DHRS3;ABCD3;MLYCD;CLN6;SLC25A19;SOD1;ALDH1A1;CAT;ACSL5;CTPS1;GNPAT;DHCR24;SLC25A17;SIAH1;EHHADH;MVP;ATXN1;ACOX1;FADS1;ABCC5;ELOVL5,age_changes_moDC_02202026
Pancreas Beta Cells,0.8363899118238236,0.29717548444026914,0.8573316026313118,FOXO1;SRP14;MAFB;ELP4;SRPRB,age_changes_moDC_02202026
UV Response Up,0.8628269130467179,-0.22464012385155113,-0.9086319074423628,DNAJB1;MARK2;PRKCD;GLS;IL6ST;TAP1;DGAT1;PRKACA;GRPEL1;AGO2;UROD;NAT1;DLG4;GCH1;RHOB;CDC34;MGAT1;KLHDC3;CASP3;EIF5,age_changes_moDC_02202026
Coagulation,0.9042826332545959,0.18213630494044947,0.773356883138515,ANXA1;CD9;TIMP1;SERPING1;CPQ;THBS1;ADAM9;CRIP2;ARF4;CAPN2;C1QA;SERPINA1;SH2B2;LGMN;CFD;CLU;SPARC;CTSH,age_changes_moDC_02202026
Myogenesis,0.9125164233124271,0.1771946630529122,0.7923603665383533,CDKN1A;MEF2A;BHLHE40;PDLIM7;HBEGF,age_changes_moDC_02202026
Unfolded Protein Response,0.9348222934207585,-0.21662478489918968,-0.8534183741241493,EIF4A1;SRPRA;PREB;NOP14;HSP90B1;NOP56;GEMIN4;EIF4G1;EEF2;NFYB;TTC37;ERO1A;KHSRP;IMP3;ARFGAP1;XPOT;ERN1;EXOSC5;EXOSC10;LSM4,age_changes_moDC_02202026
Spermatogenesis,0.9825149641109704,-0.18243051782981745,-0.6318865577517855,MAST2;TOPBP1;LPIN1;STRBP;SIRT1;CCNB2;RPL39L;CCT6B;RFC4;TSN;PARP2;BRAF;NEFH,age_changes_moDC_02202026
Wnt-beta Catenin Signaling,1.0,-0.2237304592651171,-0.7135404023645697,MAML1;CUL1;KAT2A;DVL2;TP53;FZD1;NOTCH4;MYC;NOTCH1;PPARD;FRAT1;PSEN2;LEF1;CSNK1E;GNAI1;HDAC11;NCOR2;TCF7;WNT6,age_changes_moDC_02202026
Hedgehog Signaling,1.0,-0.26246395209254025,-0.7161012526435867,PML;RTN1;OPHN1;CDK6,age_changes_moDC_02202026
KRAS Signaling Dn,1.0,-0.1845253339230279,-0.6672309986308,LFNG;PTPRJ;VPS50;TCL1A;BARD1;CCDC106;RYR1;CPEB3;GAMT;MAST3;SPHK2;YPEL1,age_changes_moDC_02202026
Interferon Alpha Response,0.0,-0.6005731607911818,-2.378242863230823,IRF9;IRF7;SAMD9L;IRF1;UBE2L6;SAMD9;IFI44L;ISG15;NCOA7;OAS1;BST2;DHX58;MX1;PARP14;EPSTI1;PSMA3;SELL;IFIH1;IFI44;STAT2;LY6E;PLSCR1;TRAFD1;IFI35;SP110;USP18;PSME2;CNP;LAP3;TRIM5;TRIM25;ADAR;PNPT1;EIF2AK2,age_changes_pDC_02202026
Interferon Gamma Response,0.014485269436339692,-0.4118858676557586,-1.7722716999279249,IRF9;IRF7;SAMD9L;IRF1;UBE2L6;IFI44L;XAF1;NOD1;ISG15;VAMP8;BST2;VAMP5;DHX58;MX1;IRF8;NAMPT;MX2;IFNAR2;PARP14;EPSTI1;PSMA3;IFIH1;IFI44;PSMA2;STAT1;LYSMD2;SECTM1;STAT2;LY6E;P2RY14;PLSCR1;TRAFD1;CMKLR1;IFI35;SP110;USP18;PSME2;CASP4;LAP3;ITGB7;RIPK1;OAS2;TRIM25;ADAR;PNPT1;MTHFD2;EIF2AK2;BANK1;SRI;CD38;IFIT2;BTG1;SLAMF7;IL4R;HLA-DRB1;PTPN2;SLC25A28,age_changes_pDC_02202026
Coagulation,0.06711915535444947,0.36063962128452975,1.5859302972144211,CD9;DUSP6;ANXA1;THBD;S100A13;PECAM1;CTSH;APOA1;LTA4H;PLAU;ANG,age_changes_pDC_02202026
Estrogen Response Late,0.07088989441930618,0.333631262302822,1.6370793180800787,CD9;ALDH3B1;S100A9;RBBP8;SGK1;MDK;NXT1;TST;TOB1;XBP1;BTG3;SCARB1;SLC22A5;AREG;SLC7A5;ELOVL5;DHCR7;PPIF;COX6C;LSR;BATF;SERPINA1;JAK1;FKBP5;ABHD2;ZFP36;SLC16A1;HPRT1;CD44;BCL2;PLK4;CCND1;FLNB;ALDH3A2;RPS6KA2;ITPK1;TSPAN13;DNAJC12;FABP5;DLG5;GINS2;KCNK5,age_changes_pDC_02202026
PI3K/AKT/mTOR  Signaling,0.07988200056804977,-0.3901940152812192,-1.545538243845311,IL2RG;NOD1;ATF1;CSNK2B;MKNK2;AKT1;STAT2;RIT1;EIF4E;PIKFYVE;IRAK4;RIPK1;ITPR2;ECSIT;PTEN;MAPK1;DDIT3;CDK4;PIN1;HRAS;RPS6KA1;CAB39;GRK2;MYD88;CALR;TBK1;RPS6KA3;LCK;CLTC;HSP90B1;CDK2;RAF1;GRB2;PLCB1;MAPKAP1;TNFRSF1A;SLC2A1;MAPK9;PTPN11;GSK3B;MAP3K7;TSC2;MAP2K6,age_changes_pDC_02202026
Oxidative Phosphorylation,0.08236721836350021,-0.3379699170295659,-1.4999204281429197,SLC25A4;ATP5PO;COX17;HCCS;NDUFB3;POR;UQCR10;CYCS;ATP6V1D;NDUFA7;NNT;NDUFB8;ATP6V0E1;ECHS1;MTX2;ATP6V1C1;SDHD;ATP5F1B;TIMM8B;MRPL34;COX15;ACADM;NDUFS1;MGST3;NDUFS6;PDHB;SDHA;POLR2F;ATP6V1F;MRPS30;BDH2;NDUFS4;MDH1;NDUFC2;IDH1;ATP5MC3;SLC25A11;NDUFB1;HTRA2;TIMM13;MRPS11;NDUFB4;ISCU;SURF1;NDUFB6;OAT;FH;NDUFA9;SUCLG1;NDUFB5;MRPS12;PMPCA;MRPL35,age_changes_pDC_02202026
Myc Targets V1,0.08321929303622608,-0.3601115367254029,-1.5707487155303566,HSPE1;EIF4A1;EIF3B;PSMA7;TRIM28;SSB;PSMA1;RANBP1;PSMB3;TXNL4A;RFC4;PSMA2;PSMC6;RAN;PRPF31;PTGES3;XPO1;SRSF2;RRM1;COPS5;CUL1;EIF2S2;PSMD7;EIF4E;PSMA4;CCT2;NCBP2;SNRPG;EIF3J;MCM6;SERBP1;ORC2;EIF2S1;RPS10;ILF2;NOP16;SNRPB2;RRP9;IFRD1;SRPK1;ABCE1;CDK4;HSPD1;PCBP1;MCM7;MRPS18B;AIMP2;CCT7;PSMD8;PSMD14;PPIA;NAP1L1;HNRNPD;PSMB2;CBX3;POLE3;TOMM70;HNRNPA2B1;G3BP1;YWHAE;CCT5;CDK2;HSP90AB1;EXOSC7;MCM5;DDX18;HDGF;IMPDH2;PCNA;CCT4;CTPS1;PA2G4;SSBP1;DDX21;SRSF1;BUB3;GNL3;TARDBP;SRM;PHB2;PPM1G;APEX1;NME1;FAM120A,age_changes_pDC_02202026
TGF-beta Signaling,0.09105026502842092,-0.4198844930422956,-1.4742333966822432,PMEPA1;XIAP;FURIN;CDK9;SMAD3;ARID4B;TGFB1;ID3;BMPR2;FNTA;TRIM33;SMURF2;ID1;SLC20A1;IFNGR2;SKIL;JUNB;RAB31;MAP3K7;CDH1,age_changes_pDC_02202026
UV Response Up,0.09594360814893232,-0.3628341837791304,-1.504023197266712,SLC25A4;IRF1;MARK2;TGFBRAP1;FURIN;CYB5R1;POLG2;RFC4;E2F5;DNAJB1;HYAL2;TFRC;CTSV;ATP6V1C1;CYB5B;AGO2;DNAJA1;CDC5L;CNP;ATP6V1F;CCND3;PRKCD;TMBIM6;BTG1;CDC34;FEN1;PRKACA;FOSB;PRPF3;DGAT1;POLR2H;SIGMAR1;AP2S1;POLE3;HSPA13;KLHDC3;CASP3;UROD;CDK2;NUP58;PARP2;STIP1;RXRB;JUNB;PPP1R2;FKBP4;ALAS1;DDX21;BSG;BAK1;NR4A1;GLS,age_changes_pDC_02202026
Androgen Response,0.10158623598165029,-0.3658038663467129,-1.4332398265607842,PMEPA1;UAP1;NGLY1;TNFAIP8;AKT1;ELK4;SLC26A2;ITGAV;ACSL3;HMGCR;SLC38A2;CCND3;PGM3;IQGAP2;GNAI3;VAPA;UBE2I;XRCC5;CAMKK2;HERC3;APPBP2,age_changes_pDC_02202026
DNA Repair,0.10746791809754964,-0.34261935458622056,-1.4409642189629612,RPA2;COX17;SAC3D1;ALYREF;RBX1;REV3L;RAE1;TAF10;RFC4;ADA;RPA3;PRIM1;SMAD5;ARL6IP1;TSG101;SNAPC5;USP11;POLR2G;NELFB;POLR2F;NCBP2;DGUOK;NUDT9;UPF3B;GTF2F1;POM121;NME3;ITPA;BCAP31;SUPT4H1;POLR2D;FEN1;GMPR2;TAF12;GTF2H5;SURF1;GTF2A2;POLR2H;CMPK2;EIF1B;BRF2;NELFCD;CSTF3;TP53;POLE4;NT5C;ELL;POLR2K;BOLA2;NFX1;IMPDH2;PCNA;SDCBP,age_changes_pDC_02202026
Wnt-beta Catenin Signaling,0.12823723824524258,-0.4342118991352787,-1.3728359244559771,CCND2;CSNK1E;CUL1;NOTCH1;RBPJ;NUMB;NCSTN;ADAM17;HDAC5;TP53;MAML1,age_changes_pDC_02202026
Myc Targets V2,0.12889565958325802,-0.3758601410715756,-1.3840967458733486,HSPE1;PPAN;NDUFAF4;GRWD1;IPO4;DCTPP1;PUS1;RABEPK;NOP16;RRP9;CDK4;HSPD1;TBRG4;AIMP2;PES1;CBX3;MCM5;DDX18;PA2G4;NIP7;EXOSC5;GNL3;SRM;BYSL,age_changes_pDC_02202026
Unfolded Protein Response,0.12994138759069432,-0.34069243900411783,-1.3935965284292893,GOSR2;NFYB;SEC11A;EIF4A1;EIF4A2;KIF5B;CKS1B;NABP1;POP4;EIF4E;PREB;ATF4;BANF1;IMP3;PAIP1;ZBTB17;MTHFD2;EIF2S1;LSM1;ATF6;EXOC2;RRP9;KHSRP;GEMIN4;PARN;EIF4G1,age_changes_pDC_02202026
Angiogenesis,0.13092006033182504,0.4588965076165924,1.3855696560027113,THBD;S100A4;JAG1;APP;TIMP1,age_changes_pDC_02202026
Hypoxia,0.13373554550025138,0.29365483975586776,1.445515544934186,ANXA2;DDIT4;ALDOC;PLAUR;S100A4;PIM1;PLIN2;IDS;TNFAIP3;FOSL2;CITED2;SLC2A3;ALDOA;SCARB1;SLC6A6;NEDD4L;ATF3;CDKN1A;PPP1R15A;JMJD6;TGFBI;HMOX1;ENO2;MIF;MT2A;GCNT2,age_changes_pDC_02202026
Reactive Oxygen Species Pathway,0.1372549019607843,0.3525962686989885,1.4074177101882621,MGST1;PRDX2;PDLIM1;PRDX4;LSP1;MSRA,age_changes_pDC_02202026
TNF-alpha Signaling via NF-kB,0.13800904977375567,0.2639049248139287,1.3473736895720185,MAP3K8;CCL5;NINJ1;PLAUR;PER1;ICAM1;DUSP4;CEBPD;SGK1;JAG1;PTGER4;MAP2K3;B4GALT1;PLK2;CEBPB;TNFAIP3;CCL4;ICOSLG;TNFAIP2;BIRC3;FOSL2;SLC2A3;BTG3;PLAU;PDE4B;ATF3;CDKN1A;PPP1R15A;DNAJB4;AREG;EDN1;RIPK2;MSC;ABCA1;MXD1;EHD1;ZFP36;SIK1;IL18;EGR1;CD44;CCND1;SOD2;CD69;ZBTB10;DDX58;SERPINE1;TNF;CXCL3;TGIF1;TLR2,age_changes_pDC_02202026
IL-6/JAK/STAT3 Signaling,0.23718107140090666,-0.34150511575650677,-1.27450050338124,LTB;IRF9;IL2RG;IRF1;IL3RA;STAT1;STAT2;TGFB1;CSF2RA;IL13RA1;CD38;LTBR;IL4R;IFNGR1;PTPN2;CD36;MYD88;PF4;IL18R1;JUN;CBL;IFNAR1;HAX1;IFNGR2;IL12RB1;GRB2;TNFRSF1A;PTPN11;BAK1;TYK2,age_changes_pDC_02202026
Protein Secretion,0.24028505770869377,-0.3288475685450374,-1.2831113362706679,GOSR2;GNAS;BET1;STX16;RAB2A;SEC22B;TSG101;VPS45;RAB22A;VPS4B;NAPA;CD63;RAB9A;MAPK1;SNX2;SNAP23;ARFGEF2;COPB1;TMX1;GOLGA4;AP2S1;GBF1;RPS6KA3;STAM;CLTC;SCAMP1;CLN5;DNM1L;SOD1;STX12;ATP7A;AP3B1;ARFGEF1;SEC24D;GLA;BNIP3;CLCN3;SGMS1;CLTA,age_changes_pDC_02202026
Cholesterol Homeostasis,0.28223981900452494,0.28232513407126636,1.1984570339801215,CD9;ETHE1;ALDOC;PLAUR;JAG1;CXCL16;FDPS;ATF3;DHCR7;FADS2;TRIB3;GUSB,age_changes_pDC_02202026
Pancreas Beta Cells,0.2958403263704201,-0.458523627069217,-1.2319166880962782,SEC11A;ELP4;SRP9,age_changes_pDC_02202026
Allograft Rejection,0.30110188747450234,-0.28686610884858693,-1.2199722459783013,LTB;TAP2;IL2RG;IRF7;CCR5;HDAC9;IGSF6;CCND2;IRF8;IFNAR2;AKT1;IL27RA;IKBKB;SIT1;FYB1;STAT1;UBE2D1;CD3D;LY75;TGFB1;CCND3;HLA-DMB;EIF3J;CD3E;ITGAL;IL4R;BCL10;IFNGR1;ABCE1;CCR2;BCAT1;CTSS;CD247;BRCA1;SPI1;DYRK3,age_changes_pDC_02202026
Epithelial Mesenchymal Transition,0.31157078215901746,0.2646548232783327,1.2028936633746934,LGALS1;NTM;PLAUR;BASP1;TNFAIP3;CXCL8;TGFBR3;PMP22;TPM1;ITGA5;TGFBI;FLNA;AREG;TIMP1;LOXL2;ENO2;TPM4,age_changes_pDC_02202026
Adipogenesis,0.33707071612243755,-0.2776776671199995,-1.1933794491197558,ENPP2;ATP5PO;CCNG2;ABCB8;VEGFB;NMT1;ESRRA;POR;RREB1;UQCR10;TANK;ARAF;ECHS1;LPCAT3;NABP1;ACADM;MGST3;PREB;HIBCH;ELMOD3;MCCC1;JAGN1;PTCD3;IDH1;UCP2;IFNGR1;UBC;DGAT1;QDPR;ACOX1;CD36;DDT;SUCLG1;ACLY;CHCHD10;DLD;MTCH2;UCK1;HADH;SQOR;REEP5;PPP1R15B;DNAJC15;MIGA2;PDCD4;SOD1;ECH1;PFKFB3;SCP2;GPD2;IDH3A;COX7B;SLC1A5;SDHC;CAT,age_changes_pDC_02202026
p53 Pathway,0.4107591754650578,0.21364304158639777,1.0818398224586223,DDIT4;S100A10;RAP2B;NINJ1;ZFP36L1;S100A4;CDK5R1;RGS16;CCNK;PLK2;ACVR1B;ANKRA2;ABCC5;TOB1;FDXR;APP;IFI30;ATF3;CDKN1A;PPP1R15A;VWA5A;RPL18;HMOX1;WRAP73;TRIB3;RAD51C;COQ8A;RPL36;CCNG1;MXD1;CYFIP2;HINT1,age_changes_pDC_02202026
Inflammatory Response,0.43219525572466744,0.22221047675153602,1.0884626179203527,CCL5;PLAUR;IL10RA;ICAM1;BEST1;PTGER4;RGS16;TAPBP;ACVR1B;CD14;CXCL8;ICOSLG;CSF3R;NLRP3;PDE4B;ITGA5;DCBLD2;CDKN1A;LCP2;EDN1;TIMP1;RASGRP1;SLC31A2;RIPK2,age_changes_pDC_02202026
Apoptosis,0.43785822021116133,0.22220114364190954,1.100675420025557,HMGB2;ANXA1;TSPO;NEDD9;CD14;MADD;TGFBR3;BIRC3;FDXR;BTG3;APP;ATF3;CDKN1A;PAK1;CDC25B;CD2;HMOX1;TIMP1;WEE1;PRF1;ENO2;BCL2L11;DAP;HSPB1;IL18;ANKH;CD44;GSR;BMF;BID;CCND1;SOD2;ETF1;CD69;FAS;CYLD;TNF;SMAD7,age_changes_pDC_02202026
Estrogen Response Early,0.485838779956427,0.22752663586808122,1.10104273546398,ALDH3B1;RBBP8;B4GALT1;NADSYN1;NXT1;ZNF185;TOB1;XBP1;SCARB1;SLC22A5;ADCY9;SLC37A1;AREG;SLC7A5;ELOVL5;AKAP1;RETREG1;DHCR7;MINDY1;RASGRP1;PPIF;FKBP5;ABHD2;SLC16A1;CD44;MYBBP1A;BCL2;AQP3;CANT1;CCND1;LRIG1;FLNB;SH3BP5;BCL11B;RPS6KA2;ITPK1,age_changes_pDC_02202026
G2-M Checkpoint,0.5010672450446264,-0.25653585880538765,-1.1133453258730392,RPA2;CKS2;SLC12A2;MNAT1;TNPO2;KIF5B;CKS1B;STAG1;UPF1;UBE2S;DR1;KMT5A;XPO1;SRSF2;CUL1;SMAD3;NSD2;NUP50;CTCF;MCM3;TGFB1;PDS5B;RBM14;DDX39A;MCM6;E2F4;YTHDC1;FOXN3;HSPA8;PURA;TOP1;UCK2;CDK4;SS18;STMN1;PAFAH1B1;CHMP1A;BARD1,age_changes_pDC_02202026
mTORC1 Signaling,0.5698137258765701,-0.24639254143447642,-1.0779712334103946,HSPE1;SEC11A;NMT1;NAMPT;ATP6V1D;PSMA3;TUBG1;PSMC6;TFRC;EGLN3;ENO1;DHFR;CYB5B;COPS5;RIT1;PSMB5;EIF2S2;ACSL3;SKAP2;NFYC;HMGCR;PSMA4;TOMM40;ARPC5L;DDX39A;HMBS;PSMD13;MTHFD2;IDH1;RPA1;RRP9;IFRD1;DDIT3;HSPD1;GGA2;QDPR;BCAT1;TXNRD1;LGMN;PSMD14;PPIA;ACLY;SRD5A1,age_changes_pDC_02202026
Notch Signaling,0.57034780138914,-0.3432913483255361,-1.0464332798652147,RBX1;CUL1;NOTCH3;NOTCH1;MAML2;PRKCA,age_changes_pDC_02202026
Apical Surface,0.5846936404244881,-0.33532707414433316,-1.0619823473368744,TMEM8B;IL2RG;FLOT2,age_changes_pDC_02202026
KRAS Signaling Up,0.5863490997886412,-0.2541351591518991,-1.050494069971452,GNG11;IL2RG;HDAC9;LY96;CCND2;IRF8;FCER1G;IL7R;TOR1AIP2;CMKLR1;SDCCAG8;PLVAP;CSF2RA;MAP3K1,age_changes_pDC_02202026
IL-2/STAT5 Signaling,0.6210313480059665,-0.23346962780330874,-0.9870015114103668,LTB;GADD45B;IL3RA;CTSZ;CCND2;FURIN;IRF8;CD81;PLAGL1;CD83;SELL;FAM126B;ITGAV;MAPKAPK2;PUS1;PLSCR1;GSTO1;CD48;DCPS;CCND3;AGER;BMPR2;ST3GAL4;UCK2;IL4R;IFNGR1;POU2F1;PHTF2;TRAF1;PLPP1;PRNP;NCOA3;CD79B;TLR7;TNFSF10;IL18R1,age_changes_pDC_02202026
heme Metabolism,0.6303989258695035,-0.23352638824016894,-0.9939444244872546,BLVRB;DAAM1;SLC25A38;NNT;KHNYN;FBXO9;BMP2K;MARK3;TFRC;NARF;SLC10A3;EPB41;FECH;HAGH;TNRC6B;MGST3;ADD1;CCND3;CCDC28A;SLC30A1;HMBS;SLC11A2;MPP1;UCP2;TOP1;HTRA2;DCUN1D1;ACP5,age_changes_pDC_02202026
E2F Targets,0.6459466953760074,-0.23302443741676515,-1.0082195845368644,RPA2;CKS2;RANBP1;CKS1B;STAG1;LYAR;UBE2S;RPA3;TUBG1;RAN;TFRC;XPO1;SRSF2;NUP153;DCTPP1;CTCF;MCM3;PAICS;DNMT1;PDS5B;DDX39A;MSH2;MCM6;SMC3;MTHFD2;ORC2;EIF2S1;EXOSC8;LUC7L3;RPA1;RBBP7;SMC6;CDK4;TBRG4;STMN1;DCK;MCM7;TUBB;MRE11;BARD1;BRCA1;POLE;NAP1L1;SMC4;ASF1A;PSMC3IP;HNRNPD,age_changes_pDC_02202026
Complement,0.6546418704330088,-0.23580071354510915,-0.9946433736433796,IRF7;IRF1;USP8;PPP2CB;MSRB1;CD59;FCER1G;CTSV;CD55;GNAI2;PLSCR1;PLEK;CTSD;MMP15;CASP4;LAP3;CASP10;PIK3CG;PRDM4;PRKCD;HSPA1A;GNAI3;KYNU;RHOG;PHEX;APOBEC3G;DUSP5;CD36;LGMN;STX4;CTSS;PSEN1;TIMP2;PREP;IRF2;ERAP2;CASP3;LCK;LIPA;FYN;RAF1;GRB2;PDGFB;GNB4;CALM1;CASP9;RCE1;AKAP10;RABIF;GPD2;CALM3,age_changes_pDC_02202026
Apical Junction,0.7176677826836623,-0.22709359971879936,-0.9361998499694536,TMEM8B;ACTG1;PBX2;MVD;TUBG1;ICAM2;FYB1;GNAI2;SYMPK;ITGB1;SKAP2;GTF2F1;MAP4K2;EVL;AMIGO2;RAC2;PTEN;DLG1;CAP1;HRAS;TRAF1;STX4;RHOF;VCL;MAPK14;VASP;TAOK2,age_changes_pDC_02202026
Pperoxisome,0.7485787214294002,0.20493113570519314,0.9522424430973944,PABPC1;TSPO;FIS1;ITGB1BP1;NUDT19;ABCC5;LONP2;FDPS;PEX5;ELOVL5;GNPAT;SEMA3C,age_changes_pDC_02202026
Xenobiotic Metabolism,0.7501908868585003,-0.21987538470927254,-0.9103684078517758,BLVRB;ABHD6;NMT1;IRF8;POR;MAN1A1;CNDP2;PTGES3;GSTM4;ETS2;GSTO1;GSS;GART;SERTAD1;TMBIM6;KYNU;IDH1;DDAH2;ALDH9A1;BCAT1;ACOX1;CD36;DDT,age_changes_pDC_02202026
Glycolysis,0.8247789013133703,-0.20212753950693177,-0.8639244128531385,PPP2CB;CHST12;POLR3K;GMPPB;EGLN3;GALK2;ENO1;BIK;SLC16A3;B3GAT3;GALK1;MDH1;IL13RA1;IDH1;B3GALT6;ALDH9A1;GFPT1;GYS1;STMN1;SRD5A3;PPIA;HS2ST1;AGL;DLD;UGP2;FAM162A;HAX1;FKBP4;PAXIP1;B4GALT7;SOD1;QSOX1;GCLC;GMPPA;SDHC;TXN;PMM2;ANKZF1;ISG20;AKR1A1;NASP;ARPP19;RBCK1;PGM2;SLC35A3;MXI1,age_changes_pDC_02202026
Fatty Acid Metabolism,0.8460461107519931,0.18504471625538832,0.9002128039382912,LGALS1;SUCLG2;S100A10;MGLL;UROS;ACOT2;GLUL;PCBD1;DLST;ALDOA;TP53INP2;BLVRA;SLC22A5;IDH3B;ELOVL5;ADIPOR2;ENO2;MIF,age_changes_pDC_02202026
Bile Acid Metabolism,0.8673642533936652,0.19105652745386786,0.8410146556041533,ABCA6;APOA1;AMACR;LONP2;FDXR;CROT;GNPAT;FADS2;GNMT;NEDD4;ABCA1;EFHC1;OPTN,age_changes_pDC_02202026
Myogenesis,0.8989441930618401,0.1783129157451473,0.8536127676224557,TNNI2;DAPK2;DMD;LSP1;APP;FDPS;CDKN1A;ADCY9;SORBS3;MYL4;IGFBP7;AKT2;FOXO4;SYNGR2;MYOM1;MYH9;PDLIM7;FKBP1B;PFKM;MAPK12;PC;NQO1;ACSL1;AGRN,age_changes_pDC_02202026
Hedgehog Signaling,0.9167775707568095,0.2469397651052303,0.7629627795092438,CDK5R1;OPHN1,age_changes_pDC_02202026
UV Response Dn,0.9909628443801803,-0.18780142542837117,-0.7524146957631572,DBP;SMAD3;SPOP;DYRK1A;MRPS31;ATP2C1;WDR37;RASA2;PRKCA;YTHDC1;SRI;PTEN;DLG1;CDK13;MTA1;ID1;NFKB1;MAPK14;ZMIZ1;FYN;NEK7;PTPRM;SCAF8;PHF3;LAMC1;SLC7A1,age_changes_pDC_02202026
Spermatogenesis,0.9933899661752176,-0.15532837698410246,-0.5783199471143236,SLC12A2;RFC4;POMC;CSNK2A2;SIRT1;TLE4;MLLT10;STRBP,age_changes_pDC_02202026
KRAS Signaling Dn,1.0,-0.17542023263654188,-0.6696425041853707,ARPP21;IFI44L;MX1;YPEL1;ASB7;PLAG1;PDK2,age_changes_pDC_02202026
Mitotic Spindle,1.0,-0.15315991263156295,-0.6641755248176332,CYTH2;SAC3D1;KIF5B;RALBP1;EPB41;ARL8A;SUN2;CLASP1;CNTRL;RASA2;SMC3;PCNT;ARHGAP5;DLG1;RANBP9;PPP4R2;PAFAH1B1;GEMIN4;TUBGCP5;RHOF;MARK4;MID1IP1;SMC4;VCL;SOS1;PCM1;CSNK1D;TAOK2;NCK2;CENPE;CEP250;YWHAE;KIF20B;ATG4B;TUBD1;RAB3GAP1;STK38L;HDAC6;KPTN;ARFIP2;ACTN4;EZR;KLC1;BCR;MYO1E;ARFGEF1;CLIP1;RICTOR,age_changes_pDC_02202026
