Term,fdr,es,nes,lead_genes,subset
Interferon Alpha Response,0,-0.500333136,-2.193538578,LGALS3BP;SAMD9L;LY6E;ISG15;IRF9;USP18;IFI30;SELL;IRF7;IL4R;OAS1;CMPK2;UBE2L6;SAMD9;EPSTI1;IFI44L;PSMB8;PARP14;CD47;IFI44;RSAD2;SP110;IFI35;DDX60;IFIT3;CNP;LAP3;PLSCR1;NMI;MX1;PSME2;SLC25A28;STAT2;HERC6;HELZ2;MOV10;ISG20;MVB12A;PSMB9;RTP4;GBP4,age_changes_B_memory_02032026
Bile Acid Metabolism,0.006206843,0.43671362147227216,1.856450278597543,ATXN1;NR3C2;GSTK1;ABCA6;PHYH;ABCA5;EPHX2;ABCD2;SLC29A1;PEX11A;HSD17B11;ALDH9A1;DHCR24;OPTN;IDI1;RXRA;FDXR;ACSL1;PFKM;HSD17B6;SLC35B2;RETSAT;SOD1;HSD3B7;SLC27A2;SLC22A18;ABCG8;CROT;AQP9;PEX12;TFCP2L1;LONP2;ACSL5,age_changes_B_memory_02032026
Epithelial Mesenchymal Transition,0.006206843,0.4196905552716187,1.8372610904262614,LGALS1;ENO2;IL15;TIMP1;MYL9;NT5E;FAS;VCAN;ACTA2;VIM;MFAP5;EMP3;CD59;CADM1;FLNA;TGFBI;PLAUR;CALD1;PFN2;TGFBR3;PLOD1;LRP1;SAT1;DST;FBLN5;TGM2;ITGB1;CXCL8;DAB2,age_changes_B_memory_02032026
Apoptosis,0.012413686088913028,0.3772775851349195,1.7353583234086196,ENO2;LGALS3;TXNIP;TIMP1;TGFB2;FAS;CFLAR;PDCD4;HMGB2;SQSTM1;GPX4;BMF;CD14;PEA15;CASP1;PAK1;CDK2;ANKH;HSPB1;IL18;BCL2L2;CYLD;RELA;CTH;PPT1;TGFBR3;PRF1;TSPO;SAT1;PSEN2;ETF1;FDXR;PMAIP1;F2R;CDKN1B,age_changes_B_memory_02032026
Cholesterol Homeostasis,0.039999655,0.3803957257678248,1.5120797582403984,ATF5;LGALS3;SREBF2;LGMN;ANXA5;TP53INP1;ETHE1;S100A11;DHCR7;PLAUR;IDI1;ACSS2;ALCAM;CYP51A1;CXCL16;ACAT2;ATF3;PNRC1;CTNNB1;MVK;ERRFI1;LSS;CLU;GLDC,age_changes_B_memory_02032026
Complement,0.040499651,0.3266875696521119,1.5225891961164362,CCL5;LGALS3;TIMP1;CTSH;F8;KCNIP2;LGMN;FCN1;KYNU;ANXA5;S100A9;CASP1;SERPINA1;PRDM4;HSPA5;DGKG;CD59;CDA;GZMB;S100A12;CSRP1;ATOX1;L3MBTL4;PDP1;PLAUR;S100A13;ANG;PIK3R5;LCP2;RBSN;RHOG;LRP1;HSPA1A;RNF4,age_changes_B_memory_02032026
p53 Pathway,0.043802578,0.31871555784123734,1.5289290246939486,TXNIP;PVT1;PERP;CDKN2A;S100A4;FAS;AEN;STEAP3;S100A10;CCNG1;DDB2;DDIT4;ISCU;CASP1;TP63;DRAM1;CCND3;CGRRF1;TSPYL2;EPS8L2;CD82;STOM;ZBTB16;SAT1;FAM162A;RXRA;FDXR;F2R;TNFSF9;CCNK;ITGB4;PRKAB1;ELP1;PPM1D;GLS2;RETSAT;NINJ1;ATF3;ZFP36L1;EPHX1;CTSF;TCN2;FUCA1;PIDD1;SPHK1;UPP1,age_changes_B_memory_02032026
IL-2/STAT5 Signaling,0.044482375,0.32790243394728463,1.5449839152969604,RORA;HIPK2;CD86;SERPINB6;COCH;CDC42SE2;PLIN2;CST7;RNH1;IL2RB;NT5E;PRNP;CYFIP1;TNFRSF1B;FGL2;IL10RA;GPX4;BCL2;GLIPR2;CCND3;RRAGD;TWSG1;P2RX4;ETFBKMT;FLT3LG;SYNGR2;BATF3;AHNAK;TRAF1;EOMES;HOPX;TNFRSF8;P4HA1;PTGER2;ALCAM;ODC1;IL10;MAP3K8;TGM2;IRF8;S100A1;SLC1A5,age_changes_B_memory_02032026
Androgen Response,0.045253528,0.340629105,1.4745919547957749,CDC14B;SGK1;MAP7;ARID5B;PDLIM5;UBE2J1;ANKH;LMAN1;CCND3;UBE2I;NKX3-1;PIAS1;XRCC6;DHCR24;IDI1;MAF;SAT1;UAP1;HSD17B14;SMS;ELL2;ADRM1;MAK;STEAP4;INSIG1;KRT8;FKBP5;APPBP2;ITGAV;ABHD2;PTK2B;HPGD;PLPP1;ACSL3,age_changes_B_memory_02032026
Angiogenesis,0.046923733,0.521110899,1.4812699553675637,TIMP1;S100A4;VCAN;FGFR1;LRPAP1;ITGAV,age_changes_B_memory_02032026
Inflammatory Response,0.049654744355652106,0.33339164386926906,1.55225997,CD70;IL15;CCL5;TIMP1;RIPK2;IL2RB;TNFRSF1B;IL10RA;TAPBP;NOD2;CD14;SLC31A2;ICAM1;CSF3R;EMP3;IL18;P2RX4;PLAUR;LTA;PIK3R5;LCP2;CD82;RELA;KCNA3;RHOG;MEFV;PTGER2;C5AR1;FPR1;IL10;ABI1;BEST1;CXCL8;TNFSF9;HIF1A;ADGRE1;ADRM1;SLC7A1;MARCO;GPR132;IL18R1;SPHK1;KIF1B;CSF1;IL15RA;MSR1;IFITM1;MXD1;AQP9;GNA15;IRAK2,age_changes_B_memory_02032026
Fatty Acid Metabolism,0.049654744355652106,0.34778252010561456,1.5837195508368094,LGALS1;ENO2;BLVRA;PCBD1;S100A10;PTPRG;YWHAH;SUCLG2;HSD17B11;G0S2;ALDH9A1;DHCR24;ECI2;IDI1;ALAD;MGLL;HSDL2;ODC1;CRAT;SERINC1;IL4I1;ACSL1;PRDX6;CRYZ;SMS;DLST;ACOT2;ALDOA;ACO2;SLC22A5;REEP6;RETSAT;ACAT2;DLD;EPHX1;CD36;HSPH1,age_changes_B_memory_02032026
Protein Secretion,0.049861639123800656,0.33609357637981274,1.4552546092775205,ATP1A1;SSPN;CD63;SCRN1;VAMP3;TMED2;YKT6;ARF1;LMAN1;ARFIP1;AP3S1;PPT1;M6PR;RAB14;DST;RAB5A;TMED10;PAM;SCAMP3;SOD1;AP2B1;KIF1B;ANP32E;CTSC;OCRL,age_changes_B_memory_02032026
Spermatogenesis,0.055097668,0.3452704793560107,1.4368557254040468,PEBP1;NPHP1;DBF4;SPATA6;MAP7;JAM3;NCAPH;TSN;TKTL1;CAMK4;GSTM3;ZC2HC1C;CCT6B;CLPB;ACE;IL12RB2;COIL;DPEP3;NEK2;PCSK1N;AURKA;PRKAR2A;CLVS1;MTOR,age_changes_B_memory_02032026
Interferon Gamma Response,0.055734456,-0.326726093,-1.58619364,CD38;LGALS3BP;GPR18;SAMD9L;LY6E;ISG15;CASP4;IRF9;TNFSF10;IFIT1;USP18;PIM1;IFI30;IRF7;IL4R;KLRK1;IFNAR2;CMPK2;UBE2L6;EPSTI1;IFI44L;BPGM;PSMB8;PARP14;XAF1;IFI44;RSAD2;VAMP8;PTPN2;SP110;IFI35;DDX60;PSMA2;IFIT3;LAP3;PLSCR1;PFKP;NMI;RNF213;MX1;AUTS2;NFKB1;MX2;PSME2;SLC25A28;STAT2;CASP3;ST8SIA4;PSMB2;HERC6;HELZ2;ST3GAL5;ISG20;OAS2;VAMP5;PNP;PSMB9;RBCK1;LYSMD2;TNFAIP3;RTP4;GBP4,age_changes_B_memory_02032026
Adipogenesis,0.067654589,0.2973581048526159,1.4044761075931387,RAB34;PLIN2;DHRS7;PDCD4;CD151;PHYH;GPX4;SSPN;EPHX2;MGST3;COX8A;SLC5A6;SLC25A1;DHCR7;RMDN3;PGM1;NDUFA5;STOM;MGLL;RNF11;QDPR;BCL2L13;CMPK1;CRAT;GPAT4;PEMT;CD302;SULT1A1;SLC1A5;G3BP2;POR;SLC27A1;NABP1;ALDOA;ACO2;REEP6;RETSAT;DLD;TANK;CD36;SOD1;GRPEL1;GPHN;PEX14;YWHAG;UBC;FAH;UBQLN1;SLC25A10;PHLDB1;CS,age_changes_B_memory_02032026
Pperoxisome,0.068352859,0.32221414427510126,1.3874176717287383,ATXN1;GSTK1;MVP;EPHX2;ABCD2;YWHAH;CNBP;CADM1;PEX11A;HSD17B11;ALDH9A1;DHCR24;ECI2;IDI1;PABPC1;TSPO;CRAT;ACSL1;SLC35B2;RETSAT;SIAH1;SOD1;HSD3B7;PEX14;SLC27A2,age_changes_B_memory_02032026
Myogenesis,0.069433884,0.3030519971170617,1.3943830716510783,PRNP;CHRNA1;SSPN;DAPK2;WWTR1;RYR1;APOD;TPM3;FXYD1;SMTN;SYNGR2;MAPK12;PDE4DIP;PSEN2;DMPK;CRAT;ACSL1;PFKM;ITGB1;IGFBP7;CNN3;LSP1;ITGB4;NAV2;CD36;TNNC1;MYH9;SPHK1;PKIA;ENO3;CDH13;GNAO1;CFD;NCAM1;MYL2;PVALB;SH2B1;AGL,age_changes_B_memory_02032026
DNA Repair,0.083415903,-0.316451874,-1.462153359,NT5C3A;GTF2H5;POLR2G;NME1;TP53;RPA3;PDE6G;NELFB;MRPL40;CMPK2;APRT;RBX1;ALYREF;AGO4;POLR2H;RFC2;TAF10;TAF12;SUPT4H1;NME4;PCNA;GSDME;DAD1;UMPS;TSG101;ADA;POLR1D;UPF3B;IMPDH2;CSTF3;ITPA;CETN2;ZNRD1;PNP;RNMT;RAE1;BOLA2;RRM2B;REV3L;SRSF6,age_changes_B_memory_02032026
Allograft Rejection,0.091058039,0.2852600301611814,1.345531096022752,IL15;CCL5;SRGN;CD86;CDKN2A;TIMP1;RIPK2;TGFB2;IL2RB;FAS;DEGS1;TAPBP;TRAF2;CD247;ICAM1;STAT4;IL12RB1;IL18;IL12A;GZMB;UBE2N;BCAT1;CCND3;CD80;FLNA;APBB1;LCP2;PRF1;IL10;F2R;ABI1;KLRD1;IRF8;CXCR3;CD4;NPM1;HIF1A;MAP4K1,age_changes_B_memory_02032026
G2-M Checkpoint,0.10007431260837256,-0.308703878,-1.475256309,CDKN2C;STMN1;HIRA;LBR;MTF2;SMAD3;CKS2;FOXN3;CTCF;EZH2;MYBL2;MAPK14;NASP;ORC6;KNL1;HNRNPD;CENPF;UBE2S;KIF15;MYC;TNPO2;CKS1B;TOP1;E2F4;HMGA1;SLC12A2;SAP30;SMARCC1;UPF1;ABL1;SMC4;RPS6KA5;SLC38A1;SRSF2;DMD;KMT5A;CUL3;RBM14;NOTCH2;TACC3;NUSAP1;GSPT1,age_changes_B_memory_02032026
Coagulation,0.10126954440955364,0.3109772212321015,1.320412331535647,CAPN2;TIMP1;CTSH;F8;LGMN;ISCU;SERPINA1;CRIP2;RAPGEF3;CSRP1;S100A13;ANG;LRP1;PRSS23;USP11;S100A1;CPQ;C8G;FBN1;ARF4;CFD;MAFF;CLU;WDR1;C1QA;PLEK;C1R;APOA1,age_changes_B_memory_02032026
Glycolysis,0.10496461237403126,0.2865069627892344,1.322707679969481,ENO2;NT5E;VCAN;DDIT4;GNPDA1;PRPS1;HSPA5;TXN;IL13RA1;BPNT1;GCLC;RRAGD;ECD;PYGL;GFPT1;TKTL1;TGFBI;TPI1;PKM;ALDH9A1;ANG;CTH;PLOD1;P4HA1;FAM162A;PYGB;AK3;PAM;SLC37A4;SLC16A3;ALDOA;PGK1;QSOX1;GNE;LHPP;DLD;SOD1;GOT2;GMPPB;GALK2;SLC25A10;HAX1;MIF;AURKA;SRD5A3,age_changes_B_memory_02032026
KRAS Signaling Up,0.11042853604161505,-0.307104521,-1.399770325,TSPAN13;LAT2;GYPC;SATB1;CLEC4A;IL2RG;IL7R;JUP;TRIB2;HDAC9;DUSP6;ENG;ADAM17;GLRX;ETS1;CBX8;BPGM;GNG11;PSMB8;MMP11;STRN;IKZF1;EVI5;ID2;ATG10;BIRC3;TOR1AIP2;CCND2;YRDC;RGS16;MAP3K1;LY96,age_changes_B_memory_02032026
Estrogen Response Early,0.11625417022267048,0.2856079225421537,1.2967392446654666,MAST4;DYNLT3;RAB31;KLF10;SYBU;GAB2;CHPT1;RHOBTB3;BCL2;SYNGR1;DHCR7;FAM102A;ALDH3B1;PEX11A;MREG;TJP3;INPP5F;PMAIP1;PRSS23;ISG20L2;RPS6KA2;TGM2;NAV2;WWC1;AQP3;NADSYN1;SLC22A5;ZNF185;SLC9A3R1;KRT8;PPIF;CELSR2;SLC27A2;FKBP5;AREG;ELF1;MUC1;XBP1;KAZN;ABHD2;SNX24;MINDY1;ITPK1;SLC1A1;RET;FHL2;ELF3;ABCA3;RHOD;NBL1;PDZK1;WFS1;SLC7A5;CANT1;RAPGEFL1;MAPT;SEC14L2;TGIF2;ASB13,age_changes_B_memory_02032026
Myc Targets V2,0.12354471141937083,-0.341470341,-1.327988836,PPAN;NOP56;BYSL;MYC;IPO4;MRTO4;CBX3;GNL3;SRM;RRP9;HK2;EXOSC5;SORD;DCTPP1;NOP16;DDX18;PHB;DUSP2,age_changes_B_memory_02032026
Notch Signaling,0.12468004293617373,-0.396753256,-1.31208142,LFNG;DTX4;DTX1;RBX1;HES1;SAP30,age_changes_B_memory_02032026
Oxidative Phosphorylation,0.12707456031706713,-0.27996013,-1.341068552,TIMM8B;NDUFC2;SLC25A5;IDH2;NDUFB3;TIMM13;CYB5A;PDHB;ATP5PF;ATP5F1C;ATP6V1D;NDUFA7;DECR1;NDUFA2;ATP5MF;NDUFB2;ACAA1;NNT;ECHS1;SLC25A11;NDUFA8;BDH2;NDUFB8;TIMM10;ECI1;LDHA;MRPL15;UQCRQ;MRPS11;NDUFS4;ECH1;ATP5PO;NDUFB1;UQCR10;COX6B1;ATP5MC3;MDH1;IDH1;NDUFA1;ATP6V0B;NDUFS2;SDHD;NDUFA9;NDUFAB1;ATP6V1H;MTX2;COX5A;NDUFB6;ATP5PB;ATP5ME;ATP6V1C1;MRPS12;ATP5F1E;NDUFV2;NDUFB5;MRPS22;PMPCA;ATP6V1G1;BAX;CYC1;FXN;POLR2F;TIMM17A;COX11;COX7B;ATP6V1E1;NDUFS6;ACAA2;MTRF1;COX7C;ETFDH;SUCLG1;SUCLA2;ETFB;ATP5PD;NDUFS3,age_changes_B_memory_02032026
TGF-beta Signaling,0.14218479068615308,-0.355408982,-1.347498227,PMEPA1;FKBP1A;SMAD3;ENG;TGIF1;SPTBN1;SMURF2;TRIM33;ID2;SKIL;FURIN;NCOR2;BCAR3,age_changes_B_memory_02032026
IL-6/JAK/STAT3 Signaling,0.15463215258855587,-0.307984765,-1.245400669,CD9;CD38;IL2RG;IL3RA;IRF9;PIM1;IFNGR1;IL4R;TNF,age_changes_B_memory_02032026
E2F Targets,0.15592136374895849,-0.259437012,-1.25575872,CDKN2C;STMN1;NME1;TP53;LBR;RPA3;NAA38;CKS2;CTCF;EZH2;MYBL2;NASP;ORC6;NOP56;SNRPB;SMC6;HNRNPD;UBE2S;MYC;CKS1B;CTPS1;RFC2;HMGA1;PRDX4;RAD51AP1;PCNA;SMC4;SRSF2;UBE2T;PNN;ING3;PAICS;LYAR;TACC3;GSPT1;DCTPP1;DONSON,age_changes_B_memory_02032026
Myc Targets V1,0.1604409214763438,-0.262475991,-1.264888819,NME1;PSMA4;TRIM28;PSMA7;TXNL4A;SET;NOP56;EIF3B;LSM2;HNRNPD;HDGF;SERBP1;MYC;HDDC2;CTPS1;PSMB3;PRDX4;CBX3;APEX1;GNL3;SMARCC1;LDHA;PSMA2;PCNA;PSMD8;SRM;RRP9;C1QBP;SRSF2;SNRPD3;EIF2S2;IMPDH2;FAM120A;PSMB2;SSBP1;SNRPG;CCT5;NHP2;NDUFAB1;GSPT1;COPS5;COX5A;POLE3;PSMA1;RPS10;PSMC6;NOP16;EIF3J;SRSF3;LSM7;HNRNPA2B1;POLD2;SNRPB2;YWHAE;DDX18;RFC4;RUVBL2;MRPS18B;PHB,age_changes_B_memory_02032026
Estrogen Response Late,0.17515119943547286,0.27123480883188833,1.2309467852781095,LSR;PERP;DYNLT3;RAB31;PDCD4;CHPT1;SGK1;BCL2;SLC29A1;S100A9;SERPINA1;ATP2B4;DHCR7;FAM102A;ALDH3B1;TJP3;DNAJC1;PRSS23;RPS6KA2;GPER1;SLC22A5;SLC2A8;MDK;ST6GALNAC2;SLC9A3R1;PPIF;TNNC1;CELSR2;CA2;SLC27A2;FKBP5;AREG,age_changes_B_memory_02032026
UV Response Up,0.18073198428540194,0.2724253820069505,1.219790524502648,ENO2;GGH;TMBIM6;SQSTM1;TFRC;SELENOW;ICAM1;CREG1;CDK2;YKT6;PPP1R2;CCND3;BSG;ASNS;EIF2S3;PLCL1;PPT1;GRINA;SULT1A1;RPN1;AQP3;ALDOA;SIGMAR1;CEBPG;ATF3;EPHX1;PPIF;GRPEL1;CA2,age_changes_B_memory_02032026
PI3K/AKT/mTOR  Signaling,0.18743926373354167,-0.28615071,-1.207895775,SLA;PTEN;IL2RG;VAV3;LCK;MAPK1;GRK2;MKNK2;PRKCB;CSNK2B;PRKAG1;HRAS;ARPC3;NCK1;MAP2K3;AKT1;STAT2;AP2M1;PDK1;TSC2;CAB39,age_changes_B_memory_02032026
Wnt-beta Catenin Signaling,0.1897625535227715,-0.327787683,-1.195405031,TP53;AXIN1;ADAM17;MYC;MAML1;NCOR2;CCND2;FRAT1,age_changes_B_memory_02032026
Unfolded Protein Response,0.19148110792148343,0.2753306538085552,1.199029938306305,DDIT4;BAG3;HSPA9;HSP90B1;HSPA5;YWHAZ;DCP1A;ASNS;HYOU1;TSPYL2;EEF2;SPCS1;EXOSC10;EIF4E;PSAT1;ATF6;NPM1;NABP1;CEBPG;ATF3;XPOT;DNAJC3;CHAC1;SRPRA;CALR;DCTN1;SSR1;EIF4G1;EXOSC9;XBP1;CNOT2;EIF2AK3;EDC4;KDELR3;EXOC2;NOLC1;WFS1;SLC7A5,age_changes_B_memory_02032026
mTORC1 Signaling,0.19759349900656778,0.2501882000817149,1.200451165816477,FGL2;CCNG1;SQSTM1;LGMN;DDIT4;HSPA9;TFRC;TCEA1;HSP90B1;HSPA5;YKT6;DHCR7;GCLC;BCAT1;ASNS;GAPDH;PGM1;TPI1;DHCR24;IDI1;CTH;QDPR;P4HA1;M6PR;ETF1;PSAT1;FDXR;HSPA4;UBE2D3;CYP51A1;CANX;GPI;SLC1A5;RPN1;SLC37A4;PIK3R3;ALDOA;PGK1;TBK1;INSIG1;SLC9A3R1;RPA1;UCHL5;CALR;GMPS;SSR1;CTSC;RAB1A;AURKA;XBP1;PSMD14;ACSL3;TES;SYTL2;UFM1;STIP1;GOT1;ACLY;ARPC5L;MCM2,age_changes_B_memory_02032026
Hypoxia,0.20492512995577625,0.25228542720048364,1.1827189076446183,ENO2;RORA;S100A4;PLIN2;DDIT4;BCL2;HSPA5;FBP1;SLC25A1;RRAGD;GAPDH;TKTL1;PGM1;TGFBI;ANXA2;PLAUR;TPI1;P4HA1;FAM162A;MT1E;CDKN1B;TGM2;PAM;GPI;IDS;SLC37A4;ALDOA;PGK1;KIF5A;ATF3;PNRC1;HK1;MYH9;VHL;ENO3;KLHL24,age_changes_B_memory_02032026
Xenobiotic Metabolism,0.2100671545934949,0.25358198329484644,1.1663833811169981,TMBIM6;TGFB2;FAS;DHRS7;PTGES3;PDLIM5;KYNU;ABCD2;FBP1;CDA;GCLC;BCAT1;PGD;ALDH9A1;CES1;PEMT;GSS;IRF8;SLC1A5;POR;ACO2;RETSAT;SLC12A4;NINJ1;EPHX1;SSR3;CD36;CA2;UPP1;FAH;ABCC3;CROT;AQP9;UPB1;AKR1C3;CYP2J2;ALDH2,age_changes_B_memory_02032026
KRAS Signaling Dn,0.2101732544745967,0.27036197019296093,1.1726297929922245,TGFB2;STAG3;SGK1;SIDT1;PRKN;PLAG1;WNT16;SLC25A23;RYR1;FGF22;FGGY;CD80;MEFV;ZBTB16;MYO15A;ZC2HC1C;DTNB;ENTPD7;THNSL2;SLC29A3;UPK3B;CELSR2;KCNMB1;ALOX12B;TCF7L1;NR4A2;OXT;TFCP2L1,age_changes_B_memory_02032026
UV Response Dn,0.2365618033192965,-0.257852012,-1.150277101,PTEN;LAMC1;SMAD3;ANXA4;GCNT1;MTA1;MAPK14;CACNA1A;DBP;PRKCE;MYC;FYN;MRPS31;RUNX1;BCKDHB;NFKB1;DLG1;DYRK1A;NOTCH2;APBB2;IRS1;PRKAR2B;BHLHE40;TENT4A;SYNE1;CDK13;ADD3;VAV2;KCNMA1;GRK5;ATRN;SPOP;MGMT;TGFBR2;SMAD7;PRKCA,age_changes_B_memory_02032026
Apical Junction,0.2597120468173304,0.24769367814754267,1.1272430496087567,CD86;MYL9;CTNNA1;VCAN;JAM3;CD99;CRB3;ICAM1;YWHAH;FSCN1;NEXN;TGFBI;TRAF1;AMIGO2;MPP5;TSPAN4;ZYX;CRAT;MAPK11;ITGB1;NECTIN1;ITGB4;PIK3R3;MDK;CD274;INSIG1;GTF2F1;MYH9;ATP1A3;LIMA1;FBN1;IKBKG;AKT3,age_changes_B_memory_02032026
heme Metabolism,0.30785941500504305,0.232072088,1.093473896399007,BLVRA;PRDX2;NUDT4;CAST;ADD2;TFRC;NFE2L1;MGST3;FECH;ARL2BP;TCEA1;MKRN1;GCLC;CCND3;BSG;ASNS;EIF2AK1;TMCC2;OPTN;ALAD;RAD23A;HTATIP2;GDE1;PDZK1IP1;FBXO7;ELL2;AQP3;ACSL6;DMTN;FN3K;ADIPOR1;DAAM1;SLC10A3,age_changes_B_memory_02032026
TNF-alpha Signaling via NF-kB,0.326852355,0.22525790123852826,1.0774662349755852,CCL5;RIPK2;KLF10;CFLAR;ZC3H12A;SQSTM1;SGK1;MSC;RELB;PDLIM5;KYNU;ICAM1;NFKB2;IL18;DRAM1;TNIP2;CD80;G0S2;PLAUR;RELA;TNIP1;TRAF1;SAT1;LITAF;MAP3K8;TNFSF9;EHD1;SLC16A6;NINJ1;ATF3;TANK;PNRC1;SPHK1;KLF9;AREG;CSF1;DUSP4;IL15RA;CEBPD;CXCL2;SIK1;IL23A;MXD1;SLC2A6;NR4A2,age_changes_B_memory_02032026
Hedgehog Signaling,0.3896295665971734,0.32023711580583775,1.038228317598357,TLE3;L1CAM;NRCAM;ADGRG1;NRP2,age_changes_B_memory_02032026
Reactive Oxygen Species Pathway,0.6037434976467674,-0.257945662,-0.9625019,FES;LAMTOR5;GLRX;PDLIM1;PRDX4;HHEX;PFKP;CDKN2D;HMOX2;GSR;NDUFS2,age_changes_B_memory_02032026
Mitotic Spindle,0.69722712,-0.191135591,-0.910766572,MID1IP1;RALBP1;BIN1;NCK2;RANBP9;SPTBN1;CENPF;KIF15;WASF2;ARL8A;ARHGEF7;NCK1;WASF1;CD2AP;ABL1;SOS1;SMC4;CNTRL;ABR;KNTC1;MYO1E;TUBGCP3;DLG1;PLEKHG2;BCR;CAPZB;ROCK1;NOTCH2;NUSAP1;CLIP2;MARK4;RICTOR;PCNT;RABGAP1;YWHAE;NEDD9;SUN2;CEP192;PKD2;KPTN;SMC1A,age_changes_B_memory_02032026
Apical Surface,0.7606098223291179,0.25918692752149664,0.8640114412122959,IL2RB;HSPB1;PLAUR;MDGA1;GSTM3,age_changes_B_memory_02032026
Pancreas Beta Cells,0.9337792089835687,-0.261033456,-0.747662178,FOXO1;LMO2,age_changes_B_memory_02032026
Oxidative Phosphorylation,0,-0.39021956,-2.078379035,TIMM8B;ATP6V1D;ATP5F1C;NDUFB3;ACAA1;BDH2;NDUFC2;NDUFB2;PDHB;IDH1;TIMM13;LDHA;ATP6V1E1;ATP5PF;SLC25A5;DECR1;ECH1;ATP6V0B;NDUFA2;ATP5MC3;NDUFA9;MRPS11;UQCR10;ATP5MF;MRPL15;HSD17B10;NDUFS4;NDUFA7;SDHD;IDH2;SLC25A11;NDUFS6;NDUFA8;NDUFAB1;MDH1;COX5A;COX7B;NDUFB1;NDUFB8;POLR2F;ATP6V0E1;NDUFB6;SUCLG1;NDUFS3;MRPL35;NDUFA1;COX11;ECHS1;FXN;NDUFB4;ATP5PO;NDUFA6;ATP5F1E;COX6B1;TIMM10;ECI1;ETFA;UQCRQ;ATP5PB;VDAC3;ATP5ME;BAX;PDHA1;VDAC1;ATP5MC1;ATP6V1F;FH;SUCLA2;NDUFS2;CYC1;FDX1;PRDX3;IDH3B;TIMM50;NNT;ATP6V1G1;ATP5F1B;COX6A1;UQCR11;SURF1;MRPS12;ATP5MG;IDH3G;ATP5PD,age_changes_B_naive_02032026
Interferon Alpha Response,0,-0.478684397,-2.299537556,ISG15;SAMD9L;LGALS3BP;EPSTI1;SAMD9;SP110;OAS1;PSMB8;IRF7;NMI;IRF9;LY6E;IFI30;LAP3;USP18;UBE2L6;IFI35;IFI44L;CMPK2;PSME2;IFI44;IRF2;RSAD2;MX1;PSMB9;PARP9;CD47;IFIT3;PSMA3;RTP4;CNP;MOV10;PARP14;MVB12A;STAT2,age_changes_B_naive_02032026
Apoptosis,0.00504481,0.40314511747518883,1.9046177472653536,ENO2;IL18;PEA15;TXNIP;TGFBR3;TIMP1;PDCD4;TSPO;HSPB1;SQSTM1;BCL2L11;CFLAR;HMGB2;TGFB2;F2R;ANKH;ETF1;GPX4;CDKN1B;PDGFRB;GNA15;LGALS3;IL6;CASP1;KRT18;CTH;PPT1;FAS;BMF;FEZ1;CYLD;AIFM3;BCL10;ANXA1;DAP3,age_changes_B_naive_02032026
TGF-beta Signaling,0.006870323,-0.428569433,-1.767487962,PMEPA1;FURIN;FKBP1A;SMAD3;TRIM33;SPTBN1;ID2;SMURF2;SMAD7;SMAD1;NOG;FNTA;SKI;ID3;CDK9;TGFB1,age_changes_B_naive_02032026
Inflammatory Response,0.007062734,0.3818249169854053,1.8064237417842932,CD70;IL18;IL15;RIPK2;CCL5;IL10RA;TIMP1;HIF1A;PTGER2;AQP9;TNFRSF1B;NOD2;GNA15;IL15RA;IL6;CCR7;ICAM1;MEFV;CHST2;TAPBP;BEST1;MYC;TNFSF9;RHOG;CD82;CXCL8;SLC7A1;ACVR1B;IRAK2;PROK2;CD14;MSR1;C3AR1;PDE4B;C5AR1;FPR1;MARCO;LTA;ABI1;IL2RB;IL18RAP;KIF1B;OSM;GCH1;IL10;RAF1;RELA;F3;NLRP3;MMP14;CMKLR1;STAB1;IL18R1;SPHK1;AHR;TNFAIP6;TLR2;SCARF1;P2RX4,age_changes_B_naive_02032026
E2F Targets,0.012513801987486198,-0.316012521,-1.674213248,STMN1;TP53;LBR;NOP56;RAD51AP1;NAA38;CKS2;SMC4;MYBL2;HNRNPD;CKS1B;NASP;RPA3;PCNA;CDC25B;CTCF;JPT1;DCTPP1;TOP2A;UBE2S;BARD1;PPP1R8;UBE2T;RPA2;SRSF2;HMGA1;PDS5B;ORC6;DNMT1;EXOSC8;MCM7;CDKN2C;EZH2;SMC6;NME1;PSMC3IP;CENPM;AK2;LUC7L3;WEE1;BUB1B;RFC2;SNRPB;LYAR;POLD2;GSPT1;CTPS1;CCP110;RAD51C;SMC1A;EIF2S1;TACC3;ASF1B;PTTG1;MRE11,age_changes_B_naive_02032026
Epithelial Mesenchymal Transition,0.019296397412309336,0.35000972243889983,1.6033635646807027,LGALS1;ENO2;IL15;TGFBR3;TIMP1;VCAN;CADM1;TGFBI;VIM;PFN2;ACTA2;MYL9;PDGFRB;IL6;ANPEP;CD59;FAS;WIPF1;ITGB1;TPM2;CXCL8;FLNA;DAB2;LOXL1;TPM1;ADAM12;ITGAV;CD44;THBS1;TIMP3;GPC1;MFAP5;TGM2;MMP14;FERMT2;PLOD3;PLOD1;FMOD;IGFBP3;FGF2;SAT1;MGP;COL7A1;LAMA2;MEST;SERPINH1;COL6A2;CALD1;COPA;APLP1;MAGEE1;RHOB;PTX3;ECM2;EMP3;TFPI2;MATN2;FBN1;ITGB5;SPARC;QSOX1,age_changes_B_naive_02032026
Coagulation,0.019506598,0.37149766125487355,1.6300732547393164,CTSH;CAPN2;TIMP1;CSRP1;SERPINA1;USP11;PRSS23;F8;LTA4H;RAPGEF3;C1R;ISCU;MAFF;ANXA1;MMP9;C1QA;CPQ;APOC1;GP9;SERPING1;ANG;THBD;THBS1;CLU;PLEK;TIMP3;CAPN5;F3;C2;MMP14;CTSB;CFD;PF4;APOA1,age_changes_B_naive_02032026
p53 Pathway,0.019746826857041114,0.3349513323328477,1.6126169584135028,PVT1;AEN;S100A4;STOM;TXNIP;ZBTB16;CCNG1;DRAM1;SESN1;S100A10;CGRRF1;ANKRA2;ZFP36L1;DDIT4;GLS2;TSPYL2;DDB2;F2R;CCND3;EPS8L2;CDKN2A;CTSF;PERP;FAM162A;CASP1;FOXO3;FAS;PRKAB1;ISCU;TNFSF9;CD82;ACVR1B;VWA5A;NINJ1;ITGB4;TP63;SLC19A2;OSGIN1;SEC61A1;CCNK;PROCR;MAPKAPK3;STEAP3,age_changes_B_naive_02032026
Complement,0.020582824,0.34142517851941895,1.6420316168986107,CTSH;CCL5;TIMP1;RBSN;CSRP1;L3MBTL4;SERPINA1;S100A12;DGKG;KCNIP2;F8;S100A9;LTA4H;USP14;HSPA5;CDA;CD36;PRDM4;LGALS3;IL6;CASP1;CD59;RNF4;C1R;MAFF;RHOG;C1QA;HSPA1A;ITGAM;FCN1;SRC;CA2;F5;CPQ;APOBEC3F;GZMB;PHEX;APOC1;C4BPB;ATOX1;GP9;DOCK9;DOCK10;ANXA5;SERPING1;ANG;PLA2G7;CLU;PLEK,age_changes_B_naive_02032026
Bile Acid Metabolism,0.021944923,0.3898059748505718,1.6624927086183596,ATXN1;ABCA6;NR3C2;DHCR24;PFKM;ABCA5;CYP27A1;PHYH;ACSL1;AQP9;SLC23A2;GNMT;HSD17B11;EFHC1;OPTN;LONP2;ABCA9;PEX11A;CH25H;GCLM;IDI1;ABCD2;HSD3B7;APOA1;PEX26;ACSL5;RXRA,age_changes_B_naive_02032026
Notch Signaling,0.023359097043307568,-0.441824745,-1.577065271,LFNG;RBX1;DTX1;DTX4;PSENEN;ST3GAL6;NOTCH1;HES1;TCF7L2;PRKCA;SAP30;MAML2,age_changes_B_naive_02032026
Interferon Gamma Response,0.02388255,-0.290927094,-1.557218882,CD38;ISG15;SAMD9L;LGALS3BP;TNFSF10;KLRK1;EPSTI1;SP110;PSMB8;IFNAR2;IRF7;NMI;IRF9;LY6E;IFI30;LAP3;USP18;UBE2L6;PSMB2;PTPN2;IFI35;VAMP8;IFI44L;XAF1;SAMHD1;CMPK2;PSME2;LYSMD2;IFI44;IRF2;BPGM;IFIT1;RSAD2;MX1;CASP3;PSMB9;IFIT3;PSMA2;PSMA3;RNF213;CASP4;RTP4,age_changes_B_naive_02032026
Angiogenesis,0.026434803,0.5109334382901098,1.553816844834765,S100A4;TIMP1;VCAN;FGFR1;ITGAV;THBD,age_changes_B_naive_02032026
Allograft Rejection,0.027690400353466413,0.32402081197985516,1.5577213382114266,IL18;IL15;RIPK2;SRGN;CCL5;TIMP1;HIF1A;IL12A;APBB1;STAT4;TGFB2;F2R;KLRD1;CCND3;FCGR2B;TRAF2;IL2RA;CDKN2A;IL12RB1;IRF8;IL6;ICAM1;FAS;CXCR3;GPR65;TAPBP;CCR2;BCL10;MMP9;IFNG;CD80;NPM1;FLNA;HLA-DOA;CCR5;GZMB;EIF5A;MAP3K7;DEGS1;ABI1;IL2RB;EIF3D;IL18RAP;SOCS5;IL10;PRF1;C2;NLRP3;MAP4K1;IGSF6,age_changes_B_naive_02032026
Protein Secretion,0.027914614,0.3883740844659123,1.6655841827371158,VAMP3;ATP1A1;LMAN1;ANP32E;SCRN1;STAM;ARFIP1;SSPN;TMED10;ARF1;TMED2;M6PR;KRT18;PPT1;CD63;AP3S1;RAB5A;VPS45;PAM;SEC31A;GALC;KIF1B;STX12;AP3B1;MON2;SEC24D;RAB14;BNIP3,age_changes_B_naive_02032026
G2-M Checkpoint,0.029864871970135126,-0.284108086,-1.505502317,STMN1;LBR;CKS2;SMC4;HIRA;MYBL2;HNRNPD;MTF2;CKS1B;NASP;SMAD3;FBXO5;CDC25B;CTCF;MAPK14;JPT1;CHMP1A;NUSAP1;TOP2A;UBE2S;BARD1;CASP8AP2;TOP1;RPA2;SRSF2;HMGA1;PDS5B;ORC6;CDKN2C;DTYMK;EZH2;PRPF4B;RBM14;E2F2;SLC12A2;CUL3;FOXN3;E2F4;BUB1;RPS6KA5;TGFB1;GSPT1;SMC1A;KMT5A;CENPF;TACC3;PTTG1;UPF1,age_changes_B_naive_02032026
Myc Targets V1,0.034155318365844685,-0.268264376,-1.443042144,PSMC6;PSMA7;PSMA4;POLE3;NOP56;LDHA;TXNL4A;TRIM28;HDGF;HNRNPD;PCNA;PSMB3;PSMB2;COPS5;PSMA1;SERBP1;SSB;CCT5;PSMD8;FAM120A;NDUFAB1;C1QBP;ERH;APEX1;UBE2L3;COX5A;SRSF2;SSBP1;MCM7;PSMA2;SRM;VBP1;HDDC2;SNRPD3;NME1;CBX3;SET;PSMD3;POLD2;GSPT1;DDX18;EIF3J;CTPS1;SRSF3;EIF2S1;PRPF31;PSMC4;SNRPG;EIF2S2;LSM2;EIF3B;HNRNPA2B1;VDAC3;PHB;PPM1G;SRSF7;VDAC1,age_changes_B_naive_02032026
DNA Repair,0.036532668,-0.283807982,-1.448650022,TP53;GTF2H5;POLR2G;TAF12;PDE6G;AGO4;RBX1;SAC3D1;ADA;ITPA;NUDT9;RPA3;PCNA;ALYREF;CMPK2;POLR2H;NELFB;BOLA2;GSDME;DAD1;TAF10;RPA2;POLR2F;POM121;RALA;NME1;DGUOK;RFC2;NT5C3A;TAF13;ZNRD1;UPF3B;CSTF3;MRPL40;RAE1;TSG101;SUPT4H1;PNP,age_changes_B_naive_02032026
PI3K/AKT/mTOR  Signaling,0.041099251625567414,-0.305575848,-1.449239139,LCK;CAMK4;SLA;IL2RG;MKNK2;PTEN;PRKCB;MAPK1;CSNK2B;SMAD2;GRK2;NCK1;HRAS;DAPP1;MAPK9;AKT1;VAV3;CAB39;TSC2;RIT1;MAP2K3;PRKAG1;ARPC3;STAT2;AP2M1;RALB;MAPK8,age_changes_B_naive_02032026
Androgen Response,0.079707995,0.3281879237177807,1.4261430384724962,CDC14B;HSD17B14;LMAN1;DHCR24;UAP1;FKBP5;NKX3-1;MAF;ANKH;XRCC6;SGK1;CCND3;SMS;PDLIM5;ABCC4;PIAS1;KLK2;ACSL3;PLPP1;PA2G4,age_changes_B_naive_02032026
Reactive Oxygen Species Pathway,0.08744047,-0.315770008,-1.315418418,GLRX;FES;CDKN2D;PDLIM1;HMOX2;HHEX;PRDX1;LAMTOR5;MBP;TXNRD1;NDUFB4;IPCEF1;NDUFA6;STK25;SBNO2;SELENOS;NDUFS2;PFKP,age_changes_B_naive_02032026
Myogenesis,0.098334985,0.2965761152349907,1.385103689281837,CNN3;CHRNA1;PFKM;PRNP;TPM3;ACSL1;SSPN;NAV2;MAPRE3;APOD;CD36;GNAO1;RYR1;DAPK2;ITGB1;SH2B1;FXYD1;TPM2;SMTN;SYNGR2;KIFC3;ITGB4;MYBPC3;PDE4DIP;GPX3;ADAM12;CRAT;DMD;LARGE1;CLU;FKBP1B;VIPR1;LSP1;ITGA7;SPHK1;CFD;MYH3;IGFBP3;AKT2;SH3BGR;FGF2;MYH9;LAMA2;SORBS1;WWTR1,age_changes_B_naive_02032026
IL-2/STAT5 Signaling,0.099719073,0.29360192223945275,1.393293866843872,CKAP4;IL10RA;CST7;BCL2;RORA;CDC42SE2;SERPINB6;SNX9;GLIPR2;P4HA1;PRNP;FGL2;MAP3K8;COCH;CCND3;GPX4;IL2RA;PTGER2;CYFIP1;TNFRSF1B;IRF8;TWSG1;NFKBIZ;SELP;CTLA4;GPR65;MAFF;MYC;TRAF1;BATF;HOPX;SYNGR2;CA2;XBP1;PLPP1;RRAGD;AHCY;ABCB1;ITGAV;CD44;IL2RB;SH3BGRL2;IL10;CD83;ODC1;TGM2;EMP1;IL18R1;AHR;AHNAK;RHOH;POU2F1;PLIN2;SLC39A8;P2RX4;MYO1E;PLEC;S100A1;BMPR2;FAH;BATF3;MUC1;CSF1;FAM126B;FLT3LG;ENPP1;CD86;APLP1;RHOB;EOMES;SLC1A5;TNFRSF9;IL1R2;SCN9A;CCR4,age_changes_B_naive_02032026
TNF-alpha Signaling via NF-kB,0.10010343979719018,0.2794235241255938,1.3728817289193038,IL18;RIPK2;CCL5;DRAM1;RELB;KLF9;SQSTM1;NFKB2;CFLAR;MAP3K8;SGK1;TANK;PDLIM5;IL15RA;IL6;ICAM1;MSC;CXCL2;DNAJB4;TNIP1;MAFF;MYC;TRAF1;TNFSF9;ZC3H12A;SLC16A6;CD80;IL6ST;REL;NINJ1;CXCL3;PDE4B;TNIP2;CD44;PLEK;CEBPD;GCH1;CD83;RELA;F3;TNFAIP2;CCND1;BTG1;SPHK1;IL23A;KYNU;TNFAIP6;TLR2;F2RL1;SAT1,age_changes_B_naive_02032026
Mitotic Spindle,0.11597758966180018,-0.238284025,-1.262793304,MID1IP1;RALBP1;CAPZB;ARL8A;WASF1;SMC4;PKD2;SAC3D1;CNTRL;TUBA4A;WASF2;BCR;FBXO5;BIN1;RAPGEF5;NUSAP1;TOP2A;NCK1;SPTBN1;RANBP9;NCK2;CDK5RAP2;ROCK1;SYNPO;MARK4;CYTH2;CLIP2;TUBGCP3;DLG1;CD2AP;ARHGEF12;PPP4R2;ARHGEF7;BUB1;SUN2,age_changes_B_naive_02032026
UV Response Up,0.13967139473212348,-0.242431168,-1.224602644,E2F5;RASGRP1;ACAA1;POLE3;FURIN;CDC34;MARK2;BAK1;DGAT1;TUBA4A;BID;KLHDC3;POLR2H;AGO2;AP2S1;DNAJA1;ARRB2;WIZ;NR4A1;CASP3;GLS;HLA-F;CNP;POLG2;FMO1;CDC5L,age_changes_B_naive_02032026
Estrogen Response Late,0.15109205294082734,0.2839424051526527,1.3075780133499044,LSR;BCL2;PDCD4;SERPINA1;FKBP5;DHCR7;PRSS23;S100A9;SGK1;TJP3;ALDH3A2;PERP;SLC22A5;CHPT1;PLK4;UGDH;DYNLT3;MDK;BATF;MAPK13;CA2;IL6ST;PPIF;XBP1;FLNB;RAB31;LARGE1;CD44;NBL1;ETFB;CCND1;BLVRB;CACNA2D2;CAV1;ALDH3B1;ABHD2;SLC1A4,age_changes_B_naive_02032026
KRAS Signaling Dn,0.15854155538409798,0.2935869812857446,1.3097497693976008,STAG3;THRB;PLAG1;ZBTB16;PRKN;SIDT1;TGFB2;SGK1;MEFV;RYR1;WNT16;CHST2;IFNG;CD80;THNSL2;SLC5A5;SLC25A23;UGT2B17;MYO15A;SPTBN2;TCF7L1;PDCD1,age_changes_B_naive_02032026
Fatty Acid Metabolism,0.16570716362988902,0.2802798049861127,1.2884659636244304,LGALS1;ENO2;PTPRG;PCBD1;BLVRA;S100A10;DHCR24;PRDX6;ACOT2;ACSL1;SUCLG2;CD36;ALDH3A2;SMS;SLC22A5;DLST;UGDH;REEP6;HSD17B11;SERINC1;CA2;HSPH1;YWHAH;ALDOA;NBN;CRAT;ACO2;IL4I1;MIF;IDI1;ODC1;RDH16;ACADS,age_changes_B_naive_02032026
mTORC1 Signaling,0.1725292251608041,-0.224881995,-1.182814667,CD9;ATP6V1D;GLRX;PSMC6;PSMA4;PHGDH;IDH1;RDH11;PSMD13;SLA;LDHA;ENO1;TUBA4A;IFI30;CORO1A;COPS5;ABCF2;EEF1E1;GLA;PRDX1;MLLT11;SLC6A6;DAPP1;SEC11A;NMT1;PSMA3;TM7SF2;RIT1;CACYBP;MAP2K3;DHFR;TXNRD1;SDF2L1;BUB1,age_changes_B_naive_02032026
Hypoxia,0.2421508694878034,0.25507526913600387,1.219650586883948,ENO2;S100A4;BCL2;RORA;P4HA1;TGFBI;DDIT4;HSPA5;CDKN1B;FAM162A;IL6;GAPDH;FOXO3;VHL;CHST2;MAFF;NDST1;HK1;FBP1;PAM;GBE1;RRAGD;PGM1;GPI;SLC25A1;ALDOA;LARGE1;MIF;GPC1;VLDLR;TGM2;KDELR3;SLC37A4;F3;NR3C1;MT1E;BTG1;CAV1;NEDD4L;TPI1;IGFBP3;PLIN2;TGFB3;MYH9;PGF;GCK;PNRC1;HMOX1;SLC2A5;KIF5A;CITED2,age_changes_B_naive_02032026
Xenobiotic Metabolism,0.25532342836040384,0.2589469859287817,1.2197167187177573,DHRS7;ALDH2;PTGES3;TGFB2;CYP27A1;TMBIM6;PTGDS;AQP9;CDA;CD36;PDLIM5;IRF8;FAS;NDRG2;UGDH;GSS;ESR1;GNMT;DHRS1;CYP2J2;FBP1;CA2;NINJ1;PGD;AHCY;TMEM176B;PEMT;ACO2;GCH1;ABCD2;TMEM97;AP4B1;BLVRB;PMM1;CYP2E1;KYNU;CYP2S1;UPP1;BCAT1;PROS1;HMOX1;MTHFD1;FAH;ALDH9A1;CYFIP2;NFS1;ELOVL5;PTGR1;GCLC,age_changes_B_naive_02032026
Spermatogenesis,0.2649442373164849,0.27810258819764144,1.1841617002083464,PEBP1;JAM3;TSN;DBF4;NPHP1;SPATA6;PHF7;PRKAR2A;PCSK1N;ACE;CCT6B;HSPA1L;DPEP3;IDE;NCAPH;PARP2;KIF2C;GFI1;ZC3H14;TOPBP1;DMC1,age_changes_B_naive_02032026
Wnt-beta Catenin Signaling,0.2727845254161044,-0.282937981,-1.103920376,TP53;AXIN1;LEF1;NOTCH4;MAML1;SKP2;NOTCH1;FRAT1;HEY2,age_changes_B_naive_02032026
Estrogen Response Early,0.27659971342088974,0.25226975108852834,1.184852591494817,BCL2;SYBU;RHOD;FKBP5;DHCR7;PRSS23;MAST4;TJP3;NAV2;SLC22A5;KRT18;CHPT1;DYNLT3;RHOBTB3;MYC;ISG20L2;ASB13;ELF3;IL6ST;PPIF;XBP1;SYNGR1;INPP5F;FLNB;SLC19A2;ZNF185;RAB31;CD44;PEX11A;NBL1;SH3BP5;TGM2;CCND1;BLVRB;MYBBP1A;ALDH3B1;WWC1;ABHD2;SLC1A4,age_changes_B_naive_02032026
Adipogenesis,0.27721229746572496,0.2487553597879009,1.191685482716074,RAB34;STOM;BAZ2A;PDCD4;DHRS7;SLC5A6;ALDH2;DHCR7;PHYH;GPX4;SSPN;CD151;TANK;CD36;BCL2L13;RNF11;NDUFA5;REEP6;RMDN3;CMPK1;GBE1;PGM1;GPHN;SULT1A1;SLC25A1;ALDOA;GPX3;PEX14;PEMT;CRAT;SLC27A1;ELOVL6;PHLDB1;COX8A;CD302;ACO2;G3BP2;ETFB;ACADS;MGST3,age_changes_B_naive_02032026
KRAS Signaling Up,0.27788493876985776,0.25040356202374153,1.1630608551476764,PRDM1;IL10RA;PIGR;NAP1L2;MMD;ANKH;PRELID3B;KCNN4;TNFRSF1B;APOD;EPB41L3;IRF8;FBXO4;F13A1;TLR8;PCSK1N;ADAMDEC1;KIF5C;LAPTM5;TRAF1;ACE;MMP9;CA2;ZNF639;CSF2RA;VWA5A;TMEM176B;C3AR1;ABCB1;ZNF277;CDADC1,age_changes_B_naive_02032026
Pperoxisome,0.28211453653551877,0.26728479815563694,1.1672379512604611,ATXN1;DHCR24;TSPO;CADM1;MVP;ACSL1;NUDT19;PABPC1;SLC23A2;BCL10;HSD17B11;UGT2B17;YWHAH;CNBP;ERCC3;ABCB1;SIAH1;LONP2;PEX14;IDE;CRAT;PEX11A;PEX5;IDI1;ABCD2,age_changes_B_naive_02032026
Cholesterol Homeostasis,0.2854151581696243,0.28442548995609157,1.151609283275104,ACSS2;DHCR7;SREBF2;ATF5;CXCL16;LGALS3;GSTM2;ETHE1;SQLE;STARD4;LSS;CYP51A1;ANXA5;CTNNB1;CLU;IDI1;TMEM97,age_changes_B_naive_02032026
Glycolysis,0.3503713815305008,0.23060972168654842,1.1021822685316396,ENO2;GNPDA1;IL13RA1;AK3;VCAN;P4HA1;TGFBI;DDIT4;HSPA5;ECD;FAM162A;CTH;GNE;CHST2;PAM;ELF3;CHPF2;TXN;RRAGD;GFPT1;DSC2;ALDOA;PRPS1;PYGB;G6PD;ANG;CHPF;CD44;MIF;CAPN5;GPC1;VLDLR;KDELR3;SLC37A4;LHPP;PYGL;PLOD1;TPI1;IGFBP3;PHKA2;B3GAT1;GOT2;DLD;PKM;XYLT2;CITED2;ALDH9A1;CHST6;AGL;CDK1;GCLC;SLC25A13;DPYSL4,age_changes_B_naive_02032026
Apical Junction,0.356900889,0.2364143184024589,1.105867473715698,JAM3;VCAN;TGFBI;PIK3CB;CTNNA1;MYL9;LIMA1;NEXN;ICAM1;CD99;EXOC4;CRB3;ITGB1;TRAF1;MMP9;ZYX;GTF2F1;MDK;SYMPK;PLCG1;ITGA3;SRC;MAPK13;YWHAH;ITGB4;TSPAN4;CD274,age_changes_B_naive_02032026
Unfolded Protein Response,0.36830714836827966,0.24464189266821018,1.0861012677739705,BAG3;DDIT4;TSPYL2;HSPA9;DCP1A;HSPA5;EEF2;YWHAZ;ATF6;SSR1;NPM1;DCTN1;SEC31A;HSP90B1;XBP1;WIPI1;CEBPG;MTREX;PARN;SRPRA;NOLC1;ALDH18A1;EXOSC10;GEMIN4;KDELR3;SHC1;EIF4E,age_changes_B_naive_02032026
IL-6/JAK/STAT3 Signaling,0.44944036379934554,0.247809278,1.0400367040326008,IL13RA1;STAT3;MAP3K8;IL2RA;IL12RB1;TNFRSF1B;CD36;IL15RA;IL6;FAS;ACVR1B;IL6ST;CSF2RA;CD14;CXCL3;CD44;TYK2;IL18R1;PF4;PTPN1;TLR2;IL17RB;SOCS3;CSF3R;HMOX1,age_changes_B_naive_02032026
Apical Surface,0.6646705046788137,0.27535692576387216,0.9391223328031512,HSPB1;CROCC;EPHB4;FLOT2;IL2RB;NTNG1;GHRL,age_changes_B_naive_02032026
Pancreas Beta Cells,0.7124279229542387,-0.286875163,-0.891421986,FOXO1;SRP9;SEC11A,age_changes_B_naive_02032026
heme Metabolism,0.7370008470964017,0.18215322979724766,0.8789178540117858,BLVRA;PRDX2;NFE2;CCND3;NUDT4;CAST;ADIPOR1;FOXO3;EIF2AK1;FBXO7;CA2;GDE1;CLIC2;OPTN;MKRN1;HTATIP2;ARL2BP;FECH;TRAK2;DCAF10;PDZK1IP1;ELL2;GCLM;FN3K;MGST3;NR3C1;ABCG2;VEZF1;SLC10A3;CTSB;BLVRB;CIR1;FOXJ2;HBD;MOSPD1;DMTN;ADD2;ALAD;NCOA4;RHCE;TENT5C;SLC6A9;GCLC;SNCA;SDCBP;TCEA1;HTRA2,age_changes_B_naive_02032026
UV Response Dn,0.7445193334916018,0.19544112317257284,0.886257945,ATXN1;TGFBR3;BMPR1A;CDKN1B;SFMBT1;PDGFRB;PDLIM5;PIAS3;MYC;SLC7A1;DAB2;SCN8A;SYNJ2;PEX14;MIOS;MAP2K5;GRK5;SIPA1L1;VLDLR;F3;NR3C1;MT1E;CAV1;LTBP1;MAP1B;RXRA,age_changes_B_naive_02032026
Myc Targets V2,0.7507327897319455,0.2194858681317702,0.8941055372244866,PLK4;SUPV3L1;GRWD1;MYC;WDR74;NPM1;MCM5;PA2G4;NOLC1;UNG;TMEM97;PRMT3;MYBBP1A;PPRC1;IMP4;LAS1L,age_changes_B_naive_02032026
Hedgehog Signaling,0.9380081903970562,0.22075759852375637,0.7294642565204221,TLE3;NRP2;ADGRG1;RTN1;VLDLR;NRCAM;MYH9,age_changes_B_naive_02032026
Myc Targets V1,0,-0.465938577,-2.036211715,GSPT1;NOP56;HSPE1;ABCE1;SRSF7;HSPD1;SSB;EIF2S1;GNL3;PSMC4;VBP1;KPNA2;CCT2;MYC;PSMC6;POLD2;HSP90AB1;TCP1;NME1;CCT5;RRP9;DDX18;EIF4A1;SRM;APEX1;PRDX4;G3BP1;PSMA1;PHB;VDAC3;HDAC2;IFRD1;EIF3J;PCNA;TYMS;TXNL4A;CCT3;SRSF2;YWHAE;CTPS1;COPS5;TARDBP;CDK4;PSMA4;C1QBP;SNRPD1;XPO1;RANBP1;BUB3;MCM2;ODC1;RAN;SNRPG;EIF1AX;SSBP1;RPS10;PSMA2;HDGF;SERBP1;NOP16;UBE2E1;HNRNPD;IMPDH2,age_changes_CD14_mono_02032026
Myc Targets V2,0,-0.595295737,-2.199921681,NOP56;HSPE1;PPAN;HSPD1;TBRG4;GNL3;NDUFAF4;HK2;BYSL;MYC;RRP9;DDX18;MRTO4;SRM;GRWD1;PHB;UTP20;SLC29A2;DCTPP1;WDR74;CDK4,age_changes_CD14_mono_02032026
Coagulation,0,0.47688612776879363,2.2302476339076125,ADAM9;PECAM1;CLU;PRSS23;CTSB;HTRA1;FURIN;MMP14;TIMP1;F8;GNB2;LRP1;ANG;WDR1;SERPINA1;GSN;LTA4H;CTSK;C1R;RAC1;CSRP1;P2RY1;PLAU;RAPGEF3;SERPING1;VWF;PROS1;RABIF;CPQ;SPARC;SH2B2;CFH;CTSO,age_changes_CD14_mono_02032026
Complement,0.008333333,0.36401533986271056,1.9066788728967416,L3MBTL4;ADAM9;PIM1;CCL5;CLU;CR1;GZMB;CTSB;RBSN;F5;MMP14;TIMP1;WAS;GNG2;F8;GRB2;GNB2;LRP1;PDP1;PLSCR1;ANG;ITGAM;SERPINA1;LTA4H;PIK3R5;GZMA;C1R;ME1;CSRP1;CASP4;PRCP;RHOG;CXCL1;CALM3;CASP5;GZMK;S100A12;SERPING1;LGALS3;SIRT6;PSMB9;PIK3CG;RABIF;CPQ;CPM;USP15;XPNPEP1;CFH;CTSO;DUSP5;DOCK4,age_changes_CD14_mono_02032026
IL-6/JAK/STAT3 Signaling,0.009259259,0.40071963747822104,1.8515222628554842,PIM1;HMOX1;STAT3;IL1R2;GRB2;IL1R1;CSF3R;TNFRSF12A;PTPN1;PTPN11;IL17RA;PTPN2;IL12RB1;PIK3R5;CXCL3;IFNGR2;IL15RA;ACVR1B;IL4R;CD38;STAT1;CXCL1;TYK2;LTBR;CSF1;CCL7,age_changes_CD14_mono_02032026
Hypoxia,0.011805555555555557,0.34017567041341473,1.7657331720768736,PIM1;HMOX1;CAVIN3;MYH9;SDC4;MT2A;SLC25A1;RORA;AK4;NOCT;MT1E;MAP3K1;SDC2;NEDD4L;ALDOA;TGM2;SLC6A6;PGM1;HDLBP;SDC3;FBP1;VHL;MIF;ZNF292;PFKFB3;CITED2;GAA;KDM3A;CHST2;NDST1;PAM;GPI;SLC2A5;SLC2A3;CDKN1B;GRHPR;SLC37A4;GYS1;LXN;XPNPEP1;SLC2A1;MXI1;GALK1;TPBG;LDHA;PFKL,age_changes_CD14_mono_02032026
Angiogenesis,0.017857142857142856,0.46826599496756216,1.6375198382660374,TIMP1;NRP1;APP;VCAN;FGFR1;TNFRSF21;JAG1;ITGAV;LRPAP1;S100A4;THBD,age_changes_CD14_mono_02032026
Apical Junction,0.018055555555555557,0.3277548442002605,1.6603194891616289,ADAM9;MYH9;PECAM1;CNN2;SIRPA;ZYX;MAP3K20;CD99;NECTIN2;FYB1;MVD;CTNNA1;EXOC4;VCAN;GTF2F1;SHC1;AKT2;CRAT;PIK3CB;MPP5;ACTN1;ARHGEF6;SDC3;SYK;ADAM15;RSU1;B4GALT1;WASL;MADCAM1;MDK;VWF;ACTN4;MSN;ITGB4;INPPL1;FSCN1,age_changes_CD14_mono_02032026
heme Metabolism,0.018888889,0.3212134751334586,1.6663954231279263,ADIPOR1;SEC14L1;CTSB;RIOK3;TCEA1;EIF2AK1;PRDX2;SYNJ1;MKRN1;NARF;CAST;GDE1;ACP5;PIGQ;KLF3;SLC25A37;SMOX;RCL1;MPP1;GMPS;FBXO7;ATP6V0A1;PGLS;TFDP2;SLC6A8;PDZK1IP1;MFHAS1;HEBP1;PICALM;FN3K;CIR1;HTATIP2;MBOAT2;SLC10A3;PC;FBXO9;USP15;SLC2A1;GYPC;MXI1;SLC30A1;VEZF1;DCAF11;SLC7A11;TRAK2;BNIP3L;BPGM;TNS1;KAT2B;BLVRB;BACH1;BTRC;RNF19A;HBB;PSMD9;ERMAP;XPO7;BSG,age_changes_CD14_mono_02032026
Interferon Gamma Response,0.019444444444444448,0.3059557740037823,1.610090520474871,IL10RA;VAMP5;PIM1;CCL5;HIF1A;TXNIP;FCGR1A;STAT3;FPR1;MT2A;TAPBP;MVP;UPP1;PLSCR1;ST8SIA4;PTPN1;ARID5B;PTPN2;METTL7B;STAT4;OGFR;GZMA;LATS2;IFITM2;PSMB10;C1R;PELI1;CMTR1;IL15RA;CASP4;IFITM3;ADAR;CASP8;IL4R;IL2RB;CD38;STAT1;HLA-DMA;SERPING1;NLRC5;PSME1;PSMB9;TRIM26;CCL7;TRAFD1;BATF2;CFH;MYD88;SOCS3;ZNFX1,age_changes_CD14_mono_02032026
Wnt-beta Catenin Signaling,0.02298287,-0.464522714,-1.578277459,LEF1;TCF7;MYC;NOTCH4;TP53;HDAC2;NKD1;KAT2A;AXIN2,age_changes_CD14_mono_02032026
Fatty Acid Metabolism,0.023030453492221117,-0.380630678,-1.609608607,CD1D;ACADM;IL4I1;HCCS;HSPH1;SDHD;MDH1;NTHL1;CA2;CCDC58;GPD2;ECI2;PDHA1;OSTC;APEX1;CPOX;ECI1;ECH1;BCKDHB;SUCLG1;HSP90AA1;NBN;REEP6;HSD17B7;ACSM3;FH;HMGCL;MCEE;ODC1;RDH11;BPHL;ACSS1;GCDH;PDHB;RDH16;ACAA1,age_changes_CD14_mono_02032026
Apoptosis,0.026851851851851852,0.3076219089410283,1.5450422092519995,TXNIP;HMOX1;CLU;PRF1;DAP;TIMP1;TNFRSF12A;BCL2L1;BCL2L2;APP;RELA;F2R;TGFBR3;SPTAN1;HSPB1;GSN;IGF2R;GPX4;CASP2;GPX3;RHOT2;DNAJC3;CASP4;IFITM3;CASP8;DPYD;CD38;BCL2L11;IL18;LGALS3;CDKN1B;GNA15;MADD,age_changes_CD14_mono_02032026
Unfolded Protein Response,0.037457795431976165,-0.366260164,-1.519204842,NOP56;SRPRB;EIF2S1;NFYB;DDX10;TTC37;DNAJA4;RRP9;KIF5B;EIF4A1;EXOSC2;GOSR2;EIF4A3;XBP1;CKS1B;IFIT1;VEGFA;PAIP1;YIF1A;EIF4A2;DKC1;ALDH18A1;SLC7A5;SLC1A4;CNOT4;PSAT1;NOLC1;IMP3;PDIA6;HERPUD1;PDIA5;LSM1;CNOT6;TATDN2;EXOSC5;BANF1,age_changes_CD14_mono_02032026
Oxidative Phosphorylation,0.039113704,-0.340426202,-1.500101833,ACADM;MTX2;HCCS;CYCS;SDHD;FXN;MDH1;CYB5A;NDUFA9;PDHA1;NDUFB8;ECI1;NDUFA8;SLC25A11;VDAC3;ECH1;NDUFB3;ATP6V1D;SUCLG1;TIMM17A;MRPS22;LRPPRC;MGST3;IDH3A;ATP5PO;ATP6V1C1;ACAT1;FH;ATP5F1B;NDUFA7;PDHX;ETFA;NDUFC2;ATP6V1E1;FDX1;SLC25A12;SLC25A20;TIMM8B;TIMM9;UQCRC2;COX17;NDUFV2;PDHB;ATP5MC3;ACAA1;ATP5PF;NDUFS2;MRPS11;ACAA2;NDUFS4;CASP7;MRPL35;TIMM10;DLAT,age_changes_CD14_mono_02032026
Mitotic Spindle,0.042499999999999996,0.2806730871574978,1.4689110805202432,NET1;MYH9;STAU1;WASF1;PXN;LMNB1;PCGF5;CDC42BPA;SSH2;SPTAN1;GSN;TUBGCP2;MYO9B;FLNA;NUMA1;TBCD;ARHGEF3;RHOT2;ARHGAP10;ABI1;ARHGAP5;KIF22;DYNC1H1;ARHGDIA;WASL;DYNLL2;LLGL1;CAPZB;BCL2L11;ATG4B;CDC42EP4;ACTN4;PREX1;ARHGAP4;CNTROB;LATS1;FSCN1;CLIP2;HOOK3;INCENP;KATNB1;RAB3GAP1;DOCK4;NIN;MAP1S;SUN2;TUBGCP6,age_changes_CD14_mono_02032026
Myogenesis,0.053703704,0.2828633453022579,1.4226376704906358,MYH9;CLU;PDLIM7;TPM3;MYL6B;KIFC3;APP;PDE4DIP;SPTAN1;RB1;GSN;AKT2;CRAT;NCAM1;LSP1;ATP6AP1;GPX3;FOXO4;GAA;PRNP;SLC6A8;VIPR1;MEF2D;DAPK2;SH2B1;PVALB;ACSL1;RIT1;PC;SPARC;ITGB4;SYNGR2,age_changes_CD14_mono_02032026
Cholesterol Homeostasis,0.058585858585858595,0.32610833476616896,1.4226514255243443,CXCL16;CLU;ACSS2;TP53INP1;TNFRSF12A;MVD;PLSCR1;GUSB;ABCA2;FDFT1;SREBF2;LGALS3;DHCR7;TM7SF2;CHKA;TMEM97;JAG1;STARD4;ETHE1;CD9;CPEB2;PPARG,age_changes_CD14_mono_02032026
Pancreas Beta Cells,0.062239325,-0.515765173,-1.439372544,SRPRB;SRP9;LMO2;AKT3;VDR,age_changes_CD14_mono_02032026
E2F Targets,0.092431107,-0.314743879,-1.387450105,GSPT1;NOP56;STMN1;EIF2S1;TBRG4;KPNA2;MYC;POLD2;NME1;TP53;UBE2S;CKS2;IPO7;UBE2T;DCK;EED;PRDX4;RFC3;RPA2;LYAR;RPA3;CBX5;CKS1B;PCNA;NBN;SRSF2;DCTPP1;BIRC5;CSE1L;CTPS1;CDK4;AK2;DIAPH3;SMC3;MYBL2;XPO1;DLGAP5;RANBP1;MCM2;RAN;CENPM;PPP1R8;ASF1A;HNRNPD;SRSF1;KIF4A;ESPL1;ZW10;DSCC1;SNRPB;NOLC1;RPA1;PAICS;CDC20;MAD2L1;NUP205;NASP;TUBG1,age_changes_CD14_mono_02032026
Xenobiotic Metabolism,0.094444444,0.262139746,1.3277943036351378,CYP27A1;HMOX1;PGD;MT2A;AQP9;PTGDS;BCAT1;UPP1;IL1R1;GNMT;MAN1A1;SLC6A6;TPST1;PGRMC1;ABCC3;DHRS1;PSMB10;FBP1;SMOX;PMM1;ELOVL5;CBR1;PPARD;ATP2A2;DDAH2;PROS1;AKR1C3;PC;GSR;ACOX1;PEMT;ACOX2;EPHX1;PTGR1;ETFDH;TMEM97;PDK4;BLVRB;PTGES,age_changes_CD14_mono_02032026
Glycolysis,0.099801587,0.2541333494656196,1.3141993750162242,DSC2;QSOX1;MERTK;AK4;LHPP;PLOD1;PKM;GUSB;ANG;VCAN;SDC2;ALDOA;G6PD;TPST1;ECD;HDLBP;TGFA;SDC3;GNE;ME1;MIF;ZNF292;PYGL;CITED2;PGLS;PHKA2;CHPF2;CHST2;PYGB;B4GALT1;PAM;AK3;SLC37A4;GYS1;PC;PGAM1;IDUA;GFPT1;TALDO1;MXI1;GALK1;TPBG;LDHA;PPIA;RBCK1;ADORA2B,age_changes_CD14_mono_02032026
Reactive Oxygen Species Pathway,0.10462962962962963,0.32237307462113224,1.3010282519849523,CDKN2D;PRDX2;PTPA;G6PD;HHEX;LSP1;GPX4;GPX3;PRNP;MPO;SCAF4;GSR,age_changes_CD14_mono_02032026
DNA Repair,0.11718250027584684,-0.318762457,-1.35192813,BOLA2;UPF3B;POLR2H;NME1;TP53;GTF2H5;NUDT9;EIF1B;ADA;TSG101;ALYREF;SNAPC5;RFC3;RPA2;ZNRD1;TAF10;RPA3;PNP;PCNA;TAF12;TYMS;PDE6G;CSTF3;GTF2H3;POLR2K;CMPK2;CETN2;PDE4B;RBX1;ERCC4;POLR1C;ADCY6;DAD1;COX17;ITPA;AK1;IMPDH2;UMPS;NELFCD,age_changes_CD14_mono_02032026
Inflammatory Response,0.13055555555555556,0.24448581414356732,1.2632686517741256,IL10RA;CCL5;CD82;HIF1A;FPR1;MSR1;AQP9;TAPBP;MMP14;TIMP1;MARCO;IL1R1;CSF3R;RNF144B;RELA;BEST1;PIK3R5;IFNGR2;IL15RA;ACVR1B;ABI1;P2RX4;CHST2;RHOG;IL4R;IL10;IL2RB;IL18;ATP2A2;CSF1;CCL7;GNA15;ABCA1;EMP3;TPBG;ADRM1;TLR2;PTGER2;ADORA2B;ICOSLG;CD70;INHBA;SCN1B;P2RX7;KCNA3;TNFRSF1B,age_changes_CD14_mono_02032026
UV Response Dn,0.13425925925925927,0.2507362253003764,1.2411099190064634,CDC42BPA;NRP1;PTGFR;SCAF8;MT1E;TGFBR3;SDC2;PIAS3;AMPH;PEX14;SIPA1L1;PRKCE;SYNE1;CITED2;ATP2B4;ADD3;ICA1;CDKN1B;PRKAR2B;DLC1;APBB2;YTHDC1;PHF3;CELF2;SLC22A18;LAMC1;AGGF1;ERBB2;ADORA2B;PTPRM;MGMT;TGFBR2;PRDM2;KCNMA1;PPARG;PMP22;ANXA4;WDR37;MIOS;NR1D2,age_changes_CD14_mono_02032026
Adipogenesis,0.13480392156862744,0.24594289800315752,1.2492684559062694,BAZ2A;CDKN2C;RAB34;RIOK3;SLC25A1;CD302;RNF11;ADIPOR2;ALDOA;CRAT;PGM1;NABP1;PEX14;GPX4;COX8A;BCL2L13;GPAT4;GPX3;ME1;APLP2;PFKFB3;BCL6;UQCRC1;TKT;UBQLN1;STOM;RREB1;PIM3;RMDN3;DHCR7;PPM1B;ABCA1;CMPK1;TALDO1;ELOVL6;ACOX1;UQCR11;PFKL;PEMT;CD151;SULT1A1;ELMOD3;CCNG2;SLC27A1;NDUFB7;IMMT;PHYH;ACADS;STAT5A;CMBL;PPARG;COX6A1;UBC;ITGA7;DHRS7;CS;UCP2,age_changes_CD14_mono_02032026
p53 Pathway,0.14327485380116958,0.23940988378152656,1.2273504592590956,GM2A;CD82;TXNIP;HMOX1;TCN2;DDB2;SERTAD3;CDKN2A;UPP1;ZFP36L1;APP;F2R;RB1;VWA5A;CCNG1;DRAM1;TGFA;PMM1;COQ8A;ACVR1B;SEC61A1;RAP2B;RAB40C;ZBTB16;STOM;RRP8;ANKRA2;ITGB4;TRAFD1;PERP;PRKAB1;SLC7A11;ALOX15B;LDHB;EPHX1;SP1;RPL18;CCNK;CDKN2B;S100A10;PVT1;CTSF;XPC;SPHK1;ABHD4;TGFB1;SESN1;ABCC5,age_changes_CD14_mono_02032026
Epithelial Mesenchymal Transition,0.1926388888888889,0.2392384310473164,1.1795855763041734,SDC4;QSOX1;HTRA1;MMP14;TIMP1;ANPEP;TNFRSF12A;LRP1;TPM4;AREG;PLOD1;VCAN;TGFBR3;EFEMP2;TGM2;FLNA;COLGALT1;IL32;SLC6A8,age_changes_CD14_mono_02032026
TNF-alpha Signaling via NF-kB,0.2071598808341609,-0.285073013,-1.270399463,IL7R;SLC2A6;CCL4;NFKB1;GCH1;GADD45B;MYC;PTX3;PMEPA1;TNFRSF9;CXCL10;MARCKS;HES1;TNFAIP8;IFIH1;NR4A1;TNF;IL23A;RCAN1;NFKBIE;TIPARP;CFLAR;IER3;VEGFA;PTGER4;IL1B;IL1A;SERPINB2;PDE4B;LIF;NFE2L2;RNF19B;ACKR3;IER5;BIRC3;TANK;PHLDA2;CCL20;MSC;IL6ST;PLK2;IFIT2;EFNA1;TNFAIP3;LDLR;KLF2,age_changes_CD14_mono_02032026
Estrogen Response Late,0.20992063492063492,0.2229229649684974,1.1598976446585356,RAB31;NAB2;PRSS23;ITPK1;ALDH3B1;ABHD2;AREG;SERPINA1;JAK1;FDFT1;NCOR2;ELOVL5;PRLR;FKBP5;DNAJC1;SLC9A3R1;ATP2B4;NRIP1;ADD3;MDK;CELSR2;PRKAR2B;DHCR7;SNX10;PERP;AMFR;LSR;TPBG;OLFM1;SLC22A5;ST6GALNAC2;ACOX2;RNASEH2A;BATF;SGK1;DLG5;CKB;BLVRB;PTGES;PTPN6,age_changes_CD14_mono_02032026
KRAS Signaling Up,0.22118579037645572,-0.290148478,-1.249825756,RABGAP1L;JUP;IL7R;ETS1;FUCA1;IL2RG;WDR33;CXCL10;ST6GAL1;C3AR1;CA2;LAT2;TSPAN13;MAP4K1;HDAC9;GUCY1A1;IRF8;TLR8;DCBLD2;GNG11;PLVAP;IL1B;LIF;PRDM1;BIRC3;GADD45G;CXCR4;PLAT;CCL20;CSF2RA;TRIB2;MMP9;CBL;TPH1;TNFAIP3;GLRX;MALL;CBR4;CLEC4A;ADAMDEC1;RGS16;TMEM158;ADAM8;MPZL2;KCNN4;GPRC5B;PTGS2;ADGRA2;IKZF1;YRDC;EVI5;SEMA3B;KIF5C;AKAP12;ENG,age_changes_CD14_mono_02032026
Notch Signaling,0.2759371896722939,-0.3733813,-1.209269712,ST3GAL6;TCF7L2;LFNG;HES1;KAT2A;RBX1;DTX1;ARRB1;HEYL;PSENEN;CCND1;FZD7,age_changes_CD14_mono_02032026
Apical Surface,0.27605797876403637,-0.364108044,-1.197400408,TMEM8B;IL2RG;LYPD3;MAL;GHRL;DCBLD2;AKAP7,age_changes_CD14_mono_02032026
mTORC1 Signaling,0.2777929493545183,-0.268860284,-1.186193873,ABCF2;HSPE1;EEF1E1;GOT1;HSPD1;HK2;PSMC4;CYB5B;LGMN;PSMC6;CTSC;PNO1;RRP9;XBP1;PRDX1;ATP6V1D;PNP;IFRD1;NMT1;ACTR3;PSMA3;PITPNB;TOMM40;COPS5;SKAP2;PSMA4;DAPP1;MCM2;RDH11;FDXR;CACYBP;CXCR4;PSMB5;MLLT11;SLC1A5;SLC7A5;STIP1;UCHL5;SLC1A4;NUPR1;LDLR;HMGCR;GLRX;PSAT1;SORD;RPA1;USO1;NUP205;FGL2;TUBG1;POLR3G,age_changes_CD14_mono_02032026
IL-2/STAT5 Signaling,0.2947517378351539,-0.266540298,-1.167162954,LTB;RABGAP1L;IKZF2;RHOH;CD79B;BATF3;HK2;IL3RA;GADD45B;NT5E;CD81;MYC;TNFRSF9;CXCL10;IGF1R;ITGA6;CA2;CTSZ;SOCS1;CAPN3;CDKN1C;LCLAT1;SLC29A2;XBP1;PNP;CD48;IRF8;TIAM1;SCN9A;ICOS;RNH1;LIF;EEF1AKMT1;WLS;ODC1;FAH;NDRG1;IL2RA;TNFRSF8;SOCS2;SLC1A5;PLIN2;UMPS,age_changes_CD14_mono_02032026
G2-M Checkpoint,0.3058896547695543,-0.258669825,-1.140923284,GSPT1;KIF23;STMN1;MNAT1;KPNA2;MYC;MARCKS;UBE2S;CKS2;HIRA;KIF5B;FBXO5;MTF2;G3BP1;RPA2;CKS1B;SLC38A1;CASP8AP2;SMC2;SRSF2;BIRC5;RBM14;DTYMK;CENPA;KATNA1;CDK4;SLC7A1;SNRPD1;DKC1;MYBL2;XPO1;BUB3;MCM2;ODC1;PURA;SLC7A5;CHAF1A;HNRNPD;TTK;SRSF1;KIF4A;AMD1;ESPL1;NOLC1;PRMT5;CDC6;CDC20;MAD2L1;NASP;E2F4;TROAP;MAPK14;ARID4A;UBE2C;NDC80;PRPF4B;SYNCRIP;EXO1;CCNA2;CCND1;ORC5;GINS2;CDC25A;CUL3;STAG1,age_changes_CD14_mono_02032026
Allograft Rejection,0.30973342850049657,-0.264913997,-1.14940775,CD79A;LTB;CD1D;ABCE1;CD3D;ETS1;IL2RG;CD8B;CCL4;TRAT1;NME1;MAP4K1;LY75;SOCS1;ITGAL;HDAC9;CD3G;UBE2N;LCK;MRPL3;TNF;ITK;EIF3J;IGSF6;IRF8,age_changes_CD14_mono_02032026
KRAS Signaling Dn,0.31138695796094007,-0.271394172,-1.127828833,TCL1A;RYR1;LFNG;LYPD3;VPS50;RSAD2;CD40LG;TGM1;IFI44L;SERPINB2;SKIL;ENTPD7;GPRC5C;NUDT11;OXT;MAGIX;PTPRJ;SLC25A23;SIDT1;RIBC2;TAS2R4;PDK2;DLK2;TCF7L1;PDE6B;MX1;UPK3B;NR6A1;COPZ2;KCNMB1;STAG3;EDN1;CKM;CD207;SLC5A5;CALCB;TG;TGFB2,age_changes_CD14_mono_02032026
Interferon Alpha Response,0.33517874875868914,-0.273189022,-1.09773874,IFI27;USP18;PROCR;IRF9;CXCL10;SAMD9;IFIH1;GMPR;PSMA3;RSAD2;CMPK2;IFI44L;ISG20;PNPT1;HERC6;TDRD7;IFIT2;IRF7;LPAR6;CD47;SAMD9L;PARP14;DDX60;ISG15;CCRL2;CNP;NMI;MX1;LAMP3,age_changes_CD14_mono_02032026
Estrogen Response Early,0.3415499398944232,-0.259543474,-1.103707363,ABLIM1;FCMR;BCL11B;RASGRP1;MYC;IGF1R;TGIF2;FAM102A;MYB;AQP3;HES1;SLC39A6;TBC1D30;PMAIP1;XBP1;TIPARP;RARA;RETREG1;TIAM1;DEPTOR;CELSR1;RPS6KA2;AKAP1;ABCA3,age_changes_CD14_mono_02032026
Bile Acid Metabolism,0.3496376811594203,0.2278732003705956,1.0698820993144043,HSD3B7;CYP27A1;AQP9;SLC23A2;GNMT;CH25H;ABCA2;GSTK1;SULT1B1;PEX16;PEX26;ACSL1;ABCA1;SLC22A18;ABCD1;LONP2;ABCA6;PHYH;HSD17B11;PXMP2;PRDX5;NEDD4;NUDT12;ALDH9A1;PEX11G;HSD17B4;PECR;GNPAT;PEX13;IDI1;OPTN,age_changes_CD14_mono_02032026
Hedgehog Signaling,0.35075757575757577,0.30468521227134066,1.0761648981297018,TLE3;MYH9;NRP1;ADGRG1,age_changes_CD14_mono_02032026
Spermatogenesis,0.35478318437603446,-0.270157788,-1.077663343,NEFH;CAMK4;RPL39L;POMC;VDAC3;ZC3H14;HSPA2;HSPA1L;SIRT1;ALOX15;STRBP;MLF1;PCSK4;CSNK2A2;TTK;PEBP1;RAD17;NPHP1;RFC4;LDHC;TULP2;CCT6B,age_changes_CD14_mono_02032026
TGF-beta Signaling,0.4465277777777778,0.24309629008583925,1.0235607078028517,RAB31;FURIN;PPM1A;KLF10;RHOA;HIPK2;NCOR2;IFNGR2,age_changes_CD14_mono_02032026
Protein Secretion,0.4766666666666667,0.21404862133366823,1.0060735915143977,ARFIP1;YKT6;IGF2R;ERGIC3;NAPA;ARF1;VAMP7;RAB5A;PAM;VAMP3;GBF1;ICA1;AP2S1;STX16;ADAM10;AP3B1;RAB14;ABCA1;GALC;SEC24D;PPT1,age_changes_CD14_mono_02032026
PI3K/AKT/mTOR  Signaling,0.48237179487179493,0.20841283296439198,0.9959901075077737,MKNK1;DUSP3;GSK3B;GRB2;YWHAB;PTPN11;RAC1;ARF1;ARHGDIA;AKT1S1;CDKN1B;RIT1;TBK1;PPP1CA;SLC2A1;CALR;MYD88,age_changes_CD14_mono_02032026
UV Response Up,0.6577175679335561,-0.216767474,-0.921387727,GCH1;DNAJA1;RASGRP1;CYB5B;PLCL1;POLR2H;CA2;AQP3;HYAL2;E2F5;NR4A1;CDKN1C;HTR7;BID;NAT1;HSPA2;PPAT;GLS;ATP6V1C1;AGO2;IL6ST;GGH;STIP1;CDC34;ACAA1;RRAD;DNAJB1;AMD1,age_changes_CD14_mono_02032026
Pperoxisome,0.827904667,-0.203946525,-0.816564643,SLC25A19;SLC25A17;ECI2;EPHX2;ECH1;PRDX1;HRAS;CTPS1;PEX6;HMGCL;RDH11;ABCD2;PEX2;ACAA1;ABCB9;ACSL5;CLN8;SLC35B2;SOD2;YWHAH;ITGB1BP1;DIO1,age_changes_CD14_mono_02032026
Androgen Response,0.851440329,0.17791794175319298,0.8307100198574265,MERTK;HPGD;ABHD2;ARID5B;ACTN1;ELOVL5;FKBP5;B4GALT1;ACSL3;XRCC6;SMS;GSR;SEC24D;ADRM1;CENPN;CDC14B;SGK1,age_changes_CD14_mono_02032026
Interferon Alpha Response,0,-0.512141503,-1.990395719,CXCL10;IFI27;USP18;IRF9;SELL;SAMD9;PSMA3;CCRL2;NMI;PARP14;HERC6;EPSTI1;LPAR6;SAMD9L;CASP1;RSAD2;CD47;IFI44L;IFIH1;OASL;IRF7;GMPR;IFI44;TDRD7;IFI30;CMPK2;OAS1;MX1;IFI35;CNP;ISG15;BST2;IFIT3;LAP3;PROCR;IRF1;LGALS3BP;IFIT2;DDX60;DHX58;EIF2AK2,age_changes_CD16_mono_02032026
Wnt-beta Catenin Signaling,0.023058341263450702,-0.498498576,-1.639369691,LEF1;TCF7;NOTCH4;CCND2;WNT5B;AXIN1;PSEN2;MYC;ADAM17;TP53;FRAT1;HDAC5;MAML1;PPARD;GNAI1,age_changes_CD16_mono_02032026
Myc Targets V2,0.027328404460386015,-0.442390486,-1.59484906,PPAN;HSPE1;TBRG4;HK2;SRM;BYSL;NDUFAF4;DDX18;NOP56;SLC19A1;DUSP2;HSPD1;MYC;MAP3K6;GNL3;NOP16;PPRC1;WDR74;NIP7;PLK1;SLC29A2;PHB,age_changes_CD16_mono_02032026
Hypoxia,0.03602085,0.3203015827448534,1.615614178272016,MT2A;MT1E;CITED2;PGM1;MYH9;NOCT;DDIT4;HDLBP;ADM;SDC3;SLC6A6;TES;ALDOA;FBP1;GPI;IRS2;LDHA;MIF;GRHPR;CDKN1B;SLC2A3;TGM2;PDK3;SLC25A1;CDKN1A;RORA;GYS1;MXI1;ADORA2B;SLC37A4;XPNPEP1;PDK1;PFKFB3;VHL;KLHL24;TGFBI;PIM1;FOSL2;IDS;NR3C1;DDIT3;NDST1,age_changes_CD16_mono_02032026
Xenobiotic Metabolism,0.040201841,0.32953801277372763,1.630687578374378,BCAT1;MT2A;PTGES;ID2;PGD;ETS2;ELOVL5;VNN1;MTHFD1;SLC6A6;UPP1;FBP1;CYFIP2;ALDH9A1;CAT;RETSAT;PAPSS2;PEMT;KYNU;AQP9;AHCY;CYP27A1;PTS;ALDH2;PTGDS;SHMT2;PSMB10;TMBIM6;DHRS1,age_changes_CD16_mono_02032026
Apical Junction,0.040201841,0.31956225173184727,1.5669604005387674,VCAN;ADAM9;ZYX;PECAM1;MYH9;CNN2;B4GALT1;RSU1;CRAT;CD86;SDC3;CD99;SHC1;MSN;INSIG1;MVD;ADAM15;NECTIN2;ICAM1;CTNNA1;THBS3;MAP3K20;EXOC4;WASL;SIRPA;ARHGEF6;GTF2F1;TGFBI;AKT2;TSC1;BAIAP2;BMP1;PIK3CB;EVL;ACTN4,age_changes_CD16_mono_02032026
Glycolysis,0.051458356,0.3252670904885896,1.6367808321515642,VCAN;CITED2;PKP2;PYGB;QSOX1;PKM;B4GALT1;PYGL;DDIT4;HDLBP;SDC3;PLOD1;ALDOA;PRPS1;ALDH9A1;IRS2;LDHA;MIF;GNE;GUSB;HS2ST1;PDK3;ECD;NANP;PHKA2;GOT2;GYS1;RBCK1;MXI1;ADORA2B;MERTK;SLC37A4;PGLS;LHPP;GFPT1;TGFBI,age_changes_CD16_mono_02032026
KRAS Signaling Up,0.062898031,-0.361662479,-1.491787052,C3AR1;IL7R;IL1B;JUP;ETS1;HDAC9;CXCL10;GLRX;CA2;IL2RG;RABGAP1L;CLEC4A;IKZF1;GNG11;LAT2;CCND2;GUCY1A1;LY96;CSF2RA;YRDC;TRIB2;SEMA3B;WDR33;ADAM17;DUSP6;MAP4K1;EVI5;TSPAN13;ADAM8;PLVAP,age_changes_CD16_mono_02032026
Allograft Rejection,0.069687431,-0.345745694,-1.463562656,LTB;CD79A;IL1B;CD3D;ETS1;HDAC9;LCK;IL2RG;CD7;CD3G;CCL4;CD247;NCK1;CAPG;IGSF6;IFNAR2;TAP2;IFNGR1;UBE2N;CD3E;PRKCB;CD47;CD1D;CCND2;CD8B;ABCE1;EIF3J;CRTAM;IRF7;C2;AKT1;CD96;LY86;CCND3;CD40LG;SIT1;TGFB1;MAP4K1;ITK;GALNT1;BRCA1;LY75;IKBKB;TLR1;TRAT1,age_changes_CD16_mono_02032026
Angiogenesis,0.073971387,0.4921021720216081,1.6440734444909901,VCAN;TIMP1;APP,age_changes_CD16_mono_02032026
IL-2/STAT5 Signaling,0.074042896,-0.340650884,-1.437584635,LTB;CTSZ;CD81;CXCL10;CA2;RABGAP1L;SELL;BMPR2;CAPG;CD79B;CAPN3;CISH;LRRC8C;CDKN1C;TNFSF10;IFNGR1;RHOH;CD48;ITGA6;DENND5A;CCND2;HK2;TNFRSF8;BATF3;P2RX4;RRAGD;CCND3;EEF1AKMT1;XBP1;UMPS;LRIG1;SPRED2;ENO3;LCLAT1;MYC;PDCD2L;IGF1R;TTC39B;PRKCH;PNP;CCNE1;ADAM19;BATF;AGER;BCL2;NT5E;F2RL2;IKZF2;TIAM1;PLPP1;SCN9A;GSTO1,age_changes_CD16_mono_02032026
Cholesterol Homeostasis,0.0829766,0.3262377205184575,1.3893780033197882,LGALS3;TP53INP1;CXCL16;ACSS2;ETHE1;HMGCS1;GUSB;MVD;PDK3;SREBF2;ABCA2;CYP51A1;EBP;TM7SF2;FDFT1;CLU;IDI1;SQLE;STARD4;SCD;CHKA;CTNNB1;ALDOC;TMEM97,age_changes_CD16_mono_02032026
Notch Signaling,0.085864871,-0.457681604,-1.405699064,HES1;ST3GAL6;LFNG;ARRB1;RBX1;PSENEN;PSEN2,age_changes_CD16_mono_02032026
Complement,0.088980075,0.2704986544854774,1.392410832143505,CCL5;LGALS3;S100A12;GNG2;PDP1;LTA4H;GZMB;ADAM9;L3MBTL4;RBSN;TIMP1;C1QA;C3;C1QC;WAS;ITGAM;KLK1;CASP9;F5;LCP2;LRP1;KYNU;USP15;CTSB;CPQ;S100A9;DOCK4;CSRP1;PLEK;GNB2;GZMA;RABIF;GATA3;CALM3;PRSS3,age_changes_CD16_mono_02032026
Pancreas Beta Cells,0.090760193,-0.540219416,-1.38743252,LMO2;SRP9;FOXO1;AKT3;DPP4;SRPRB;STXBP1,age_changes_CD16_mono_02032026
p53 Pathway,0.090856161,0.2772466344410303,1.4066504212476534,ZBTB16;CCNG1;TXNIP;DDB2;SESN1;SERTAD3;TOB1;DDIT4;CDKN2A;UPP1;STOM;CYFIP2;PVT1;APP;MDM2;SLC19A2;RETSAT;PIDD1;CCNK;MAPKAPK3;TSPYL2;DNTTIP2;SEC61A1;CDKN1A;GM2A;NUDT15;AEN;FDXR;VWA5A;PLXNB2;TSC22D1;ZFP36L1;LDHB;CDKN2B;VAMP8;FAS,age_changes_CD16_mono_02032026
Mitotic Spindle,0.098781666,0.2776139424247944,1.4163796268875364,FLNA;MYH9;TUBGCP2;SSH2;TBCD;NET1;WASF1;TUBGCP5;SUN2;CENPE;ATG4B;ARHGDIA;DYNC1H1;ARHGEF3;ARHGAP5;UXT;ARHGAP4;PXN;SPTAN1;PCGF5;CDC42EP4;KIF22;RASAL2;NIN;MAP1S;LLGL1;DOCK2;DOCK4;KATNB1;RFC1;LMNB1;NUMA1;HOOK3;DYNLL2;EZR;MYO9B;CDC42BPA;WASL;CENPF;MAPRE1;ARHGAP29;CNTROB;TSC1;KIFAP3;BCR;FLNB;CCDC88A;CKAP5;ACTN4;MAP3K11;ARAP3,age_changes_CD16_mono_02032026
Apoptosis,0.12979451512222942,0.2611743277266448,1.2880881587405444,LGALS3;IL18;TXNIP;PRF1;TIMP1;GPX3;BCL2L2;HMGB2;EMP1;APP;EGR3;GPX4;RETSAT;CASP9;IFITM3;CDKN1B;DPYD;CDC25B;RHOB;CDKN1A;SPTAN1;DNAJC3;MADD;FDXR;EBP;ANXA1;TGFBR3;HSPB1;MCL1;FAS;DAP;MGMT;CASP4;CLU;GADD45A;DDIT3;CASP2;SOD2;HMOX1;EREG;IGFBP6;PPT1;CTNNB1;RELA;PEA15;BNIP3L;PTK2;PAK1,age_changes_CD16_mono_02032026
Coagulation,0.13186203837196409,0.36539448281405423,1.6663595949737924,LTA4H;ADAM9;PECAM1;TIMP1;C1QA;C3;THBS1;SIRT2;CASP9;LRP1;CTSB;CPQ;CSRP1;PLEK;ANXA1;GNB2;WDR1;RABIF;USP11;RAC1;CLU;CTSH;BMP1;F8,age_changes_CD16_mono_02032026
IL-6/JAK/STAT3 Signaling,0.13800844252494937,-0.350319529,-1.326710626,LTB;IL1B;CXCL10;IL2RG;IRF9;PDGFC;TNFRSF1A;IFNGR1;CD9;JUN;CSF2RA;CD36;TGFB1;ITGB3;IL6ST;CSF2RB;IRF1,age_changes_CD16_mono_02032026
Adipogenesis,0.1387891248155194,0.2489459708898054,1.2904714468495868,PGM1;RAB34;RIOK3;CD302;TOB1;CDKN2C;CRAT;GPX3;C3;CS;STOM;ALDOA;RTN3;ABCA1;CAT;GPX4;RETSAT;RNF11;TKT;BCL2L13;PEMT;PHYH;ADIPOR2;SLC25A1;RMDN3;NDUFB7;APLP2;ALDH2;CMPK1;ITGA7;STAT5A;CD151;PFKFB3;BAZ2A;COX6A1;ACOX1;COX8A;GPAT4;PEX14;UQCRC1;GADD45A;PIM3;GPHN;SCP2;ACLY;BCL6;BCKDHA;NDUFA5;IDH3G;COQ3;MGLL;DNAJC15;RETN;CCNG2;FAH;QDPR;UBQLN1;DNAJB9,age_changes_CD16_mono_02032026
Fatty Acid Metabolism,0.1399024065653765,0.2682912468722011,1.3003108123080291,GLUL;PCBD1;ELOVL5;VNN1;SUCLG2;CRAT;ALDOA;SMS;UROS;ALDH9A1;RETSAT;DLST;LDHA;MIF;GRHPR;HMGCS1;ACADVL;ADIPOR2;D2HGDH;BCKDHB;PTS;ALDH1A1;HSD17B11;PRDX6;SERINC1;ACOT2;ACOX1;IDI1;UGDH;PSME1;ALDH3A2;ERP29,age_changes_CD16_mono_02032026
Epithelial Mesenchymal Transition,0.15262080716222892,0.2655888112924123,1.3006925839333778,VCAN;FLNA;QSOX1;ID2;TIMP1;PLOD1;THBS1;ANPEP;AREG;INHBA;LRP1;TGM2;RHOB;PCOLCE;EMP3;IL32;IL15;TGFBR3;PPIB;FAS,age_changes_CD16_mono_02032026
TGF-beta Signaling,0.17467974526022986,-0.368031955,-1.286628969,ID3;BMPR2;CDKN1C;TGFBR1;FNTA;SKIL;TRIM33;SMURF2;PMEPA1;SLC20A1;SMAD7;BCAR3;TGFB1;XIAP;SMURF1,age_changes_CD16_mono_02032026
TNF-alpha Signaling via NF-kB,0.17528002661639128,0.2405946383620045,1.233252919861357,CCL5;EGR2;IL18;MAP3K8;ID2;PER1;REL;KLF10;B4GALT1;ETS2;SGK1;GPR183;CLCF1;CEBPD;KLF9;ABCA1;EGR3;IRS2;PHLDA1;RELB;AREG;INHBA;SLC2A3;KYNU;RHOB;CDKN1A;EGR1;ICAM1;PLEK;TRIB1;STAT5A;TSC22D1;NFAT5;MCL1;RIPK2;CXCL2;PFKFB3;SOCS3;TNIP1;HBEGF;ICOSLG;FOSL2,age_changes_CD16_mono_02032026
Oxidative Phosphorylation,0.17784813215235587,-0.296143361,-1.261430008,COX17;ACADM;CYCS;TIMM17A;ATP5MC3;SDHD;ATP5PF;MRPL15;MTX2;NDUFA9;ECI1;SLC25A11;NDUFB8;ATP6V1D;NDUFC2;ATP5PO;ATP6V1E1;FXN;ECH1;NDUFA8;VDAC3;MGST3;ATP5F1B;MTRF1;PDHB;ACAA2;NDUFA7;TIMM8B;NDUFS2;HCCS;ATP5F1C;MRPS22;NDUFB3;SLC25A20;SUCLG1;PDHA1;MRPL34;ATP6V0E1;DECR1;MRPL35;BAX;CASP7;SDHB;SUCLA2;ETFA;NDUFB2;ATP6V1C1;FH;NDUFS6;IDH2,age_changes_CD16_mono_02032026
Myc Targets V1,0.17901657671806268,-0.300592537,-1.270969325,GSPT1;HSPE1;PSMC6;TARDBP;HDGF;EIF2S1;YWHAE;COPS5;SNRPG;SSB;KPNA2;PSMA4;HNRNPD;EIF4A1;PSMA1;VDAC3;PRDX4;ABCE1;SRM;EIF1AX;EIF3J;CCT5;SNRPB2;TXNL4A;RAN;DDX18;NOP56;VBP1;HSPD1;PSMA2;SRSF2;TCP1;MYC;PTGES3;PSMA7;GNL3;PCNA;PSMD7;SET;UBE2E1;EIF4E;NOP16;PSMD14;RPS10;ORC2;SRSF7;SRPK1;NAP1L1,age_changes_CD16_mono_02032026
Androgen Response,0.1828915751728217,0.2726735709503286,1.2364338099912546,ARID5B;B4GALT1;FKBP5;ELOVL5;SGK1;CENPN;FADS1;SMS;HMGCS1;ELL2;INSIG1;PTK2B;ADRM1;TSC22D1;XRCC6;MERTK;VAPA,age_changes_CD16_mono_02032026
Interferon Gamma Response,0.1868091647756387,-0.289824782,-1.234084175,LYSMD2;CXCL10;BANK1;IFI27;USP18;IRF9;SECTM1;GPR18;PSMA3;NMI;TNFAIP2;NFKB1;PARP14;HERC6;IFNAR2;EPSTI1;TNFSF10;SAMD9L;CASP1;RSAD2;IFI44L;IFIH1;OASL;IRF7;XAF1;GCH1;OAS3;IFIT1;IFI44;TDRD7;IFI30;PSMA2;CMPK2;MX2;EIF4E3;MX1;NUP93;IFI35;PNP;P2RY14;ISG15;CASP7;BST2;IFIT3;CSF2RB;LAP3;IRF1;LGALS3BP;TNFAIP3;IFIT2;BPGM;DDX58;DDX60;DHX58;EIF2AK2;AUTS2,age_changes_CD16_mono_02032026
mTORC1 Signaling,0.19229175300455864,0.23372078522573614,1.1993752725962632,BCAT1;CCNG1;LTA4H;PGM1;ELOVL5;DDIT4;FADS1;SLC6A6;TES;RPN1;ALDOA;HSP90B1;GPI;TCEA1;LDHA;CALR;HMGCS1;INSIG1;PPA1;SLC2A3;CANX;ADIPOR2;CDKN1A;PDAP1;PSME3;FDXR;YKT6;CYP51A1;SHMT2;EBP;SLC9A3R1;GSK3B;ACACA;SLC37A4;TM7SF2;PDK1;GMPS;UBE2D3;IDI1;CFP;SQLE;ADD3;SSR1;STARD4;SCD;DDIT3;FKBP2;SORD;ACLY;PPIA;ATP2A2;ACSL3;TFRC;TMEM97;HSPA4;SEC11A;ETF1;NFKBIB;P4HA1;ITGB2;RRP9;QDPR;FADS2,age_changes_CD16_mono_02032026
PI3K/AKT/mTOR  Signaling,0.19250758757383454,-0.315250379,-1.240440462,CAMK4;LCK;IL2RG;NCK1;TNFRSF1A;PTEN;MAPK9;UBE2N;PRKCB;ACTR3;AKT1;PLCG1;PAK4;CAB39;MAPK1;SLA;HRAS;RPS6KA3;EIF4E;DAPP1;ITPR2;THEM4,age_changes_CD16_mono_02032026
DNA Repair,0.19277965150793602,0.24495046785105384,1.211579029970895,CLP1;DDB2;HCLS1;POLR2A;NUDT21;VPS28;POLR1D;GPX4;DGCR8;LIG1;DCTN4;GUK1;SUPT5H;VPS37B;MRPL40;MPC2;ELL;POLD4;SEC61A1;POLR2E;SSRP1;TMED2;ADRM1;POLR2C;ERCC3;USP11;STX3;POLL;POLR3GL;GTF3C5;POLR3C;AAAS;MPG;GTF2F1;POLR2J;POLD1,age_changes_CD16_mono_02032026
heme Metabolism,0.1977930575579461,0.23656805681940765,1.2016283875828324,PRDX2;RIOK3;NUDT4;EIF2AK1;C3;UROS;ADIPOR1;CAT;TCEA1;MKRN1;GYPC;ELL2;TFDP2;CAST;BSG;MINPP1;USP15;CTSB;FBXO9;FBXO7;SEC14L1;SIDT2;MXI1;DCAF11;SYNJ1;AQP3;ISCA1;PGLS;TRAK2;KAT2B;GMPS;YPEL5;NARF;RNF123;HEBP1;VEZF1;GDE1;NR3C1;FN3K;TRIM58;KLF3;ACP5;XPO7;MPP1,age_changes_CD16_mono_02032026
Inflammatory Response,0.22088182905106996,-0.286387633,-1.200191131,C3AR1;FFAR2;CCR7;IL7R;IL1B;CXCL10;LCK;PTGIR;KCNJ2;LPAR1;SELL;CCRL2;NMI;CALCRL;NFKB1;ATP2B1;TNFSF10;NOD2;LTA;CD48;SLC31A2;EDN1;IRF7;RASGRP1;GCH1;P2RX4;MYC;SLAMF1;SLC31A1;PTAFR;ITGB3;OSM;TLR1;GNAI3;PSEN1;BST2;SEMA4D;ITGA5;SGMS2;IRF1,age_changes_CD16_mono_02032026
Estrogen Response Early,0.2383165132527448,0.23462904683465569,1.1612430053816827,PTGES;RAB31;GAB2;KLF10;B4GALT1;FKBP5;ELOVL5;TOB1;ALDH3B1;NADSYN1;EGR3;SLC19A2;ZNF185;ITPK1;PAPSS2;AREG;TGM2;MYBL1;SH3BP5;ASB13;OLFM1;SCNN1A;NRIP1;SLC9A3R1,age_changes_CD16_mono_02032026
Apical Surface,0.25928273050375744,0.30775005999728605,1.1427679068961227,B4GALT1;FLOT2;APP;ADIPOR2;ADAM10;HSPB1;GATA3,age_changes_CD16_mono_02032026
Bile Acid Metabolism,0.2969147166463347,0.2405142340211993,1.0966776754261993,CH25H;FADS1;ABCA1;ALDH9A1;CAT;RETSAT;EFHC1;PHYH;AQP9;CYP27A1;GSTK1;FDXR;ABCA2;ALDH1A1;HSD17B11;PEX11G;IDI1;SULT1B1;GNMT;LONP2;PEX16;SCP2,age_changes_CD16_mono_02032026
Hedgehog Signaling,0.2995037152046135,0.32208127748072823,1.1020226583143242,MYH9;ETS2;TLE3,age_changes_CD16_mono_02032026
Reactive Oxygen Species Pathway,0.3125256158656836,0.26562769932263314,1.1020736217815967,PRNP;PRDX2;GPX3;CAT;GPX4;CDKN2D;PTPA,age_changes_CD16_mono_02032026
Estrogen Response Late,0.3167905068204503,0.22609187070563516,1.1071600717400434,PTGES;RAB31;ID2;FKBP5;ELOVL5;TOB1;SGK1;ALDH3B1;EGR3;ITPK1;PAPSS2;AREG;PLK4;NAB2;GPER1;DNAJC1;OLFM1;SCNN1A;SNX10;NRIP1;S100A9;SLC9A3R1,age_changes_CD16_mono_02032026
Spermatogenesis,0.32659578361759756,-0.29656016,-1.129440875,NEFH;POMC;CAMK4;RPL39L;TLE4;VDAC3;LPIN1;HSPA1L,age_changes_CD16_mono_02032026
E2F Targets,0.3316342634852117,0.2046220822458094,1.0736249856198472,TUBB;HUS1;HMGB3;PTTG1;CDKN2C;NUDT21;CDKN2A;EZH2;PRPS1;HMGB2;ATAD2;CENPE;LIG1;CDKN1B;PLK4;CDC25B;CDKN1A;JPT1;KIF22;POP7;MXD3;ILF3;NAA38;SSRP1;RFC1;LMNB1;TMPO;SHMT1;XRCC6;UBR7;PSIP1,age_changes_CD16_mono_02032026
KRAS Signaling Dn,0.3411428842088039,-0.289112923,-1.111081706,RYR1;TCL1A;LFNG;SKIL;RSAD2;IFI44L;PTPRJ;EDN1;CD40LG;CPEB3;TGM1;GPRC5C;MX1;PLAG1;TCF7L1;MAGIX;PDE6B;ITGB1BP2;NRIP2;KCND1;CKM;SELENOP;PDK2;PRKN;NR6A1;MAST3;IGFBP2;SLC25A23;SERPINB2;BARD1,age_changes_CD16_mono_02032026
Protein Secretion,0.3896302868244756,0.22502791078155965,1.0422197101606474,VAMP3;ABCA1;RAB5A;ATP1A1;ERGIC3;NAPA;TMED10;ADAM10;CD63;STX16;VAMP7;YKT6;AP2B1;RAB14;TMED2;SGMS1;ARFIP1;SEC24D;STX12;COPE;GBF1;ARF1;SEC31A;PPT1;SCRN1,age_changes_CD16_mono_02032026
UV Response Dn,0.39937657440707236,0.21982533760153936,1.0315747877473962,MT1E;CITED2;CELF2;TOGARAM1;SIPA1L1;PIAS3;CDKN1B;INSIG1;MAP2K5;BCKDHB;TGFBR3;SYNE1;CACNA1A;ADORA2B;CDC42BPA;MGMT;MIOS;KCNMA1;PEX14;ADD3;DLC1;NR3C1;ANXA4;SDC2;PRKCE;NR1D2;SRI;PIK3CD;PMP22;MGLL;PHF3;FYN;ARHGEF9,age_changes_CD16_mono_02032026
Unfolded Protein Response,0.444554032,-0.256155435,-1.036420107,GOSR2;KIF5B;EIF2S1;NFYB;CNOT6;BANF1;DNAJA4;EIF4A1;IFIT1;XBP1;NOP56;YIF1A;SPCS3;LSM1;EIF4A3;DDX10;NFYA;TATDN2;EIF4E,age_changes_CD16_mono_02032026
Myogenesis,0.45081512698236664,0.21027707121452388,1.0028855121103397,PRNP;MYH9;CRAT;GPX3;SIRT2;APP;DMPK;PDE4DIP;FOXO4;SYNGR2;CDKN1A;SPTAN1;TPM3;MEF2C;ATP6AP1;PLXNB2;ITGA7;PDLIM7;FLII;RB1;HBEGF;CLU;AKT2;SCD;SH2B1;TNNI2,age_changes_CD16_mono_02032026
UV Response Up,0.452256627,-0.257396906,-1.044477107,DNAJA1;CA2;GLS;PLCL1;CDC34;CDKN1C;HYAL2;DGAT1;E2F5;NAT1;POLG2;RASGRP1;GCH1;CCND3;AMD1;CYB5B;CCNE1;CNP;PRKACA;PPIF;IL6ST;HSPA2;HLA-F;BID;HTR7;POLR2H;SLC6A8;KLHDC3;IRF1;STK25;MARK2;ATP6V1C1;WIZ;RRAD;RXRB;NFKBIA;STIP1;TUBA4A;ALAS1;EIF5;SLC25A4,age_changes_CD16_mono_02032026
Pperoxisome,0.7301320059536881,-0.22225004,-0.865997863,SLC25A19;SLC35B2;PRDX1;CTBP1;ECH1;PEX6;EPHX2;ITGB1BP1;TOP2A;CLN8;MLYCD;HRAS;PEX13;ACOT8,age_changes_CD16_mono_02032026
G2-M Checkpoint,0.7426579313373838,-0.20959864,-0.879028828,GSPT1;E2F4;KIF5B;MARCKS;UBE2S;KPNA2;CKS2;HNRNPD;KMT5A;CASP8AP2;SLC38A1;RBM14;CTCF;DR1;E2F3;TOP2A;SRSF2;RACGAP1;AMD1;MYC;SFPQ;MAPK14;TGFB1;PURA;HIRA;CUL3;TOP1;DTYMK;CKS1B;PRPF4B;STMN1;AURKA;NDC80;UBE2C;PLK1;TRA2B;KIF23;STIL;ARID4A;DKC1;CHAF1A;CHMP1A;CDC27;PAFAH1B1;ORC6;RPA2;MTF2;CCND1;CDC7,age_changes_CD16_mono_02032026
Interferon Alpha Response,0,-0.433935877,-2.404034111,ISG15;USP18;IFI44L;SELL;IRF9;LGALS3BP;SP110;IRF7;RSAD2;SAMD9L;SAMD9;EPSTI1;IFI44;UBE2L6;PLSCR1;MX1;EIF2AK2;SLC25A28;PARP14;IFI35;NMI;DDX60;OAS1;HLA-C;PARP9;LY6E;RTP4,age_changes_CD4_ISGhi_02032026
TGF-beta Signaling,0,-0.474126549,-2.26119919,NOG;ID2;ID3;SKIL;TGFBR1;APC;TRIM33;PPM1A;FKBP1A;SMURF2;SMAD7;SKI;BMPR2;CDK9;HIPK2;PMEPA1;XIAP;SPTBN1;FURIN,age_changes_CD4_ISGhi_02032026
IL-2/STAT5 Signaling,0,0.5356344539585125,2.270945865315401,CST7;PTGER2;AHNAK;PHLDA1;SERPINB6;HOPX;IL10RA;BHLHE40;ADAM19;TNFRSF1B;RORA;KLF6;PRNP;GLIPR2;IL2RB;CAPG;SYT11;XBP1;MYO1C;TNFRSF4;CTLA4;GALM;TRAF1;ALCAM;GPR65;BATF;BCL2;P4HA1;IFNGR1;RABGAP1L;IL2RA;ANXA4;IL18R1;CSF1;AHR;CCR4;CD44;MAP3K8;PHTF2;FLT3LG;NDRG1;TIAM1;TNFRSF18;SYNGR2;CD79B;GPX4;COL6A1;PLEC;CDC42SE2;PIM1;NFIL3;BCL2L1;UCK2;AMACR;SLC39A8;CCNE1;SOCS2;PLPP1;NFKBIZ;FGL2;CD86;LRIG1;IRF4;GABARAPL1;CCND3;F2RL2;SELP;RNH1;SLC1A5;P2RX4;CISH;ITGAV;PRKCH;BATF3;CTSZ,age_changes_CD4_ISGhi_02032026
Epithelial Mesenchymal Transition,0.000448613,0.5269704969533986,2.1091006921238518,LGALS1;TIMP1;ITGB1;IGFBP3;VIM;GLIPR1;ENO2;IL32;FLNA;TGFBR3;FAS;CAPG;EMP3;PLOD3;TPM4;DST;IL15;PFN2;SAT1;CD44;PPIB;CADM1;LRP1;WIPF1;VCAN;TGFBI;SGCB;TPM1;ACTA2;MAGEE1,age_changes_CD4_ISGhi_02032026
Coagulation,0.000897225,0.5036049943113796,1.9248360129210722,TIMP1;CAPN2;ANXA1;CPQ;CFH;CLU;CRIP2;CTSH;DPP4;CSRP1;SERPINA1;PDGFB;PLEK;LRP1;LTA4H;F12;CTSK;F8;PLAT;APOA1;CTSB;GNB2;SPARC;WDR1;F2RL2;ITGA2;GSN;PRSS23;CFD;ARF4;ADAM9;THBS1;PREP;C1R;CTSO;GP1BA;ISCU;ANG;MAFF;MST1;FN1;BMP1;A2M;PF4;SH2B2;S100A13,age_changes_CD4_ISGhi_02032026
Apoptosis,0.0011963,0.465996502,1.9426008680740525,TSPO;TIMP1;LMNA;ANXA1;LGALS3;HMGB2;CLU;ENO2;CASP1;BIRC3;TGFBR3;FAS;CD2;BAX;ATF3;IFNGR1;F2R;TXNIP;BCAP31;SAT1;SOD1;CDKN1B;CD44;GNA15;CASP8;SOD2;KRT18;CDKN1A;CFLAR;SQSTM1;GPX4;IGFBP6;PLAT;SPTAN1;PRF1;PSEN2;MADD;BCL2L1;RNASEL;PLCB2;RHOT2;TOP2A;TAP1;HMOX1;TNF;RETSAT;ISG20;FASLG,age_changes_CD4_ISGhi_02032026
TNF-alpha Signaling via NF-kB,0.002542138,0.4313503401215975,1.819913682750144,CCL5;PHLDA1;RIPK2;BHLHE40;KLF6;BIRC3;GPR183;TNIP1;TRAF1;IL15RA;ZFP36;ATF3;SAT1;TANK;DUSP4;CSF1;CD44;KLF9;CCL4;PANX1;MAP3K8;PLEK;SLC16A6;SOD2;CLCF1;CDKN1A;CFLAR;MSC;SQSTM1;SERPINB8;TRIB1;ZC3H12A;TIPARP;PHLDA2;ICOSLG;NFIL3;B4GALT5;G0S2;ICAM1;PLAUR;DUSP1;PDE4B;TAP1;LITAF;SDC4;TNF;DRAM1;CCL20;PER1;BCL2A1;CD69;CEBPD;TNFAIP2;PDLIM5,age_changes_CD4_ISGhi_02032026
Complement,0.002691675,0.4308458396374779,1.8338659574696057,CCL5;TIMP1;CPQ;CFH;LGALS3;GATA3;ANXA5;CLU;CASP1;GZMK;SPOCK2;CTSH;DPP4;VCPIP1;S100A9;CSRP1;SERPINA1;F5;PDGFB;CTSS;GCA;S100A12;PLEK;LRP1;APOBEC3G;XPNPEP1;LTA4H;PDP1;WAS;F8;PLAT;RBSN;PIK3R5;PRKCD;CD36;PIM1;PLAUR;LIPA;CTSB;APOBEC3F;PRCP;GNB2,age_changes_CD4_ISGhi_02032026
Inflammatory Response,0.003489208,0.42020144772864565,1.7494765716962823,CCL5;PTGER2;TIMP1;RIPK2;IL10RA;TNFRSF1B;KLF6;GPR183;IL2RB;EMP3;CD82;CD70;ACVR2A;IL15RA;SRI;IL15;IL18R1;CSF1;AHR;GNA15;NLRP3;TAPBP;KIF1B;CDKN1A;KCNA3;CD40;PIK3R5;BEST1;OSM;ICOSLG;BST2;ICAM1;PLAUR;TLR3;FPR1;IL18RAP;CXCL8;CSF3R;C5AR1;PDE4B;CYBB;PROK2;NOD2;GNAI3;PTAFR;CCL20;SEMA4D;CD69;P2RX4;TPBG;LTA;IRAK2,age_changes_CD4_ISGhi_02032026
Protein Secretion,0.003701053,0.44099751540231913,1.753735462291857,CD63;TPD52;ANP32E;DST;ARF1;M6PR;AP2B1;TMED10;SOD1;AP3S1;TMED2;STAM;KIF1B;ARFIP1;RAB9A;COPE;KRT18;VAMP3;MON2;SEC24D;GOLGA4;ARFGAP3;SNX2;AP2M1;AP3B1;LMAN1,age_changes_CD4_ISGhi_02032026
Cholesterol Homeostasis,0.004037513,0.46036868159536976,1.7260857927286015,LGALS3;ANXA5;CLU;S100A11;ANTXR2;ALCAM;ATF3;PMVK;SREBF2;FABP5;ABCA2;ACSS2;NFIL3;PLAUR,age_changes_CD4_ISGhi_02032026
Hypoxia,0.0041016,0.4234673949339291,1.7691546944941556,S100A4;IGFBP3;DDIT4;ANXA2;BHLHE40;ENO2;TPD52;RORA;KLF6;IDS;CITED2;ZFP36;BCL2;ATF3;PFKP;P4HA1;GAPDH;PDGFB;CDKN1B;NR3C1;TPI1;TGFBI;XPNPEP1;NDRG1;NEDD4L;CDKN1A;FAM162A;SLC6A6;LDHA;TIPARP;PIM1;NFIL3;PLAUR;MIF;PFKL;MYH9;DUSP1;ALDOA;PGK1;GRHPR;HMOX1;SDC4;ISG20;UGP2;JMJD6,age_changes_CD4_ISGhi_02032026
Allograft Rejection,0.005245315,0.39624330786762213,1.6755132031362625,CCL5;TIMP1;STAT4;SRGN;RIPK2;NCF4;TPD52;FLNA;FAS;CDKN2A;IL2RB;CAPG;CD2;ACVR2A;GPR65;MAP4K1;CCR2;IFNGR1;F2R;IL2RA;IL15;CXCR3;GCNT1;CSF1;CTSS;NLRP3;CCL4;IL2;MAP3K7;TAPBP;IL12RB1;CD96;DEGS1;WAS;CD74;IFNG;CD40;SPI1;CCR5;PRF1;ICOSLG;ICAM1;KRT1;CD4;TLR3;IL18RAP;FGR;CD86;TAP1;HLA-DRA;IRF4;TNF;ZAP70;NCK1;FASLG;GZMB,age_changes_CD4_ISGhi_02032026
Myogenesis,0.005458119,0.4106400852588941,1.6809374952579035,ITGB1;IGFBP3;FXYD1;BHLHE40;CLU;SORBS3;PRNP;FHL1;MYO1C;TPM3;GNAO1;CDKN1A;ATP6AP1;SYNGR2;PTP4A3;SPTAN1;NQO1;CD36;LPIN1;PSEN2;PDE4DIP;MAPRE3;MYH9;KCNH2;SPARC;SVIL;AGL;DMPK;DAPK2;ADAM12;TNNC1;PC;GSN;TPM2;TAGLN;CFD;WWTR1;RYR1;FLII;IGFBP7;ADCY9;TNNC2;PYGM;FKBP1B;AKT2;CACNA1H;CKB;MYH11;PDLIM7;COL6A3;ERBB3;CNN3;MAPK12;PFKM;GAA;ITGB4;SH3BGR;CTF1;AK1;MEF2C;SH2B1;MYLPF,age_changes_CD4_ISGhi_02032026
Reactive Oxygen Species Pathway,0.005872746,0.4711905941489808,1.6844132090145791,PRNP;PRDX6;TXN;PFKP;PRDX2;PRDX4;SOD1;GCLM;SOD2;PRDX1;GPX4;NQO1;CDKN2D,age_changes_CD4_ISGhi_02032026
Angiogenesis,0.0071778,0.6020696276609595,1.646194383571248,S100A4;TIMP1;VCAN;LRPAP1,age_changes_CD4_ISGhi_02032026
Myc Targets V1,0.00752587,-0.309230934,-1.850376276,EEF1B2;RACK1;RPL22;RPS5;PSMA2;NOP56;GNL3;SET;RPL6;TRIM28;SRSF3;CCT2;RPLP0;RPS6;PSMA4;RPS10;EIF4A1;HDGF;RPL18;APEX1;C1QBP;HNRNPA2B1;SERBP1;CYC1;HDDC2;RPS2;EIF3J;RPL34;RPL14;NPM1;NCBP2;NME1;CCT5;LSM2;RPS3;DDX21;TXNL4A;PHB;HNRNPD;HDAC2;DHX15;EIF3B;SRM;CCT3,age_changes_CD4_ISGhi_02032026
p53 Pathway,0.013722264877410663,0.3668949948862606,1.5642257834945152,S100A4;S100A10;STOM;DDIT4;PERP;CASP1;FAS;CDKN2A;DDB2;CCNG1;CGRRF1;AEN;CD82;RPS27L;BAX;ATF3;F2R;TXNIP;EPS8L2;SAT1;UPP1;GLS2;TOB1;ZBTB16;NDRG1;CDKN1A;PMM1;FAM162A;PHLDA3;VAMP8;XPC;VWA5A;PROCR;HINT1;ZNF365;POLH;RCHY1;TAP1;HMOX1;RETSAT;PVT1;DRAM1;GM2A;CSRNP2;CCND3;SLC3A2,age_changes_CD4_ISGhi_02032026
Estrogen Response Late,0.013936895174211188,0.3796708848106482,1.577223316321086,DYNLT3;LSR;PERP;MICB;XBP1;BATF;ZFP36;S100A9;BCL2;SERPINA1;FABP5;ELOVL5;CD44;SLC7A5;FKBP5;WFS1;TOB1;TIAM1;SLC1A4;DNAJC1;AFF1;NBL1;TJP3;ATP2B4;LLGL2;SLC22A5;IMPA2;TOP2A;ABCA3;TMPRSS3;NAB2;ISG20;TNNC1;SLC9A3R1;RAB31;TPBG;XRCC3;CISH;PRSS23;FARP1;ABHD2;ARL3;HSPA4L;RPS6KA2;SLC2A8;SCARB1;MAPT;PTPN6;SLC27A2;RBBP8;CACNA2D2;PLK4;DCXR;TST;CKB;METTL3;SNX10;SLC29A1;JAK2;CA2;CDH1;ADD3;CCND1;RNASEH2A;HOMER2;EGR3;IL17RB;ALDH3B1,age_changes_CD4_ISGhi_02032026
Adipogenesis,0.014131293926641173,0.36715308022969473,1.570105448134019,DHRS7;STOM;APLP2;RAB34;LTC4S;IDH3G;MGST3;IFNGR1;REEP5;TANK;SOD1;RTN3;DNAJB9;BAZ2A;TOB1;CD151;NABP1;RNF11;GPX4;COX8A;ATP1B3;CD36;QDPR;ELOVL6;UBC;GPHN;PEMT;PFKL;NDUFA5;SQOR;CHCHD10;ALDOA;GRPEL1;MGLL;YWHAG;PHYH;CD302;UQCR11;RETSAT;ITSN1;GPAT4;ACLY;CAVIN1;SLC1A5;MDH2;LIPE;ESYT1;SLC19A1;SCARB1;HADH;SDHB;ACO2;ADIPOR2;RETN;RMDN3;SLC25A1;ACOX1;UQCRC1;SOWAHC;TST;COX6A1;CS,age_changes_CD4_ISGhi_02032026
UV Response Dn,0.015103287688791095,0.38567192927920096,1.547962728803214,INPP4B;ANXA2;BHLHE40;TGFBR3;SFMBT1;ATXN1;ACVR2A;CITED2;SRI;KALRN;ANXA4;GCNT1;CDKN1B;NR3C1;ATRX;PIAS3;ATP2B4;BMPR1A,age_changes_CD4_ISGhi_02032026
Pperoxisome,0.019077837080578225,0.38891173230397447,1.5224314943778736,TSPO;GSTK1;ATXN1;IDE;YWHAH;ELOVL5;SLC25A4;ACSL5;SOD1;CADM1;SOD2;PRDX1;ABCD2;ESR2;TOP2A;ITGB1BP1;ABCB9;MVP;HSD17B11;RETSAT;ALDH1A1;FADS1;PEX13;ERCC3;ACOT8;SLC27A2;CNBP;PEX11A;ACOX1;DHCR24;EHHADH;ISOC1,age_changes_CD4_ISGhi_02032026
Apical Surface,0.021704300271303753,0.4585947116239833,1.5013440029567027,GATA3;CRYBG1;IL2RB;GSTM3;MAL;FLOT2;PLAUR;TMEM8B;AFAP1L2,age_changes_CD4_ISGhi_02032026
Fatty Acid Metabolism,0.021982012774775163,0.36105833700460566,1.5049642880275709,LGALS1;S100A10;GLUL;ENO2;PRDX6;LTC4S;IDH3G;PCBD1;BLVRA;YWHAH;ERP29;ELOVL5;ACSL5;HSDL2;LDHA;CD36;G0S2;MIF;SLC22A5;IL4I1;D2HGDH;ALDOA;GRHPR;MGLL;GABARAPL1;ACSM3;TP53INP2;HSD17B11;RETSAT;CBR3;ALDH1A1,age_changes_CD4_ISGhi_02032026
Estrogen Response Early,0.03629683,0.34755733426323254,1.449469201,SH3BP5;DYNLT3;BHLHE40;MICB;XBP1;BCL2;ELOVL5;CD44;SLC7A5;FKBP5;WFS1;TOB1;ELF1;ENDOD1;MYBL1;KRT18;TIAM1;SLC1A4;AFF1;NBL1;TJP3;TIPARP;NADSYN1;GAB2;SNX24;SLC22A5;ABCA3;TMPRSS3;LRIG1;SVIL;AQP3;SYNGR1;SLC9A3R1;DEPTOR;KRT8;RAB31;TPBG;CISH;PMAIP1;PRSS23;FARP1;ABHD2;ARL3;MUC1;ZNF185;RPS6KA2;SCARB1;MAPT;ADCY9;SLC27A2;RBBP8;PEX11A;B4GALT1,age_changes_CD4_ISGhi_02032026
IL-6/JAK/STAT3 Signaling,0.039321861,0.3775359162740193,1.437742808464888,TNFRSF1B;FAS;IL15RA;PTPN1;IFNGR1;IL2RA;IL18R1;CSF1;CD44;MAP3K8;IL12RB1;STAT3;IL9R;PIK3R5;CD36;PIM1;LEPR;CSF3R;HMOX1;TNF,age_changes_CD4_ISGhi_02032026
Oxidative Phosphorylation,0.051175917,-0.218466014,-1.449737282,LDHB;SLC25A5;ATP5PO;NDUFB8;ATP5F1E;ATP5F1C;TIMM8B;UQCRH;FXN;SLC25A6;NDUFC2;TIMM13;UQCRB;COX4I1;CYC1;TIMM10;BDH2;ATP5MG;NDUFA9;ATP5ME;COX7C;NDUFA7;ETFB;ATP5MC3;ATP5MC1;SURF1;NDUFB6;SDHD;ECI1;COX6C;MRPS11;UQCRC2;MTRF1;NDUFA2;ACAA2;MDH1;COX7A2L;SLC25A11;MTX2;NDUFB1;NDUFS2;COX15;ATP6V1D;ACADM;SUPV3L1;CYCS;PDHX;TIMM9;HSD17B10;ATP5PF;AIFM1,age_changes_CD4_ISGhi_02032026
Myc Targets V2,0.058325494,-0.289638058,-1.469451181,PPAN;NOP56;GNL3;NPM1;IPO4;PHB;SRM;WDR43;TBRG4;MRTO4;TFB2M;EXOSC5;SUPV3L1;DCTPP1;NOP16;TMEM97;RRP12,age_changes_CD4_ISGhi_02032026
mTORC1 Signaling,0.066357266,0.323209815,1.379664648613827,DDIT4;BHLHE40;CCNG1;XBP1;TBK1;P4HA1;SSR1;UFM1;M6PR;GAPDH;ELOVL5;EGLN3;CANX;SLA;SLC7A5;FKBP2;TPI1;LTA4H;PSMC2;CDKN1A;HSP90B1;PRDX1;SLC1A4;SQSTM1;SLC6A6;LDHA;ASNS;QDPR;NFIL3;ARPC5L;MCM4;ELOVL6;PSMD12;NFYC;PFKL;ACACA;RPN1;ALDOA;FGL2;PSMG1;PGK1;PSME3,age_changes_CD4_ISGhi_02032026
Wnt-beta Catenin Signaling,0.067732832,-0.31293467,-1.38433372,TCF7;LEF1;KAT2A;FRAT1;MAML1;HDAC2;TP53;NKD1;NOTCH1;GNAI1;NCOR2,age_changes_CD4_ISGhi_02032026
Androgen Response,0.068547991,0.3482788504515956,1.371885033,INPP4B;TPD52;CDC14B;ELOVL5;SAT1;DNAJB9;FKBP5;ARID5B;NDRG1;MAF;SEC24D;TMEM50A;IQGAP2;GPD1L;PLPP1;UBE2J1;LMAN1;GNAI3;PA2G4;ELL2;PIAS1;CCND3;KRT8;ITGAV;PDLIM5;XRCC6;ABHD2;NKX3-1;AKAP12;FADS1,age_changes_CD4_ISGhi_02032026
KRAS Signaling Up,0.070225111,0.3292922341778089,1.3655236568970541,PRDM1;NAP1L2;CFH;PCSK1N;IGFBP3;IL10RA;TNFRSF1B;ADAM8;BIRC3;KIF5C;TRAF1;MAP4K1;RABGAP1L;CTSS;WNT7A;LCP1;CAB39L;TRIB1;PLAT;GALNT3;VWA5A;CDADC1;G0S2;PLAUR;AMMECR1;HSD11B1;ACE;CLEC4A;KCNN4;CCL20;PPBP,age_changes_CD4_ISGhi_02032026
Interferon Gamma Response,0.085867757,0.3108455406990712,1.339980567914318,CCL5;STAT4;CFH;RIPK2;IL10RA;ZBP1;CASP1;HLA-DRB1;FAS;IL2RB;IL15RA;PTPN1;PFKP;SRI;TXNIP;IL15;UPP1;IRF5;CIITA;TAPBP;ARID5B;CASP8;ITGB7;SOD2;CDKN1A;STAT3;CD74;CD40;VAMP8;PIM1;SLAMF7;BST2;P2RY14;ICAM1;IL18BP;NOD1;FPR1;RIPK1;FGL2;PDE4B;CD86;TAP1;IRF4;MVP;ISG20;SECTM1;APOL6;TRIM26;PSMB2;OASL;CD69;PELI1;SELP;CD274;PSMB9;TNFAIP2,age_changes_CD4_ISGhi_02032026
Bile Acid Metabolism,0.096219648,0.3350915739697458,1.3207620099097173,GSTK1;ATXN1;OPTN;NR3C2;ACSL5;SOD1;PEX16;GCLM;ABCA2;ABCD2;NPC1;APOA1;HACL1;AMACR;ABCA3;ABCA5;PHYH;HSD17B11;RETSAT;ALDH1A1;LIPE;FADS1;PEX26;PEX13;SLC27A2;HSD17B6;NUDT12;PEX11A;DHCR24;ISOC1;SLC29A1;SLC22A18;PFKM;PEX12;BCAR3;FDXR;CH25H;SCP2;ALDH9A1;RXRA;PIPOX;ABCG8,age_changes_CD4_ISGhi_02032026
heme Metabolism,0.097733439,0.3156965962187239,1.3233459354754433,CAST;TENT5C;FBXO7;OPTN;HTATIP2;MGST3;BLVRA;PRDX2;RNF19A;DMTN;NR3C1;HAGH;LRP10;KAT2B;ARL2BP;GCLM;ENDOD1;FN3K;ANK1;PICALM;E2F2;TSPAN5;MKRN1;ASNS;SLC10A3;KHNYN;CTSB;ACSL6;AQP3;PIGQ;TMEM9B;ERMAP;SLC25A37;ELL2;CCND3;SNCA;CDC27,age_changes_CD4_ISGhi_02032026
Mitotic Spindle,0.10715857383948217,0.3055552658517213,1.3038545611945944,ARHGAP5;TBCD;FLNA;ACTN4;ARHGDIA;PCGF5;VCL;DST;EZR;PREX1;SUN2;CEP57;KIF1B;TIAM1;CLIP1;INCENP;KIF20B;PXN;TUBGCP6;SPTAN1;PRC1;RHOT2;ALMS1;TUBGCP5;TOP2A;MYH9;ABR;DYNC1H1;NF1;BRCA2;KIF11;NCK1;ITSN1;KIF3C;KLC1;CDK1;TPX2;CDC27;CKAP5;NUSAP1;LLGL1;BUB1;FSCN1;PDLIM5;GSN;FARP1;KIF5B;CNTROB;ALS2;NDC80;NEDD9;CENPJ;TRIO;ARHGEF12;STAU1;ARFIP2;ARHGAP10;ARAP3;KIF22;MAP3K11;ABI1;MAP1S;RHOF;NUMA1;WASF2;FGD4;SOS1;PLEKHG2;FGD6;KNTC1;AURKA;CDC42EP2;TAOK2;MAPRE1;DOCK2;PALLD;CLIP2;KIF3B;PLK1;NIN,age_changes_CD4_ISGhi_02032026
Apical Junction,0.11435277481650645,0.31465895,1.2930070569037153,ITGB1;SORBS3;CD99;ACTN4;VCL;CTNNA1;TRAF1;YWHAH;ADAM23;NECTIN3;VCAN;TGFBI;CRB3;PIK3CB;GTF2F1;SYMPK;ICAM1;TMEM8B;ADAM15;ITGA3;MYL12B;ZYX;MYH9;KCNH2;NF1;CD86;MADCAM1;ICAM2;NRTN;ITGA10;CD274;CDK8;FSCN1;ITGA2;SHC1;NLGN2;STX4;HADH;AKT2;RSU1;SYK;ATP1A3;ADAM9;NF2;B4GALT1;MAPK11;MSN;SIRPA;RHOF;ICAM4;JAM3;VASP;MPZL2;CLDN7;SKAP2;CDH1;TAOK2;ITGB4;TSPAN4;AMIGO1;CERCAM;BMP1,age_changes_CD4_ISGhi_02032026
Spermatogenesis,0.1577994488474931,0.32070806696204346,1.248369488825248,PCSK1N;IDE;MLF1;PEBP1;GSTM3;DBF4;SPATA6;IL12RB2;PRKAR2A;LPIN1;PHF7;PSMG1;TSN;NCAPH;ACE;CDK1;VDAC3;BUB1;MLLT10;PARP2;HSPA4L;CCT6B;MAST2;NF2;ZC2HC1C;NPHP1;JAM3;CDKN3,age_changes_CD4_ISGhi_02032026
Unfolded Protein Response,0.16998335667024653,0.3043690755027871,1.2337744643266906,DDIT4;PDIA6;ERN1;XBP1;EXOSC9;ATF3;SSR1;XPOT;HERPUD1;DNAJB9;SLC7A5;WFS1;NABP1;HSP90B1;SPCS1;SLC1A4;HYOU1;ASNS;WIPI1;CNOT2;DCP1A;ZBTB17;DCTN1;YWHAZ;SHC1;HSPA9;SRPRA;KIF5B;EEF2;PSAT1;MTHFD2,age_changes_CD4_ISGhi_02032026
Glycolysis,0.18203112139303607,0.28961160412638154,1.2199302660271922,IGFBP3;DDIT4;ENO2;CITED2;TXN;PFKP;P4HA1;EGLN3;GFPT1;SOD1;CD44;TPI1;CHPF2;CHST12;ECD;VCAN;TGFBI;FAM162A;PKM;LDHA;MIF;ALDOA;PGK1;AGL;POLR3K;GNE;ARPP19;ISG20;UGP2;CDK1;BIK;PGAM1;TPBG;MDH2;PC;GMPPA;GUSB;PLOD1;CHPF;CACNA1H;IL13RA1;SLC16A3;B4GALT1;B3GNT3;TGFA;PAM;PRPS1,age_changes_CD4_ISGhi_02032026
Xenobiotic Metabolism,0.19203178740039734,0.28970846951146584,1.2079124409109856,DHRS7;FAS;ELOVL5;ABHD6;UPP1;PTGDS;PMM1;ABCD2;NPC1;SLC6A6;NQO1;HACL1;CD36;SSR3;SLC12A4;PEMT;CES1;ACP2;HMOX1;PTGES3;HSD11B1;GABARAPL1;ARPP19;RETSAT;PPARD;LCAT;CDA;SLC1A5;TMEM176B;PDLIM5;PC;IL1R1;CYP2E1;ACO2;TMBIM6;ACOX1;KYNU;DCXR;SPINT2;HES6,age_changes_CD4_ISGhi_02032026
DNA Repair,0.22081704442687974,0.28026419180636564,1.183461124663825,COX17;DDB2;DUT;BCAP31;TK2;SUPT5H;TMED2;TAF6;VPS28;POLA2;TAF9;GPX4;GTF2F1;POLE4;XPC;SSRP1;SMAD5;DDB1;AGO4;ELL;EIF1B;POLH;POLR3C;PDE4B;SUPT4H1;POLR3GL;POLR2E;NUDT21;TAF1C;HCLS1;CDA;NPR2;POLR2K;NFX1;GUK1;ELOA,age_changes_CD4_ISGhi_02032026
E2F Targets,0.28621477857768474,0.2650455149327752,1.1365582532825356,HMGB2;ANP32E;CDKN2A;MAD2L1;PTTG1;EED;PRDX4;DUT;CENPM;CDKN1B;POLA2;CDKN1A;ATAD2;POLE4;SSRP1;TCF19;SLBP;MXD3;MCM4;PSMC3IP;SPAG5;TOP2A;CCNE1;ORC2;BRCA2;NAA38;NUDT21;TK1;PA2G4;CDC25B;RAN;ILF3;CDK1;LYAR;SUV39H1;DEK;PSIP1;XRCC6;UNG;RAD21;SMC6;PHF5A;MCM3;MCM6;TIMELESS;MTHFD2;ASF1A;HELLS;SRSF1;JPT1;MLH1;GINS3;GINS1;POLD1;CDCA8;LIG1;PLK4;PRPS1;WDR90;RPA1;KIF22,age_changes_CD4_ISGhi_02032026
PI3K/AKT/mTOR  Signaling,0.2911967385083803,0.28258545853708256,1.1295808969835337,ARHGDIA;TBK1;ARF1;SLA;CDKN1B;MAP3K7;TIAM1;CDKN1A;HSP90B1;CAB39L;SQSTM1;DUSP3;PRKAR2A;IRAK4;NOD1;AP2M1;ACACA;RIPK1;NCK1;FASLG;CDK1;YWHAB,age_changes_CD4_ISGhi_02032026
UV Response Up,0.3141897943119878,0.26959017674604735,1.1110764492066507,ENO2;ATF3;RAB27A;SLC25A4;SIGMAR1;SOD2;SQSTM1;CREG1;PRKCD;ASNS;SELENOW;ICAM1;GGH;CCNE1;RPN1;KCNH2;ALDOA;NPTXR;GRPEL1;TAP1;AQP3;HMOX1;DNAJB1;HLA-F;CCND3;APOM;HYAL2;PDAP1;PARP2;CYB5B;BSG;TMBIM6;RHOB;HNRNPU;TST;C4BPB;HSPA13;CDK2;CDKN2B,age_changes_CD4_ISGhi_02032026
KRAS Signaling Dn,0.46015320521435293,-0.198204914,-1.034526681,IFI44L;RSAD2;SKIL;LFNG;CHST2;MX1;LYPD3;STAG3;CAMK1D;SNN;PLAG1;KMT2D;PDE6B;GTF3C5;SLC25A23;GAMT,age_changes_CD4_ISGhi_02032026
Pancreas Beta Cells,0.5827252141590652,0.3433364685174639,0.9650741598840804,DPP4;STXBP1;SPCS1,age_changes_CD4_ISGhi_02032026
Notch Signaling,0.6904985888993415,-0.224103276,-0.892231311,LFNG;MAML2;KAT2A,age_changes_CD4_ISGhi_02032026
G2-M Checkpoint,0.8727811005439101,0.1805043862047947,0.7783247354885278,MAD2L1;PTTG1;CDKN1B;DBF4;SLC7A5;ATRX;POLA2;RPS6KA5;INCENP;KIF20B;KPNB1;E2F2;PRC1;CUL4A;UCK2;TOP2A;NUP98;ORC5;BRCA2;EWSR1;KIF11;RBL1;CDC25B;ILF3;CDK1;TPX2;CDC27;NUSAP1;SUV39H1;BUB1;RAD21;BUB3;KIF5B;MCM3;MCM6;CASP8AP2;NDC80;KNL1;CCNF;CDC7;SRSF1;JPT1;CUL5;HNRNPU;PLK4;KIF22;ODF2;NUMA1;E2F1;E2F4;CDKN3;CHEK1;TRAIP,age_changes_CD4_ISGhi_02032026
Hedgehog Signaling,0.989126487,0.1892714346007462,0.5656360598276058,MYH9;NF1;PTCH1;AMOT;TLE1;CDK5R1;ADGRG1;CELSR1;GLI1;VEGFA;HEY2;PML;CDK6;NRP2;DPYSL2;NRCAM,age_changes_CD4_ISGhi_02032026
Myc Targets V2,0,-0.593140843,-1.984066144,PPAN;GNL3;NDUFAF4;MYC;DDX18;PHB;NOP56;MRTO4;IPO4;EXOSC5;WDR74;GRWD1;TBRG4;NPM1;NOP16;SLC19A1;PA2G4;CDK4;RRP12;MPHOSPH10;LAS1L;SRM;HSPE1;WDR43;DCTPP1;HSPD1,age_changes_CD4_Tregs_02032026
Myc Targets V1,0,-0.495593118,-1.968055588,RSL1D1;IMPDH2;EEF1B2;GNL3;SERBP1;CCT2;NHP2;HDDC2;APEX1;MYC;DDX18;HNRNPA2B1;PHB;NOP56;C1QBP;FBL;PSMC6;EIF3J;SNRPG;PSMA4;ABCE1;RPS5;EIF4A1;HSP90AB1;RPL22;SRSF3;HNRNPD;RPS10;EIF3B;CLNS1A;TRIM28;POLD2;NCBP2;SSBP1;CCT5;COPS5;CCT4;RPL6;DDX21;HDAC2;TARDBP;EIF2S1;MRPS18B;RPS6;NAP1L1;NME1;NPM1;RACK1;HDGF;SMARCC1;NOP16;CCT3;RANBP1;SNRPB2;FAM120A;SET;UBE2E1;RPS2;MCM7;GSPT1;RPLP0;RPL34;PCNA;IFRD1;PA2G4;CYC1;SYNCRIP;RPL18;PSMA2;CDK4;RPS3;PPIA;SRSF2;SNRPD3;RPL14;TRA2B;SNRPD2;SRM;EIF1AX;EXOSC7;HSPE1;PSMD3;PABPC1;RAN;EIF2S2;HSPD1;PSMA7;SRSF1;CAD;SSB;EIF3D;POLE3;TCP1;ILF2;PRDX3,age_changes_CD4_Tregs_02032026
Wnt-beta Catenin Signaling,0.001290114,-0.6118885,-1.823255494,TCF7;LEF1;AXIN2;TP53;MYC;FRAT1;NOTCH1;HDAC2;AXIN1;SKP2;KAT2A;MAML1;CSNK1E;GNAI1;NKD1;HDAC11,age_changes_CD4_Tregs_02032026
TGF-beta Signaling,0.003870343,-0.536161626,-1.715246226,NOG;ID3;TGIF1;IFNGR2;ID2;PMEPA1;SMURF2;SPTBN1;SKIL;HIPK2;SMAD3;ARID4B;SMAD7,age_changes_CD4_Tregs_02032026
Apoptosis,0.004913574,0.44652052824114585,1.8087427866799732,LGALS3;TSPO;CASP8;LMNA;CASP1;BAX;FAS;PMAIP1;SAT1;ENO2;BCL2L1;BTG3;TIMP1;CDC25B;TAP1;ATF3;CFLAR;FDXR;SPTAN1;PLCB2;RHOT2;SQSTM1;ANXA1;TOP2A;RARA;MCL1;CD2;ETF1;HMGB2;TGFBR3;GNA15;CD14;CDKN1B;DAP;PEA15;F2R;WEE1;BCL10;PRF1;CD44,age_changes_CD4_Tregs_02032026
Epithelial Mesenchymal Transition,0.00552777,0.49989896243998405,1.8789536855371753,LGALS1;ITGB1;FLNA;VIM;GLIPR1;FAS;SAT1;CADM1;ENO2;EMP3;TPM4;WIPF1;TIMP1;SGCB;VCAN;CAPG;ACTA2;PLOD3;TGFBR3;QSOX1;PLAUR;SDC4;IL15;CD44;IL32,age_changes_CD4_Tregs_02032026
Interferon Gamma Response,0.006449066,0.42609421781368806,1.813491440513456,HLA-DRB1;HLA-DMA;HLA-DQA1;CASP8;CD40;CD74;IL10RA;ZBP1;CASP1;FAS;ST8SIA4;IL7;ARID5B;CCL5;VAMP5;PSMB9;PFKP;TAPBP;SRI;IL15RA;TRIM26;SELP;TAP1;STAT4;STAT1;MVP;IL18BP;IL2RB;NLRC5;IRF5;ADAR;MTHFD2;JAK2;PELI1;RIPK1;FGL2;ICAM1;PSME2;IL15;PSMB2;MYD88;CSF2RB;NAMPT;CIITA;LY6E;SPPL2A;LCP2;CMTR1;PML;OAS3;RNF213;PSMB10;PTPN2;PARP12;TRIM21;TRIM14;GZMA;ITGB7;OGFR;P2RY14;TXNIP;PTPN1;CD86;VAMP8;SOD2,age_changes_CD4_Tregs_02032026
Complement,0.012437483548302186,0.4242310089340064,1.7249977993577714,LGALS3;ANXA5;F5;CTSS;SPOCK2;APOBEC3G;CASP1;CPQ;CCL5;CSRP1;PSMB9;PIK3R5;CTSC;LIPA;TIMP1;S100A9;PLEK;EHD1;GATA3;FCN1;GCA;F8;JAK2;CTSO;VCPIP1;LAMP2;ADAM9;PLAUR;HSPA1A;CTSH;CDA;XPNPEP1;GZMK;GNB2;S100A12;PDP1;PIK3CG;WAS;SERPINA1;LCP2;GZMB,age_changes_CD4_Tregs_02032026
Allograft Rejection,0.014433623,0.40183185836101076,1.6648105034859544,HLA-DRA;HLA-DMA;HLA-DQA1;FLNA;CD40;CD74;CTSS;NCF4;GPR65;FAS;ST8SIA4;SRGN;CXCR3;CDKN2A;HLA-DMB;IL7;CCL5;TAPBP;HCLS1;TPD52;TIMP1;TAP1;MAP4K1;IL12RB1;CSF1;STAT4;STAT1;IFNG;IL2RB;CD2;CCR2;CAPG;TLR6;JAK2;EIF3A;GCNT1;HLA-DOA;F2R;ICAM1;BCL10;IL15;ITGAL;PRF1;CD28;CD4;CCR5;DEGS1;SIT1;SPI1;WAS;ZAP70;LCP2;GZMB;GBP2;PSMB10;IL12A;CD96,age_changes_CD4_Tregs_02032026
Reactive Oxygen Species Pathway,0.014477494077388785,0.49179959453287203,1.6492607276608238,TXN;PRNP;PRDX1;PFKP;LSP1;PRDX4;NQO1;PTPA;PRDX6;SCAF4;MBP;PRDX2;CDKN2D;G6PD,age_changes_CD4_Tregs_02032026
IL-2/STAT5 Signaling,0.016951829428797055,0.40577795179620696,1.6657022312099845,CST7;PRNP;AHNAK;TNFRSF9;PHLDA1;IL10RA;CDC42SE2;PLEC;GPR65;GLIPR2;RORA;TNFRSF18;CTLA4;ANXA4;GALM;SYT11;TNFRSF4;BCL2L1;ALCAM;PHTF2;SELP;BATF;SYNGR2;CSF1;FLT3LG;CCR4;TRAF1;P4HA1;MYO1C;BHLHE40;TNFRSF1B;IL2RB;MAP3K8;SLC1A5;CAPG;HOPX;TIAM1;PLPP1;RABGAP1L;AHR;FGL2,age_changes_CD4_Tregs_02032026
Inflammatory Response,0.026947881021321403,0.3886239848546504,1.5681617578078666,CD70;TNFRSF9;CD40;IL10RA;CD82;CCL5;TAPBP;SRI;IL15RA;EMP3;PIK3R5;TIMP1;GPR183;ADRM1;CSF1;KCNA3;TNFRSF1B;IL2RB;CYBB;CCL20;GNA15;ATP2B1;CD14;AHR;NOD2;ICAM1;CXCR6;PLAUR;GPR132;CSF3R;IL15;P2RX7;NAMPT;LY6E;PROK2;OSM;LCP2;IL1R1,age_changes_CD4_Tregs_02032026
Mitotic Spindle,0.030300371442777342,0.37300973289261735,1.5429053000361548,FLNA;EZR;ACTN4;ARHGDIA;NDC80;PRC1;NUSAP1;CENPE;ARHGAP10;SPTAN1;PCGF5;RHOT2;KIF20B;MYH9;TBCD;TOP2A;TIAM1;CNTROB;PXN;INCENP;KIFAP3;HOOK3;BRCA2;ARHGEF12;CLIP1;ABR;DYNC1H1;ARHGAP5;VCL;BUB1;KNTC1;NEDD9;STAU1;PREX1;CAPZB;TPX2;RABGAP1;CEP57;CKAP5;KIF3B;PDLIM5;RHOF;TUBGCP5;CEP250;LLGL1;TUBGCP2;KIF22;MAP3K11;RACGAP1;NUMA1;TTK;CCNB2;STK38L;MAPRE1;DOCK2;ARHGAP4;ALMS1,age_changes_CD4_Tregs_02032026
Notch Signaling,0.041315916787614905,-0.530970774,-1.47532825,LFNG;HES1;DTX1;NOTCH1;RBX1;MAML2;PRKCA;KAT2A;SKP1;NOTCH2,age_changes_CD4_Tregs_02032026
Protein Secretion,0.085987541,0.36910256264640073,1.3827817488551992,STAM;CD63;SGMS1;PAM;CTSC;TPD52;SEC24D;AP2B1;ANP32E;ARF1;LAMP2;RAB14;TMED2;YKT6;VAMP3;TMX1;GBF1;RER1;ATP6V1H;ARFGAP3;ARCN1;RAB9A;AP3S1;USO1;RAB2A;NAPA;TMED10;STX12;VPS45;CLCN3;RAB5A;AP3B1,age_changes_CD4_Tregs_02032026
TNF-alpha Signaling via NF-kB,0.088946852,0.3335591414508477,1.389343116079796,TNFRSF9;DUSP4;PHLDA1;MSC;CCL5;SLC16A6;TRIB1;SAT1;IL15RA;BTG3;CEBPD;TAP1;TNIP1;ATF3;GPR183;PLEK;CSF1;CFLAR;EHD1;KLF10;TRAF1;BHLHE40;SQSTM1;SPSB1;DRAM1;MAP3K8;MCL1;SERPINB8;ZC3H12A;TIPARP;B4GALT5;CCL20;ATP2B1;TANK;PANX1;ICAM1;PLAUR;SDC4;CD44;NINJ1,age_changes_CD4_Tregs_02032026
Apical Junction,0.096735983,0.3457600076192291,1.3903990599750011,ITGB1;CD99;ACTN4;CTNNA1;ZYX;YWHAH;ADAM15;SKAP2;TRAF1;VCAN;CNN2;MYH9;PIK3R3;ARHGEF6;SORBS3;ADAM9;SYMPK;ICAM1;THBS3;ITGA3;VCL;VASP;EXOC4;NF2;IKBKG;PIK3CB;TGFBI;MAPK13;RHOF;MSN,age_changes_CD4_Tregs_02032026
mTORC1 Signaling,0.11134509081337195,0.31585868451237786,1.3321303529467214,SLC1A4;HPRT1;SLA;PRDX1;ELOVL5;CTSC;TBK1;CCNG1;SLC7A5;FDXR;TPI1;SKAP2;P4HA1;BHLHE40;SQSTM1;PIK3R3;DAPP1;SLC9A3R1;PFKL;SLC1A5;MTHFD2;RPN1;ETF1;GAPDH;DDIT4;ALDOA;ASNS;TCEA1;SSR1;FGL2;G6PD;YKT6;GPI;PSME3;MAP2K3;NAMPT;EDEM1;BUB1;HSP90B1;PGM1;ACTR2;SYTL2;CANX;GSK3B;SLC6A6;TFRC;PSMD14;HSPA4;CCNF;GTF2H1;GGA2;ATP6V1D;MCM4;PSAT1;INSIG1,age_changes_CD4_Tregs_02032026
Coagulation,0.1114152847240502,0.3645391499498946,1.3244264335201938,CAPN2;CPQ;CSRP1;CRIP2;TIMP1;PLEK;ANXA1;WDR1;F8;CTSO;LAMP2;ADAM9;CTSH;GNB2;SERPINA1;ISCU,age_changes_CD4_Tregs_02032026
Angiogenesis,0.11504672282179522,0.5590204541803268,1.312345043179541,S100A4;TIMP1;LRPAP1;VCAN,age_changes_CD4_Tregs_02032026
Bile Acid Metabolism,0.1154328538469876,0.3505108356307425,1.3036043991026176,OPTN;GSTK1;PEX16;ABCA2;ACSL5;FDXR;SCP2;NPC1;GNPAT;ABCD2;PAOX;ATXN1;PEX26;SLC27A2;ABCD1;ALDH9A1;RETSAT;CROT,age_changes_CD4_Tregs_02032026
Spermatogenesis,0.119059672,0.36717466600073806,1.3331046185038502,MLF1;DBF4;PRKAR2A;PCSK1N;EZH2;NCAPH;TOPBP1;IL12RB2;PHF7;PHKG2;RPL39L;CDKN3;BUB1;NF2;MTOR;MAST2;PARP2;TTK;CHFR;CCNB2;IDE;TALDO1,age_changes_CD4_Tregs_02032026
p53 Pathway,0.1396683337720453,0.3051666991271811,1.257045733060787,DDB2;RPS27L;S100A4;CASP1;BAX;FAS;CDKN2A;CD82;AEN;SAT1;PVT1;STOM;PMM1;CCNG1;TAP1;ATF3;FDXR;S100A10;RB1;DRAM1;DDIT4;PHLDA3;MDM2;ANKRA2;SLC3A2;F2R;NINJ1;POLH;ZMAT3;RALGDS;TM7SF3;CGRRF1;ISCU;TAX1BP3;EPS8L2;ZNF365;SEC61A1;ABCC5;ERCC5;RETSAT;VWA5A;ZBTB16;TXNIP;TOB1;VAMP8,age_changes_CD4_Tregs_02032026
Fatty Acid Metabolism,0.14469181640597942,0.3185716844117003,1.2587240028200162,LGALS1;PCBD1;ELOVL5;ENO2;YWHAH;BLVRA;ACSL5;S100A10;RAP1GDS1;ACSL4;SDHA;ERP29;SERINC1;PRDX6;ALDOA;MDH2;GRHPR;ACSM3;LTC4S;MIF;ACOX1;ODC1;PTS;ALDH3A2;UROS;CPT2;HSD17B10;HADHB;ACOT2;NCAPH2;ALDH9A1;RETSAT;MCEE;GPD2;ECI2;ALAD,age_changes_CD4_Tregs_02032026
Cholesterol Homeostasis,0.14781667690327865,0.3569203348802585,1.2619770875322547,LGALS3;ANXA5;ABCA2;ALCAM;PMVK;ATF3;ANTXR2;PLAUR;LSS;ETHE1;S100A11;FABP5;FDFT1;GUSB;CPEB2,age_changes_CD4_Tregs_02032026
KRAS Signaling Dn,0.16263505886147395,-0.372074706,-1.300309883,CHST2;SNN;LFNG;LYPD3;IFI44L;CAMK1D;SKIL;TCL1A;GAMT;CCDC106;PLAG1;CD40LG;EDAR;STAG3,age_changes_CD4_Tregs_02032026
Pperoxisome,0.1903730646820934,0.32236156811298977,1.2056428497879412,TSPO;GSTK1;PRDX1;ELOVL5;CADM1;YWHAH;ACSL5;SCP2;MVP;ACSL4;TOP2A;GNPAT;BCL10;ABCD2;ERCC3;ATXN1;ACOX1;SLC27A2;ABCD1;SLC25A4;ABCC5;ALDH9A1;RETSAT;SOD2;ECI2;IDE,age_changes_CD4_Tregs_02032026
Myogenesis,0.19689391945248752,0.30773260038801226,1.2074807454280965,ITGB1;PRNP;TPM3;FXYD1;LSP1;SYNGR2;SPTAN1;MYO1C;BHLHE40;MYH9;RB1;DMPK;NQO1;SORBS3,age_changes_CD4_Tregs_02032026
Estrogen Response Late,0.21374045801526717,0.2939516565529926,1.1779069987122581,SLC1A4;HPRT1;ELOVL5;BTG3;SNX10;ATP2B4;BATF;S100A9;SLC7A5;TOP2A;RNASEH2A;SLC9A3R1;TIAM1;JAK2;TJP3;DYNLT3;CD44;METTL3;AFF1;ABHD2;FABP5;NCOR2;SERPINA1;SLC2A8;FDFT1;ALDH3A2;SLC27A2;MAPK13;XRCC3;RAB31;CHPT1;TOB1;SLC16A1;PLK4;ISG20,age_changes_CD4_Tregs_02032026
heme Metabolism,0.2145415841697472,0.2929905378712989,1.1831040095466863,OPTN;HTATIP2;RIOK3;BLVRA;LRP10;TENT5C;BSG;KAT2B;GDE1;CAST;NFE2L1;ACP5;TRAK2;DMTN;ADIPOR1;LAMP2;MFHAS1;ASNS;TCEA1;AQP3;PRDX2;ARHGEF12;FN3K;MAP2K3;ENDOD1;ARL2BP;TMEM9B;UROS;TFRC;NNT;MGST3;FBXO7;PPP2R5B;ALAD;MKRN1;E2F2;BTRC;NFE2;DCAF11;SLC10A3;CTSB;KHNYN;BACH1;CLCN3;OSBP2;PICALM;ADD1;EIF2AK1;GMPS;RNF19A;NARF;CIR1,age_changes_CD4_Tregs_02032026
Hypoxia,0.22884969728876017,0.28740352076011855,1.1633706277553864,ANXA2;S100A4;RORA;PFKP;ENO2;PAM;UGP2;TPD52;ATF3;TPI1;P4HA1;BHLHE40;MYH9;IDS;PFKL;TIPARP;GAPDH;DDIT4;ALDOA;CDKN1B;PLAUR;SDC4;GRHPR;GPI;XPNPEP1;WSB1;MT1E;PGM1;MIF;TGFBI;TPST2,age_changes_CD4_Tregs_02032026
PI3K/AKT/mTOR  Signaling,0.23790673659060077,0.2978691125376642,1.1518803857407465,SLA;ARHGDIA;TBK1;YWHAB;SQSTM1;PRKAR2A;PIN1;PIK3R3;DAPP1;RPS6KA1;TIAM1;ARF1;CDKN1B;RIPK1;MYD88;MAP2K3;PPP1CA;HSP90B1;ACTR2,age_changes_CD4_Tregs_02032026
Interferon Alpha Response,0.2501145525625652,0.2976392919972682,1.1394190437321599,CASP8;CD74;CASP1;IL7;PSMB9;LPAR6;TRIM26;TAP1;CSF1;TMEM140;ADAR;UBA7;PSME2;IL15;MOV10;LY6E;CMTR1;GBP2;PARP12;TRIM21;TRIM14;OGFR;TXNIP;PARP9;ISG20;STAT2;PSMB8,age_changes_CD4_Tregs_02032026
IL-6/JAK/STAT3 Signaling,0.330679126,0.3026631259935698,1.089339024122781,FAS;IL7;IL15RA;PIK3R5;IL12RB1;CSF1;STAT1;TNFRSF1B;MAP3K8;CD14;CSF3R;CD44;MYD88;CSF2RB;IL1R2;IL1R1;PTPN2;PTPN1;IL17RA;STAT2;IL18R1;CD36,age_changes_CD4_Tregs_02032026
Glycolysis,0.353242364,0.2628922093598307,1.0619900719788995,TXN;PFKP;ENO2;PAM;UGP2;PKM;PGAM1;TPI1;P4HA1;VCAN;GOT2;FUT8;DDIT4;ALDOA;CHPF2;MDH2;QSOX1;CD44;G6PD;CHST12;AGL;GLCE;MIF;TGFBI;GUSB;PAXIP1;CITED2;ALDH9A1;BIK;GNE;ZNF292;TALDO1;ANG;ISG20,age_changes_CD4_Tregs_02032026
Pancreas Beta Cells,0.35655539429124333,-0.470230136,-1.174290403,FOXO1;SRP9;SRPRB,age_changes_CD4_Tregs_02032026
E2F Targets,0.3594893392998158,0.2535380289880473,1.0642151546116456,PTTG1;ATAD2;HELLS;CDKN2A;EED;CDC25B;CENPE;MCM6;SMC6;SHMT1;JPT1;ANP32E;EZH2;TOP2A;PRDX4;POLE;RNASEH2A;ASF1A;MTHFD2;HMGB2;NUDT21;TK1;CDKN1B;WEE1;BRCA2;POLD1;TCF19;BARD1;CDKN3;MXD3;MMS22L;DONSON;CHEK1;RAD21;CIT;ASF1B;RBBP7;TFRC;LIG1;MAD2L1;KIF22;RACGAP1;MCM4;CCNE1;CCNB2;TIMELESS;PLK4;NBN;CDCA8;UBR7,age_changes_CD4_Tregs_02032026
KRAS Signaling Up,0.3685815686523677,0.26398301785103767,1.0655627643863113,PRDM1;NAP1L2;CTSS;IL10RA;LCP1;ADAM8;TRIB1;MAP4K1;GALNT3;TRAF1;PCSK1N;TNFRSF1B;KCNN4;CCL20;RABGAP1L;PLAUR;CDADC1;KIF5C,age_changes_CD4_Tregs_02032026
Apical Surface,0.435017812,-0.375863027,-1.067812381,APP;LYPD3;SULF2;AKAP7;IL2RG;HSPB1,age_changes_CD4_Tregs_02032026
Estrogen Response Early,0.4514863194108477,-0.291993484,-1.097375034,DHRS3;IGF1R;NRIP1;RETREG1;IL6ST;ABLIM1;HES1;FKBP4;MYC;OPN3;FAM102A;SVIL;NXT1;TGIF2;FLNB;UNC119;BCL11B;MED13L;KDM4B;SLC37A1;AREG;BCL2;SEC14L2;AMFR;RRP12,age_changes_CD4_Tregs_02032026
DNA Repair,0.45689404934687955,-0.281838389,-1.076090182,IMPDH2;NELFCD;NME4;GTF2H5;TP53;APRT;POLR1C;RPA2;SRSF6;POLR2H;RAE1;NCBP2;RBX1;RALA;POLR2G;SDCBP;AGO4;NME1;POLR2K;NELFB;RAD52;NUDT9;TSG101;PCNA;RPA3;PDE6G;PRIM1;ZWINT;ALYREF;ADA;ERCC1;TAF10;RNMT;BRF2;CMPK2;ZNRD1,age_changes_CD4_Tregs_02032026
G2-M Checkpoint,0.4634690050013161,0.24150859582472523,1.0087188476729776,PTTG1;NDC80;PRC1;CDC25B;NUSAP1;CENPE;DBF4;MCM6;SLC7A5;KIF20B;JPT1;EZH2;TOP2A;POLE;KNL1;CUL4A;INCENP;NSD2;CDKN1B;CCNT1;BRCA2;BARD1;CDKN3;RBL1;CHEK1;BUB1;RAD21;NUP98;DR1;KPNB1;ODC1;TPX2;PML;MAD2L1;DTYMK;UCK2;CCNF;KIF22;EWSR1;RACGAP1;ATRX;NUMA1;ODF2;TTK;CDC7;CCNB2;PLK4;E2F2;HNRNPU,age_changes_CD4_Tregs_02032026
Oxidative Phosphorylation,0.49492017416545714,-0.278956822,-1.101335321,TIMM13;TIMM8B;ATP5MC1;TIMM9;ATP5PO;LDHB;UQCRH;SLC25A6;NDUFB8;SDHD;NDUFS4;ATP5MC3;NDUFC2;ATP5PF;NDUFB2;CYB5A;NDUFV2;NDUFS2;ECH1;MRPL35;MTX2;COX4I1;BDH2;ATP5F1E;UQCRQ;ATP5ME;ACADM;ETFB;NDUFA7;PDHB;ETFDH;DECR1;PDHA1;FXN;COX6C;COX7C;MRPS22;CYC1;UQCRC2;OAT;UQCRB;ECHS1;MRPS30;MRPL15;MRPL11;IDH1;MRPS11;IDH3B;ATP5F1C;ALDH6A1;PDHX;SUCLG1;UQCR10;ATP5MF;SLC25A5;ATP5F1B;SLC25A20;PRDX3,age_changes_CD4_Tregs_02032026
UV Response Dn,0.5730124173520399,-0.275843037,-0.996371826,IGF1R;TGFBR2;MRPS31;ICA1;SPOP;DBP;NFKB1;MYC;FBLN5;BCKDHB;SMAD3;SMAD7;RASA2;MAPK14;MTA1;ZMIZ1;PRKCA;PTEN,age_changes_CD4_Tregs_02032026
Unfolded Protein Response,0.6156610684912571,-0.260302644,-0.945818101,NHP2;BANF1;ATF4;NOP56;EXOSC5;EIF4A1;EIF2S1;IMP3;PAIP1;IFIT1;NPM1;SRPRB;DKC1;EIF4A3;NFYB;EXOSC2;CEBPB;RPS14;FUS;NFYA;LSM4;EXOSC4;CNOT6;PDIA5;CKS1B;CNOT4;SERP1;GOSR2,age_changes_CD4_Tregs_02032026
UV Response Up,0.622046072,-0.259249711,-0.961635242,IL6ST;FKBP4;AGO2;POLR2H;DNAJA1;CCND3;BCL2L11;KLHDC3;AP2S1;EIF5;DDX21;TUBA4A;TGFBRAP1;MARK2;BTG1;CDC34;DGAT1;NR4A1;PRKACA;CDC5L;SULT1A1;NFKBIA;NXF1;WIZ;CNP;PDAP1;CDKN1C;CHKA;IRF1;POLE3;E2F5;UROD;FOSB;FURIN;CASP3;GLS;FOS;JUNB;HSPA2,age_changes_CD4_Tregs_02032026
Androgen Response,0.6613223575582091,0.2531868018966204,0.9298805198928654,ARID5B;ELOVL5;SAT1;TPD52;UBE2J1;ADRM1;SEC24D;IQGAP2;MAF;TMEM50A;INPP4B;PLPP1;ABHD2;GPD1L;CDC14B;ANKH;CENPN,age_changes_CD4_Tregs_02032026
Xenobiotic Metabolism,0.6808912562129353,0.22915038237604946,0.9166007119235424,HPRT1;FAS;DHRS7;ELOVL5;PMM1;NPC1;NQO1;SLC1A5;SSR3;ABCD2;NINJ1;CDA;PPARD;PGD;IL1R1;TMBIM6;ACOX1;PTGES3;PTS;SLC6A6;PSMB10;PDLIM5;SLC12A4;ALDH9A1;RETSAT;CROT;GCH1;CNDP2;MTHFD1;PEMT;CD36;PTGDS;MCCC2;DHRS1;TKFC;ASL,age_changes_CD4_Tregs_02032026
Adipogenesis,0.8147407212424322,0.2082081427435931,0.8537245322661736,REEP5;DHRS7;RIOK3;STOM;SCP2;BAZ2A;PFKL;SLC1A5;GPHN;CD302;ALDOA;NDUFB7;TANK;MDH2;COX8A;RNF11;RAB34;SOWAHC;PGM1;YWHAG;BCL2L13;LTC4S;NABP1;ACOX1;UBQLN1;CPT2;MGST3;RETSAT;GPD2;ATP1B3;RMDN3;CHUK;TOB1;COX6A1;TALDO1;UQCR11;PEMT;CD36;UBC;TST;CRAT;DNAJB9;ACLY;UQCRC1;BCKDHA,age_changes_CD4_Tregs_02032026
Hedgehog Signaling,0.9378487340751491,-0.282554074,-0.754533522,CDK6;LDB1;ETS2,age_changes_CD4_Tregs_02032026
Coagulation,0,0.5292975429051645,2.0244989672141167,CLU;CFH;CPQ;F8;CAPN2;PLEK;DPP4;CTSH;SERPINA1;CSRP1;TIMP1;PRSS23;PDGFB;BMP1;ANG;LRP1;ADAM9;CRIP2;LAMP2;F12;APOA1;USP11;ISCU;SIRT2;ANXA1;THBS1;DUSP6;SERPING1;F2RL2;CFD;MAFF;CTSB;SPARC;WDR1;GNB2;RAPGEF3;PF4;C8G;CTSO;KLKB1;C1R;C2;GP9;C1QA;RAC1;PREP;GSN;DUSP14;LTA4H;PLAT,age_changes_CD4_memory_02032026
Epithelial Mesenchymal Transition,0,0.47921916600184755,1.962484241217067,IGFBP3;LGALS1;GLIPR1;FLNA;TGFBR3;IL15;ENO2;FAS;ITGB1;PLOD3;CADM1;TGFBI;VCAN;ACTA2;SGCB;WIPF1;PPIB;DST;TIMP1;TPM4;PFN2;VIM;PCOLCE;PLOD1;COL6A2;ANPEP;BMP1;LRP1;IL32;RHOB;QSOX1;COPA;SDC4;CXCL8;PLAUR;NOTCH2;THBS1;EMP3;CALU;MAGEE1,age_changes_CD4_memory_02032026
Allograft Rejection,0,0.4898759192080522,2.0475099793571587,STAT4;CCL5;F2R;HLA-DQA1;FLNA;CDKN2A;RIPK2;IL15;GZMA;GPR65;FAS;ACVR2A;CCL4;IL2RB;TPD52;IL18RAP;IFNG;HLA-DRA;GZMB;TAPBP;HLA-DMA;ICAM1;PRF1;TLR3;MAP4K1;HDAC9;HLA-DMB;FGR;NCF4;CSF1;IL7;CTSS;CD96;IFNGR1;TIMP1;CD8A;IL12RB1;ITGAL;CD8B;CD74;CCR5;SPI1;ST8SIA4;BCL3;CCND3;SRGN;FASLG;KLRD1;CD40;ITGB2;HCLS1;CXCR3;IL2;STAT1;WAS;CD3E;ABI1;NLRP3;ZAP70;TAP1,age_changes_CD4_memory_02032026
Protein Secretion,0.000328108,0.4938889762107596,1.8758206759473242,CD63;TMED10;RAB9A;TPD52;PAM;GALC;AP2B1;DST;ANP32E;STAM;TMED2;SEC24D;ARF1;RAB14;KIF1B;ARFIP1;RAB5A;LAMP2;CTSC;M6PR;NAPA;ARFGAP3;LMAN1;MON2;VPS45;AP3B1;ATP1A1;GBF1;AP1G1;IGF2R;CLTC;AP3S1;YKT6;VAMP3;ARCN1;STX12,age_changes_CD4_memory_02032026
Apoptosis,0.000410135,0.4447983702335961,1.8307973104681123,CLU;F2R;TGFBR3;LGALS3;CASP1;ENO2;FAS;TSPO;PRF1;IGFBP6;NEDD9;TXNIP;BCL2L1;LMNA;SQSTM1;FEZ1;IFNGR1;PEA15;CASP8;TIMP1;SLC20A1;CDK2;CFLAR;DNAJC3;ATF3;HMGB2;BAX;RHOT2;FASLG;CASP7;MADD;CTNNB1;RHOB;HMOX1;FDXR;GNA15;PLCB2;RELA;PSEN2;CDKN1A;TAP1;ANXA1;MCL1;IFITM3;CD14;BTG3;EMP1;DPYD;IGF2R;ERBB2;CD2;RETSAT;TNF;BCAP31;PPP2R5B;GPX4;BMF,age_changes_CD4_memory_02032026
Complement,0.000410135,0.45567572979094206,1.9125455798615716,CLU;CFH;CCL5;CPQ;LGALS3;GZMA;CASP1;APOBEC3G;F8;GZMK;ANXA5;ITGAM;GZMB;PLEK;GATA3;SPOCK2;VCPIP1;DPP4;CTSH;CTSS;KYNU;SERPINA1;CSRP1;TIMP1;GNG2;S100A9;LIPA;GNGT2;S100A12;PRKCD;EHD1;XPNPEP1;PDGFB;PSMB9;ANG;LRP1;ADAM9;CASP7;LAMP2;CBLB;CTSC;FCN1;RBSN;GMFB;HSPA5;CD36;PIK3R5;PIM1;CDA;PRCP;WAS;RNF4;PLAUR,age_changes_CD4_memory_02032026
Interferon Gamma Response,0.000468726,0.44189947001395696,1.860243758841005,STAT4;ZBP1;CFH;CCL5;HLA-DRB1;HLA-DQA1;RIPK2;IL15;GZMA;XCL1;CASP1;IL10RA;FAS;IL15RA;IL2RB;FGL2;TAPBP;HLA-DMA;IL18BP;ICAM1;SLAMF7;TXNIP;IL7;PFKP;PTPN1;OASL;CASP8;ADAR;FPR1;SRI;BST2;CIITA;CD74;MYD88;CMKLR1;ST8SIA4;PSMB9;TRIM26;UPP1;CASP7;LATS2;CD40;NLRC5;ITGB7;IRF5;PIM1;STAT1;LY6E;FCGR1A;CMTR1;APOL6;ZNFX1;CDKN1A;TAP1;MVP;VAMP5;IFITM3,age_changes_CD4_memory_02032026
IL-2/STAT5 Signaling,0.000546847,0.4428216508456909,1.866857220447941,HOPX;CST7;PRNP;BHLHE40;AHNAK;SERPINB6;GLIPR2;TNFRSF1B;GPR65;IL10RA;SYT11;ANXA4;MAP3K8;IL2RB;PTGER2;PTCH1;FGL2;XBP1;SLC39A8;PHLDA1;EOMES;MYO1C;BCL2L1;CSF1;BATF;IFNGR1;MUC1;IL18R1;TWSG1;GALM;PHTF2;RORA;COL6A1;RRAGD;ALCAM;UCK2;PRKCH;NDRG1;P4HA1;CCND3;PLEC;RHOB;ADAM19;PIM1;SNX14;ST3GAL4;BCL2;LRRC8C;CYFIP1;CDC42SE2;PLPP1;NFIL3;SLC1A5;TRAF1;IFITM3;RABGAP1L;FLT3LG;AHR;EMP1;IGF2R;TNFRSF4;FAH;F2RL2;DHRS3;SYNGR2;GPX4;MAFF;ABCB1;ODC1;TNFRSF9;TNFRSF18;GABARAPL1,age_changes_CD4_memory_02032026
TNF-alpha Signaling via NF-kB,0.000729129,0.42690191386330534,1.7966328840211965,CCL5;RIPK2;BHLHE40;CLCF1;MSC;IL15RA;CCL4;MAP3K8;PLEK;ICAM1;PHLDA1;SLC16A6;DRAM1;CSF1;SQSTM1;SERPINB8;KYNU;TANK;B4GALT5;LITAF;PHLDA2;ZC3H12A;PTPRE;EHD1;CFLAR;DUSP4;TNIP1;ATF3;BCL3;PDLIM5;RHOB;PANX1;SDC4;TRIP10;KLF10;CEBPD;G0S2;FOSL2;RELA;ZFP36;PLAUR;CDKN1A;NFIL3;CXCL2;TAP1;TRAF1;MCL1;BTG3;KLF9;PER1;SPHK1;TNIP2;SMAD3;TUBB2A;TNF;MAFF;IFIT2;GFPT2;PNRC1;TIPARP;TGIF1;TNFRSF9;DUSP2;B4GALT1;PDE4B;AREG,age_changes_CD4_memory_02032026
Inflammatory Response,0.001968647,0.42776914589623877,1.7584748628140343,CD70;CCL5;RIPK2;IL15;TNFRSF1B;PROK2;IL10RA;IL15RA;NOD2;ACVR2A;SLC4A4;IL2RB;IL18RAP;PTGER2;TAPBP;ICAM1;TLR3;CSF1;IL18R1;C3AR1;TIMP1;TPBG;FPR1;SRI;BST2;GPR132;PTPRE;KIF1B;CSF3R;KCNA3;SCN1B;CMKLR1;BEST1;CD40;PIK3R5;GNA15;LY6E;CXCL8;RELA;PLAUR;ABI1;NLRP3;CDKN1A;C5AR1;CD82;CD14;CYBB;EMP3;NMUR1;LCP2;AHR,age_changes_CD4_memory_02032026
p53 Pathway,0.003877639,0.40207839148976354,1.6826198870352558,DDB2;F2R;ZNF365;CDKN2A;STOM;CASP1;FAS;PHLDA3;RHBDF2;PERP;CGRRF1;AEN;DRAM1;S100A4;TXNIP;SEC61A1;RB1;CCNG1;PTPRE;RPS27L;KIF13B;S100A10;NDRG1;DDIT4;ATF3;BAX;UPP1;CEBPA;CCND3;MDM2;TOB1;ANKRA2;HMOX1;FDXR;PMM1;ABHD4;GLS2;TCN2;SLC3A2;ISCU;CDKN1A;TAP1;RALGDS;DNTTIP2;CD82;MAPKAPK3;CCNK;CYFIP2;PPM1D;APAF1;POLH;FOXO3;SPHK1;CDKN2B,age_changes_CD4_memory_02032026
Myogenesis,0.010800218738607365,0.393020214,1.5785360452036505,IGFBP3;CLU;PRNP;GNAO1;SORBS3;DAPK2;BHLHE40;ITGB1;FXYD1;NCAM1;MYO1C;TPM3;FKBP1B;RB1;MYH9;FHL1;COL6A2;DMPK;CHRNA1;IGFBP7;CD36;KIFC3;PSEN2;SIRT2;CDKN1A;SH2B1;ATP6AP1;AGL;LSP1;SPHK1;WWTR1;SYNGR2;PFKM;CFD;SGCD;FOXO4;SPARC;ACSL1;SPTAN1;ADCY9;FLII,age_changes_CD4_memory_02032026
Hypoxia,0.015648223449900446,0.370479952,1.5313245538833296,IGFBP3;BHLHE40;ENO2;ANXA2;NR3C1;TPD52;PAM;TGFBI;S100A4;SLC2A1;PFKP;TPBG;RORA;UGP2;RRAGD;MYH9;TPST2;ERRFI1;AKAP12;GPI;NDRG1;XPNPEP1;PDGFB;DDIT4;ATF3;P4HA1;VLDLR;HSPA5;HMOX1;SDC4;PIM1;IDS;CITED2;BCL2;PGM1;SLC25A1;WSB1;FOSL2;ZFP36;PFKL;PLAUR;CDKN1A;NFIL3;STBD1;MIF,age_changes_CD4_memory_02032026
IL-6/JAK/STAT3 Signaling,0.033982605072652466,0.39557312522500065,1.4550778059462397,TNFRSF1B;FAS;IL15RA;MAP3K8;CSF1;IL7;IFNGR1;PTPN1;IL18R1;IL12RB1;CSF3R;MYD88;CD36;HMOX1;PIK3R5;PIM1;STAT1;LTBR;CD14;CCR1;CSF2RA;TNF;IL9R;LEPR;STAT3;CXCL3;PF4;IL13RA1,age_changes_CD4_memory_02032026
KRAS Signaling Up,0.044513307,0.3443081710482086,1.421574913176202,IGFBP3;NAP1L2;PRDM1;CFH;TNFRSF1B;IL10RA;CDADC1;ADAM8;PCSK1N;LCP1;MAP4K1;HDAC9;CTSS;C3AR1;GALNT3;F13A1;AKAP12;WNT7A;ACE;SCN1B;CMKLR1;ITGB2;KIF5C;G0S2;PLAUR;CAB39L;TRAF1;PPBP;RABGAP1L;DUSP6;MAFB;EMP1;ENG;ETV1;HSD11B1;CSF2RA;PRELID3B;FBXO4;CXCR4;ABCB1;GFPT2;CCSER2;FGF9;FLT4;DOCK2,age_changes_CD4_memory_02032026
Myc Targets V2,0.046906188,-0.473097187,-1.612434685,GNL3;PPAN;IPO4;NOP56;NDUFAF4;EXOSC5;BYSL;DCTPP1;MRTO4;SLC19A1;HK2;PHB;TBRG4;NOP16;SORD;SRM;CBX3;DDX18;HSPD1;HSPE1;RABEPK;TFB2M;MYC;TMEM97,age_changes_CD4_memory_02032026
Myc Targets V1,0.054391218,-0.370222735,-1.515789571,CCT2;PSMC6;APEX1;CCT5;PSMA4;SERBP1;GNL3;NME1;NOP56;HDDC2;TRIM28;COPS5;IMPDH2;EIF3J;CCT3;TYMS;POLD2;ABCE1;LSM2;RFC4;HDGF;CLNS1A;PCNA;HNRNPD;SSBP1;SYNCRIP;CTPS1;PHB;CCT4;EIF3B;CDC20;PSMA7;EIF2S2;SNRPG;NOP16;EXOSC7;NCBP2;TXNL4A;YWHAE;POLE3;SRM;MRPS18B;C1QBP;CBX3;HDAC2;VBP1;PSMA1;DDX21;PSMA2;VDAC1;SET;TARDBP;DDX18;RAD23B;HSPD1;GSPT1;PSMC4;HSPE1;SMARCC1;MCM7;SSB;MYC;EIF2S1;NHP2;SNRPD3;SRSF3;UBE2E1;PRPF31;TCP1;PRDX3;PCBP1;HNRNPA2B1;RPS10;PSMD8;NAP1L1,age_changes_CD4_memory_02032026
Bile Acid Metabolism,0.068082392,0.3642858901413939,1.3669129416458925,NR3C2;ABCA2;NPC1;OPTN;ACSL5;ATXN1;SCP2;CYP27A1;PEX16;CH25H;FDXR;HSD17B11;GCLM;GSTK1;PHYH;APOA1;CYP46A1;PAOX;ABCD2;SLC29A1;RETSAT;PFKM;AQP9;ALDH1A1;RXRA;LONP2;ACSL1;PEX7;DHCR24;FADS2;GNMT;PEX19;ABCA5;ALDH9A1,age_changes_CD4_memory_02032026
mTORC1 Signaling,0.070360919,0.31816851354051046,1.3521382041814975,HSP90B1;BHLHE40;SKAP2;ELOVL6;FGL2;SYTL2;XBP1;CANX;SLC2A1;SQSTM1;SLC7A5;TBK1;GGA2;CCNG1;SLC1A4;SSR1;SLA;GPI;PSMD12;HSPA9;DDIT4;P4HA1;CALR;RPN1;UFM1;UCHL5;ITGB2;VLDLR;CTSC;HSPA5;M6PR;FDXR;PGM1;SLC9A3R1;PFKL;CDKN1A;NFIL3;ARPC5L;ELOVL5;SLC1A5;TUBA4A;GMPS;CYP51A1;PSME3;ACLY;ALDOA;G6PD;GSK3B;YKT6;ADIPOR2;PSMD14;EGLN3;TPI1;ME1;CXCR4;MCM2;ETF1;TCEA1;NUP205;UNG;ACSL3;DHCR24;MTHFD2;NUFIP1;FADS2,age_changes_CD4_memory_02032026
Unfolded Protein Response,0.07382428,0.35176042770408805,1.353592370176144,HSP90B1;XBP1;ERN1;WIPI1;YWHAZ;SLC7A5;HYOU1;HERPUD1;PDIA6;SLC1A4;SRPRA;SSR1;DCTN1;DCP1A;EXOC2;HSPA9;DNAJC3;DDIT4;ATF3;CALR;HSPA5;XPOT;EXOSC9;SPCS3;ALDH18A1;DNAJB9;SHC1;EIF4G1;EXOSC10;EEF2;PARN;TUBB2A;MTREX,age_changes_CD4_memory_02032026
heme Metabolism,0.079263964,0.31948799455200566,1.329759308366913,NR3C1;CAST;MGST3;GDE1;DMTN;SLC2A1;OPTN;FBXO7;KAT2B;ENDOD1;KHNYN;RIOK3;PRDX2;LRP10;AGPAT4;BSG;PICALM;NFE2L1;CCND3;TENT5C;HTATIP2;EIF2AK1;LAMP2;MKRN1;ADIPOR1;ARHGEF12;MFHAS1;GCLM;VEZF1;TMCC2;ARL2BP;FN3K;SLC10A3;SLC25A38;TRAK2;RNF19A;GMPS;BLVRA;CDC27;RAD23A;FOXO3;E2F2;PDZK1IP1,age_changes_CD4_memory_02032026
Apical Junction,0.082273059,0.3239134781339627,1.3200324562906824,ACTN4;SORBS3;SKAP2;ITGB1;CTNNA1;ICAM1;TGFBI;VCAN;SGCE;VCL;CD99;ADAM15;MAPK13;MSN;MYH9;ZYX;AMIGO2;ADAM23;BMP1;ADAM9;NF1;NECTIN3;EXOC4;IKBKG;NF2;TAOK2;TRAF1;SHC1;SYMPK;GTF2F1;MPP5;PIK3CB;VASP;SIRPA;AKT3,age_changes_CD4_memory_02032026
UV Response Dn,0.083823759,0.330793233,1.3134767991956615,TGFBR3;BHLHE40;SFMBT1;ANXA2;ACVR2A;NR3C1;ANXA4;INPP4B;SYNE1;BMPR1A;ATXN1;SRI;PRKCE;PIAS3;ATP2B4;KALRN;PTPRM;VLDLR;PDLIM5;NR1D2;CITED2;NOTCH2;SCN8A;SCAF8,age_changes_CD4_memory_02032026
Notch Signaling,0.089620758,-0.454763076,-1.367994344,DTX1;MAML2;HES1;LFNG;DLL1;RBX1;NOTCH1,age_changes_CD4_memory_02032026
KRAS Signaling Dn,0.090153027,-0.370547796,-1.419837272,CHST2;LYPD3;EDAR;CCDC106;TCL1A;LFNG;ZBTB16;STAG3;IFI44L;MX1;KCNMB1;SKIL;PDE6B;PLAG1;RSAD2;SNN;BARD1,age_changes_CD4_memory_02032026
Cholesterol Homeostasis,0.091571935,0.3612451067055852,1.2974336716157941,CLU;ANTXR2;LGALS3;ANXA5;ABCA2;LSS;FBXO6;ALCAM;ERRFI1;CXCL16;ATF3;CTNNB1;SREBF2;GUSB;PLAUR;NFIL3,age_changes_CD4_memory_02032026
Glycolysis,0.094152705,0.3081264927236081,1.2881748202295993,IGFBP3;ENO2;PAM;TGFBI;VCAN;PFKP;CHST12;TPBG;UGP2;RRAGD;AK3;PYGL;NOL3;PLOD1;B3GAT1;GFPT1;DDIT4;P4HA1;ECD;ANG;ARPP19;CHPF2;VLDLR;QSOX1;HSPA5;CITED2;TXN;GUSB;MIF;GOT2;AGL;ALDOA;PGAM1;G6PD;EXT2;PRPS1;GNE;DSC2;PHKA2;EGLN3;FAM162A;TPI1;ME1;CXCR4,age_changes_CD4_memory_02032026
TGF-beta Signaling,0.096806387,-0.421843831,-1.382158682,NOG;ID3;PMEPA1;SPTBN1;SMURF2;SKIL;HIPK2;IFNGR2;TRIM33;FKBP1A;FNTA;CDK9;ACVR1;SMAD1,age_changes_CD4_memory_02032026
Oxidative Phosphorylation,0.10903193612774452,-0.322822901,-1.326276707,TIMM8B;TIMM13;MTX2;ATP5F1C;SLC25A5;FXN;NDUFS2;PDHB;SUCLG1;ECH1;BDH2;DECR1;UQCRC2;ETFB;NDUFB3;MRPL15;ACADM;NDUFB5;SDHD;NDUFA7;SLC25A11;CYB5A;MDH1;TIMM9;MRPS11;ATP6V1D;NDUFA2;ATP5PF;LDHB;ATP5MC3;NDUFC2;NDUFA9;UQCRH;ATP5MF;NDUFB1;NDUFS4;VDAC1;ATP5PO;NDUFA8;MRPL35;NDUFS6;NDUFB8;VDAC2;ECI1;FH;ATP5MC1;AIFM1;COX7B;PMPCA;ETFDH;NDUFB4;ATP5ME;ALDH6A1;NDUFB6;UQCR10;HTRA2;MTRF1;TOMM22;ETFA;PRDX3;NDUFB2;ECHS1;MRPL34;MRPS22;ALAS1;TIMM17A;COX7A2L;IDH3B;NDUFAB1;PDHA1;ATP5PD;TIMM10;HADHB;SDHB;COX6C;SLC25A3;UQCRQ;ATP5F1A;MRPS15;ATP5F1B;ATP5F1E;SLC25A6;CYC1;NDUFV2;ACAT1;HSD17B10,age_changes_CD4_memory_02032026
Androgen Response,0.11565803864382064,0.3338930722557076,1.2551665095324551,CDC14B;TPD52;INPP4B;GPD1L;SEC24D;UAP1;AKAP12;ABCC4;NDRG1;PIAS1;CCND3;ADAMTS1;ABHD2;FKBP5;PDLIM5;UBE2J1;HSD17B14;LMAN1;IQGAP2;TMEM50A;PLPP1;SPCS3;ELOVL5;CDK6;DNAJB9;STEAP4,age_changes_CD4_memory_02032026
G2-M Checkpoint,0.15313123752495011,-0.307314732,-1.250840205,SMC4;CKS2;CASP8AP2;TACC3;STMN1;MTF2;CENPF;NASP;CCNB2;CKS1B;MAPK14;MKI67;SMC2;PRMT5;GINS2;CUL3;HNRNPD;BARD1;TOP1;SYNCRIP;BIRC5;CDC20;CTCF;KMT5A;RPA2;RBM14;CCND1;EZH2;TOP2A;UBE2S;HIRA;E2F3;TROAP;KIF23;NUP50;NDC80;DR1;CENPE;RAD23B;BUB1;TENT4A;SQLE;GSPT1;SLC12A2;SMARCC1;CHEK1;MYC;UPF1;WRN;PRPF4B;DTYMK;MT2A,age_changes_CD4_memory_02032026
Wnt-beta Catenin Signaling,0.1533361847733105,-0.398673196,-1.266914385,GNAI1;LEF1;TP53;TCF7;NKD1;DLL1;NOTCH1;AXIN2;HDAC2;SKP2,age_changes_CD4_memory_02032026
Estrogen Response Late,0.1536857455340868,0.29882113117047204,1.2152412058858888,PERP;DYNLT3;DNAJC1;XBP1;LSR;TJP3;SLC7A5;BATF;MAPK13;SLC2A8;SERPINA1;CACNA2D2;TPBG;SLC1A4;S100A9;ATP2B4;PRSS23;SNX10;CHPT1;ABHD2;TOB1;FKBP5;SLC22A5;CLIC3;BCL2;SLC9A3R1;ZFP36;NCOR2;MICB;ELOVL5;RAB31;AFF1;ITPK1;BTG3;JAK2,age_changes_CD4_memory_02032026
E2F Targets,0.1573519627411843,-0.302341389,-1.233401746,SMC4;TP53;PAICS;CKS2;TACC3;STMN1;NME1;NASP;UBE2T;CCNB2;MSH2;NOP56;CKS1B;DCTPP1;MKI67;POLD2;EXOSC8;RPA3;CHEK2;PCNA;HNRNPD;BARD1;SYNCRIP;CTPS1;TBRG4;CCNE1;RFC3;BIRC5;CDC20;GINS4;PNN;CTCF;RPA2;CENPM;EZH2;TOP2A;SNRPB;UBE2S;CBX5,age_changes_CD4_memory_02032026
PI3K/AKT/mTOR  Signaling,0.16506351832636923,0.31506826013126127,1.2004475897533669,HSP90B1;PRKAR2A;ARHGDIA;SLC2A1;SQSTM1;PLCB1;TBK1;MKNK1;ARF1;CDK2;SLA;MYD88;CALR;FASLG;RPS6KA1;CAB39L;CDKN1A;IRAK4;CLTC;GSK3B;RIPK1;NOD1;YWHAB;CXCR4;MAP3K7;NCK1,age_changes_CD4_memory_02032026
Hedgehog Signaling,0.18696074857212297,0.3803483672371765,1.1793562089287122,PTCH1;ADGRG1;MYH9;L1CAM;NF1;AMOT;VLDLR;CDK6;RTN1;PML,age_changes_CD4_memory_02032026
DNA Repair,0.18817365269461078,-0.301300861,-1.194218685,TP53;PDE6G;ADA;GTF2H5;RALA;SAC3D1;ZWINT;POLR2H;BOLA2;NME1;IMPDH2;TYMS;PRIM1;RPA3;TAF12;NELFB;RFC4;PCNA;RBX1;POLR2G;TSG101;ERCC4;RFC3;ALYREF;RAD52;UMPS;RPA2;NCBP2;ZNRD1;ITPA;SRSF6;CSTF3;GTF3C5;POM121;GTF2H1;REV3L;TAF9;CMPK2,age_changes_CD4_memory_02032026
Adipogenesis,0.21631685849695326,0.27312967043615066,1.1545967056932402,RAB34;DHRS7;REEP5;STOM;ELOVL6;LTC4S;BAZ2A;MGST3;APLP2;IFNGR1;GPHN;TANK;CD151;RNF11;SOWAHC;RIOK3;SCP2;CD302;GPAT4;RMDN3;BCL2L13;TOB1;NDUFB7;CD36;PHYH;PGM1;SLC25A1;PFKL;SLC1A5;CMBL;DNAJB9;ACO2;ACLY;ALDOA;FAH;ADIPOR2;COX8A;RETSAT;GPX4;ME1;NDUFA5;CAVIN2;CMPK1;ALDH2;PIM3,age_changes_CD4_memory_02032026
Reactive Oxygen Species Pathway,0.24070675198310432,0.3361633435182582,1.1351125285000883,PRNP;PRDX6;PFKP;PRDX2;TXN;GCLM;CDKN2D;LSP1;G6PD;SCAF4;MBP;HHEX;GPX4;PRDX4,age_changes_CD4_memory_02032026
Fatty Acid Metabolism,0.2449325555960627,0.27841992986445707,1.1273120205283482,LGALS1;GLUL;ENO2;PCBD1;PRDX6;LTC4S;ACSL5;ACSM3;ACADVL;SERINC1;RAP1GDS1;S100A10;SUCLG2;SLC22A5;CD36;HSD17B11;G0S2;SDHA;ELOVL5;MIF;ACSL4;ACO2;DLST;BLVRA;ALDOA;CPT1A;ADIPOR2;RETSAT;ACOT2;ME1;NBN;ALDH1A1;ODC1;YWHAH;ACSL1;GABARAPL1,age_changes_CD4_memory_02032026
Estrogen Response Early,0.32870622391580473,-0.274672164,-1.098903173,RETREG1;FAM102A;ABLIM1;RHOBTB3;FLNB;IGF1R;HES1;IL6ST;NRIP1;MINDY1;MYB;FHL2;FCMR;OPN3;BCL11B;ABAT;TGIF2;RPS6KA2;SEC14L2;SLC19A2;FKBP4;AQP3;MED13L;RBBP8;TIAM1;UNC119;INPP5F;CCND1;KDM4B;RASGRP1;SCARB1;WWC1;ADD3;IGFBP4,age_changes_CD4_memory_02032026
Apical Surface,0.43082685545611704,0.3373269702591618,1.0340618123798944,IL2RB;GATA3;CRYBG1;FLOT2;CD160;CROCC;EFNA5;PLAUR;LYN;ADIPOR2;MAL,age_changes_CD4_memory_02032026
Mitotic Spindle,0.464769827,0.2404866854487799,1.0100759830870074,FLNA;ACTN4;PCGF5;NEDD9;ARHGDIA;EZR;VCL;DST;DYNC1H1;PXN;KIF3B;MYH9;KIF1B;ARHGAP10;RHOT2;ARHGAP5;NF1;ARAP3;LLGL1;SUN2;PDLIM5;ARHGEF12;LATS1;PALLD;TBCD;TUBGCP6;TAOK2;ABI1;NOTCH2;CLASP1;PREX1;KIF20B;TUBA4A;PRC1;FGD4;INCENP;CDC27;KIFAP3;CLIP1;MAP3K11;ABR;KIF22;CKAP5;TUBGCP5;DOCK2;NCK1;SPTAN1;KATNB1;MAPRE1,age_changes_CD4_memory_02032026
Interferon Alpha Response,0.46955318082391545,0.26741296080110377,1.0138110222074428,RIPK2;IL15;CASP1;TXNIP;CSF1;IL7;OASL;CASP8;ADAR;BST2;CD74;NUB1;LPAR6;PSMB9;TRIM26;UBA7;LY6E;CMTR1;TAP1;IFITM3,age_changes_CD4_memory_02032026
Angiogenesis,0.5840320816624134,0.3230207571249384,0.9589406919510975,VCAN;S100A4;TIMP1;LRPAP1,age_changes_CD4_memory_02032026
Pancreas Beta Cells,0.6017499088589137,0.3478002225894882,0.9464272138019253,STXBP1;DPP4;PAK3;MAFB;AKT3;SPCS1,age_changes_CD4_memory_02032026
Xenobiotic Metabolism,0.6557601166605906,0.22432900851165966,0.920863359,DHRS7;FAS;PTGDS;CES1;NPC1;KYNU;AKR1C3;SSR3;PTGES3;TMBIM6;CYP27A1;UPP1;ARPP19;PDLIM5;CD36;HMOX1;PMM1;CDA;ELOVL5;SLC1A5;CYFIP2;ACO2;GSS;ABCD2;FAH;HSD11B1;RETSAT;PGD;ACSM1;MAN1A1;AQP9;ALDH2;PSMB10;GABARAPL1,age_changes_CD4_memory_02032026
Pperoxisome,0.727586494,-0.25214754,-0.929086185,CLN8;PEX6;MSH2;ECH1;SLC25A19;EPHX2;ABCD1;RDH11;PEX2;HRAS;CLN6;PRDX5;CTPS1;SLC25A17;MLYCD,age_changes_CD4_memory_02032026
UV Response Up,0.7373714110241056,-0.226899075,-0.904698567,IL6ST;POLR2H;CHKA;BCL2L11;E2F5;MARK2;CDC5L;KLHDC3;PPAT;WIZ;BAK1;AGO2;FKBP4;EPHX1;RFC4;AQP3;AP2S1;NAT1;PLCL1;DGAT1;CCNE1;CDC34;POLG2;PRKACA;POLE3;DDX21;RASGRP1,age_changes_CD4_memory_02032026
Spermatogenesis,0.8219275734245794,-0.229000477,-0.844864821,MAP7;POMC;CCNB2;NEFH;STRBP;SCG5;GMCL1;RFC4;IP6K1;TKTL1;PCSK4;CAMK4;EZH2;AGFG1;IFT88;BUB1;SLC12A2;CSNK2A2;TLE4;PIAS2;TALDO1;PGS1;ZC3H14;CDKN3;DPEP3;CHFR,age_changes_CD4_memory_02032026
IL-2/STAT5 Signaling,0,0.5352712485642221,2.325142840363813,IL2RA;PTGER2;AHNAK;IL2RB;TNFRSF1B;TRAF1;ADAM19;CST7;SYT11;TNFRSF4;BHLHE40;IL18R1;ANXA4;CSF1;IL10RA;CTLA4;PRNP;MYO1C;ALCAM;HOPX;GALM;TNFRSF18;BATF;SLC39A8;LRIG1;PHTF2;CYFIP1;SERPINB6;CCR4;PHLDA1;IRF4;MUC1;RABGAP1L;MAP3K8;SLC1A5;COL6A1;PLPP1;AHR;P4HA1;XBP1;PIM1;BCL2;BCL2L1;NFKBIZ;GLIPR2;FGL2;EOMES;RHOB;CDC6;SYNGR2;CTSZ;UCK2;NDRG1;GPR65;PTCH1;RORA;IL1R2;IFNGR1;ECM1;SH3BGRL2;SNX14;KLF6;FLT3LG;ODC1;BATF3;EMP1;TNFRSF9;SOCS2;CKAP4;SNX9;MAFF;PRKCH;CD86;F2RL2,age_changes_CD4_naive_02032026
Complement,0.000654427,0.4701480731094989,2.0136621072906915,CASP1;F5;CFH;CPQ;ANXA5;CCL5;TIMP1;GZMK;CTSH;SPOCK2;LGALS3;CTSS;PDGFB;CLU;F8;HPCAL4;PLEK;CSRP1;APOBEC3G;LRP1;DPP4;XPNPEP1;GZMB;GATA3;ANG;C1R;MT3;C4BPB;DUSP6;VCPIP1;S100A12;CPM;PIM1;CTSO;LTA4H;SERPINA1;CTSB;RBSN;KLKB1;ITGAM;CASP7;PLAT;KYNU;PLA2G7;S100A9;DUSP5;APOBEC3F;PRKCD;JAK2;GMFB;USP14;CDA;PSMB9;CXCL1;MMP15;PDP1;CD36;RNF4;LIPA;ME1;EHD1;FCN1;WAS;MAFF;L3MBTL4;C1QA,age_changes_CD4_naive_02032026
Oxidative Phosphorylation,0.001196447,-0.443845179,-2.006593043,SLC25A5;TIMM8B;TIMM13;ATP5F1C;DECR1;BDH2;ATP6V1D;PDHB;NDUFB3;ACADM;MRPL15;MRPS11;MTX2;NDUFA2;SLC25A11;ATP1B1;ATP5MC3;CYB5A;SUCLG1;FXN;ATP5PF;IMMT;MDH1;MTRF1;ETFB;ATP5MC1;ATP5MF;TIMM10;NDUFS6;SDHD;NDUFA7;NDUFB2;HSD17B10;ECH1;NDUFB6;UQCRH;NDUFC2;NDUFS2;COX7B;VDAC1;UQCR10;COX6C;NDUFA8;MRPS22;NDUFA9;FH;TIMM9;UQCRQ;ATP5ME;TOMM22;ACAA1;NDUFS8;UQCRC2;IDH1;SLC25A3;ATP5F1E;NDUFS4;PDHA1;SDHC;NDUFB1;MRPL35;ACAA2;ATP6V0B;MRPS12;MRPS15;POLR2F;NDUFB4;ATP5F1B;ATP5PO;SDHB;NDUFB8;LDHB;MRPL34;AIFM1;NDUFA1;MRPL11;ATP6V1F;COX6A1;NDUFAB1;ATP5MG;COX7A2L;NDUFS3;ECHS1;UQCRB;ATP5PB;IDH3B;SLC25A6;SUCLA2;CYC1;TIMM17A;SLC25A20;COX6B1;NDUFA3;COX7C;RHOT1,age_changes_CD4_naive_02032026
Myc Targets V2,0.001196447,-0.518158376,-1.928881295,BYSL;PHB;NDUFAF4;SORD;TFB2M;NOP56;GNL3;TMEM97;SLC19A1;MRTO4;PPAN;HSPE1;CBX3;DCTPP1;IPO4;MPHOSPH10;TBRG4;NOP16;RRP9;WDR43;DDX18;AIMP2;SRM;EXOSC5;RABEPK;GRWD1,age_changes_CD4_naive_02032026
Coagulation,0.001308854,0.4854853568290025,1.9241412070230932,CAPN2;CFH;CPQ;TIMP1;CTSH;PDGFB;CLU;CRIP2;F8;PLEK;CSRP1;LRP1;DPP4;APOA1;ANG;C1R;PRSS23;DUSP6;CTSO;LTA4H;SERPINA1;CTSB;KLKB1;PLAT;CFD;F12;ANXA1;THBS1;MMP15;MAFF;PROS1;USP11;C1QA;F2RL2;SERPING1;SPARC;ITGA2;GSN;RAPGEF3,age_changes_CD4_naive_02032026
Epithelial Mesenchymal Transition,0.001570625,0.45203410079181944,1.9018322949964728,IGFBP3;TGFBR3;LGALS1;ITGB1;FAS;ENO2;TIMP1;IL15;SGCB;FLNA;GLIPR1;ACTA2;PFN2;IGFBP4;LRP1;PLOD3;SDC4;DST;VCAN;WIPF1;CADM1;LOXL1;VIM;TPM4;QSOX1;PLOD1;MGP;TGFBI;RHOB;GAS1;ANPEP;ECM1;MAGEE1;THBS1;PDGFRB;CXCL1;PVR,age_changes_CD4_naive_02032026
Allograft Rejection,0.001963281,0.443531426,1.9083871845008733,IL2RA;STAT4;IL2RB;FAS;CD40;NCF4;CCL5;CSF1;TIMP1;IL15;F2R;CDKN2A;ACVR2A;FLNA;CTSS;IFNG;CXCR3;TPD52;IL2;MAP4K1;ICAM1;IL12RB1;IRF4;TAPBP;GZMB;FGR;BCL3;PRF1;DEGS1;NLRP3;KLRD1;CCR2;TLR3;TNF;IL12A;SRGN;IL7;TRAF2;RIPK2;FASLG;TLR6;GCNT1;SPI1;GPR65;IFNGR1;JAK2;IL18RAP;CD80;HCLS1;CCR5;CCR1;BCL10,age_changes_CD4_naive_02032026
Myc Targets V1,0.001994079,-0.399003963,-1.822792634,CCT2;APEX1;COPS5;PSMC6;SERBP1;PSMA4;CCT5;PHB;SYNCRIP;MCM7;NME1;POLE3;HDDC2;NOP56;LSM2;GNL3;PSMA7;CCT3;EIF3J;SSB;EXOSC7;PCNA;RFC4;HSPE1;HDAC2;HNRNPA2B1;TXNL4A;HDGF;VDAC1;ABCE1;CBX3;HNRNPD;SSBP1;PSMB3;SNRPG;PSMC4;NHP2;SNRPD3;CLNS1A;TRIM28;CTPS1;POLD2;PSMA1;GSPT1;SLC25A3;LSM7;PSMA2;ILF2;NOP16;SET;SMARCC1;C1QBP;PRPF31;CCT4;IMPDH2;PSMD8;EIF3B;PSMB2;RAD23B;SRSF3;ERH;RRP9;RUVBL2;DDX18;AIMP2;TFDP1;SRM;PWP1;RPS10;DDX21;NDUFAB1;EIF2S2;PPIA;TCP1;RPL22;CYC1;PCBP1;EEF1B2;RACK1;RPL6;HNRNPR;RANBP1;SNRPB2;EIF2S1;PSMD3;RPS5;FAM120A;FBL;PPM1G,age_changes_CD4_naive_02032026
Interferon Gamma Response,0.002181424,0.4279988031385118,1.8642335226462685,ZBP1;STAT4;IL2RB;IL15RA;CASP1;FAS;CFH;CD40;CCL5;IL10RA;IL15;CASP8;PFKP;MTHFD2;ICAM1;OASL;BST2;IRF4;TAPBP;C1R;IL18BP;IRF5;HLA-DRB1;PTPN1;TRIM26;SLAMF7;MVP;CMTR1;CSF2RB;PIM1;IL7;PELI1;ARID5B;CASP7;CDKN1A;ITGB7;CD274;FGL2;CMKLR1;FCGR1A;GBP6;RIPK2;UPP1;FPR1;JAK2;ZNFX1;MYD88;TRAFD1;OAS3;PSMB9;STAT3;RIPK1;SECTM1;TXNIP;SRI;TAP1;NOD1;CD86;SERPING1;PTPN6;SOD2;HLA-DQA1;ADAR;LY6E;IFITM3;SELP;HERC6;CD74,age_changes_CD4_naive_02032026
IL-6/JAK/STAT3 Signaling,0.003552604,0.4724047436297958,1.8080746864697137,IL2RA;IL15RA;TNFRSF1B;FAS;IL18R1;CSF1;IL12RB1;MAP3K8;PTPN1;TNF;CSF2RB;PIM1;IL7;HMOX1;CSF3R;IL1R2;IFNGR1;MYD88;CCR1;LTBR;STAT3;CXCL1;IL9R;CD36;IL13RA1;PDGFC;IL1R1;TLR2;CD14,age_changes_CD4_naive_02032026
TNF-alpha Signaling via NF-kB,0.00458099,0.40429224435763306,1.7722212067429468,IL15RA;TRAF1;BHLHE40;CCL5;CSF1;BCL2A1;DRAM1;MSC;CLCF1;SLC16A6;PLEK;ICAM1;SERPINB8;SMAD3;PHLDA1;SDC4;MAP3K8;ZC3H12A;BCL3;GPR183;PHLDA2;SQSTM1;DUSP4;RELB;TNIP1;TNF;F2RL1;CDKN1A;KLF9;RIPK2;RHOB;CFLAR;KYNU;RELA;ZFP36;TANK;DUSP5;CD80;NFKBIE;ATF3;CEBPD;CXCL1;KLF6;CCL4;BIRC3;EHD1;TNFRSF9;TAP1;MAFF;PANX1;TLR2;SOD2;G0S2;CCL20;TIPARP;FOSL2;CD69;PLAUR;NFKB2;CCL2;SOCS3;SPHK1;TNFAIP6;TNIP2;TRIB1;MCL1;DUSP1;IFIT2,age_changes_CD4_naive_02032026
Inflammatory Response,0.00581713,0.4061012472755269,1.7224729608737794,PTGER2;IL2RB;CD70;IL15RA;TNFRSF1B;CD40;IL18R1;CCL5;CSF1;IL10RA;TIMP1;IL15;ACVR2A;NOD2;GNA15;ICAM1;BST2;TAPBP;CD82;AHR;BEST1;GPR183;NLRP3;TLR3;PROK2;TPBG;KCNA3;SLAMF1;AQP9;OSM;LTA;CDKN1A;SLC7A1;CMKLR1;RIPK2;CSF3R;FPR1;RELA;SLC4A4;IL18RAP;LAMP3;KLF6;PVR;CXCR6;TNFRSF9;C5AR1;SRI;ICAM4;NMUR1;IL1R1;TLR2;CYBB;C3AR1;MEFV;CD14;CCL20;LY6E;CXCL8;P2RY2;MSR1;LYN;CD69;PLAUR;SGMS2;EREG;CCL2,age_changes_CD4_naive_02032026
Apoptosis,0.00772224,0.4024315866018964,1.6825721034097236,TGFBR3;CASP1;FAS;ENO2;TIMP1;F2R;LGALS3;CLU;KRT18;CASP8;LMNA;GNA15;TSPO;PSEN2;PEA15;PRF1;SQSTM1;TNF;CASP6;FEZ1;BCL2L1;CASP7;PLAT;HMOX1;CDKN1A;RHOB;FASLG;TOP2A;CFLAR;CDKN1B;RELA;IFNGR1;ANXA1;RETSAT;BCL10;ATF3;PDGFRB;BIRC3;EMP1;CDC25B;HMGB2;TXNIP;MADD;TAP1;SOD2;BIK;CD14;SPTAN1;IFITM3;BRCA1;GSN;FDXR;PMAIP1;CD69;ETF1;SLC20A1;EREG,age_changes_CD4_naive_02032026
p53 Pathway,0.008567046,0.38378751345140283,1.6603493923327124,S100A4;STOM;CASP1;FAS;GLS2;ZBTB16;PERP;DDB2;F2R;CGRRF1;ZNF365;CDKN2A;DRAM1;EPS8L2;PHLDA3;TCN2;RHBDF2;AEN;CD82;CCNG1;S100A10;MAPKAPK3;ABHD4;DDIT4;PMM1;CDKN2B;SEC61A1;VWA5A;HMOX1;CDKN1A;NDRG1;CTSF;UPP1;TRAFD1;RETSAT;RPS27L;XPC;ATF3;RB1;TXNIP;PRKAB1;ANKRA2;TAP1;SLC3A2;CEBPA;KIF13B;SESN1;PLXNB2;WWP1;MDM2;PIDD1;POLH,age_changes_CD4_naive_02032026
Myogenesis,0.00916198,0.39068679209444634,1.649418154743454,IGFBP3;FXYD1;ITGB1;BHLHE40;SORBS3;PRNP;MYO1C;GNAO1;CLU;FHL1;TNNC1;PSEN2;CHRNA1;MAPRE3;DAPK2;PFKM;TNNC2;CDKN1A;TPM3;SORBS1;KIFC3;SYNGR2;GAA;NCAM1;PDLIM7;CFD;RB1;ATP6AP1;PDE4DIP;CNN3;CD36;DMPK;SH2B1;AGL;FLII;NAV2;RYR1;MRAS;MYH9;PLXNB2;SPTAN1;WWTR1;ITGB5;SPARC;GSN;CRAT;LPIN1;LAMA2;EPHB3;LARGE1;SGCD;SPHK1,age_changes_CD4_naive_02032026
TGF-beta Signaling,0.010169803506511435,-0.449540732,-1.651928459,NOG;PMEPA1;ID3;ID2;SMAD1;SMAD7;SKIL;BMPR2;TGFBR1;HIPK2;SMURF2;FKBP1A;SPTBN1;TRIM33;XIAP;SKI,age_changes_CD4_naive_02032026
UV Response Dn,0.014498078,0.390363801,1.5893224736770613,SFMBT1;KALRN;TGFBR3;ANXA2;BMPR1A;BHLHE40;INPP4B;ANXA4;ACVR2A;ATXN1;MT1E;SMAD3;ATP2B4;PIAS3;SLC7A1;GCNT1;ICA1;CDKN1B;ABCC1;PTPRM;MAGI2,age_changes_CD4_naive_02032026
Hypoxia,0.017276875729597792,0.3604190953553641,1.5507542515904549,IGFBP3;S100A4;ANXA2;BHLHE40;ENO2;PAM;PDGFB;TPD52;AKAP12;PFKP;MT1E;XPNPEP1;SDC4;CAVIN1;P4HA1;DDIT4;UGP2;TPBG;PIM1;BCL2;CASP6;HMOX1;CDKN1A;TGFBI;IDS;ERRFI1;SLC25A1;CDKN1B;NDRG1;GAA;ZFP36;RORA;CAVIN3;KIF5A;ERO1A;PFKL;CITED2;ATF3;FBP1;NEDD4L;TPI1;KLF6;GPI;MAFF;TMEM45A;ALDOA;MYH9;MIF;SLC37A4;GAPDH;TIPARP;FOSL2;PLAUR;SLC6A6;LARGE1;JMJD6;FAM162A;GPC1;DUSP1;GYS1;HSPA5;NFIL3;PGAM2;SLC2A1;WSB1,age_changes_CD4_naive_02032026
Estrogen Response Late,0.017669532,0.3680521509411648,1.5591684263924401,LSR;TJP3;PERP;BATF;DYNLT3;MICB;FABP5;IGFBP4;TNNC1;ELOVL5;ABHD2;DNAJC1;ATP2B4;SLC27A2;PRSS23;ABCA3;XBP1;SLC2A8;SLC1A4;TPBG;BCL2;MAPT;SERPINA1;PTGES;CHPT1;NBL1;PKP3;MAPK13;TOP2A;CDC6;UNC13B;S100A9;ZFP36;JAK2;ALDH3B1;NMU;FDFT1;KIF20A;STIL;SLC22A5;MYB;SLC29A1;RAB31;PTPN6;TIAM1;CACNA2D2;CDC20;WFS1,age_changes_CD4_naive_02032026
Protein Secretion,0.018405762496020377,0.3892072311624257,1.5363006454798578,CD63;PAM;KRT18;TPD52;ANP32E;RAB9A;GALC;DST;M6PR;VAMP3;STAM;ICA1;SEC24D;STX12;ARFIP1;TMED2;RAB14;TMED10;LMAN1;AP2B1;ATP1A1;VPS45;SEC31A;ARF1,age_changes_CD4_naive_02032026
Notch Signaling,0.018544936,-0.481275635,-1.560274343,TCF7L2;LFNG;ST3GAL6;HES1;ARRB1;NOTCH1;FZD1;MAML2;RBX1;DTX1;DTX4;SAP30;CCND1;PSENEN;DLL1,age_changes_CD4_naive_02032026
KRAS Signaling Up,0.019401839054628535,0.3553356105502642,1.5222434205070003,PRDM1;IGFBP3;NAP1L2;TNFRSF1B;TRAF1;ADAM8;CFH;PCSK1N;IL10RA;KIF5C;CTSS;ACE;FLT4;MAP4K1;AKAP12;AMMECR1;RABGAP1L;WNT7A;PDCD1LG2;DUSP6;F2RL1;CDADC1;VWA5A;PLAT;LCP1;CMKLR1;FGF9;F13A1,age_changes_CD4_naive_02032026
Bile Acid Metabolism,0.024868230216845304,0.38627753416952865,1.4930785976951673,OPTN;ATXN1;ACSL5;NPC1;ABCA2;NR3C2;PEX16;APOA1;ABCD2;GSTK1;SLC27A2;GCLM;LIPE;ABCA3;AQP9;CYP27A1;NR1I2;PFKM;ABCA6;HSD17B11;RETSAT;CH25H;SLC29A1;PIPOX;PAOX;ALDH1A1,age_changes_CD4_naive_02032026
Wnt-beta Catenin Signaling,0.025424508766278584,-0.431438156,-1.502119365,GNAI1;NKD1;TCF7;SKP2;TP53;LEF1;NOTCH1;FZD1;HDAC2,age_changes_CD4_naive_02032026
Angiogenesis,0.030103647104602217,0.4775207331537506,1.4640646421862016,S100A4;TIMP1;FGFR1;VCAN,age_changes_CD4_naive_02032026
DNA Repair,0.040422832,-0.324761933,-1.427176325,PDE6G;ADA;GTF2H5;POLR2H;TP53;BOLA2;SAC3D1;TAF12;STX3;POLR2G;NUDT9;RALA;NME1;PDE4B;RAE1;PCNA;RFC4;GTF3C5;ZNRD1;RPA2;CSTF3;MPC2;RBX1;CETN2;ITPA;UPF3B;TSG101;DGCR8;UMPS;VPS37D;POLR2K;ALYREF;ERCC4;IMPDH2;DAD1;SRSF6;APRT;POLR2F;NELFB;TAF10;NME4;RPA3;ELOA;NELFCD;DGUOK;POLR1D,age_changes_CD4_naive_02032026
Estrogen Response Early,0.053204924,0.32624509969307547,1.395074679840131,SH3BP5;BHLHE40;TJP3;MYBL1;KRT18;DYNLT3;LRIG1;MICB;ASB13;IGFBP4;ELOVL5;ENDOD1;MUC1;RHOD;ABHD2;SNX24;SLC27A2;NADSYN1;PRSS23;ABCA3;XBP1;SLC1A4;TPBG;BCL2;SLC37A1;MAPT;PTGES;CHPT1;NBL1;UGCG;GAB2;JAK2;ALDH3B1;FDFT1;ISG20L2;AQP3;SLC22A5;ELF1;MYB;NAV2;RAB31;ELF3;TIAM1;P2RY2;WFS1;INPP5F;ITPK1;TIPARP;CANT1;PMAIP1,age_changes_CD4_naive_02032026
Androgen Response,0.060394273,0.35703956250114727,1.3749943497136752,INPP4B;CDC14B;MAF;TPD52;GPD1L;HSD17B14;AKAP12;ELOVL5;ABHD2;PLPP1;STEAP4;IQGAP2;ARID5B;NKX3-1;NDRG1;SEC24D;SMS;DNAJB9;PIAS1;MERTK;LMAN1,age_changes_CD4_naive_02032026
Xenobiotic Metabolism,0.070321168,0.32082336971432934,1.3529097282802354,DHRS7;FAS;CES1;ACSM1;IGFBP4;ELOVL5;NPC1;PTGDS;PTGES3;ABCD2;SLC1A5;MPP2;CDO1;PMM1;AQP9;CYP27A1;CASP6;PTGES;GSS;HMOX1;SPINT2;KYNU;UPP1;ACO2;HES6;AP4B1;CDA;TPST1;RETSAT;FBP1;CD36;VNN1;PEMT;TMBIM6;CCL25;SSR3;IL1R1;PROS1;SLC46A3;TMEM176B;PGRMC1;SLC6A6;GNMT;PGD;ARG1;ASL;NDRG2;ACOX1;PSMB10;ALDH2;SLC6A12;ABCC3;TGFB2;CYP2E1;GSR;EPHA2;HSD11B1;CYP17A1;PPARD;SLC22A1;BCAR1;CYP2S1;DDC;DHRS1;MTHFD1;RAP1GAP,age_changes_CD4_naive_02032026
Fatty Acid Metabolism,0.073295836,0.3181702079492541,1.341887232634463,PCBD1;LGALS1;LTC4S;BLVRA;ENO2;CBR3;YWHAH;PRDX6;ACSL5;ELOVL5;DLST;S100A10;GLUL;ACSM3;RAP1GDS1;SDHA;CPT1A;SERINC1;SMS;ACO2;SUCLG2;CPT2;IL4I1;HSD17B11;RETSAT;SLC22A5;ACADVL;CD36;ODC1;ME1;VNN1;ALDH1A1;INMT;ALDOA;G0S2;MIF,age_changes_CD4_naive_02032026
E2F Targets,0.177676961,0.27939843451541896,1.222933116953184,PTTG1;CDKN2A;MAD2L1;CENPM;ANP32E;MTHFD2;ATAD2;TCF19;MCM6;TK1;LIG1;NUDT21;BRCA2;MELK;PRDX4;CDK1;SPC24;CDKN1A;TOP2A;SPAG5;RRM2;CDKN1B;BIRC5;MKI67;GINS1;MCM2;SUV39H1;LYAR;MLH1;EED;UNG;DIAPH3;CIT;SPC25;RAD51AP1;TIMELESS;ASF1B;SSRP1;DSCC1;CDCA8;MCM4;CDC25B;HELLS;HMGB2;CNOT9;POLA2;XRCC6;RPA1;CDC20;DLGAP5;PLK1;BRCA1;POLD1;CDC25A;HMMR;TRIP13;MCM5;KIF18B;KIF4A;RNASEH2A;LMNB1;ASF1A;MXD3;PLK4;PRPS1;AURKB;POLE4;CCNB2;KIF22;HMGB3;CHEK1;E2F8;CDCA3;NUP205;UBR7;MYBL2;CBX5,age_changes_CD4_naive_02032026
Interferon Alpha Response,0.19240157062506633,0.3033722515596881,1.1882121658173648,CASP1;CSF1;IL15;CASP8;LPAR6;OASL;BST2;UBA7;MOV10;TRIM26;CMTR1;IL7;RIPK2;TRAFD1;LAMP3;PSMB9;ELF1;TXNIP;TMEM140;TAP1;GBP2;ADAR;LY6E;IFITM3;HERC6;CD74,age_changes_CD4_naive_02032026
Cholesterol Homeostasis,0.1969583223607066,0.3200002708374831,1.1903995116648363,ANXA5;ALCAM;LGALS3;CLU;FABP5;ABCA2;ACSS2;SREBF2;LSS;S100A11;ERRFI1;ANTXR2;CXCL16;FDFT1;ATF3,age_changes_CD4_naive_02032026
Adipogenesis,0.19894584173476246,0.27721343306177176,1.2000201731478637,DHRS7;LTC4S;STOM;APLP2;RAB34;REEP5;BAZ2A;SOWAHC;NABP1;SLC1A5;CAVIN1;BCL2L13;GPAT4;ELOVL6;CD151;SULT1A1;LIPE;YWHAG;CD302;GPHN;MGST3;SORBS1;SLC25A1;TANK;ACO2;IFNGR1;DNAJB9;RMDN3;CPT2;RETSAT;PHLDB1;PFKL;RIOK3;CD36;RNF11;ME1;PEMT;MCCC1;UBQLN1;CHCHD10;CAVIN2;GRPEL1,age_changes_CD4_naive_02032026
Pancreas Beta Cells,0.20000299322171336,0.4432584640039996,1.1938185635236025,STXBP1;PAK3;DPP4,age_changes_CD4_naive_02032026
UV Response Up,0.23716247654400524,-0.268691528,-1.163526257,ABCB1;AP2S1;POLR2H;KLHDC3;IGFBP2;CDC5L;FKBP4;E2F5;CASP3;RASGRP1;POLE3;MARK2;TUBA4A;PRKACA;RFC4;CHKA;DNAJA1;POLG2;WIZ;PLCL1;BCL2L11;IL6ST;PSMC3;CDC34;ACAA1;BID;DGAT1;HYAL2;BAK1;NAT1;CA2;ARRB2;EPHX1;FURIN;NR4A1;AGO2;CDKN1C;PDAP1;ATP6V1F;UROD;DDX21,age_changes_CD4_naive_02032026
Apical Surface,0.2407389110284081,0.3541767585870818,1.150837465804132,IL2RB;CRYBG1;GATA3;FLOT2;CROCC;GAS1;GSTM3;BRCA1;CD160;LYN;PLAUR;MDGA1;MAL;AFAP1L2;EPHB4;APP;EFNA5,age_changes_CD4_naive_02032026
KRAS Signaling Dn,0.25035663338088443,-0.28374618,-1.172286367,CHST2;TCL1A;CAMK1D;LFNG;SPHK2;RSAD2;IGFBP2;CD40LG;CCDC106;SKIL;EDAR;BARD1;STAG3;ARPP21;GTF3C5;IFI44L,age_changes_CD4_naive_02032026
Reactive Oxygen Species Pathway,0.287075359,0.31952400320461644,1.1175158354904091,PRNP;PRDX6;PFKP;GCLM;PRDX2;PRDX4;ABCC1;MBP;G6PD;SRXN1;MPO;SOD2,age_changes_CD4_naive_02032026
Apical Junction,0.30884737527372397,0.2601234859562866,1.10083572,ITGB1;TRAF1;SORBS3;ACTN4;CTNNA1;YWHAH;CRB3;VCL;ICAM1;PARVA;LIMA1;ADAM15;CD99;VCAN;GTF2F1;DSC1;CD274;NECTIN2;TGFBI;MAPK13;ZYX;CERCAM,age_changes_CD4_naive_02032026
heme Metabolism,0.3516058387118559,0.24973646880667366,1.0683702356684706,BLVRA;CAST;OPTN;FN3K;DMTN;TRAK2;TSPAN5;FBXO7;ACSL6;ENDOD1;OSBP2;LRP10;TENT5C;GCLM;PRDX2;MKRN1;HTATIP2;KAT2B;CTSB;NFE2L1;MGST3;ASNS,age_changes_CD4_naive_02032026
Spermatogenesis,0.35273621281262163,0.276039823,1.073402470534077,MLF1;PCSK1N;ACE;PHF7;NCAPH;PACRG;PRKAR2A;CDK1;IL12RB2;CCT6B;NPHP1;IDE;PARP2;GSTM3;SPATA6;PEBP1;DMC1;DBF4,age_changes_CD4_naive_02032026
mTORC1 Signaling,0.37251392020615703,-0.242165231,-1.079888896,CD9;PHGDH;ATP6V1D;GLRX;COPS5;PSMD13;MTHFD2L;PSMC6;MLLT11;RDH11;PSMA4;EEF1E1;IMMT;SQLE;LGMN;SORD;ATP5MC1;SCD;ABCF2;PSMB5;TUBA4A;TM7SF2;TMEM97;HSPE1;SYTL2;PSPH;GOT1;PSMA3;HMBS;PSMC4;PDK1;CORO1A,age_changes_CD4_naive_02032026
Glycolysis,0.41471431,0.24108975241141048,1.0333779182718696,IGFBP3;ENO2;PAM;PFKP;EGLN3;ANG;VCAN;P4HA1;DDIT4;UGP2;ECD;TPBG;QSOX1;GNE;CASP6;CDK1;AK3;PLOD1;GFPT1;PYGL;TGFBI;B3GAT1;NOL3;GOT2;ERO1A;TPST1;DSC2;MERTK;CITED2;KIF20A;TPI1;CHPF2;ME1;IL13RA1;AGL;G6PD,age_changes_CD4_naive_02032026
Pperoxisome,0.44600298693529566,-0.257914923,-1.033332273,ABCB1;MSH2;SLC25A19;RDH11;ABCD3;CLN8;PEX2;PRDX5;FIS1;FDPS;ECH1;PEX6;SLC25A17;ABCC5;CTPS1;EPHX2;ACAA1;IDH1;CLN6;SMARCC1;HMGCL;CTBP1;SIAH1;CAT,age_changes_CD4_naive_02032026
G2-M Checkpoint,0.5568613776827721,0.22080817783992274,0.967328539,PTTG1;MAD2L1;SMAD3;MCM6;RBL1;BCL3;KPNB1;BRCA2;CDK1;NDC80;SLC7A1;TOP2A;CDC6;RAD54L;UCK2;NUSAP1;CDKN1B;CCNA2;CDC45;BIRC5;MKI67;MCM2;SUV39H1;TPX2;E2F2;PRC1;UBE2C;EXO1;CUL1;RPS6KA5;STIL;PBK;ODC1;MEIS1;CDC25B;CUL4A;DBF4;NOTCH2;POLA2;INCENP;KIF23;EWSR1;KNL1;CDC20;PLK1;KIF11;CDC25A;HMMR;TROAP;MCM5;CDC7;KIF4A;PML;CASP8AP2;LMNB1;KIF15;SLC7A5;PLK4;AURKB;CCNB2;KIF22;HMGB3;NUP98;CCNT1;CHEK1;BUB3,age_changes_CD4_naive_02032026
Mitotic Spindle,0.5629891007424702,0.21928479482358143,0.9587178340408297,ACTN4;FLNA;ARHGAP5;VCL;PCGF5;TBCD;EZR;ARHGDIA;DST;PREX1;PXN;BRCA2;ARAP3;CDK1;ARHGEF3;NDC80;CDC42EP2;TOP2A;NUSAP1;ABR;MAP3K11;BIRC5;SORBS2;TPX2;KIF3B;PRC1;TUBGCP5;LATS1;NF1;ANLN;NOTCH2;INCENP;KIF23;CLIP1;MYH9;SPTAN1;TIAM1;LLGL1;PIF1;DLGAP5;PLK1;KIF11;GSN,age_changes_CD4_naive_02032026
Unfolded Protein Response,0.6680108953270367,0.22634764885507974,0.9083104046883209,HSP90B1;MTHFD2;NABP1;WIPI1;XBP1;DDIT4;SLC1A4;XPOT;SSR1;ASNS;HSPA9;DNAJB9;PDIA6;ERO1A;HYOU1;ATF3;DCP1A;EXOC2;SEC31A;ERN1;ALDH18A1;HERPUD1;YWHAZ;WFS1;EIF4G1;EXOSC10;SRPRA;CCL2;DCTN1;ATF6;TSPYL2;HSPA5;SLC7A5;EDC4,age_changes_CD4_naive_02032026
PI3K/AKT/mTOR  Signaling,0.737809274,-0.221230772,-0.908632855,PLCB1;LCK;CAMK4;MAP2K6;SMAD2;MAPK8;PTEN;PRKAG1;VAV3;ITPR2;MKNK2;FGF22;IL2RG;PDK1;TNFRSF1A;RIT1;TSC2;ARPC3;CSNK2B;PIK3R3;GRK2;MAPK9;HRAS;AP2M1;MAPK1,age_changes_CD4_naive_02032026
Hedgehog Signaling,0.9052045465003912,-0.259045319,-0.79128549,NRCAM;DPYSL2;NRP2,age_changes_CD4_naive_02032026
Oxidative Phosphorylation,0,-0.451291694,-2.136000921,ECH1;NDUFA2;NDUFB3;HSD17B10;POLR2F;NDUFA7;COX17;UQCRQ;ECHS1;NDUFB8;SLC25A11;NDUFC2;FXN;ATP5PO;ETFA;TIMM8B;NDUFS8;PDHA1;ACAT1;MRPS11;ATP5F1C;MRPL15;SUCLG1;MTX2;NDUFB1;NDUFB2;BDH2;ETFB;ATP6V0E1;ATP5PD;COX15;ATP5PF;LDHB;NDUFS6;IDH2;CYB5A;ATP5MF;SLC25A5;NDUFS7;ECI1;COX6C;NDUFA8;ATP6V1E1;TIMM13;ATP6V1D;COX8A;COX7B;CYCS;COX7A2L;SDHC;NDUFS4;SDHD;ACAA1;MRPL34;ATP5MC3;VDAC1;NDUFB4;MGST3;POR;ATP5F1E;HADHB;ATP6V1C1;PDHB;COX6B1;NDUFA6;ATP6V0B;NDUFA9;ATP5MC1;SLC25A20;MDH1;NDUFB6;HTRA2;BAX;NDUFB5;MRPL35;FDX1;SURF1;VDAC2;UQCRH;UQCR10;UQCRC2,age_changes_CD56bright_NK_02032026
Complement,0,0.45054643679460005,2.0343514575519124,CCL5;GZMA;GNG2;SPOCK2;GZMB;LGALS3;S100A9;FCN1;L3MBTL4;SERPINA1;S100A12;S100A13;DPP4;CBLB;RBSN;PLAUR;CLU;FYN;RAF1;PIK3R5;CTSS;CFH;VCPIP1;XPNPEP1;CASP1;DUSP6;KIF2A;PIM1;LIPA;GMFB;KYNU;CASP7;PIK3CG;SIRT6;CEBPB;CSRP1;LCP2;F8;CDK5R1;CTSH;PRDM4,age_changes_CD56bright_NK_02032026
Apoptosis,0.001259819,0.4256837968570211,1.8971868903010136,F2R;LGALS3;IFNGR1;TXNIP;TGFBR3;ANXA1;FEZ1;SAT1;CDKN1B;SOD2;BCL2L1;HMGB2;ENO2;TNF;CD69;NEDD9;ANKH;CLU;PPT1;SPTAN1;PMAIP1;BCL2L11;MCL1;CASP1;IL18;PLCB2;BNIP3L;ERBB2;PRF1;DPYD;CCND2;CASP7;HMOX1;CTNNB1;FAS;RHOT2;DNAJC3;DAP;SC5D;BIK;APP;BTG2;CCND1;SQSTM1;BCL10;IGF2R;ETF1;RETSAT;PDCD4;CD44;GCH1,age_changes_CD56bright_NK_02032026
TNF-alpha Signaling via NF-kB,0.001574774,0.4161850398457778,1.905121498478026,CCL5;CCL4;LITAF;SAT1;SOD2;MAP3K8;PTGER4;AREG;SERPINB8;CLCF1;TNF;TNFRSF9;KLF9;CD69;PLAUR;MSC;BCL2A1;MAP2K3;IFIT2;ICAM1;G0S2;ZFP36;FOSL2;MCL1;CEBPD;IL18;BIRC2;TNIP1;MXD1;KYNU;DUSP2;PER1;ZC3H12A;IL6ST;SMAD3;CEBPB;TGIF1;PTPRE;PHLDA1;RIPK2;DUSP1;PNRC1;PDLIM5;BTG2;SLC16A6;CCND1;IL15RA;SQSTM1;TNFAIP2;EGR1;CD44;GCH1,age_changes_CD56bright_NK_02032026
Angiogenesis,0.001889729,0.6970047838683945,1.9624059183242504,S100A4;VCAN;CCND2;APP;FGFR1,age_changes_CD56bright_NK_02032026
Allograft Rejection,0.002099699,0.4188436422445083,1.9086173454676159,CCL5;CCL4;GZMA;GZMB;F2R;IFNGR1;CD8A;HLA-DQA1;GBP2;FLNA;HLA-DRA;STAT4;SPI1;MAP4K1;CDKN2A;TNF;HLA-E;CD8B;IRF4;CD74;CD40;TPD52;CD4;IL12RB1;CTSS;ICAM1;EIF3D;HCLS1;CCR5;TAPBP;HLA-DMA;IL18;IL2RB;HLA-DOA;PRF1;CCND2;STAT1;FCGR2B;FAS;ZAP70;LCP2;HDAC9;GCNT1;RIPK2;TLR6;GPR65;TLR1;ITGAL;IGSF6;SIT1;GLMN;BCL10;APBB1;CCND3;CD28;SOCS1;WAS;IL16;CCR2;NCK1;MAP3K7,age_changes_CD56bright_NK_02032026
Coagulation,0.006771528,0.44391419147853123,1.7360937080928844,CAPN2;PRSS23;ANXA1;SERPINA1;S100A13;DPP4;CFD;CLU;FYN;CFH;SIRT2;DUSP6;PECAM1;USP11;CSRP1;WDR1;F8;CTSH;GNB2;CPQ;LRP1;PREP;CTSB;BMP1;C1R;TIMP1;C8G;SH2B2;SPARC;APOA1;ADAM9;P2RY1;ISCU;MMP9;GP1BA;PDGFB;F2RL2,age_changes_CD56bright_NK_02032026
Hypoxia,0.007198967,0.3866596798696047,1.7425697638419613,S100A4;BCL2;ANXA2;CDKN1B;MT1E;CITED2;MYH9;MT2A;PLIN2;RORA;ENO2;PLAUR;TKTL1;DDIT4;ALDOA;TPD52;GPI;CXCR4;TGFBI;ZFP36;FOSL2;XPNPEP1;NDRG1;PIM1;FBP1;BNIP3L;SLC6A6;MIF;PAM;SLC2A1;HMOX1;LDHA;GYS1;PGM1;IDS;DUSP1;PNRC1;PFKP;KDM3A;PDK1;SIAH2;HSPA5,age_changes_CD56bright_NK_02032026
Estrogen Response Early,0.007348945,0.40162703888070533,1.7572661540111993,BCL2;PRSS23;CLIC3;AREG;RHOBTB3;SYNGR1;ITPK1;MICB;ELOVL5;SLC22A5;DHRS3;RAB31;MYBL1;AQP3;FCMR;PMAIP1;TOB1;CLDN7;FKBP5;ABHD2;WFS1;AFF1;ISG20L2;ABLIM1;ALDH3B1;SLC16A1;IL6ST;BCL11B;SLC2A1;TGIF2;FKBP4;ABAT;SIAH2;NADSYN1;CCND1;DHCR7;XBP1;ASB13;CD44,age_changes_CD56bright_NK_02032026
Notch Signaling,0.007648184,-0.54956317,-1.730498028,RBX1;DTX1;DLL1;LFNG;NOTCH1;MAML2;PPARD;PSENEN,age_changes_CD56bright_NK_02032026
Myc Targets V1,0.008343473,-0.367946559,-1.749728483,TXNL4A;PSMA1;PSMA4;TRIM28;PSMA2;HSPE1;NOP56;PCNA;POLD2;EIF3J;YWHAE;NME1;USP1;PSMA7;PSMB3;NHP2;RANBP1;SRSF3;KPNA2;VBP1;PSMD8;SNRPG;HNRNPD;SNRPB2;SET;PSMC4;SRM;RFC4;SMARCC1;SSB;CBX3;DDX18;SSBP1;DDX21;GNL3;NOLC1;TYMS;NAP1L1;VDAC1;HDDC2;CCT5;PCBP1;ERH;HNRNPA2B1;GSPT1;MRPL23;RPS10;MCM7;EIF2S2;SNRPD3;EIF4A1;PRPF31;IFRD1;HPRT1;EIF3B;PSMC6;AIMP2;SRSF7;COPS5;APEX1;PHB;SRSF2;FAM120A;HSPD1;CCT4;RUVBL2;CCT2;PSMB2;PGK1;SERBP1;PHB2;DUT;EIF4E;COX5A;ABCE1;ILF2;C1QBP,age_changes_CD56bright_NK_02032026
Wnt-beta Catenin Signaling,0.010950808,-0.473527125,-1.667388846,TCF7;RBPJ;DLL1;NOTCH1;TP53;ADAM17;LEF1;PPARD,age_changes_CD56bright_NK_02032026
Interferon Alpha Response,0.011958977924561099,-0.390872104,-1.637414764,ISG15;IRF9;NMI;SELL;EPSTI1;IFI44L;IL4R;IRF7;LGALS3BP;USP18;SLC25A28;PARP14;PSMB8;IFI35;PSME2;RTP4;SAMD9;IFI44;PSMA3;MOV10;RSAD2;DHX58;MVB12A;LY6E;BST2;OAS1;NCOA7,age_changes_CD56bright_NK_02032026
DNA Repair,0.029086273828147633,-0.329571918,-1.522140996,PDE6G;GTF2H5;RBX1;ADA;POLR2F;COX17;CSTF3;PCNA;TAF10;RPA3;NME1;POLR2H;ZNRD1;DGUOK;NUDT9;UMPS;TP53;TARBP2;NELFB;GTF2A2;RFC4;POLR2G;TAF12;NELFCD;TYMS;GTF2H3;ALYREF;SMAD5;RALA;RFC5;NME3;NT5C;NUDT21,age_changes_CD56bright_NK_02032026
UV Response Dn,0.033724390327324966,0.35968586748688186,1.505381201062887,ANXA2;TGFBR3;ATXN1;INSIG1;CDKN1B;MT1E;SYNE1;TGFBR2;ANXA4;CITED2;NR1D2;FYN;PTPRM;RUNX1;BMPR1A;RASA2;ERBB2;SLC7A1;SLC22A18;PIAS3;SMAD3;SCAF8;GCNT1;DUSP1;ATP2B4;MIOS;PDLIM5,age_changes_CD56bright_NK_02032026
Epithelial Mesenchymal Transition,0.034473234,0.36492201836332516,1.520647432602091,GLIPR1;COL6A2;TGFBR3;VCAN;SAT1;VIM;FLNA;AREG;WIPF1;ACTA2;ENO2;PLAUR;LGALS1;TGFBI;PPIB,age_changes_CD56bright_NK_02032026
p53 Pathway,0.036084821,0.3258200416751325,1.4887325139324321,S100A4;F2R;TXNIP;SAT1;CCNG1;PERP;CDKN2A;ZBTB16;KIF13B;CTSF;DDIT4;CYFIP2;CGRRF1;TGFA;TOB1;CASP1;TSPYL2;AEN;NDRG1;MXD1;UPP1;ABHD4;GLS2;GM2A;CCND2;RPS27L;RB1;WWP1;DDB2;HMOX1;FAS;S100A10;PTPRE;CDK5R1;TAX1BP3;CEBPA;APP;IFI30;SERTAD3;ABAT;BTG2;PMM1;ERCC5;PLXNB2;CCND3;SOCS1;SEC61A1;RETSAT,age_changes_CD56bright_NK_02032026
IL-2/STAT5 Signaling,0.036324786,0.3304737552363694,1.5066515749324891,PRNP;IFNGR1;BCL2;TNFRSF1B;FGL2;PTGER2;ITGA6;PRKCH;MAP3K8;ANXA4;HIPK2;CST7;PLEC;PLIN2;BCL2L1;RORA;ABCB1;TNFRSF9;IRF4;FLT3LG;DHRS3;ITGAE;GLIPR2;CKAP4;AHNAK;PHTF2;NDRG1;PIM1;IL2RB;MXD1;NFKBIZ;CCND2;CDC42SE2;AMACR;PHLDA1;GPR65;BATF;SLC1A5;SYT11;AHCY;ADAM19;GABARAPL1;IGF2R;CCND3;SOCS1;XBP1;ICOS;CD44;ST3GAL4;RGS16,age_changes_CD56bright_NK_02032026
E2F Targets,0.036751011894415334,-0.315771766,-1.470655551,DCTPP1;NOP56;PCNA;POLD2;RPA3;CKS2;CDKN2C;NME1;USP1;SNRPB;UBE2S;RANBP1;NASP;RPA1;KPNA2;TP53;HNRNPD;CKS1B;EZH2;WEE1;CENPM;PMS2;PAN2;NOLC1;JPT1;PAICS;NAP1L1;SMC4;GSPT1;NUDT21;HELLS;MMS22L;MCM7;TBRG4;RAD51C;DNMT1;BRCA2;POLE;PNN;MCM3;UBE2T;TIPIN;LUC7L3;MLH1;CBX5;TOP2A;RPA2;DDX39A;PDS5B;SRSF2;AK2;PRKDC;DCK;NAA38,age_changes_CD56bright_NK_02032026
Interferon Gamma Response,0.037920557,0.32930844589788705,1.5209622796606312,CCL5;GZMA;HLA-DQA1;TXNIP;FGL2;HLA-DRB1;SOD2;STAT4;SLAMF7;MT2A;IFIT3;IL18BP;ZBP1;FPR1;CD69;IRF4;IRF5;CD74;CD40;CFH;MVP;IFIT2;ICAM1;PTPN1;TAPBP;CASP1;HLA-DMA;PIM1;NUP93;ADAR;IL2RB;PELI1;ZNFX1;NLRC5;UPP1;CASP7;STAT1;TRIM21;FAS;LCP2;TRIM26;CMKLR1;RIPK2;IFI30;PFKP,age_changes_CD56bright_NK_02032026
Estrogen Response Late,0.041294073,0.3464862899905158,1.5235209036388944,BCL2;PRSS23;S100A9;MAPK13;PERP;CLIC3;SERPINA1;AREG;ITPK1;MICB;ELOVL5;SLC22A5;RAB31;DLG5;SLC2A8;ZFP36;TOB1;FKBP5;ABHD2;WFS1;DUSP2;AFF1;ALDH3B1;SLC16A1;IL6ST;SORD;BATF;FKBP4;ATP2B4;SIAH2;PLK4;CCND1;DHCR7;XBP1;PDCD4;CD44,age_changes_CD56bright_NK_02032026
Apical Junction,0.0731535,0.3168645477629683,1.4002173331279806,VCAN;INSIG1;VCL;MAPK13;MYH9;CD99;PIK3CB;ZYX;PLCG1;ICAM1;ADAM15;TGFBI;CNN2;PECAM1;CLDN7;WASL;SORBS3;MVD;CTNNA1;ARHGEF6;MSN;NECTIN3;NRTN;CRAT;NF1;CAP1;MYL9;VASP;CERCAM;TAOK2;EXOC4;MYH10;CTNND1;RRAS;LAYN;ACTN4;MADCAM1;EPB41L2;NEXN;BMP1;SKAP2;PIK3R3;ADAM9;ITGA3;TSC1;GTF2F1;CD86;AKT2;LIMA1;MMP9;NEGR1;SPEG,age_changes_CD56bright_NK_02032026
heme Metabolism,0.077688849,0.3029827796365102,1.3679500897845187,CAST;HBB;TFDP2;PRDX2;TSPAN5;MKRN1;ISCA1;FOXJ2;MAP2K3;AQP3;ARL2BP;TENT5C;GYPC;DMTN;DCAF11;ADIPOR1;EZH1;PIGQ;BSG;LRP10;BNIP3L;NFE2;SDCBP;FBXO7;KHNYN;SLC2A1;GCLM;EPOR;NUDT4;BTG2;BLVRA;EIF2AK1;NFE2L1;BACH1;CCND3;ALDH6A1;CTNS;RIOK3;SNCA;OPTN;CTSB;ATP6V0A1;SEC14L1;TMEM9B;KDM7A;ENDOD1;CLCN3;SLC25A37;PSMD9;MOSPD1;SPTB;CDC27;TMCC2;LPIN2;TCEA1,age_changes_CD56bright_NK_02032026
IL-6/JAK/STAT3 Signaling,0.078187528,0.3523536311550967,1.3837933170476444,IFNGR1;TNFRSF1B;MAP3K8;TNFRSF1A;ITGA4;TNF;CSF3R;IL12RB1;PIK3R5;PTPN1;PIM1;STAT1;IL6ST;HMOX1;FAS;LTBR;CD36;STAT3;IL15RA;SOCS1;IL13RA1;CD44,age_changes_CD56bright_NK_02032026
Reactive Oxygen Species Pathway,0.081740033,0.3732091588012981,1.3686027738981812,PRNP;PRDX6;SOD2;HHEX;FTL;PRDX2;PDLIM1;LSP1,age_changes_CD56bright_NK_02032026
Inflammatory Response,0.083840966,0.3022350724087241,1.3454626880905722,CCL5;TNFRSF1B;PTGER2;PTGER4;BEST1;TNFRSF9;KCNA3;FPR1;CD69;PLAUR;CYBB;CSF3R;CD40;RAF1;PIK3R5;CXCR6;ICAM1;NMUR1;SLC4A4;TAPBP;IL18;IL2RB;LTA;IFITM1;MXD1;SLC7A1;PTAFR;LCP2;PTPRE;CMKLR1;RIPK2;TLR1;SLC31A2,age_changes_CD56bright_NK_02032026
Androgen Response,0.085932929,0.3252797387238789,1.3486917479912917,SAT1;INSIG1;DNAJB9;ANKH;ELOVL5;CDK6;IDI1;TPD52;ADAMTS1;UBE2J1;NDRG1;FKBP5;ABHD2;FADS1;XRCC5;SORD;CDC14B;PIAS1;PDLIM5;CCND1;CCND3;HMGCS1;RAB4A;MAF;UBE2I;XRCC6;ACSL3;ADRM1;SEC24D;SRP19,age_changes_CD56bright_NK_02032026
UV Response Up,0.097006077,0.305087278,1.3198184485283402,RAB27A;SOD2;TUBA4A;ABCB1;ENO2;CYB5R1;GRINA;ALDOA;PPT1;EIF2S3;AQP3;SLC25A4;ICAM1;RPN1;CREG1;BCL2L11;POLE3;BSG;ARRB2;TGFBRAP1;STARD3;APOM;IL6ST;SELENOW;HMOX1;YKT6;DNAJB1;FKBP4;NUP58;BTG2,age_changes_CD56bright_NK_02032026
Myc Targets V2,0.10542325743090561,-0.339770818,-1.33131121,DCTPP1;HSPE1;NOP56;SRM;PPAN;CBX3;DDX18;GNL3;NOLC1;IPO4;BYSL;RCL1;TBRG4;WDR43;AIMP2;PUS1;PHB;HSPD1,age_changes_CD56bright_NK_02032026
KRAS Signaling Up,0.11541039173610171,0.29862389283475715,1.2879033970259854,PRDM1;LAPTM5;TNFRSF1B;MAP4K1;LCP1;LAT2;ABCB1;CD37;GALNT3;PLAUR;ANKH;CTSS;CFH;CXCR4;G0S2;GYPC;DUSP6;PECAM1;PPBP;CCND2;NAP1L2;CDADC1;HDAC9;CMKLR1,age_changes_CD56bright_NK_02032026
mTORC1 Signaling,0.11659053855585647,0.28143973762600544,1.292251769451309,SYTL2;FGL2;CCNG1;INSIG1;TUBA4A;CYP51A1;ELOVL5;DDIT4;CANX;ALDOA;IDI1;MAP2K3;GPI;CXCR4;RPN1;SERP1;HSPA9;HSP90B1;STARD4;SLC6A6;CALR;SLC2A1;YKT6;FADS1;M6PR;LDHA;GOT1;PGM1;SC5D;PSME3;ADIPOR2;SORD;GGA2;IFI30;PRDX1;TBK1;UBE2D3;PDK1;BTG2;SLC1A5;HSPA5;NFKBIB;SQSTM1;DHCR7;ETF1;SLC37A4;PSMD12;RRM2;XBP1;FADS2;UNG,age_changes_CD56bright_NK_02032026
Unfolded Protein Response,0.12572995405365348,0.2989224245574522,1.265163970843879,EEF2;XPOT;DNAJB9;ERN1;YWHAZ;DCTN1;DDIT4;NFYA;EXOSC10;SERP1;HSPA9;TSPYL2;HYOU1;HSP90B1;WFS1;MTREX;PARN;SDAD1;CEBPB;SRPRA;CALR;NOP14;BAG3;DNAJC3,age_changes_CD56bright_NK_02032026
Cholesterol Homeostasis,0.12923645076824267,0.3313672128997279,1.2675158499088117,LGALS3;CYP51A1;PLAUR;CLU;IDI1;GUSB;MVD;STARD4;FBXO6;ABCA2;SREBF2;CTNNB1;CXCL16;SC5D;GSTM2;ETHE1;PNRC1;LSS;ATF5;DHCR7;FADS2;HMGCS1;ACAT2;ANXA5,age_changes_CD56bright_NK_02032026
Mitotic Spindle,0.13610892590439055,0.2696266023226186,1.2485769683659826,PCGF5;VCL;FLNA;TUBA4A;MYH9;PXN;CAPZB;ARHGEF3;NEDD9;ARAP3;CEP72;ARHGAP10;NET1;SPTAN1;LATS1;BCL2L11;RASA2;WASL;EZR;LLGL1;PIF1;CNTROB;CEP250;TUBGCP6;SUN2;RHOT2;ARHGDIA;PRC1;NF1;MAPRE1;CLIP2;PDLIM5;CENPJ;LRPPRC;CDC42;TAOK2;STAU1;NCK1;MYH10;CDC42BPA;ACTN4;NUMA1;NIN;RICTOR;FGD4;DOCK2;ABI1;INCENP;TUBGCP2;EPB41L2;CDC42EP1;ALS2;KIF3B,age_changes_CD56bright_NK_02032026
Protein Secretion,0.14063314834027746,0.3028818589655929,1.2389281867576174,TMED10;AP2B1;VAMP4;PPT1;TMED2;TPD52;ANP32E;RAB9A;STAM;VAMP7;SGMS1;PAM;YKT6;STX12;ARF1;M6PR;NAPA;CLTC;SCRN1;VAMP3;AP3S1;IGF2R;GOLGA4;MON2;AP3B1;ADAM10;RAB5A,age_changes_CD56bright_NK_02032026
Pperoxisome,0.14582406995701794,0.30038851742498335,1.2280430146786256,PABPC1;ATXN1;SOD2;HSD17B11;ABCB1;ELOVL5;DHRS3;IDI1;CNBP;MVP;SLC25A4;ACSL1;FADS1;ABCD2;LONP2;CRAT;ACSL4;PRDX1;PEX5;ESR2,age_changes_CD56bright_NK_02032026
Myogenesis,0.24505655131527168,0.26666578306523303,1.1438953454977563,PRNP;COL6A2;MYH9;CFD;ATP6AP1;CLU;LSP1;PDLIM7;TPM3;SPTAN1;SIRT2;ACSL1;SORBS3;MAPRE3;ABLIM1;RB1;DAPK2;LPIN1;PDE4DIP;KIFC3;CRAT;APP;CD36,age_changes_CD56bright_NK_02032026
Bile Acid Metabolism,0.24727888320735142,0.27689414563924436,1.125295985835178,ATXN1;HSD17B11;NPC1;IDI1;ACSL1;ABCA2;SLC22A18;GCLM;AMACR;FADS1;ABCD2;LONP2;PEX19;RETSAT;FADS2;ABCD1;NEDD4;OPTN;ALDH1A1;ABCD3;PAOX;APOA1;ACSL5;PHYH;NR1I2,age_changes_CD56bright_NK_02032026
Hedgehog Signaling,0.2532642942861104,0.37747789860502623,1.127068196074898,ADGRG1;MYH9;CDK6;CDK5R1;NF1,age_changes_CD56bright_NK_02032026
Apical Surface,0.2551553776987303,0.3448933184788583,1.1313063459802717,FLOT2;PLAUR;CD160;CRYBG1;IL2RB;NCOA6;ADIPOR2;APP;GAS1;ADAM10;AFAP1L2;MDGA1;GSTM3,age_changes_CD56bright_NK_02032026
Glycolysis,0.29242626352452944,0.24108426617668674,1.0847416438158388,VCAN;GNPDA1;CITED2;PKM;ENO2;TKTL1;DDIT4;ALDOA;AK3;CXCR4;TGFA;GUSB;TGFBI;GFPT1;KIF2A;MIF;PAM;PLOD1;PRPS1;LDHA;GYS1;GOT1;CHPF2;BIK;ECD;EXT2;PFKP;FKBP4;GMPPB;HSPA5;HDLBP;SLC37A4;IL13RA1;PHKA2;CD44,age_changes_CD56bright_NK_02032026
Xenobiotic Metabolism,0.2991116141405159,0.24879666781006612,1.0861077610651484,AKR1C3;TNFRSF1A;MT2A;NPC1;ELOVL5;DHRS7;CYFIP2;MAN1A1;ALDH2;NDRG2;FBP1;SSR3;UPP1;KYNU;SLC6A6;HMOX1;FAS;CES1;ABCD2;ACO2;SLC46A3;PTGDS;CD36;PDLIM5;SLC1A5;AHCY;PMM1;TMEM176B;GABARAPL1;GSS;ALAS1;RETSAT,age_changes_CD56bright_NK_02032026
Adipogenesis,0.3508893910423547,-0.246234562,-1.148498771,ECH1;DGAT1;UQCRQ;ECHS1;UCP2;ATP5PO;MRPL15;SUCLG1;CDKN2C;NMT1;GBE1;ESRRA;ETFB;VEGFB;DDT;COX8A;COX7B;SOD1;SDHC;MGST3;COQ5;POR;GPD2;DNAJC15;TST;RMDN3;ACADS;ELOVL6;REEP6;NABP1;HIBCH;PTCD3;DHRS7B;COQ9;PPP1R15B;ELMOD3;AK2;ESYT1;UQCR10;HADH;ARL4A;GHITM;IDH3G;ACAA2;JAGN1,age_changes_CD56bright_NK_02032026
PI3K/AKT/mTOR  Signaling,0.3565444116113332,-0.265767798,-1.127863042,IL2RG;SLA;PTEN;MAPK9;CSNK2B;THEM4;VAV3;ARPC3;HRAS;GRK2;RPS6KA3;MKNK1;CAMK4;TSC2;MAPK8;PRKAG1;DDIT3;DAPP1;RIT1;AKT1,age_changes_CD56bright_NK_02032026
TGF-beta Signaling,0.38356799351063214,-0.291908302,-1.084081076,SMURF2;SERPINE1;CDK9;FURIN;ARID4B;TRIM33;SMAD7;FNTA;ID3;BMPR2;ENG;PPP1R15A;HDAC1;TGFB1,age_changes_CD56bright_NK_02032026
Fatty Acid Metabolism,0.4005936701921406,-0.235900284,-1.062560386,ECH1;YWHAH;HSD17B10;ECHS1;RDH11;NTHL1;PDHA1;SUCLG1;ECI1;MCEE;SDHC;SDHD;ACAA1;EPHX1;GPD2;OSTC;HSP90AA1;ACADS;HADHB;GCDH;PDHB;REEP6;HIBCH;ACSS1;NSDHL;GSTZ1;MDH1,age_changes_CD56bright_NK_02032026
G2-M Checkpoint,0.41508778028854515,-0.230186934,-1.08541556,MTF2;CKS2;UPF1;CDKN2C;UBE2S;NASP;KPNA2;E2F4;HNRNPD;PURA;CKS1B;EZH2;SMARCC1;SFPQ;NOLC1;JPT1;CASP8AP2;KIF5B;SMC4;SLC12A2;GSPT1;CHAF1A;CBX1;RBM14;BRCA2;SMC2;EFNA5;POLE;MCM3;PRMT5;KIF20B;CHMP1A;FOXN3;FBXO5;TOP2A;RPA2;MAPK14;SQLE;DDX39A;PDS5B;SRSF2;TNPO2;TGFB1;CUL3;RBL1;ABL1;CENPF;ARID4A;CCNF;STAG1;KMT5A;MCM2;NDC80;PAFAH1B1,age_changes_CD56bright_NK_02032026
KRAS Signaling Dn,0.9340778724143924,-0.182619371,-0.751668173,IFI44L;LFNG;CHST2;STAG3;YPEL1,age_changes_CD56bright_NK_02032026
Spermatogenesis,0.9703260410717389,-0.198330567,-0.819784125,CSNK2A2;SIRT1;RPL39L;PGS1;EZH2;RFC4;CAMK4;SLC12A2;TLE4;IFT88;STAM2,age_changes_CD56bright_NK_02032026
Pancreas Beta Cells,0.9842980473955617,-0.274403771,-0.7638529,SEC11A;AKT3;SRPRB;SRP9;SRP14;ELP4,age_changes_CD56bright_NK_02032026
Interferon Alpha Response,0.001083267,-0.483131711,-1.876166243,USP18;IFI35;NMI;SAMD9L;PLSCR1;EPSTI1;IRF7;IFI44L;IRF9;MX1;SAMD9;SP110;IFI44;ISG15;PARP14;IFI27;PSMA3;OAS1;PSMB8;RSAD2;SELL;PSME2;LY6E;UBE2L6;LGALS3BP;BST2;IRF2;HERC6;RTP4;IFITM2;CNP;LAP3,age_changes_CD56dim_NK_02032026
E2F Targets,0.001354084,-0.418551607,-1.824280289,TP53;PCNA;DCTPP1;CKS1B;CBX5;RPA3;CKS2;AURKB;HNRNPD;RFC2;SPC25;EZH2;DNMT1;MYC;SMC4;DLGAP5;HMMR;EIF2S1;MKI67;RPA2;JPT1;BIRC5;CDC20;BUB1B;CTCF;AURKA;SNRPB;NOP56;NASP;NME1;TOP2A;CENPE;CDCA3;PSMC3IP;UBE2S;RRM2;BARD1;TIPIN;KIF2C;E2F8;SPC24;UBE2T;GSPT1;TUBG1;CCNB2;ESPL1;RANBP1;MYBL2;PLK1;TK1;CDK1;DIAPH3;TACC3;EXOSC8;CHEK2;NAA38;KIF4A;DEPDC1;DONSON;STMN1;SMC3;CDCA8;CENPM;CDKN3;LUC7L3;ASF1B;DSCC1;PNN;BRCA1;UNG;DEK,age_changes_CD56dim_NK_02032026
Coagulation,0.001569085,0.4807751141983154,1.9412231833637785,CTSH;CLU;F8;CFH;CAPN2;SERPINA1;LRP1;ADAM9;CTSB;C1R;CSRP1;PRSS23;USP11;LTA4H;F12;BMP1;CPQ;TIMP1;CRIP2;C1QA;WDR1;PDGFB;CFD;C8G;ANXA1;MMP9;APOA1;FYN;F2RL2,age_changes_CD56dim_NK_02032026
Epithelial Mesenchymal Transition,0.004707254,0.443310101,1.889334767338601,IGFBP3;VIM;ENO2;PLOD3;CADM1;VCAN;FLNA;SGCB;FAS;CD44;TGFBR3;PLOD1;ITGB1;LRP1;VCAM1;LGALS1;GLIPR1;RHOB;SGCD;ACTA2;COL6A2;MYL9;WIPF1;PLAUR;COPA;AREG;BMP1;LOXL1;TGFBI;TIMP1;MAGEE1;PDGFRB;PCOLCE;CXCL8;SAT1;NOTCH2;ANPEP;QSOX1,age_changes_CD56dim_NK_02032026
heme Metabolism,0.007845423,0.40855753625082325,1.7800348766686214,PRDX2;DMTN;BNIP3L;MKRN1;SIDT2;OPTN;EIF2AK1;GDE1;CTSB;FN3K;ISCA1;RIOK3;SEC14L1;TMCC2;NFE2;MXI1;FBXO7;ALAD;FOXJ2;TCEA1;VEZF1;NFE2L1;RNF19A;DCAF11;ASNS;NUDT4;AQP3;TRAK2;NCOA4;BLVRA;FECH;ADIPOR1;LRP10;ENDOD1;EPOR;BPGM;MGST3;RCL1;ARL2BP;CIR1;ATP6V0A1;AGPAT4;KDM7A;GMPS;ACSL6;SYNJ1;ALDH6A1;CAST;EPB41;CDR2;DCAF10;HTATIP2;BLVRB;RAD23A;SLC10A3;TENT5C;SDCBP;BSG;CA2,age_changes_CD56dim_NK_02032026
Allograft Rejection,0.009218372,0.3777629005393173,1.6602928164300519,F2R;CDKN2A;HLA-DMA;IRF4;IL7;FLNA;RIPK2;HLA-DQA1;IFNGR1;SIT1;CD4;FAS;CD2;NCF4;CCR5;CD8A;HLA-DRA;IL4R;MAP4K1;CD40LG;CD40;TAPBP;HIF1A;CD96;CTSS;SPI1;CD8B;IL12A;TPD52;HCLS1;BCL10;NLRP3;CD74;TIMP1;CCL5;ITK;MAP3K7;STAT4;ABI1;CFP;MMP9;IFNGR2;PRKCB;CD1D;APBB1;TNF;CCR2;FCGR2B;NPM1;CD3D;HLA-DOA;STAT1,age_changes_CD56dim_NK_02032026
G2-M Checkpoint,0.009388315,-0.380298117,-1.644720763,SMC2;UBE2C;CKS1B;CENPF;CKS2;AURKB;HNRNPD;MAPK14;EZH2;MYC;SMC4;HMMR;MKI67;RPA2;JPT1;BIRC5;CDC20;CTCF;KIF11;KMT5A;NEK2;AURKA;GINS2;NASP;STIL;TOP2A;BUB1;CENPE;UBE2S;KIF23;BARD1;DTYMK;KIF2C;E2F1;GSPT1;CUL3;RBM14;E2F2;CCNB2;PBK;TROAP;CCNA2;FBXO5;ESPL1;KIF15;MYBL2;CENPA;NUSAP1;HIRA;TOP1;TPX2;RPS6KA5;PLK1;MTF2;WRN;POLQ;CDK1;TACC3;E2F4;CHMP1A;KIF4A;STMN1;CDC6;CDKN3;CCND1;CASP8AP2;TGFB1;CCNF;UCK2;MNAT1;CDC25A;LBR;KNL1,age_changes_CD56dim_NK_02032026
Myogenesis,0.010086972115125976,0.39141884810838606,1.6715660961930539,IGFBP3;PRNP;CLU;SORBS3;GNAO1;FKBP1B;ITGB1;MYO1C;SH2B1;MYH9;ACSL1;PFKM;KIFC3;HDAC5;SGCD;LARGE1;COL6A2;CRAT;CD36;PDE4DIP;MAPRE3;FXYD1;RB1;TPM3;SYNGR2;SPTAN1;ATP6AP1;ITGB4;FLII;DAPK2;BHLHE40;CKB;CFD;PDLIM7;AGL;ADCY9;SPEG;WWTR1,age_changes_CD56dim_NK_02032026
Apical Junction,0.010199049583071818,0.3897109956136506,1.685816174674103,CTNNA1;VCAN;EXOC4;ADAM15;SORBS3;INSIG1;ITGB1;ZYX;ADAM9;MPP5;MYH9;VCAM1;SIRPA;MVD;PIK3CB;MYL9;SGCE;CERCAM;CNN2;VCL;CRAT;PLCG1;ARHGEF6;B4GALT1;NRTN;BMP1;TGFBI;TRAF1;CDK8;ITGB4;SYMPK;MPZL1;MSN;WASL;GTF2F1;BAIAP2;CD274;MAP4K2;PIK3R3;MMP9;SHC1;PARD6G;RSU1;MYH10;SPEG,age_changes_CD56dim_NK_02032026
Hypoxia,0.01019905,0.38856223786885363,1.7202669033522655,IGFBP3;ENO2;PFKP;ERRFI1;BCL2;MT1E;BNIP3L;NDRG1;PLIN2;VLDLR;HK1;MYH9;VHL;LARGE1;SLC37A4;GPI;ANXA2;MXI1;FAM162A;PLAUR;PFKL;CXCR4;TPD52;KLHL24;TGFBI;AMPD3;S100A4;CDKN1B;ALDOA;SLC25A1;PGM1;MIF;P4HA1;PDGFB;BHLHE40;PNRC1;ISG20;HSPA5;PDK1;DDIT4;GYS1;PFKFB3,age_changes_CD56dim_NK_02032026
Apoptosis,0.011297408768941091,0.39353087998328334,1.6943453597020763,F2R;ENO2;CDC25B;CLU;TSPO;IFNGR1;FAS;CD2;SOD2;CASP1;CD44;TGFBR3;BNIP3L;MADD;LGALS3;RETSAT;PPT1;CD14;RHOB;BCL2L11;LMNA;PEA15;ETF1;CTNNB1;CTH;BCL10;SPTAN1;TIMP1;CDKN1B;PLCB2;DNAJC3;HSPB1;DPYD;PDGFRB;ISG20;RELA;SAT1;ANXA1,age_changes_CD56dim_NK_02032026
Adipogenesis,0.01534216,0.364834447,1.6067734988338194,RAB34;TOB1;GPAT4;BAZ2A;SLC5A6;IFNGR1;RNF11;PLIN2;DHCR7;RETSAT;GPHN;RIOK3;G3BP2;CD302;BCL2L13;SLC1A5;ADIPOR2;EPHX2;BCL6;CRAT;NDUFA5;CD36;DLD;PFKL;TKT;TANK;CHCHD10;DLAT;CS;CMPK1;ACOX1;FAH;ALDOA;SLC25A1;PPM1B;PGM1;PEMT;PHYH;MIGA2;ITSN1;PEX14;CD151;QDPR;MGST3;RTN3;ACLY;SULT1A1;PFKFB3,age_changes_CD56dim_NK_02032026
TNF-alpha Signaling via NF-kB,0.017259930063660004,0.35532077391517614,1.5761873457493918,SERPINB8;MSC;RIPK2;SOD2;CD44;TNIP1;LITAF;RHOB;CLCF1;KYNU;PDLIM5;BCL2A1;BCL6;PER1;PLAUR;AREG;B4GALT1;PANX1;TANK;ETS2;IL7R;SLC2A6;CCL5;PHLDA1;TRIP10;TRAF1;TNFAIP2;BHLHE40;G0S2;PNRC1;RELA;CXCL2;TRIB1;SAT1;TUBB2A;PFKFB3;IFNGR2;LDLR;DUSP4;PTGER4;TNF;MXD1;ZC3H12A;IL15RA;IL6ST;MCL1;EHD1;CDKN1A;NINJ1;RELB;DUSP2;TNFAIP3;MAP3K8;CEBPB;CSF1;DRAM1;EGR2;JAG1;SDC4;MAP2K3;STAT5A;BTG1;SOCS3;SPHK1;TAP1;BTG3;EGR3;IFIT2,age_changes_CD56dim_NK_02032026
Oxidative Phosphorylation,0.020717484,-0.353957799,-1.543678457,TIMM8B;ECH1;SLC25A11;ATP6V1D;FXN;ATP5F1C;PDHA1;NDUFB3;NDUFA7;NDUFS2;TIMM13;MRPS11;MRPS12;ETFA;PDHB;MDH1;BDH2;SDHD;HSD17B10;ACADM;ACAA2;NDUFB5;SUCLG1;MTX2;MRPL15;SLC25A20;NDUFA9;ATP5PF;NDUFA2;NDUFA8;COX17;COX7B;NDUFB8;ATP5PO;ATP5MC1;NDUFB1;NDUFC2;MRPL35;ATP6V1E1;NDUFB4;POLR2F;CYCS;NDUFB2;ATP5MF;UQCR10;TIMM10;NDUFS8;NDUFS4;ETFB;COX7A2L;ATP5MC3;MRPL34;ATP6V0E1;FH;VDAC3;ECHS1;ECI1;ATP5PD;ATP1B1;SURF1;SLC25A5;NDUFS6;ATP6V1C1;UQCRC2;HCCS;SDHB;ATP5ME;ATP5F1B,age_changes_CD56dim_NK_02032026
Complement,0.022849793777458983,0.34236761493526147,1.4861744402286852,CTSH;SPOCK2;CLU;F8;CFH;LIPA;ANXA5;RBSN;CASP1;SERPINA1;LRP1;S100A9;ADAM9;LGALS3;S100A12;CD40LG;VCPIP1;CTSB;C1R;KYNU;DGKH;CTSS;CSRP1;L3MBTL4;LTA4H;CD36;CBLB;PLAUR;FCN1;PIK3R5;GCA;CPQ;TIMP1;PRDM4;CCL5;PRKCD;C1QA,age_changes_CD56dim_NK_02032026
Bile Acid Metabolism,0.023117846,0.3708573105862152,1.4951812334681283,NR3C2;FADS1;OPTN;ACSL1;RETSAT;PFKM;ATXN1;HSD17B11;EPHX2;ABCD2;PEX16;PEX26;HACL1;AQP9;ABCA3;SLC29A1;PHYH;FADS2;ALDH1A1;ABCA2;DHCR24;APOA1;PEX1;CYP27A1;CYP46A1;LONP2;GSTK1;ACSL5;PIPOX;SULT2B1;IDI1;ALDH9A1;KLF1;ABCA5;PEX19;NPC1;PAOX;LIPE;HSD17B4;ABCD3,age_changes_CD56dim_NK_02032026
Cholesterol Homeostasis,0.023424190800681432,0.3996738787876445,1.503036932196589,ERRFI1;CLU;ANXA5;DHCR7;LGALS3;LSS;ACSS2;SREBF2;MVD;ANTXR2;PLAUR;CTNNB1;ALCAM;CXCL16;FASN;CYP51A1;FADS2;ETHE1;FDFT1;PNRC1;ABCA2;GUSB,age_changes_CD56dim_NK_02032026
Fatty Acid Metabolism,0.024019063515163218,0.3533075275296585,1.5107607736288113,ENO2;GLUL;SUCLG2;SLC22A5;GABARAPL1;ELOVL5;LGALS1;ACSL1;RETSAT;PTPRG;HSD17B11;ADIPOR2;SERINC1;D2HGDH;CRAT;ALAD;BCKDHB;CD36;DLD;SDHA;ACADVL;ACOX1;ALDOA;HSDL2;BLVRA;FASN;MIF;G0S2;DLST;ALDH1A1;ERP29;HPGD;ACOT2;DHCR24;PCBD1;ACSM3;CD1D;LTC4S;RAP1GDS1;ODC1;ACSL4;S100A10;CBR3;BPHL;IL4I1;PRDX6,age_changes_CD56dim_NK_02032026
IL-6/JAK/STAT3 Signaling,0.025566848276116688,0.383027895,1.467495609208264,TNFRSF1B;IL7;IFNGR1;FAS;CD44;CSF3R;STAT3;IL4R;CD14;CD36;PIK3R5;ITGA4;IL17RA;PTPN1;IL13RA1;MYD88;IFNGR2;PTPN11;LEPR;TNF;TYK2;CSF2RA;STAT1;IL15RA;IL6ST;A2M;IL12RB1;MAP3K8;ACVR1B;CSF1,age_changes_CD56dim_NK_02032026
Pperoxisome,0.026020652,0.37845716544462493,1.5117229841199298,CADM1;TSPO;PRDX1;SOD2;ELOVL5;FADS1;ACSL1;RETSAT;PABPC1;ATXN1;HSD17B11;MVP;EPHX2;ABCD2;CRAT;BCL10;PEX5;ABCC5;ACOX1;DLG4;CNBP;IDE;PEX14;ALDH1A1;DHCR24;NUDT19;ERCC3;SIAH1;ACSL4,age_changes_CD56dim_NK_02032026
p53 Pathway,0.027197465554858188,0.3313183270974553,1.4533775507775362,F2R;TOB1;CDKN2A;CCNG1;FAS;EPS8L2;CYFIP2;SEC61A1;CASP1;NDRG1;AEN;CDKN2B;CGRRF1;PERP;RETSAT;DDB2;PMM1;PPM1D;FAM162A;CTSF;RB1;KIF13B;S100A4;GM2A;ABCC5;ITGB4;BAIAP2;PROCR;CDKN2AIP;CCNK;SAT1;DDIT4;ZNF365;ELP1;GLS2;PVT1;MXD1;CEBPA;PRKAB1;CD82;S100A10;MDM2;UPP1;XPC;RAD51C;ZFP36L1;CDKN1A;NINJ1;ERCC5;COQ8A;SP1;ANKRA2;ACVR1B;TSPYL2;DRAM1;RALGDS;OSGIN1,age_changes_CD56dim_NK_02032026
Androgen Response,0.028100878,0.38363206528025384,1.513672577535413,CDC14B;INPP4B;UBE2J1;INSIG1;XRCC6;NDRG1;ELOVL5;FADS1;UAP1;ADAMTS1;ABCC4;PDLIM5;HSD17B14;SEC24D;MAF;B4GALT1;TPD52;LMAN1;PIAS1;ABHD2;NCOA4;ARID5B;FKBP5;HPGD;SAT1;DHCR24;STEAP4;ANKH;CDK6;APPBP2,age_changes_CD56dim_NK_02032026
Estrogen Response Early,0.028821606,0.33404731490747896,1.4400549024109748,TOB1;NADSYN1;SLC39A6;BCL2;CD44;SLC22A5;GAB2;ELOVL5;DHCR7;TJP3;SLC7A5;CANT1;SLC1A4;DYNLT3;RAB31;PRSS23;ALDH3B1;LRIG1;MYOF;MYBBP1A;ISG20L2;AREG;B4GALT1;AKAP1;MAPT;ABHD2;AQP3;UGCG;FASN;ABCA3;ENDOD1;BHLHE40;FKBP5;FDFT1,age_changes_CD56dim_NK_02032026
Protein Secretion,0.037187303864431094,0.3549636863661136,1.4095222271267376,ATP1A1;MON2;PPT1;VAMP7;TMED2;KIF1B;SEC24D;YKT6;TPD52;LMAN1;RAB5A;RAB14;ATP6V1H;ANP32E;ERGIC3;SGMS1;STAM;GALC;M6PR;SCAMP3;SEC31A;TMED10;ARFIP1;AP3B1;SNX2;AP2B1;CLTC;NAPA;ADAM10;GBF1;TMX1;ARF1;SNAP23;STX12;COG2,age_changes_CD56dim_NK_02032026
Glycolysis,0.037583311,0.3222535562822351,1.4026691047123754,IGFBP3;ENO2;PFKP;VCAN;PKM;ECD;CD44;PLOD1;VLDLR;AK3;GOT2;B3GAT1;GNPDA1;SLC37A4;PYGL;MXI1;GFPT1;FAM162A;DLD;B4GALT1;CXCR4;CTH;CHPF2;TGFBI;ALDOA;DSC2;PYGB;EXT2;IL13RA1;MIF;P4HA1;GNE;ISG20;HSPA5;ARPP19;PGAM1;GUSB;DDIT4;GYS1;QSOX1;AGL,age_changes_CD56dim_NK_02032026
mTORC1 Signaling,0.064475111,0.3053130788263542,1.3424369648211945,CCNG1;INSIG1;PRDX1;FGL2;ELOVL5;VLDLR;DHCR7;FADS1;SLC7A5;CANX;SLC1A4;SYTL2;RPN1;HSP90B1;HSPA9;PSME3;SLC37A4;GPI;SLC1A5;ADIPOR2;ETF1;LTA4H;TCEA1;PFKL;YKT6;CXCR4;CTH;ASNS;SSR1;GGA2;GSK3B;ALDOA;CALR;PSAT1;PGM1;SHMT2;CYP51A1;P4HA1;BHLHE40;FADS2;TUBA4A;HSPA5;QDPR;SRD5A1;NUP205;PDK1;PIK3R3;DDIT4;DHCR24;CFP;ACLY;M6PR;LDLR;GMPS,age_changes_CD56dim_NK_02032026
KRAS Signaling Up,0.069244383,0.3047659367109064,1.3272490493464821,IGFBP3;NAP1L2;TNFRSF1B;PRDM1;CFH;IL10RA;PRELID3B;CDADC1;MAP4K1;PCSK1N;KCNN4;CTSS;KIF5C;PLAUR;CXCR4;MAFB;IL7R;CD37;LAPTM5;LCP1;TRAF1;ZNF639;AMMECR1;PDCD1LG2;PPBP;G0S2;BPGM;RABGAP1L;TRIB1;MMP9;F13A1;EPB41L3;CCSER2;FGF9;CSF2RA;CAB39L;CLEC4A;TMEM176B;EVI5;TLR8;AVL9;ANKH,age_changes_CD56dim_NK_02032026
Reactive Oxygen Species Pathway,0.071361965,0.365067963,1.3127840776699846,PRNP;PRDX2;PFKP;PRDX1;SOD2;SCAF4;PTPA;PDLIM1,age_changes_CD56dim_NK_02032026
Estrogen Response Late,0.07257016,0.30744648686209564,1.3157339941697228,TOB1;BCL2;CACNA2D2;CD44;SERPINA1;SLC22A5;ELOVL5;DHCR7;TJP3;S100A9;SLC7A5;SLC1A4;PERP;LSR;DYNLT3;RAB31;LARGE1;PRSS23;ALDH3B1;MYOF;AREG;MAPT;ABHD2;SLC2A8;ABCA3;SLC29A1;FKBP5;FDFT1;ISG20;CKB,age_changes_CD56dim_NK_02032026
Wnt-beta Catenin Signaling,0.073391348,-0.408655984,-1.381201263,TP53;DLL1;NOTCH1;AXIN1;MYC;HEY2;NOTCH4;AXIN2;TCF7;CCND2;LEF1;JAG2;FRAT1;PSEN2;HDAC2;FZD8;MAML1;HEY1,age_changes_CD56dim_NK_02032026
Notch Signaling,0.075720373,-0.454280149,-1.396450423,DLL1;NOTCH1;LFNG;ARRB1;RBX1;DTX1;HES1;PRKCA;CCND1;PSENEN,age_changes_CD56dim_NK_02032026
Unfolded Protein Response,0.077971432,0.3169737420795023,1.2968554393278162,BAG3;SRPRA;EEF2;SLC7A5;SLC1A4;DCTN1;HSP90B1;DCP1A;HSPA9;YWHAZ;XPOT;HYOU1;EXOSC10;ASNS;ALDH18A1;SSR1;SLC30A5;DNAJC3;CALR;PSAT1;HSPA5;NOP14;DDIT4;PARN;EIF4EBP1;TUBB2A;ATF6;SHC1;SEC31A;SDAD1;KDELR3;HERPUD1;NPM1;ZBTB17;MTREX;POP4;CEBPB;NOLC1;TSPYL2;EDC4;ERN1;EIF4G1;DNAJB9;MTHFD2;PDIA6;EXOSC9;ERO1A;PAIP1;EXOC2,age_changes_CD56dim_NK_02032026
UV Response Dn,0.090303521,0.30645042997633853,1.2644911810351507,PTPRM;INPP4B;INSIG1;MT1E;TGFBR3;VLDLR;BMPR1A;NR1D2;ATXN1;PDLIM5;ANXA2;ANXA4;BCKDHB;SCN8A;PRKCE;SCAF8;SYNE1;RUNX1;CDKN1B;MAP2K5;SLC7A1;PDGFRB;BHLHE40;PEX14;PIAS3;PIK3R3;NOTCH2;LDLR;MIOS;FYN;PHF3;FZD2;CITED2;AGGF1;VAV2;SIPA1L1;ABCC1,age_changes_CD56dim_NK_02032026
IL-2/STAT5 Signaling,0.090950865,0.2883546741580087,1.2688599604174593,PRNP;TNFRSF1B;IRF4;AHNAK;IFNGR1;FGL2;BCL2;CD44;NDRG1;SYT11;GABARAPL1;IL10RA;PLIN2;PLEC;MYO1C;IL4R;TWSG1;RHOB;PTCH1;AHCY;SLC1A5;LRIG1;ANXA4;CDC42SE2;PRKCH;CTLA4;PHTF2;SYNGR2;TNFRSF18;PHLDA1;ALCAM;CKAP4;TRAF1;FAH;NOP2;P4HA1;BHLHE40;SNX9;RABGAP1L;POU2F1;ICOS;MXD1;F2RL2;CCR4,age_changes_CD56dim_NK_02032026
Inflammatory Response,0.091297475,0.2949402439789634,1.2729295896598796,CD70;TNFRSF1B;SLAMF1;RIPK2;KCNA3;CSF3R;IL10RA;IL4R;C5AR1;PROK2;BEST1;CD40;CD14;TAPBP;FPR1;CYBB;HIF1A;KIF1B;PLAUR;PIK3R5;IL7R;NLRP3;TIMP1;AQP9;CCL5;SLC7A1;PTAFR;RELA;CXCL8;ABI1;IFNGR2;LDLR;PTGER4;MXD1;GNA15;CD82,age_changes_CD56dim_NK_02032026
Myc Targets V1,0.095086782,-0.304044911,-1.303332322,PCNA;VBP1;PSMA4;PSMA7;PSMC6;PSMA1;PSMC4;HNRNPD;MYC;RFC4;EIF2S1;YWHAE;PSMB2;CCT5;CDC20;CCT2;LSM2;EXOSC7;EIF2S2;NOP56;GNL3;TRIM28;NME1;COPS5;EIF3J;PSMD8;PCBP1;DDX18;SNRPG;SERBP1;GSPT1;TYMS;CCNA2;RANBP1;UBE2E1;PSMA2;CCT3;SSBP1;PSMD14;TXNL4A;HNRNPA2B1;EIF3B;NOP16;ACP1;VDAC3;PSMB3;DEK;DDX21;SSB;HSPE1;C1QBP;TCP1;HDGF;RAN;SRSF3;TARDBP;AIMP2;MAD2L1;SYNCRIP;PHB;HSPD1,age_changes_CD56dim_NK_02032026
DNA Repair,0.10142088539033726,-0.311254749,-1.311129736,GTF2H5;TP53;ADA;PDE6G;BOLA2;PCNA;POLR2H;TAF12;RPA3;POLR2G;RFC2;RFC4;RBX1;RAD51;DAD1;RPA2;ZNRD1;ITPA;TSG101;ZWINT;UMPS;TAF10;NME1;NELFB;UPF3B;COX17;CSTF3;TYMS;SAC3D1;ALYREF;CETN2;ERCC1;POLR2F,age_changes_CD56dim_NK_02032026
Interferon Gamma Response,0.10646968399550187,-0.305342673,-1.320460949,CD38;USP18;IFI35;NMI;GPR18;SAMD9L;PLSCR1;EPSTI1;BANK1;IRF7;IFNAR2;IFI44L;IRF9;MX1;TNFSF10;SP110;IFI44;ISG15;PARP14;IFI27;PSMA3;PSMB8;RSAD2;PSMB2;PSME2;IRF8;LY6E;OAS3;IFIT1;RBCK1;XAF1;KLRK1;NFKB1;UBE2L6;LGALS3BP;BST2;XCL1;PIM1;SLAMF7;IRF2;HERC6;ST3GAL5;PSMA2;RTP4;IL2RB;IFITM2;PLA2G4A;LAP3;GZMA;SAMHD1;ARL4A;VAMP8;SLC25A28,age_changes_CD56dim_NK_02032026
Xenobiotic Metabolism,0.13588272213754146,0.28049325107740664,1.206611310113614,CES1;PTGDS;FAS;CYFIP2;GABARAPL1;ELOVL5;RETSAT;KYNU;PGD;PMM1;AHCY;PDLIM5;SLC1A5;ABCD2;CD36;ETS2;SLC46A3;HACL1;AQP9;ACOX1;FAH;SHMT2;PEMT;ARPP19;PTGES3;CYP27A1;TMEM176B;MT2A;BPHL;UPP1;NDRG2;BLVRB;AKR1C3;PDK4;NINJ1,age_changes_CD56dim_NK_02032026
TGF-beta Signaling,0.1472701668231386,-0.353907138,-1.236371512,ID3;SMURF2;NOG;SMAD7;PMEPA1;CDK9;SMAD1;SKIL;TRIM33;FNTA;FURIN;TGFB1;FKBP1A;XIAP;TGFBR1;SERPINE1,age_changes_CD56dim_NK_02032026
Myc Targets V2,0.24929915899078897,-0.319113641,-1.152107424,PPAN;BYSL;DCTPP1;MYC;NOP56;GNL3;DDX18;NDUFAF4;IPO4;PLK1;NOP16;UNG;HSPE1;GRWD1;AIMP2;PHB;HSPD1;PUS1;MRTO4;CDK4;FARSA,age_changes_CD56dim_NK_02032026
Hedgehog Signaling,0.2550521630228233,0.3488162747281879,1.1120742215790091,VLDLR;MYH9;PTCH1;OPHN1;ETS2;PML;TLE3;CDK6,age_changes_CD56dim_NK_02032026
Spermatogenesis,0.3372293915371838,-0.281613238,-1.077352615,IL12RB2;EZH2;RFC4;POMC;RPL39L;NEK2;AURKA;BUB1;KIF2C;CCNB2;STRBP;TLE4;CDK1;CAMK4;ARL4A;AGFG1;STAM2;CDKN3;SIRT1;VDAC3;CNIH2;IP6K1;HSPA2;TTK,age_changes_CD56dim_NK_02032026
KRAS Signaling Dn,0.3387917960569076,-0.27486884,-1.090151716,TCL1A;NUDT11;IFI44L;MX1;LFNG;PLAG1;CHST2;ZBTB16;RSAD2;RIBC2;BARD1;SKIL;YPEL1;SPHK2;ITGB1BP2;PDE6B;TGM1,age_changes_CD56dim_NK_02032026
Apical Surface,0.5300563749663768,0.30104868975281085,0.9853537827448928,GSTM3;FLOT2;CRYBG1;CROCC;ADIPOR2;EFNA5;PLAUR;B4GALT1;HSPB1,age_changes_CD56dim_NK_02032026
Mitotic Spindle,0.5308260584867776,0.22001908294210848,0.9792437441282429,PCGF5;FLNA;PALLD;KIF22;DYNC1H1;MYH9;EZR;TUBGCP6;KIF3C;LLGL1;LATS1;BCL2L11;PDLIM5;ARHGAP5;ARHGAP10;KIF1B;VCL;OPHN1;PXN;SPTAN1;SUN2;CNTROB;STAU1;KIF3B;SSH2;MAPRE1;ITSN1;WASL;TUBA4A;ABI1;TUBGCP2;NOTCH2;LRPPRC;TBCD;ARHGAP4;BCR;MYH10;EPB41;INCENP;MAP1S;PCNT;ARHGEF7,age_changes_CD56dim_NK_02032026
Angiogenesis,0.5440108438246635,0.32008201940540976,0.9682564803544432,VCAN;FGFR1;S100A4;TIMP1,age_changes_CD56dim_NK_02032026
UV Response Up,0.6824621178158343,0.2142926492282536,0.9088891451959251,ENO2;SOD2;EIF2S3;CREG1;CDKN2B;RPN1;PPT1;RHOB;BCL2L11;YKT6;PARP2;ASNS;CYB5R1;NXF1;AQP3;ALDOA;PRKCD;DLG4;TUBA4A;CXCL2;GRINA;SULT1A1;DNAJB1,age_changes_CD56dim_NK_02032026
PI3K/AKT/mTOR  Signaling,0.7929902299621372,-0.226547854,-0.881720059,FASLG;IL2RG;SLA;NCK1;HRAS;CSNK2B;SMAD2;TNFRSF1A;RIT1;RPS6KA3;E2F1;AKT1;ARPC3;CDK1;ATF1;CAMK4;PTEN;GRK2;ACTR3;MAPK9;MAPK1;TRIB3;VAV3;TRAF2,age_changes_CD56dim_NK_02032026
Pancreas Beta Cells,0.9315375171517296,-0.28588875,-0.773369779,SEC11A;SRP9;ELP4,age_changes_CD56dim_NK_02032026
Allograft Rejection,0.005877892,0.416379333,2.0839791431096715,CDKN2A;HLA-DMA;CD4;STAT4;IL15;F2R;FAS;HLA-DRA;HLA-DQA1;HLA-DMB;FLNA;RIPK2;CTSS;TAPBP;CSF1;TIMP1;TPD52;MAP4K1;TLR3;NCF4;CD2;CD74;IFNGR1;IL12A;ACVR2A;GPR65;CCL5;CCL4;NLRP3;HCLS1;GZMA;IL7;IL4;SPI1;CD40;ITGAL;CD3E;IL12RB1;PRF1;ITK;APBB1;IFNG;ITGB2;IRF4;BCL10;GZMB;ABI1,age_changes_CD8_memory_02032026
Apoptosis,0.009404626,0.37522893321593426,1.791915007452865,F2R;CLU;FAS;ENO2;TSPO;CASP1;HMGB2;TIMP1;TGFBR3;LGALS3;MADD;CD2;PEA15;TXNIP;IFNGR1;FEZ1;RETSAT;SOD2;CDC25B;ETF1;ANXA1;PLCB2;WEE1;RELA;CTNNB1;ATF3;CASP8;GNA15;PRF1;RHOT2;RHOB;BTG3;CDK2;DPYD;BCL10;SQSTM1;LMNA;CFLAR;BCAP31;TNF;CD14;PDCD4;SAT1;SPTAN1;CD44;DNAJC3;PSEN2;BNIP3L;BCL2L1;PPP2R5B;CTH;KRT18;PPT1;FDXR,age_changes_CD8_memory_02032026
Epithelial Mesenchymal Transition,0.010286310200985969,0.3663973057894473,1.7540826271807088,IGFBP3;IL15;LGALS1;VCAM1;FAS;SGCB;ENO2;TGFBI;FLNA;GLIPR1;VCAN;VIM;WIPF1;PLOD3;TIMP1;TGFBR3;CADM1;LRP1;SGCD;ACTA2;LOXL1;QSOX1;NOTCH2;ITGB1;COL6A2;COPA;BMP1,age_changes_CD8_memory_02032026
Coagulation,0.011021046643913538,0.4039688597689068,1.806478994836475,CFH;CLU;CAPN2;FYN;CTSH;F8;TIMP1;CPQ;CSRP1;SERPINA1;LRP1;CTSB;SIRT2;C1R;ANXA1;BMP1;F12;PLEK;APOA1;ISCU;PRSS23;CTSO;F2RL2;CTSK;PECAM1;WDR1;PREP;CFD;RAC1;LAMP2;USP11;LTA4H,age_changes_CD8_memory_02032026
Myc Targets V2,0.011237284125857581,-0.485217336,-1.680101257,MYC;BYSL;HK2;DCTPP1;IPO4;PPAN;NOP56;EXOSC5;GNL3;NDUFAF4;PHB;HSPD1;MRTO4;SORD;TBRG4;NOP16;WDR74;SRM;HSPE1;SLC19A1,age_changes_CD8_memory_02032026
Wnt-beta Catenin Signaling,0.011799148332150462,-0.518272439,-1.709044789,LEF1;MYC;GNAI1;TP53;TCF7;DLL1;AXIN1;AXIN2;RBPJ;NOTCH1;HDAC2;FRAT1;KAT2A,age_changes_CD8_memory_02032026
Protein Secretion,0.012735432,0.40725167308840493,1.8230677379519156,TMED10;AP2B1;TPD52;RAB9A;GALC;TMED2;ANP32E;ATP1A1;RAB14;MON2;ARF1;CD63;RAB5A;YKT6;SEC31A;SEC24D;PAM;VAMP3;NAPA;CLTC;SCAMP3;AP3S1;CTSC;AP3B1;KIF1B;RAB2A;AP1G1;SGMS1;VAMP7;LAMP2;LMAN1;SNX2;SNAP23;GBF1;TMX1;KRT18;ATP6V1H;PPT1;STX12;M6PR,age_changes_CD8_memory_02032026
Complement,0.013225255972696246,0.3725875227550792,1.8593805417683107,CFH;CLU;FYN;CTSH;CASP1;KYNU;F8;CTSS;LIPA;RBSN;ANXA5;TIMP1;CBLB;LGALS3;S100A12;CPQ;CSRP1;SERPINA1;LRP1;S100A9;CD36;SPOCK2;CTSB;VCPIP1;FCN1;C1R;CCL5;HSPA5;GZMA;GNG2;GMFB;CDA;PRDM4;PLEK;PRKCD;CALM3;EHD1;CD59;GCA;GZMK;GATA3;PRCP;GZMB;CTSO;RCE1;HSPA1A;USP14;WAS;RAF1;PLAUR;CEBPB;PREP;XPNPEP1;PIK3R5;CTSC,age_changes_CD8_memory_02032026
Interferon Gamma Response,0.013435180670675551,0.3439478814225334,1.6875943346877367,CFH;ZBP1;HLA-DMA;STAT4;IL15;VCAM1;FAS;HLA-DRB1;HLA-DQA1;IL10RA;IL18BP;CASP1;RIPK2;TAPBP;ADAR;FPR1;FGL2;CIITA;TXNIP;CD74;C1R;SOD2;CCL5;MYD88;IRF5;GZMA;FCGR1A;IL7;PTPN1;SRI;SLAMF7;PFKP;CD40;ZNFX1;CASP8;CMTR1;TRIM26;PELI1;BPGM;MVP;IRF4;UPP1;STAT3;STAT1;RIPK1;CD274;PML,age_changes_CD8_memory_02032026
p53 Pathway,0.021674725066363292,0.33024023741439806,1.6077155940195489,CDKN2A;F2R;FAS;DDB2;ZNF365;CGRRF1;CASP1;RB1;RPS27L;PERP;STOM;CCNG1;SEC61A1;PHLDA3;AEN;TXNIP;PMM1;CEBPA;ANKRA2;RETSAT;KIF13B;CD82;CCNK;NDRG1;ATF3;S100A10;DNTTIP2;MDM2;CDKN2B;DRAM1;CYFIP2;ISCU;PPM1D;S100A4;ITGB4;UPP1;TCN2;PLXNB2;GLS2;RAD51C;FAM162A;DDIT4,age_changes_CD8_memory_02032026
Interferon Alpha Response,0.021912704045422286,-0.413598475,-1.585340756,SELL;USP18;LGALS3BP;ISG15;IRF7;IFI44L;NMI;IRF9;PLSCR1;EPSTI1;IFI35;SAMD9L;PROCR;SP110;LAMP3;RSAD2;MX1;GBP2;OAS1;IFI44;SAMD9;PARP14;CNP;UBE2L6;PSME2;IFI27;RTP4;CMPK2,age_changes_CD8_memory_02032026
KRAS Signaling Dn,0.022635100882084556,-0.436820793,-1.720380043,LYPD3;CHST2;TCL1A;CCDC106;ZBTB16;PLAG1;LFNG;SNN;IFI44L;PDE6B;OXT;EDAR;IGFBP2;BARD1;SGK1;RSAD2;MX1;NUDT11;SPHK2;SLC5A5;PDCD1,age_changes_CD8_memory_02032026
heme Metabolism,0.030369106,0.31697061615897126,1.5548816408130095,OPTN;GDE1;MGST3;FBXO7;DMTN;RIOK3;ARL2BP;CTSB;CAST;NFE2L1;HTATIP2;ENDOD1;EIF2AK1;MXI1;CIR1;TMCC2;ADIPOR1;MKRN1;BSG;BLVRA;RNF19A;LRP10;KHNYN;BPGM;RAD23A;PICALM;SLC10A3;VEZF1;PDZK1IP1;TENT5C;TCEA1;GMPS;NR3C1;DCAF11;SLC25A38;BTRC;ISCA1;NUDT4;SIDT2;FN3K;NFE2;AGPAT4;LMO2;FECH;SYNJ1;LAMP2;CDC27;PRDX2;FOXJ2;DCAF10;SLC25A37;BNIP3L;PIGQ;KAT2B;NEK7;TMEM9B;PPP2R5B;BACH1;EPOR;NARF;BLVRB,age_changes_CD8_memory_02032026
Unfolded Protein Response,0.036736822,0.32914131180455797,1.494609327692593,HERPUD1;YWHAZ;HSP90B1;DCP1A;SRPRA;DCTN1;BAG3;HSPA9;POP4;EXOC2;PDIA6;HSPA5;CALR;HYOU1;XPOT;ERN1;MTREX;SLC1A4;ATF3;SEC31A;EXOSC9;SPCS1;EXOSC10;EEF2;ATF6;SSR1;PARN;DDIT4;WIPI1;CEBPB;SHC1;SDAD1;DNAJB9;DNAJC3;EIF4G1;SLC7A5;DKC1,age_changes_CD8_memory_02032026
IL-6/JAK/STAT3 Signaling,0.036736822,0.34964474364724385,1.5186440186308559,FAS;TNFRSF1B;MAP3K8;CSF1;IL18R1;CD36;LEPR;IFNGR1;CSF3R;MYD88;IL7;PTPN1;ITGA4;IL12RB1;STAT3;STAT1;IL15RA;PIK3R5;IL13RA1;TNF;CD14;CSF2RA,age_changes_CD8_memory_02032026
Myogenesis,0.039275003,0.3095235739913706,1.4967938405881316,IGFBP3;GNAO1;CLU;SORBS3;PRNP;DAPK2;RB1;TPM3;BHLHE40;ACSL1;CD36;SGCD;SIRT2;CKB;ITGB1;PFKM;SH2B1;MYH9;LSP1;COL6A2;HDAC5;MYO1C;AGL;NCAM1;DMPK;GAA;SYNGR2;ITGB4;FKBP1B;CHRNA1;PLXNB2;PDLIM7;FHL1;ATP6AP1;FXYD1;CFD,age_changes_CD8_memory_02032026
Inflammatory Response,0.042501677313963995,0.30300903199291584,1.4614698089172493,CD70;IL15;NOD2;SLC4A4;IL10RA;TNFRSF1B;RIPK2;C5AR1;TAPBP;CSF1;TIMP1;TLR3;FPR1;PROK2;IL18R1;ACVR2A;KCNA3;BEST1;CSF3R;CCL5;AHR;NLRP3;CD82;RELA;SRI;CYBB;CD40;GNA15;PTGER2;CXCL8;ABI1;MEFV;RAF1;PLAUR;IL15RA;PIK3R5;CD14;IFITM1;ICAM1;SCN1B;KIF1B;GPR132;MXD1;EMP3;PTAFR;ITGA5;ADGRE1;SELENOS;GNAI3;C3AR1;TLR1,age_changes_CD8_memory_02032026
IL-2/STAT5 Signaling,0.046813207649385125,0.28629936823422936,1.4361267121088517,IL10RA;PRNP;AHNAK;TNFRSF1B;SERPINB6;ANXA4;PLIN2;GABARAPL1;MAP3K8;CSF1;RABGAP1L;SYT11;BHLHE40;CST7;IL18R1;FGL2;GALM;CDC42SE2;RRAGD;IFNGR1;EOMES;PHTF2;GPR65;HOPX;AHR;CCR4;MYO1C;PRKCH;NDRG1;PLEC;FAH;PTGER2;TRAF1;RORA;PHLDA1;RHOB;SYNGR2;TWSG1;IRF4;CYFIP1;F2RL2;SLC39A8;PTCH1;SNX14;CTLA4;ITGAV;ODC1;CAPN3;ALCAM;LRIG1;LRRC8C;ST3GAL4;P4HA1;BATF3;COL6A1;MXD1,age_changes_CD8_memory_02032026
Androgen Response,0.06975098,0.3129292833247148,1.3742288099869673,INPP4B;CDC14B;TPD52;MAF;UBE2J1;INSIG1;FKBP5;ELOVL5;ABHD2;NDRG1;XRCC6;PIAS1;PDLIM5;SEC24D;DHCR24;B4GALT1;TMEM50A;UAP1;ADAMTS1;NKX3-1;HSD17B14;ITGAV;FADS1;GPD1L;ABCC4;SAT1;LMAN1;DNAJB9,age_changes_CD8_memory_02032026
TGF-beta Signaling,0.074840312,-0.421540735,-1.443694318,ID3;NOG;PMEPA1;FURIN;SMURF2;CDH1;TRIM33;FKBP1A;SPTBN1;CDK9;ACVR1;SERPINE1;SKIL;SKI;XIAP;FNTA;IFNGR2;SMAD7;ID1;LTBP2,age_changes_CD8_memory_02032026
Estrogen Response Early,0.085965224,-0.340293354,-1.413436406,TIAM1;FAM102A;RETREG1;MYB;CLDN7;MYC;FLNB;AQP3;HES1;IGF1R;NRIP1;CLIC3;BCL11B;ABLIM1;KDM4B;NBL1;MAST4;KLF4;RBBP8;KCNK5;FKBP4;TMEM164;FCMR;IL6ST;RARA;UNC119;ABAT;CELSR1;ARL3;EGR3;FASN;IGFBP4;AKAP1;FHL2;NXT1;MPPED2;TGIF2;FARP1;TPD52L1;WWC1;SEC14L2,age_changes_CD8_memory_02032026
Oxidative Phosphorylation,0.088674212,-0.327737441,-1.378290395,CYB5A;TIMM13;TIMM8B;ATP5F1C;FXN;SLC25A11;ECH1;NDUFB3;ACADM;SLC25A5;MTX2;NDUFS2;PDHB;ETFB;NDUFB5;NDUFA7;ATP6V1D;LDHB;UQCRC2;MDH1;SDHD;VDAC1;ATP5PF;NDUFB2;MRPL15;SUCLG1;MRPS12;NDUFB6;ATP5MC3;MRPS11;TIMM9;BDH2;NDUFA2;PDP1;NDUFA8;NDUFA9;TIMM10;MAOB;NDUFB8;ATP5PO;MRPL34;COX7A2L;MTRF1;ATP5MC1;NDUFC2;NDUFS6;SLC25A3;PHB2;COX7B;ATP5MF;CYCS;NDUFB1;NDUFS4;NDUFB4,age_changes_CD8_memory_02032026
Notch Signaling,0.097351574,-0.450901271,-1.382441379,DLL1;LFNG;DTX1;HES1;MAML2;PRKCA;NOTCH1;RBX1;KAT2A,age_changes_CD8_memory_02032026
Myc Targets V1,0.12842610429551524,-0.31147171,-1.318576123,MYC;LSM2;CCT2;NME1;PCNA;PSMA4;CCT5;NOP56;YWHAE;TRIM28;IMPDH2;PSMA1;CCT3;EIF3J;SERBP1;TYMS;PSMC6;POLD2;GNL3;PSMA7;EIF2S2;PHB;HDGF;HNRNPD;FAM120A;CDC20;DDX21;VDAC1;HSPD1;COPS5;VBP1;APEX1;C1QBP;EIF3B;HDAC2;PSMA2;TXNL4A;NOP16;UBE2E1;PSMD8;PSMB2;PCBP1;ABCE1;NHP2;CLNS1A;RANBP1;SLC25A3;SSBP1;PHB2;SRM;SRSF3;SET;PSMC4;EIF2S1;HSPE1,age_changes_CD8_memory_02032026
Cholesterol Homeostasis,0.1309667709518392,0.30589964348553556,1.2779470656649239,ANTXR2;CLU;ACSS2;ANXA5;LGALS3;DHCR7;ABCA2;ERRFI1;SREBF2;LSS;CTNNB1;ATF3;CXCL16;MVD;GUSB;ETHE1;PLAUR;PNRC1;CYP51A1;ALCAM,age_changes_CD8_memory_02032026
Apical Junction,0.14416302417020938,0.254881896,1.2430545372386923,VCAM1;SGCE;SKAP2;TGFBI;SORBS3;VCAN;CTNNA1;ACTN4;INSIG1;ITGB1;MSN;MYH9;EXOC4;AKT3;ZYX;BMP1;MPP5;ADAM15;MAP3K20;NF1;NEXN;TRAF1;MVD;B4GALT1;ITGB4;VCL;CD99;PIK3CB;CTNND1;NECTIN3;ARHGEF6;CD274;AMIGO2;PECAM1;SIRPA;CDK8;GTF2F1;SHC1;WASL;ICAM1;IKBKG,age_changes_CD8_memory_02032026
KRAS Signaling Up,0.1520088063034593,0.2576034357288846,1.2433509177351334,IGFBP3;NAP1L2;CFH;PRDM1;CDADC1;IL10RA;TNFRSF1B;CTSS;LCP1;RABGAP1L;MAP4K1;PCSK1N;CAB39L;CD37;WNT7A;ADAM8;PRELID3B;TRAF1;G0S2;BPGM;GALNT3;ITGB2;CLEC4A;TLR8;PECAM1;PLAUR;EPB41L3;CSF2RA;SCN1B;HDAC9;PPBP;ETV1;ZNF639;LAPTM5,age_changes_CD8_memory_02032026
Fatty Acid Metabolism,0.15311907470610545,0.2613231560156002,1.2298526856059433,GLUL;LGALS1;ENO2;PCBD1;GABARAPL1;RAP1GDS1;ACSL1;CD36;ACSL5;LTC4S;RETSAT;ELOVL5;SERINC1;ADIPOR2;ACSM3;SUCLG2;S100A10;BLVRA;HSD17B11;DHCR24;ACADVL;G0S2;SDHA;ACO2;SLC22A5;ALDOA;PRDX6;MIF;DLST;ALDH1A1;PTPRG;ODC1;ERP29;NCAPH2;CD1D;PTS;ACOT2;ACSL4,age_changes_CD8_memory_02032026
UV Response Dn,0.15991322581364742,0.2696104246673669,1.2441122102081488,INPP4B;FYN;ANXA2;ANXA4;TGFBR3;BHLHE40;INSIG1;SYNE1;SCN8A;PIAS3;SMAD3;ACVR2A;ATXN1;NOTCH2;PTPRM;SFMBT1;NR1D2;BMPR1A;AKT3;SRI;PDLIM5;MT1E;PRKCE;ATP2B4,age_changes_CD8_memory_02032026
Estrogen Response Late,0.1653325560174389,-0.306915197,-1.27499308,TIAM1;FAM102A;MYB;CD9;FLNB;NRIP1;CLIC3;MOCS2;NAB2;ETFB;RABEP1;MEST;TSPAN13;CA2;SGK1;NBL1;KLF4;RBBP8;KCNK5;PRKAR2B;FKBP4;CDC20;IL6ST;CDH1;GINS2;TST;SORD;ARL3;EGR3;IGFBP4;HOMER2;NXT1;FABP5;FARP1;TPD52L1;GALE,age_changes_CD8_memory_02032026
Adipogenesis,0.17913574227567403,0.2444056905392456,1.201552459954673,RAB34;BAZ2A;GPAT4;MGST3;PLIN2;STOM;DHCR7;RNF11;CD36;RIOK3;BCL2L13;CD151;LTC4S;IFNGR1;CD302;DHRS7;RETSAT;TANK;ADIPOR2;NDUFB7;NDUFA5;APLP2;GPHN;FAH;SLC5A6;ACO2;CMPK1;ALDOA;PFKL;MCCC1;SLC25A1;RMDN3;QDPR;CMBL;COX8A;CHUK;PDCD4;ACLY;ALDH2;PGM1;DLAT;DNAJB9;SCP2;REEP5;UBC;TOB1;BCKDHA;UQCRC1;GHITM;BCL6,age_changes_CD8_memory_02032026
Bile Acid Metabolism,0.24789368683121465,0.25603269531264783,1.1402073663011218,NR3C2;OPTN;ABCA2;GSTK1;ACSL1;ACSL5;RETSAT;ATXN1;PFKM;ABCA3;APOA1;HSD17B11;DHCR24;NPC1;PEX16,age_changes_CD8_memory_02032026
Reactive Oxygen Species Pathway,0.2571577550246492,0.2922685974975052,1.1416966807998246,PRNP;PDLIM1;SOD2;TXN;LSP1;SCAF4;PFKP;PRDX6;PRDX4;PTPA;MGST1;PRDX2;SELENOS,age_changes_CD8_memory_02032026
Hypoxia,0.2599742447225382,0.23116070236470787,1.1263489806047098,IGFBP3;ENO2;TGFBI;ANXA2;PLIN2;TPD52;BHLHE40;ERRFI1;RRAGD;GPI;HSPA5;IDS;MYH9;MXI1;NDRG1;VHL;PFKP;MT1E;ATF3;RORA;GAA;S100A4;PAM;ALDOA;PFKL;MIF;SLC25A1;NR3C1;FAM162A;DDIT4;PLAUR;PNRC1;XPNPEP1,age_changes_CD8_memory_02032026
TNF-alpha Signaling via NF-kB,0.2867235494880546,0.21992689315994896,1.1066577907118598,BCL2A1;KYNU;SERPINB8;RIPK2;MSC;MAP3K8;CSF1;BHLHE40;CLCF1;SMAD3;SOD2;CCL5;TANK;PANX1;CCL4;RELA;TNIP1;SLC16A6;LITAF;PDLIM5;ATF3;PLEK;DRAM1;TRAF1;TRIP10;PHLDA1;RHOB;EHD1;G0S2;BTG3;B4GALT1;SQSTM1;CFLAR;PLAUR;CEBPB;IL15RA;PNRC1;TNF;ICAM1;MXD1;SAT1;CD44;ZC3H12A;DUSP5;DUSP4;KLF10;DUSP2;BCL6;TUBB2A;TNIP2;PHLDA2;TNFRSF9;RNF19B;KLF9;TRIB1;PER1,age_changes_CD8_memory_02032026
mTORC1 Signaling,0.3051982147545287,0.2224597965791684,1.0932711605638568,SKAP2;HSP90B1;CANX;DHCR7;CCNG1;BHLHE40;GGA2;FGL2;INSIG1;TUBA4A;HSPA9;GPI;HSPA5;ETF1;CALR;ELOVL5;ADIPOR2;RPN1;SLC1A4;PSMD12;YKT6;DHCR24;UCHL5;TBK1;ITGB2;SSR1;ALDOA;UFM1;NUP205;TCEA1;PFKL;GMPS;SQSTM1;DDIT4;QDPR;FADS1;PSME3;CYP51A1;CTSC;GSK3B;RAB1A;ACLY;ARPC5L;P4HA1,age_changes_CD8_memory_02032026
Apical Surface,0.31308241084678273,-0.368548005,-1.17596585,LYPD3;MAL;APP;SULF2;IL2RG;DCBLD2;AKAP7;ATP8B1;GAS1;HSPB1,age_changes_CD8_memory_02032026
E2F Targets,0.3261621717530163,-0.270636145,-1.156944762,MYC;PAICS;CKS2;TP53;SMC4;DCTPP1;NASP;NME1;CKS1B;PCNA;TACC3;NOP56;MKI67;CBX5;POLD2;BARD1;EZH2;HNRNPD;STMN1;AURKB;CDC20;RPA3;CCNB2;BIRC5;DNMT1;MYBL2;TIPIN;SNRPB;UBE2S;KIF2C;TBRG4;RRM2;RPA2;UBE2T;CHEK2;CTCF;MSH2;SMC1A;EXOSC8,age_changes_CD8_memory_02032026
Glycolysis,0.33961151139763196,0.2201156692825027,1.0716750933200974,IGFBP3;ENO2;TGFBI;VCAN;ECD;RRAGD;GFPT1;QSOX1;PKM;TXN;HSPA5;MXI1;GNE;AGL;ARPP19;PFKP;CHPF2;PRPS1;B4GALT1;GUSB;PAM;ALDOA;PGAM1;MIF;PYGL;FAM162A;DDIT4;HS2ST1;GOT2;PLOD1;B3GAT1;IL13RA1;PHKA2;P4HA1;GYS1;AK3;B4GALT4;CD44,age_changes_CD8_memory_02032026
Pperoxisome,0.4091432363616664,0.2363456012032149,1.0372444905969904,TSPO;CADM1;GSTK1;ACSL1;ACSL5;CNBP;RETSAT;ATXN1;SOD2;ELOVL5;HSD17B11;DHCR24;MVP;BCL10;ALDH1A1;FADS1;ERCC3,age_changes_CD8_memory_02032026
PI3K/AKT/mTOR  Signaling,0.4323290573143463,0.22890464812930456,1.0223412866538937,HSP90B1;ARHGDIA;PRKAR2A;CAB39L;MYD88;CALR;ARF1;YWHAB;IL4;TBK1;CDK2;RPS6KA1;PLCB1;SQSTM1;RIPK1;CLTC;IRAK4;RAF1;RALB;GSK3B;PPP2R1B;RAC1,age_changes_CD8_memory_02032026
DNA Repair,0.46003712398318497,-0.264969716,-1.083544578,PDE6G;GTF2H5;TP53;POLR2H;BOLA2;NME1;PCNA;IMPDH2;ADA;TYMS;PRIM1;CSTF3;TAF12;SAC3D1;ZWINT;RPA3;POLR2G;NELFB;RALA;SRSF6;RBX1;REV3L;VPS37D;ALYREF;RAD51;POLR1C;TSG101;ITPA;RPA2,age_changes_CD8_memory_02032026
G2-M Checkpoint,0.4999674106690227,-0.248267452,-1.051381054,MYC;CKS2;SMC4;NASP;CKS1B;MAPK14;TACC3;CENPF;MKI67;RBM14;BARD1;MTF2;EZH2;HNRNPD;STMN1;CASP8AP2;CUL3;AURKB;CDC20;SLC12A2;FBXO5;GINS2;CCNB2;NDC80;KMT5A;BIRC5;MYBL2;UBE2S;KIF23;TENT4A;KIF2C;RPA2;SMC2;TOP1;CTCF;SMC1A,age_changes_CD8_memory_02032026
UV Response Up,0.5194835918753591,-0.255164435,-1.028969219,E2F5;CHKA;AQP3;EPHX1;POLR2H;CYB5B;IGFBP2;CHRNA5;FURIN;CA2;AGO2;FKBP4;CDC34;DDX21;MARK2;IL6ST;KCNH2;BAK1;DNAJA1;PPAT;TST;CNP;PRKACA;POLG2;NAT1;RRAD;AP2S1;BID;NR4A1;CDC5L;HSPA2;TYRO3;CASP3;PPP1R2;DGAT1,age_changes_CD8_memory_02032026
Mitotic Spindle,0.5675104285172544,0.19494039358793072,0.9629367840059573,PCGF5;FLNA;ARHGDIA;ACTN4;ARHGAP5;DYNC1H1;TUBA4A;NOTCH2;STAU1;LATS1;MYH9;LLGL1;PXN;KIF22;KIF3C;SUN2;PDLIM5;NF1;KIF3B;KATNB1;RHOT2;CLIP1;INCENP;PRC1;VCL;ABI1;TBCD;KIF20B;ARFIP2;WASL;ABR;KIF1B;TUBGCP2;BRCA2;SPTAN1;BCR;CDC27;RACGAP1;ATG4B;CDC42EP4;SASS6;ARHGAP4;MAP1S;DOCK2;KIFAP3;KLC1;EZR;CKAP5;PALLD;LRPPRC;CENPJ;CNTROB;CDC42EP2;MAPRE1;ARHGEF12;NCK1,age_changes_CD8_memory_02032026
Xenobiotic Metabolism,0.6142781101084862,-0.23655245,-0.975627595,SPINT2;DDAH2;CYB5A;TPST1;EPHX1;ECH1;GSTO1;ESR1;CA2;IRF8;JUP;SLC35D1;PYCR1;GCNT2;ATOH8;MCCC2;CYP2J2;CSAD;LONP1;NMT1;IGFBP4;GSTM4;HES6;SERPINE1;CNDP2;ETS2;DDT;FBP1;CYP2E1;CASP6;NFS1;LPIN2;IDH1;NINJ1;AHCY;TNFRSF1A;ACP2;MPP2;ATP2A2;UGDH;SERTAD1;HSD11B1;TKFC;CCL25;CAT;DCXR;ITIH4;HSD17B2;PC;MAOA;CBR1;DHPS;UPB1;PPARD;SAR1B,age_changes_CD8_memory_02032026
Angiogenesis,0.7596700796359499,0.2564781248575719,0.8785316269170659,VCAN;TIMP1;S100A4;ITGAV,age_changes_CD8_memory_02032026
Spermatogenesis,0.7762508126032528,-0.233957679,-0.888458038,CAMK4;POMC;STRBP;IFT88;EZH2;MAP7;SLC12A2;CCNB2;TLE4;TKTL1;GMCL1;KIF2C;PCSK4;AGFG1;NEFH;HSPA2;CSNK2A2;TALDO1;HSPA1L;BUB1;ALOX15;IP6K1;ARL4A;JAM3;PIAS2;PGS1;RFC4;NEK2;SCG5;AURKA;CHFR;IL12RB2;ACRBP,age_changes_CD8_memory_02032026
Pancreas Beta Cells,0.8923473813466717,-0.299081324,-0.804542825,SEC11A;GCK;DPP4;ELP4;SRPRB;STXBP1;SRP9;FOXO1,age_changes_CD8_memory_02032026
Hedgehog Signaling,0.9498884720673223,-0.228414116,-0.713444668,NRCAM;TLE1;CELSR1;CDK5R1;LDB1;ETS2,age_changes_CD8_memory_02032026
Myc Targets V2,0,-0.537356612,-2.612257329,IPO4;PHB;NOP56;HSPE1;DCTPP1;GNL3;PPAN;BYSL;NDUFAF4;MRTO4;SRM;MPHOSPH10;EXOSC5;SORD;SLC19A1;TBRG4;PA2G4;TMEM97;CDK4;WDR43;TFB2M;RRP9;NOP16;HK2;DDX18;RABEPK,age_changes_CD8_naive_02032026
IL-2/STAT5 Signaling,0,0.5299637823370624,2.3337638225213575,CST7;AHNAK;ANXA4;TNFRSF4;PTGER2;IL10RA;HOPX;ADAM19;TNFRSF1B;CCR4;SYT11;IL2RA;CTLA4;BHLHE40;BATF;IL2RB;PRNP;TRAF1;MAP3K8;XBP1;GALM;CAPG;GLIPR2;MYO1C;SH3BGRL2;SLC39A8;IL18R1;PHTF2;TNFRSF18;CSF1;ALCAM;AHR;PIM1;DHRS3;FGL2;LRIG1;CYFIP1;RHOB;EOMES;CKAP4;TNFRSF9;P4HA1;KLF6;EMP1;SERPINB6;WLS;SMPDL3A;BCL2L1;PHLDA1;ECM1;RABGAP1L;SOCS2;NDRG1;GABARAPL1;IFNGR1;SLC1A5;GPR65;SYNGR2;IRF6;BCL2;TLR7;SELP;UCK2;RORA;CDCP1;APLP1;TNFRSF21;SNX9;F2RL2,age_changes_CD8_naive_02032026
Allograft Rejection,0,0.4928621643583395,2.134831451653339,CCL5;TIMP1;F2R;KLRD1;STAT4;CD4;FAS;IL2RA;IL15;CTSS;NCF4;TPD52;CDKN2A;IL2RB;FLNA;CD40;CD40LG;GZMB;CAPG;FGR;MAP4K1;CCL4;CCR2;CSF1;TNF;ACVR2A;GCNT1;DEGS1;NLRP3;IFNG;RIPK2;TLR3;KRT1;IL12RB1;FASLG;SRGN;PRF1;BCL3;SPI1;GZMA;IL18RAP;IL2;IL7;ICAM1;JAK2;TLR6;CCR5;NCR1;HLA-DQA1;TAPBP;ITGAL;TLR2;PF4;CD74;IL12A;HLA-G;BCAT1;IFNGR1;LYN;GPR65,age_changes_CD8_naive_02032026
Oxidative Phosphorylation,0,-0.487858739,-2.8670275,SLC25A5;TIMM13;ATP5F1C;TIMM8B;CYB5A;NDUFB3;ATP5PF;SLC25A11;ATP6V1D;FXN;ATP5MC3;HSD17B10;UQCRH;NDUFA2;MRPS11;SLC25A3;ATP5MC1;DECR1;BDH2;TIMM10;NDUFB6;NDUFB2;SUCLG1;COX7B;NDUFC2;NDUFA7;PDHB;ETFB;ATP5MF;NDUFS6;VDAC1;TIMM9;ATP1B1;TOMM22;UQCRQ;COX6C;NDUFB8;ACADM;NDUFS4;UQCR10;MDH1;MRPL15;POLR2F;UQCRC2;ATP5ME;NDUFS2;ACAA1;ACAA2;ECH1;ATP5F1E;ATP5PO;CYC1;ATP6V0B;BAX;NDUFB1;MRPL34;MRPS12;MTX2;SDHD;SLC25A20;MRPS15;COX6A1;NDUFB4;ATP5F1B;COX7A2L;NDUFA8;NDUFA1;ATP5PB;IDH1;COX6B1;COX5A;ATP5MG;NDUFA9;ATP6V1F;ECHS1;MRPL11;SLC25A6;IDH2;AIFM1;LDHB;NDUFS8;SDHC,age_changes_CD8_naive_02032026
Myc Targets V1,0,-0.492993084,-2.885340308,LSM2;SERBP1;CCT2;NME1;PSMA4;CTPS1;APEX1;HDDC2;PSMA7;PHB;NOP56;PSMB2;HSPE1;NHP2;SLC25A3;CCT3;EIF3J;SMARCC1;SSBP1;TXNL4A;GNL3;ABCE1;COPS5;C1QBP;TRIM28;IMPDH2;HDGF;PSMD14;CCT5;SET;PCNA;SYNCRIP;SNRPG;POLE3;VDAC1;EIF3B;PSMA1;PSMB3;SSB;HSP90AB1;MCM7;PCBP1;KPNA2;LSM7;HNRNPA2B1;SRM;PSMD8;POLD2;HPRT1;FBL;CYC1;PSMA2;HDAC2;RFC4;DDX21;HNRNPD;RANBP1;PPIA;EIF4A1;SNRPB2;RAD23B;FAM120A;PA2G4;EXOSC7;PSMC4;COX5A;SRSF3;SNRPD3;RPS10;GSPT1;TFDP1;CDK4;ILF2;PSMC6;EEF1B2;SNRPD1;RRP9;CLNS1A;RSL1D1;ACP1;NOP16;PHB2;NDUFAB1;RPL22;RPS5;LDHA,age_changes_CD8_naive_02032026
Inflammatory Response,0.000211992,0.4625895695941337,1.9985632649386729,CCL5;GPR183;PTGER2;SLAMF1;IL10RA;TIMP1;IL15RA;CD82;TNFRSF1B;CD70;IL15;IL2RB;CD40;ICAM4;IL18R1;CSF1;BST2;ACVR2A;KCNA3;CDKN1A;NLRP3;AHR;RIPK2;SRI;NOD2;TLR3;CMKLR1;PROK2;GNA15;SLC4A4;FPR1;CSF3R;IL18RAP;ICAM1;TNFRSF9;MARCO;CXCR6;AQP9;TAPBP;KLF6;PLAUR;TLR2;BEST1;SGMS2;SLC7A1;AXL;PIK3R5;LY6E;ADM;LYN;CXCL8;ADORA2B;LTA;LAMP3;RELA;TNFAIP6;SPHK1;TLR1;EMP3;MEFV;ADGRE1;CYBB,age_changes_CD8_naive_02032026
Coagulation,0.000282656,0.5226473904044503,2.1112009664719418,CAPN2;CRIP2;TIMP1;PDGFB;CPQ;PLEK;CFH;ANXA1;CTSH;LRP1;CSRP1;CLU;APOA1;PRSS23;DPP4;F8;C1R;DUSP6;SERPINA1;ANG;A2M;SERPING1;F12;KLKB1;SPARC;THBS1;PF4;ITGA2;RAPGEF3;C8G;SERPINB2;CTSB;GP9;THBD;CTSO;CFD;F2RL2,age_changes_CD8_naive_02032026
Complement,0.000339187,0.4454694503864372,1.9364784776044024,CCL5;ANXA5;LGALS3;TIMP1;PDGFB;CPQ;PLEK;CFH;CTSS;GATA3;GZMK;CASP1;CTSH;APOBEC3G;CD40LG;F5;LRP1;GZMB;CSRP1;CLU;HPCAL4;ITGAM;DPP4;F8;PIM1;RBSN;C1R;DUSP6;SERPINA1;C4BPB;ANG;GZMA;MT3;S100A9;S100A12;SERPING1;LIPA;JAK2;HSPA1A;CD36;CD59;KLKB1;PLAUR;XPNPEP1;SPOCK2;PRKCD;CDA;FCN1;PIK3R5,age_changes_CD8_naive_02032026
KRAS Signaling Up,0.000423984,0.44417887527024214,1.9168941528394627,PRDM1;IGFBP3;ADAM8;IL10RA;WNT7A;TNFRSF1B;NAP1L2;CFH;CTSS;KIF5C;TRAF1;ACE;F2RL1;MAP4K1;PCSK1N;PLEK2;DUSP6;FLT4;CMKLR1;BIRC3;CAB39L;GNG11;CD37;LCP1;GPRC5B;PLAUR;EMP1;CSF2RA;HKDC1;PDCD1LG2;GFPT2;TMEM176A;TSPAN7;PPBP;EVI5;EPB41L3;ITGA2;VWA5A;FGF9;SEMA3B;RABGAP1L;F13A1;GALNT3;FBXO4;MALL;TLR8,age_changes_CD8_naive_02032026
Myogenesis,0.000484553,0.4482904362828183,1.8999328270269107,IGFBP3;ITGB1;FXYD1;BHLHE40;FHL1;SORBS3;PRNP;MYO1C;CLU;CDKN1A;PSEN2;GNAO1;PFKM;NAV2;CRAT;TNNC2;PTP4A3;WWTR1;CD36;SORBS1;PDLIM7;SPARC;SGCA;CHRNA1;CNN3;ADAM12;PVALB;NCAM1;KLF5;DAPK2;MAPRE3;TPD52L1;GAA;RB1;REEP1;TPM3;LARGE1;SYNGR2;ITGA7;ATP2A1;PPFIA4;PGAM2;EPHB3;ADCY9;SH2B1;MYLK;CFD;SPHK1;RYR1;IGFBP7;ITGB5,age_changes_CD8_naive_02032026
Interferon Gamma Response,0.000635976,0.43056368052115973,1.8813500291620777,CCL5;ZBP1;IL10RA;IL15RA;STAT4;FAS;CFH;IL15;SLAMF7;CASP1;CASP8;HLA-DRB1;IL2RB;CD40;UPP1;IL18BP;PFKP;XCL1;BST2;LATS2;CDKN1A;PIM1;ARID5B;RIPK2;SRI;C1R;FGL2;FCGR1A;CMTR1;ZNFX1;CMKLR1;ITGB7;PTPN1;GZMA;FPR1;SERPING1;IL7;ICAM1;JAK2;OASL;TXNIP;P2RY14;HLA-DQA1;TAPBP;ADAR;CD74;SECTM1;MVP;HLA-G;MTHFD2;CSF2RB;LY6E;RIPK1;PARP12;TRIM26;TRAFD1;IRF5;SELP;TNFAIP6;GBP6;SOD2,age_changes_CD8_naive_02032026
Epithelial Mesenchymal Transition,0.000847968,0.44206127624180896,1.861553463519483,IGFBP3;LGALS1;TGFBR3;ITGB1;TIMP1;GLIPR1;FAS;IL15;FLNA;ENO2;LRP1;ACTA2;CAPG;SGCB;PLOD3;CADM1;VCAN;VIM;RHOB;DST;IL32;CD59;SPARC;THBS1;PLAUR;ADAM12;WIPF1;ITGA2;SDC4;ANPEP;ECM1;TPM4;CXCL8;GPC1;IGFBP4;GAS1;MAGEE1;FZD8;TNFRSF12A;MYLK;MYL9;APLP1;EMP3;ITGB5;COL16A1;PFN2;FERMT2;CXCL1;SAT1;NOTCH2;COL5A3,age_changes_CD8_naive_02032026
IL-6/JAK/STAT3 Signaling,0.001017562,0.4690088578162118,1.8374371754973948,IL15RA;TNFRSF1B;FAS;IL2RA;MAP3K8;IL18R1;CSF1;TNF;PIM1;IL12RB1;PTPN1;CSF3R;A2M;HMOX1;IL9R;IL7;CD36;CSF2RA;TLR2;PF4;PIK3R5;CSF2RB;HAX1;IFNGR1;IL13RA1;CCR1;TNFRSF12A;TNFRSF21,age_changes_CD8_naive_02032026
TNF-alpha Signaling via NF-kB,0.003160609,0.3958540444455718,1.7344183670984845,CCL5;GPR183;IL15RA;PLEK;BCL2A1;BHLHE40;TRAF1;MAP3K8;CLCF1;CFLAR;SMAD3;MSC;F2RL1;CCL4;CSF1;TNF;CDKN1A;RIPK2;DRAM1;TNIP1;SQSTM1;BCL3;BIRC3;RHOB;SERPINB8;ICAM1;TNFRSF9;KLF6;PLAUR;PHLDA2;PANX1;CEBPD;TLR2;SLC16A6;ZC3H12A;GFPT2;PHLDA1;SDC4;DUSP4;SERPINB2;CCND1;TANK;KYNU;LAMB3;RELA;TNFAIP6;SPHK1;SOD2,age_changes_CD8_naive_02032026
TGF-beta Signaling,0.004626952,-0.390487325,-1.793474286,NOG;PMEPA1;FKBP1A;BMPR2;ID2;SMURF2;SKIL;FURIN;TGFBR1;SMAD7;TRIM33;SPTBN1;ID3;APC;PPM1A;SKI;SMURF1,age_changes_CD8_naive_02032026
UV Response Dn,0.005609636,0.4072441786636585,1.6785072117938362,ANXA2;TGFBR3;ANXA4;INPP4B;MAGI2;KALRN;BHLHE40;SFMBT1;ATP2B4;SMAD3;MT1E;BMPR1A;ATXN1;ACVR2A;GCNT1;SRI;PIAS3;PTPRM;NR3C1;SLC7A1;CDC42BPA;MGLL;DLC1,age_changes_CD8_naive_02032026
Estrogen Response Late,0.005653121,0.390188408,1.6839173888809305,PERP;TJP3;BATF;ATP2B4;MICB;DYNLT3;XBP1;TST;LSR;PRSS23;DNAJC1;ELOVL5;CHPT1;UNC13B;SERPINA1;SLC27A2;PAPSS2;S100A9;ABHD2;JAK2;SLC22A5;MAPT;RAB31;SLC1A4;AFF1;PKP3;DLG5;DNAJC12;SEMA3B;MAPK13;CACNA2D2;TPD52L1;PDZK1;SLC2A8;CDC20;LARGE1;CCND1;MYOF;BCL2;IGFBP4;GPER1;SLC9A3R1;ABCA3;SFN;BLVRB;FDFT1,age_changes_CD8_naive_02032026
DNA Repair,0.006015038,-0.322248959,-1.738723928,PDE6G;ADA;GTF2H5;TAF12;POLR2G;NME1;PDE4B;TP53;POLR2H;ITPA;IMPDH2;MPC2;CSTF3;CETN2;PCNA;DGCR8;RALA;RBX1;SAC3D1;NELFB;POLR2F;HPRT1;TAF10;NUDT9;POLR1D;APRT;BOLA2;RFC4;NELFCD;ALYREF;ZNRD1;RPA2,age_changes_CD8_naive_02032026
Apoptosis,0.007260728,0.38224142901660624,1.6281403985402894,TGFBR3;LGALS3;TIMP1;F2R;KRT18;FAS;ANXA1;CASP1;CASP8;ENO2;CFLAR;TSPO;LMNA;CLU;PEA15;HMGB2;TNF;CDKN1A;PSEN2;SQSTM1;FASLG;PRF1;GNA15;BIRC3;RHOB;HMOX1;TXNIP;IGFBP6;EMP1;HGF;BCL2L1,age_changes_CD8_naive_02032026
Estrogen Response Early,0.007328868,0.37802989089373684,1.6378362696583393,SH3BP5;KRT18;MYBL1;TJP3;BHLHE40;MICB;DYNLT3;XBP1;GAB2;PRSS23;SNX24;ELOVL5;CHPT1;RHOD;DHRS3;LRIG1;SLC27A2;NAV2;ENDOD1;PAPSS2;ASB13;ABHD2;JAK2;SLC22A5;MAPT;RAB31;SLC1A4;AFF1;KRT8;SEMA3B;DLC1;TPD52L1;PDZK1;REEP1;ELF3;ELF1;UGCG;CCND1;MYOF;WWC1;BCL2;IGFBP4;ADCY9;SLC9A3R1;ABCA3;SFN;BLVRB;FDFT1;ESRP2;WFS1;ALDH3B1;PODXL;PTGES;GREB1;NBL1;AQP3;ADCY1;NADSYN1;SULT2B1,age_changes_CD8_naive_02032026
Hypoxia,0.007688245,0.3745276759377848,1.6284945867469063,IGFBP3;S100A4;ANXA2;PAM;PDGFB;BHLHE40;TPD52;ENO2;MT1E;PFKP;DDIT4;STBD1;CDKN1A;PIM1;GAPDH;FBP1;HMOX1;P4HA1;UGP2;NR3C1;KLF6;PLAUR;ERRFI1;KDELR3;XPNPEP1;SDC4;DPYSL4;NDRG1;NDST1;GAA;ADM;LARGE1;PFKL;GPC1;ADORA2B;GALK1;BCL2;CASP6;PPFIA4;PGAM2;RORA;CITED2;SLC25A1;WSB1;AK4;ZFP36;KIF5A;CDKN1B;CSRP2;IDS;TMEM45A;CAVIN1;MXI1;CAVIN3;MYH9;SULT2B1;TPI1;ERO1A;MAFF;PGF;ALDOA;ATF3,age_changes_CD8_naive_02032026
p53 Pathway,0.008479682,0.3625935588592726,1.5948703680484158,S100A4;STOM;DDB2;ZBTB16;F2R;CD82;PERP;FAS;CGRRF1;CASP1;CDKN2A;GLS2;S100A10;UPP1;DDIT4;CDKN1A;DRAM1;ZNF365;RHBDF2;RPS27L;HMOX1;TXNIP;CEBPA;CCNG1;WWP1;VDR;SEC61A1;PHLDA3;VWA5A;ABHD4;TCN2;NDRG1;TPD52L1;CDKN2B;TGFA;RB1;EPS8L2;ANKRA2;AEN;KIF13B,age_changes_CD8_naive_02032026
Angiogenesis,0.008828846,0.5184335660595661,1.6006229466067536,S100A4;TIMP1;FGFR1;VCAN;PF4;THBD;TNFRSF21;PTK2;APP;JAG2;PDGFA;COL5A2;NRP1;OLR1;VEGFA;LRPAP1;MSX1,age_changes_CD8_naive_02032026
Apical Surface,0.031776493,0.4461548865604771,1.4658129346295012,GATA3;IL2RB;CRYBG1;GSTM3;MAL;FLOT2;PLAUR;CD160;LYN;GAS1,age_changes_CD8_naive_02032026
E2F Targets,0.045112781954887216,-0.243882025,-1.462775122,STMN1;SMC4;MSH2;PAICS;NME1;CTPS1;TP53;NASP;CKS2;NOP56;DCTPP1;SNRPB;EZH2;CDKN2C;ING3;CKS1B;PCNA;SYNCRIP;GINS4;TIPIN;MCM7;UBE2T;SMC1A;BARD1;KPNA2;UBE2S;POLD2;HNRNPD;RPA2;RANBP1;EXOSC8;TBRG4;PMS2;PNN;PA2G4;GSPT1;CDK4;HMGA1;PRKDC;RAD51C;LUC7L3,age_changes_CD8_naive_02032026
G2-M Checkpoint,0.069073783,-0.24043929,-1.378714051,STMN1;SMC4;MTF2;SMC2;NASP;CKS2;SQLE;SMARCC1;EZH2;CENPF;MAPK14;CDKN2C;TOP1;HIRA;WRN;CKS1B;SYNCRIP;CUL3;SMC1A;BARD1;KPNA2;E2F3;CBX1;UBE2S;ABL1;DTYMK;UPF1;HNRNPD;CHMP1A;RPA2;RAD23B;MT2A;RBM14;TENT4A;GSPT1;TFDP1;CDK4;HMGN2;HMGA1;MNAT1;STAG1;ATF5;SNRPD1;DR1;SLC12A2;PRPF4B;SFPQ;GINS2;CTCF;DDX39A;LBR;KMT5A;HMGB3;FANCC;NCL;JPT1;PAFAH1B1;LMNB1;CHAF1A;SAP30,age_changes_CD8_naive_02032026
Protein Secretion,0.070084574,0.34527007030813883,1.3815686556117075,PAM;KRT18;TPD52;CD63;ANP32E;M6PR;TMED10;RAB9A;VAMP3;ARF1;DST;AP2B1;GALC;SEC24D;ARFIP1;TMED2,age_changes_CD8_naive_02032026
Fatty Acid Metabolism,0.085725549,0.32020047907331345,1.3533232043325432,LGALS1;PCBD1;LTC4S;BLVRA;GLUL;ENO2;S100A10;ELOVL5;DLST;YWHAH;CBR3;CRAT;ACSL5;SDHA;SMS;CD36;SLC22A5;SERINC1;CPT1A;RAP1GDS1;ALDH1A1;MGLL;PRDX6;AQP7;IL4I1;GABARAPL1,age_changes_CD8_naive_02032026
UV Response Up,0.092249855,-0.237365625,-1.31034148,AP2S1;PRKACA;POLR2H;KLHDC3;RASGRP1;FKBP4;BAK1;POLG2;BCL2L11;CDC5L;IGFBP2;POLE3;MARK2;E2F5;FURIN;DNAJA1;ABCB1;EPHX1;ACAA1;PDAP1;CDC34;NAT1;AGO2;CASP3;RFC4;DDX21;NR4A1;BID;PSMC3,age_changes_CD8_naive_02032026
mTORC1 Signaling,0.097937151,-0.22168678,-1.28857907,PHGDH;CD9;MLLT11;PSMD13;ENO1;PSMA4;ATP6V1D;RDH11;MTHFD2L;EEF1E1;HSPE1;SQLE;HMBS;ATP5MC1;COPS5;ABCF2;GLRX;PSMD14;SCD;PSMA3;CACYBP;HPRT1;PPA1;PDAP1;SORD;NMT1;EBP;PPIA;CORO1A;SEC11A;PIK3R3;TMEM97;IDH1;PSMC4;PSPH;HMGCR;SYTL2;PSMC6;LGMN;RIT1;GCLC;NFKBIB;RRP9;DDIT3;CCT6A;HMGCS1;FADS1;LDLR;NAMPT;LDHA;DDX39A;HK2;TOMM40;CFP;DHFR;TM7SF2;PDK1,age_changes_CD8_naive_02032026
Cholesterol Homeostasis,0.10742215631421888,0.3514100918487316,1.3219256005479127,ANXA5;LGALS3;S100A11;ACSS2;CLU;ALCAM;ANTXR2;ABCA2;PLAUR;ERRFI1;SEMA3B;CXCL16;CTNNB1;LSS;TNFRSF12A;FDFT1,age_changes_CD8_naive_02032026
Unfolded Protein Response,0.17351069982648928,-0.225889747,-1.187500902,BANF1;DNAJA4;LSM1;NOP56;NHP2;LSM4;DCP2;TATDN2;CKS1B;PDIA5;GOSR2;ARFGAP1;TTC37;ATF4;SRPRB;EIF4A3;EXOSC5;DDX10;CNOT4;YIF1A;EIF4A1;SEC11A;EXOSC2;KHSRP;CNOT6,age_changes_CD8_naive_02032026
Androgen Response,0.18164954074855996,0.31274367377111334,1.2536538707777358,INPP4B;CDC14B;TPD52;MAF;GPD1L;ELOVL5;ARID5B;NKX3-1;HSD17B14;SMS;ABHD2;SEC24D;KRT8;NDRG1;XRCC6;CCND1;IQGAP2;MAP7;PIAS1;SAT1;UBE2J1;DNAJB9;DHCR24;GUCY1A1;PDLIM5;PLPP1;MERTK;ANKH;UAP1;SELENOP,age_changes_CD8_naive_02032026
Apical Junction,0.19202947061492573,0.28667311564904946,1.2407450026567326,ITGB1;ADAM15;CTNNA1;SORBS3;TRAF1;CD99;VCL;ACTN4;ICAM4;CRB3;YWHAH;SYMPK;ADAM23;VCAN;PIK3CB;CRAT;ICAM1;PARVA;GTF2F1;ITGA2;CD34;MAPK13;LIMA1;SHC1;CLDN5;SIRPA;NECTIN2;CERCAM;LAMB3;MYL9;EXOC4;COL16A1;CD276;MMP9;STX4,age_changes_CD8_naive_02032026
heme Metabolism,0.20116415394571285,0.2829396797483984,1.2240585074895534,OPTN;BLVRA;CAST;FN3K;LRP10;ICAM4;ACSL6;OSBP2;FBXO34;PRDX2;PDZK1IP1;DMTN;MKRN1;ENDOD1;FBXO7;TENT5C;MGST3;HTATIP2;CLIC2;NR3C1;KAT2B;E2F2;SNCA;NFE2L1;ABCG2;RNF19A;ASNS;ANK1;LMO2;TRAK2;CTSB;VEZF1;TAL1;NFE2;BLVRB;HBD;RHD;ARHGEF12;ARL2BP;GYPE;MXI1;ALDH6A1;AQP3;RIOK3;FTCD;HBQ1,age_changes_CD8_naive_02032026
Xenobiotic Metabolism,0.20246089304442905,0.2880257626095346,1.2285960523353205,FAS;DHRS7;UPP1;PTGDS;ASL;ELOVL5;ACSM1;CES1;MPP2;FBP1;NPC1;PTGES3;CYP27A1;PAPSS2;HMOX1;CD36;CYP2E1;AQP9;ALDH2;ABCC3;CDA;BCAT1;GABARAPL1;GSS;DHRS1;SLC1A5;CYP2S1;SSR3;CDO1;CASP6;IGFBP4;KYNU;TMBIM6;PDK4;BLVRB;DDC;PGRMC1;ARG1;APOE;CCL25;VNN1;PTGES;PMM1;PDLIM5;PROS1,age_changes_CD8_naive_02032026
Interferon Alpha Response,0.20470581040058647,0.29725017235795237,1.216386888386578,IL15;CASP1;CASP8;LPAR6;CSF1;BST2;UBA7;RIPK2;CMTR1;IL7;OASL;TXNIP;ADAR;CD74;MOV10;LY6E;ELF1;PARP12;TRIM26;TRAFD1;LAMP3,age_changes_CD8_naive_02032026
Bile Acid Metabolism,0.249363227,0.2997701208609502,1.1823327824391092,OPTN;GSTK1;APOA1;PEX16;ATXN1;PFKM;SLC27A2;NPC1;CYP27A1;ACSL5;ABCA2;AQP9;NR3C2;ALDH1A1;HSD3B7;ABCA3;NR1I2;BCAR3;EPHX2;PEX19;DHCR24;SLC23A1;LIPE;SOAT2;PIPOX;SULT2B1;RXRA;ACSL1;PEX11A;KLF1,age_changes_CD8_naive_02032026
Pancreas Beta Cells,0.30480071592525876,0.401276412,1.145632683,DPP4;STXBP1;VDR;PAK3;LMO2;NEUROG3;PAX6,age_changes_CD8_naive_02032026
Wnt-beta Catenin Signaling,0.3222041116777959,-0.24717904,-1.074166656,TP53;LEF1;TCF7;CCND2;HDAC2;MAML1;NOTCH1;FRAT1;NKD1;RBPJ;CSNK1E,age_changes_CD8_naive_02032026
Adipogenesis,0.5238802392450924,0.23602238078052154,1.0293603759451364,STOM;LTC4S;RAB34;APLP2;DHRS7;TST;BAZ2A;REEP5;SULT1A1;CD302;CAVIN2;CRAT;MGST3;RMDN3;SOWAHC;GPAT4;CD36;SORBS1;NABP1;ALDH2;MGLL;GPHN;QDPR;IFNGR1;SLC1A5;PFKL;ITGA7;TANK;BCL2L13;RNF11;MYLK;CMBL;SLC25A1;EPHX2;MCCC1;RTN3;DNAJB9;GPD2;APOE;LIPE;CAVIN1,age_changes_CD8_naive_02032026
Glycolysis,0.5292911655100083,0.23488632835535025,1.020022253291158,IGFBP3;PAM;ENO2;PFKP;PKM;DDIT4;CHPF2;PYGL;VCAN;ANG;P4HA1;PKP2;UGP2;KDELR3;SLC16A3;EGLN3;B3GAT1;B3GNT3;DPYSL4;ECD;TGFA;HAX1;IL13RA1;ELF3;GPC1;CHST12;ADORA2B;GALK1;CASP6;PPFIA4;PGAM2;DSC2;MIOX;CITED2;NOL3;G6PD;AK4,age_changes_CD8_naive_02032026
Reactive Oxygen Species Pathway,0.5384113665996155,0.2769590033675077,0.9938137709767693,PRNP;PFKP;PRDX2;MGST1;PRDX6;SRXN1;MBP;SOD2;G6PD;FES;TXNRD2;GPX4;SCAF4;GPX3;PRDX4;TXN;MPO;ABCC1;GCLM;PTPA;PDLIM1,age_changes_CD8_naive_02032026
Hedgehog Signaling,0.5405155024685072,0.3078667579737758,1.0076265467357175,ADGRG1;RTN1;L1CAM;HEY2;OPHN1;MYH9;NF1;CELSR1;VLDLR;NRP1;PML;VEGFA;SLIT1;HEY1;NRP2;RASA1,age_changes_CD8_naive_02032026
KRAS Signaling Dn,0.5406080080928898,0.2505033649499582,1.0296697552731782,ZBTB16;CD40LG;PDCD1;CLSTN3;IFNG;KRT1;THNSL2;TENT5C;CCR8;TGM1;MYO15A;PRKN;DLK2;CALCB;TCF7L1;SERPINB2;ALOX12B;MYOT;SLC5A5;MEFV;RYR1;CACNA1F;PNMT;KCNQ2;KCND1;C5;RIBC2;COPZ2;SELENOP;CD80;SIDT1;TG;THRB;IL5;YPEL1;MSH5;KRT15;CPEB3;ZNF112,age_changes_CD8_naive_02032026
Spermatogenesis,0.5481366357713952,0.2522672662007642,0.9966502893318376,MLF1;ACE;IL12RB2;PCSK1N;PRKAR2A;NCAPH;GSTM3;SPATA6;NPHP1;DMC1;TSN;PSMG1;PHF7;PACRG;DBF4;MAP7,age_changes_CD8_naive_02032026
Pperoxisome,0.7050620231728393,0.2248822103751569,0.9013453948936938,GSTK1;TSPO;ATXN1;ELOVL5;YWHAH;DHRS3;CADM1;SLC27A2;SLC25A4;CRAT;ACSL5;ALDH1A1;MVP;HSD3B7;CEL;SEMA3C;SOD2;NR1I2;EPHX2;IDE;CNBP;DHCR24;ACSL4,age_changes_CD8_naive_02032026
PI3K/AKT/mTOR  Signaling,0.7656694697062447,0.21043893219653417,0.8567995981258852,TBK1;ARHGDIA;CDKN1A;PRKAR2A;SQSTM1;FASLG;CAB39L;ARF1;SLA;HSP90B1;RIPK1;DAPP1;RALB;FGF17;IRAK4,age_changes_CD8_naive_02032026
Mitotic Spindle,0.8172353961827646,-0.144832101,-0.84149147,PCNT;SMC4;EPB41L2;RALBP1;EPB41;FLNB;CENPF;CD2AP;BCL2L11;CAPZB;RANBP9;KPTN;UXT;SAC3D1;SPTBN1;SMC1A;DLG1;ABL1;PPP4R2;ARHGAP10;WASF2;APC;CENPJ;NCK2;ARFGEF1;WASL;RASA2;STK38L;PCM1;RAPGEF6,age_changes_CD8_naive_02032026
Notch Signaling,0.9135295561555798,0.22790915923791544,0.7299906465917113,PSEN2;CUL1;APH1A;CCND1;ST3GAL6;FZD1;NOTCH2,age_changes_CD8_naive_02032026
Reactive Oxygen Species Pathway,0.022589053,0.38174562659207095,1.899073297114758,PRDX2;MGST1;CDKN2D;MSRA;GPX4;GPX3;G6PD;PRDX6;LSP1;ATOX1;TXN;PRNP;HHEX;GSR,age_changes_DCs_02032026
Hypoxia,0.025412684622067767,0.2466146756473316,1.738584902006914,MT2A;IRS2;PIM1;DDIT4;CHST2;HMOX1;MT1E;ALDOA;TNFAIP3;CAVIN3;GPI;SLC2A3;FBP1;NEDD4L;MIF;ADORA2B;SLC6A6;TPI1;MYH9;BNIP3L;PDK3;LDHA;PFKFB3;PFKL;CDKN1A;GAPDH,age_changes_DCs_02032026
Coagulation,0.033883579,0.34325337,1.7568751492438495,SERPINA1;C1QA;CD9;TIMP1;LRP1;DUSP6;LTA4H;THBD;THBS1;CTSH;SERPING1;SH2B2;CTSK;PECAM1,age_changes_DCs_02032026
Complement,0.037648422,0.281129771,1.593798648800699,SERPINA1;FCN1;C1QA;TIMP1;PIM1;S100A9;S100A12;PLA2G7;PLSCR1;TNFAIP3;C1QC;LRP1;CTSL;CCL5;DUSP6;LGALS3;WAS;LTA4H;CD55;CASP4;L3MBTL4;ATOX1;GRB2;CTSH;ITGAM;CALM3;SERPING1;GNGT2;CDA,age_changes_DCs_02032026
IL-6/JAK/STAT3 Signaling,0.03840139,0.3168023496537698,1.6740232429198358,CD9;PIM1;CD14;IL1R2;MAP3K8;HMOX1;IL1R1;IL12RB1;CXCL3;CSF3R;CD44;STAT3;STAT1;SOCS3;GRB2;IL15RA;ACVR1B;IL17RA;CD36;TNFRSF1B;IFNGR2;PTPN11;LTBR;EBI3,age_changes_DCs_02032026
Angiogenesis,0.045178106,0.5287117765097138,1.9471699315016031,TIMP1;VCAN;LRPAP1;THBD,age_changes_DCs_02032026
Oxidative Phosphorylation,0.066153655,0.2690653844361978,1.4603024408011427,UQCRFS1;COX5B;UQCRH;COX8A;OXA1L;GPX4;UQCRC1;COX6C;GPI;TCIRG1;ATP5MC1;COX5A;NDUFA4;MRPS15;ATP5F1D;ISCA1;NDUFA1;COX7A2;NDUFS6;ATP5MG;COX6B1;UQCR11;COX4I1;IDH3B;ATP5PD;LDHB;ATP5PB;NQO2;VDAC1;ACO2;LDHA;COX7B;NDUFB2;ACADVL;COX7C;MPC1;NDUFS4;NDUFS3;ATP6V0C;DLD;BCKDHA;HADHA;MDH2;CYB5R3;PHYH;SDHA;ATP5MC2;SLC25A5;UQCRQ;COX6A1;PDK4;ABCB7;NDUFB7;HADHB;NDUFS8;NDUFA2;CS;GLUD1;NDUFA5;AIFM1;ATP6V1F;ATP5MF;UQCR10;ATP5F1A;ATP5F1E;IDH3G;ATP6AP1;NDUFB4,age_changes_DCs_02032026
Adipogenesis,0.079061685,0.23057163286546503,1.4034656142040938,RNF11;SULT1A1;CDKN2C;COX8A;GPX4;ALDOA;UQCRC1;GPX3;SLC5A6;TOB1;PIM3;UQCR11;CMPK1;GPAT4;NABP1;CAVIN2;APLP2;ACO2;TKT;SQOR;DNAJB9;COX7B;PFKFB3;PFKL;CD36;ABCA1;ATP1B3;NDUFS3;DLD;BCKDHA;BCL2L13;MTCH2;MDH2;ATL2;PHYH;UQCRQ;RIOK3;PEMT;COX6A1;HIBCH;PLIN2;RAB34;TALDO1;NDUFB7;ACLY;CS;NDUFA5;STOM;AIFM1;SLC19A1;TST;UQCR10;CD302;IDH3G;SCARB1;PEX14;PGM1;SLC27A1;CRAT;SLC25A1;BAZ2A,age_changes_DCs_02032026
Myc Targets V2,0.080288235,-0.484319774,-1.552535852,PPAN;NOP56;MYC;CDK4;MCM5;WDR43;GRWD1;LAS1L;MAP3K6;IPO4;TBRG4;BYSL;NOP16;DCTPP1;NDUFAF4;MRTO4;DDX18;SRM;UNG;HSPD1,age_changes_DCs_02032026
TNF-alpha Signaling via NF-kB,0.084081475,0.23392493860656838,1.3672905016560837,IRS2;EGR1;MAP3K8;RIPK2;PER1;PHLDA1;TNFAIP3;KLF9;TRIB1;AREG;CEBPD;CCL5;SLC2A3;MCL1;CXCL3;IL18;G0S2;CD44;ICOSLG;EGR2;BCL2A1;SOCS3;KLF10;SGK1;IL15RA;SAT1;PFKFB3;SIK1;NFKBIA;CDKN1A;RELA;ETS2;RELB;ABCA1;IFNGR2;LDLR;B4GALT1,age_changes_DCs_02032026
Apoptosis,0.096003475,0.24137065580156136,1.3247055291185788,TIMP1;HMGB2;CD14;HMOX1;TSPO;DPYD;GPX4;GPX3;HSPB1;LGALS3;MCL1;IL18;CASP4;EMP1;CD44;CTNNB1;BCL2L1;PMAIP1;MGMT;SAT1;BNIP3L;IFITM3;PSEN2;CDKN1A;RELA;EBP;CDC25B;TXNIP;DNAJC3;GSR;BCL2L2,age_changes_DCs_02032026
Wnt-beta Catenin Signaling,0.10755593768552067,-0.500867698,-1.475771394,TP53;MAML1;MYC;NOTCH4;DVL2;RBPJ;LEF1;HDAC5;NCOR2;TCF7;PPARD;WNT5B;HDAC2;KAT2A;CSNK1E;NCSTN;FZD1;FRAT1;NUMB,age_changes_DCs_02032026
Inflammatory Response,0.10986493957823237,0.2458813253849569,1.2694970838661093,FPR1;HIF1A;RNF144B;TIMP1;CD14;PTGER2;MARCO;CHST2;RIPK2;C5AR1;IL1R1;CCL5;ADGRE1;IL18;CD55;ADORA2B;CSF3R;EMP3;ICOSLG;IL15RA;ACVR1B;P2RY2;SRI;NFKBIA;CDKN1A;RELA;CYBB;TNFRSF1B;ABCA1;IFNGR2;LDLR;IL10RA,age_changes_DCs_02032026
Notch Signaling,0.16644660074924766,-0.489329776,-1.385785171,LFNG;RBX1;HES1;ST3GAL6;PPARD;ARRB1;TCF7L2;KAT2A;PRKCA;DTX4,age_changes_DCs_02032026
Estrogen Response Late,0.1746307558644657,0.2143844521983589,1.1646774361490164,SERPINA1;CD9;ALDH3B1;S100A9;COX6C;AREG;CD44;TOB1;FKBP4;OLFM1;SLC16A1;SGK1;FKBP5;RAB31;BLVRB;DCXR;CHPT1;RBBP8;NAB2;ALDH3A2;HPRT1;SLC1A4;ELOVL5;SLC22A5;MEST;EGR3;TST;GLA;SCARB1;SNX10,age_changes_DCs_02032026
Glycolysis,0.18071242397914858,0.20203495948740957,1.1756763049059322,IRS2;DDIT4;CHST2;QSOX1;ALDOA;VCAN;G6PD;PKM;MIF;ADORA2B;LHPP;CD44;PKP2;PYGL;TPI1;FKBP4;AK3;TXN;PGLS;PDK3;LDHA;PGAM1;GNPDA1;PLOD1;DLD;B4GALT1;MDH2;TALDO1;GALK1;PYGB;SDC2;PC;BIK;ECD;ALDH9A1;NDUFV3,age_changes_DCs_02032026
E2F Targets,0.21511187537104134,-0.398583905,-1.389064664,STMN1;HNRNPD;TP53;NOP56;RAN;GSPT1;MYC;SRSF2;RFC3;NUP107;CDK4;CKS2;NME1;UBE2S;MCM5;CTCF;MSH2;SMC6;PAN2;RANBP1;RBBP7;PCNA;POLD2;ASF1A;CBX5;TFRC;DCK;DDX39A;TBRG4;BARD1;MAD2L1;RAD1;DCTPP1;MRE11;MCM7;STAG1;BIRC5;EED;PRIM2;RPA3;CHEK2;SRSF1;NUDT21;RPA2;MYBL2;PAICS;MCM6;POLD3;CSE1L;RAD51AP1;UNG;SMC4;CTPS1;NAP1L1;RFC1;BRCA2;PMS2;HELLS;EXOSC8;BRMS1L;PHF5A;MLH1;SUV39H1;MMS22L;RPA1;PRPS1;MTHFD2;UBE2T;SNRPB;PPM1D;SMC1A;ORC6;GINS4;BRCA1;KPNA2;NBN;CCP110;IPO7;RAD50;TRA2B;NOLC1;SMC3;PSMC3IP;TCF19;ASF1B;EIF2S1,age_changes_DCs_02032026
Interferon Alpha Response,0.25192327376200124,-0.401865231,-1.335127419,IFI30;IRF9;USP18;IFIT2;IFI27;IRF7;CMPK2;DDX60;HERC6;CNP;OAS1;SP110;SAMD9;MX1;PARP14;IFI44L;IFIT3;TRIM5;ISG15;IFI35;EPSTI1;TDRD7;TRIM14;TMEM140;CASP8;NCOA7;CCRL2;TAP1;EIF2AK2;SLC25A28;TRIM21;TENT5A;ISG20;PSMA3;IRF1;BST2;IFI44;OGFR;NMI;RTP4;LGALS3BP;IL7;RSAD2;PSMB8;SAMD9L;PARP12,age_changes_DCs_02032026
PI3K/AKT/mTOR  Signaling,0.40566117744770325,-0.380761889,-1.255914368,IL2RG;SLA;HRAS;ATF1;UBE2N;MAPK9;CDK4;MAPK1;PLA2G12A;MAP2K6;PRKCB;AKT1;CSNK2B;DDIT3;CAB39;RAF1;ACTR3;TNFRSF1A;TRAF2;MKNK2;CAMK4;ACACA;RPS6KA3;PLCB1,age_changes_DCs_02032026
Myc Targets V1,0.4100254525851774,-0.363340499,-1.270525301,EIF4A1;HNRNPD;NOP56;RAN;GSPT1;MYC;SRSF2;PSMC6;CDK4;PSMA1;NME1;TRIM28;MCM5;TXNL4A;EIF3J;RANBP1;PCNA;POLD2;TARDBP;RUVBL2;PSMD3;COPS5;MAD2L1;NOP16;PSMA2;MCM7;HNRNPA2B1;VBP1;SSB;CLNS1A;KPNB1;SNRPB2;SRSF1;PSMA4;ERH;CAD;DDX18;MCM6;PSMC4;MRPS18B;SRM;APEX1;YWHAE;ODC1;HDGF;GLO1;RFC4;HSP90AB1;PSMD14;IFRD1;HDAC2;SRPK1;CTPS1;RPS10;NAP1L1;CSTF2;HSPD1,age_changes_DCs_02032026
G2-M Checkpoint,0.41280271858175194,-0.356541983,-1.241713288,STMN1;E2F4;HNRNPD;UPF1;PURA;MARCKS;MAPK14;GSPT1;RBM14;MYC;SRSF2;CDC27;CDK4;CKS2;UBE2S;CASP8AP2;MCM5;CTCF;DR1;NSD2;DDX39A;HIRA;BARD1;MAD2L1;CBX1;RBL1;TGFB1;STAG1;ATF5;BIRC5;RPS6KA5;PRIM2;SLC38A1;KPNB1;SRSF1;CUL3;FBXO5;RPA2;MYBL2;MCM6;SFPQ;ARID4A;ODC1;LIG3;GINS2;SMC4;PRMT5;BRCA2;KIF20B;SLC7A1;PRPF4B;FOXN3;NUSAP1;KIF5B;STIL,age_changes_DCs_02032026
TGF-beta Signaling,0.5346868240223273,-0.380161008,-1.169803194,CDH1;ARID4B;ID3;FNTA;PMEPA1;CDK9;XIAP;SLC20A1;TGFB1;NCOR2;SMURF1;BMPR2;BCAR3;SMURF2;SKIL;SPTBN1;TRIM33,age_changes_DCs_02032026
KRAS Signaling Dn,0.574473263,-0.363576209,-1.194231823,TCL1A;LFNG;RYR1;MX1;IFI44L;RIBC2;MAST3;PTPRJ;BARD1;YPEL1;ENTPD7;KCNMB1;VPS50;NR6A1;SNN;GPRC5C;GAMT;SPHK2;SKIL;CPEB3;ZC2HC1C;SLC12A3;ASB7;RSAD2;GP1BA;CACNA1F;KRT5;CCDC106;PLAG1;CLSTN3;MSH5;C5,age_changes_DCs_02032026
Unfolded Protein Response,0.5820552760920015,-0.347413937,-1.170032794,EIF4A1;NOP56;NFYB;EIF4A2;PAIP1;XBP1;CNOT6;TTC37;IFIT1;EIF4A3;TSPYL2;DNAJA4;GOSR2;TATDN2;ERN1;FUS;MTREX;IMP3;PREB;SHC1;KHSRP;LSM1;ZBTB17;KIF5B;CXXC1;CNOT2;EIF4E;SPCS1;SLC30A5;MTHFD2;LSM4;PARN;DCP2;WIPI1;DDX10;EDEM1,age_changes_DCs_02032026
Androgen Response,0.5929967860140433,-0.353906624,-1.178440161,GUCY1A1;SRF;CCND3;ELK4;TNFAIP8;PDLIM5;AKT1;PMEPA1;SLC38A2;STK39;DHCR24;NDRG1;TMEM50A;TSC22D1;GNAI3;APPBP2;SRP19;RPS6KA3;HERC3;PTK2B;LMAN1;MYL12A;HMGCR;HOMER2;SCD;SLC26A2;PGM3,age_changes_DCs_02032026
Protein Secretion,0.6174270160636308,-0.342078106,-1.141420229,BET1;RAB22A;TSG101;ATP6V1H;GNAS;MAPK1;STX7;CTSC;RER1;GOSR2;ARFGEF2;ATP7A;CLN5;BNIP3;ARFGEF1;CLCN3;VPS45;COPB1;USO1;RPS6KA3;YIPF6;LMAN1;YKT6;GOLGA4,age_changes_DCs_02032026
Apical Surface,0.691728592,-0.380721787,-1.094974241,TMEM8B;IL2RG;SULF2,age_changes_DCs_02032026
UV Response Up,0.7082449089143187,-0.315816099,-1.072438939,CYB5B;DNAJA1;CDC34;GLS;CCND3;STK25;E2F5;CNP;DGAT1;STIP1;AGO2;CA2;GCH1;NAT1;TFRC;RXRB;MARK2;AQP3;KLHDC3;CASP3;GGH;POLG2;PPAT;PRKCD;DNAJB1;HYAL2;TAP1;RFC4;ACAA1;YKT6;FOSB;GRPEL1;BAK1;PLCL1;ATP6V1C1;FEN1;TMBIM6;SLC25A4;IRF1;PPP1R2;LYN;WIZ;PRKACA,age_changes_DCs_02032026
Pperoxisome,0.7182886898508939,-0.321573432,-1.061109274,CTBP1;HRAS;SLC25A19;YWHAH;HMGCL;MLYCD;MSH2;ABCB4;SLC35B2;DHCR24;CLN8;SIAH1;DHRS3;PEX6;GNPAT;EHHADH;IDH2;ACSL5;ACAA1;ECH1;CTPS1;ERCC1;CAT;ISOC1;SLC25A4;RETSAT;FDPS;IDH1;SLC25A17;CLN6;SMARCC1;FADS1,age_changes_DCs_02032026
Pancreas Beta Cells,0.7233515527441707,-0.444433754,-1.09814117,SRP9;LMO2;SPCS1;ELP4;DPP4,age_changes_DCs_02032026
Allograft Rejection,0.7288318262882135,-0.314289189,-1.07692232,LTB;CD79A;IL2RG;CXCR3;IFNAR2;TAP2;ETS1;IKBKB;UBE2N;IRF8;CCND3;IRF7;NME1;IL1B;EIF3J;PRKCB;LY75;AKT1;TLR3;CD3D;SIT1;CCR5;DEGS1;CD7;GZMB;CSK;HLA-DMB;ITGAL;TLR1;TGFB1;CD3G;IGSF6;EIF3A;TRAF2,age_changes_DCs_02032026
DNA Repair,0.7479141260385502,-0.325350162,-1.10359169,TP53;TSG101;RFC3;RBX1;NELFB;NME1;ZNRD1;ALYREF;PNP;COX17;CMPK2;TAF1C;EIF1B;PCNA;SRSF6;TAF12;GTF2A2;SNAPC5;UPF3B;BOLA2;TAF10;REV3L;GTF2B;GTF2H5;SUPT5H;ZNF707;SNAPC4;POM121;ERCC4;RAD52;RPA3;NUDT9;NUDT21;RPA2;GTF2H1;POLR2K;POLD3;RFC4;USP11;ZWINT;ERCC1;DAD1;FEN1;POLH,age_changes_DCs_02032026
IL-2/STAT5 Signaling,0.7769491796391017,-0.297620983,-1.028502661,SCN9A;LTB;IL3RA;ST3GAL4;CD81;CTSZ;MYC;IRF8;XBP1;CD48;CCND3;GADD45B;CD79B;RABGAP1L;MAPKAPK2;AGER;BATF3;IL18R1;LRRC8C;PNP;DCPS;PDCD2L;CA2;RRAGD;IGF1R;RHOH;LCLAT1;NDRG1;TLR7;DHRS3;CASP3;P4HA1;BMPR2;DENND5A;PLAGL1;ALCAM;SNX9;BHLHE40;ODC1;GUCY1B1,age_changes_DCs_02032026
mTORC1 Signaling,0.7829239083706933,-0.296892463,-1.03618415,IFI30;CYB5B;SLA;GCLC;ABCF2;PITPNB;XBP1;PSMC6;EEF1E1;LGMN;GGA2;PNP;NMT1;CORO1A;STIP1;CTSC;PSMB5;ATP2A2;TFRC;NFYC;COPS5;DDX39A;UFM1;ATP6V1D;GOT1;DHCR24;SC5D;DDIT3;ACTR3;USO1;P4HA1;PSMA4;SERPINH1;PSMC4;GTF2H1;ACACA;BHLHE40;UNG;YKT6;PSMD14;IFRD1;HMGCR;TM7SF2;SCD;PSMD13;HSPD1;DHCR7;SLC1A5;FDXR;GMPS;RPA1;MTHFD2;PSMA3;TXNRD1;SLC7A11;FADS2;TBK1;IDH1;HMGCS1;DAPP1;PNO1;SLC37A4;EDEM1;PSPH;GLRX;ITGB2,age_changes_DCs_02032026
p53 Pathway,0.7934967294955974,-0.293108402,-1.004985178,IFI30;PTPRE;ST14;HRAS;TP53;CD81;RCHY1;CCND3;CD82;RAD9A;TRAF4;PITPNC1;PCNA;IER3;WRAP73;RHBDF2;CEBPA;TSPYL2;HDAC3;IER5;JUN;NDRG1;DDIT3;POM121;SLC35D1;TGFB1;TSC22D1;APP;MXD4;MKNK2;SPHK1;TAP1;RAB40C;EI24;TM7SF3;FBXW7;BAK1;FUCA1;FDXR;SOCS1;SP1;POLH;CYFIP2;RETSAT;BAIAP2;TPRKB;EPHA2;CTSF;VAMP8;RALGDS;SLC7A11;PPM1D,age_changes_DCs_02032026
Estrogen Response Early,0.8006416030352037,-0.29164716,-0.993246638,CBFA2T3;CLIC3;FCMR;MYC;FAM102A;RPS6KA2;XBP1;AKAP1;KDM4B;UGCG;SLC39A6;IGF1R;HES1;AQP3;SYNGR1;ABLIM1;TIPARP;DHRS3;NCOR2;ENDOD1;OPN3;AR;BHLHE40;SIAH2;SVIL;CISH;DHCR7;TTC39A;BCL11B;INPP5F;SLC26A2;AMFR;TIAM1;MINDY1;RARA,age_changes_DCs_02032026
KRAS Signaling Up,0.8190295139567386,-0.295315231,-1.007604933,GNG11;IL2RG;GUCY1A1;ETS1;ST6GAL1;IRF8;ADAM8;CLEC4A;RABGAP1L;IL1B;TSPAN13;CSF2RA;CD37;CA2;C3AR1;RBM4;JUP;GADD45G;PLVAP;ZNF639;WDR33;CMKLR1;LAT2;FCER1G;SATB1,age_changes_DCs_02032026
Mitotic Spindle,0.890113752,-0.25984483,-0.895577028,BIN1;MARCKS;CDC27;MAP3K11;ARL8A;PDLIM5;PPP4R2;PREX1;TRIO;PLEKHG2;RICTOR;RHOF;NCK2;ABR;ARFGEF1;DLG1;PCNT;BIRC5;CLASP1;SASS6;FBXO5;CEP131;YWHAE;FGD6;MYO9B;SMC4;RFC1;CLIP2;EZR;CYTH2;BRCA2;CNTRL;KIF20B;RALBP1;NUSAP1;HDAC6;STK38L;KIF5B;MID1IP1;CEP250;KLC1;RASA1;TIAM1;KATNB1;SPTBN1;MARK4;RANBP9;SUN2;RHOT2;MYO1E;RAPGEF6;ALS2;SMC1A;CEP57;CDK5RAP2;LLGL1;PKD2,age_changes_DCs_02032026
Bile Acid Metabolism,0.9064682790951144,-0.273191562,-0.901825487,PAOX;MLYCD;PXMP2;SLC35B2;PEX7;DHCR24;ABCA5;PEX6;GNPAT;BCAR3;AR;IDH2;ACSL5;HACL1;CAT;ISOC1;FDXR;NPC1;RETSAT;LIPE;FADS2;IDH1;AMACR;ABCA2;FADS1;PEX26;PNPLA8;PECR;ABCD2,age_changes_DCs_02032026
Cholesterol Homeostasis,0.9326744515898848,-0.281822763,-0.904137761,LGMN;HSD17B7;FBXO6;SC5D;ALDOC;S100A11;ATF5;TNFRSF12A;ALCAM;ECH1;HMGCR;TM7SF2;SCD;DHCR7;SREBF2;PMVK;ATXN2;ACAT2;FDPS;PNRC1;PCYT2;MVD;FADS2;STX5;ABCA2;HMGCS1;NSDHL,age_changes_DCs_02032026
Xenobiotic Metabolism,0.9376614368648645,-0.234526044,-0.799808206,NFS1;GCLC;IRF8;CES1;NDRG2;ABHD6;POR;PDLIM5;NMT1;SERTAD1;CA2;GCH1;ATP2A2;PINK1;PTGDS;ACOX3;JUP;GSTM4;SLC35D1;SAR1B;TNFRSF1A;GCNT2;PPARD;HACL1;ECH1;LONP1;LCAT;CAT;SLC1A5;TMBIM6;CYB5A;CYP2E1;CYFIP2;NPC1;RETSAT;DHRS7;SLC12A4;EPHA2;CASP6;CNDP2;ADH5;IDH1,age_changes_DCs_02032026
Epithelial Mesenchymal Transition,0.9415405126000532,-0.25315852,-0.837974902,FBLN2;GEM;TPM1;TPM2;GADD45B;GPX7;PMEPA1;DAB2;BASP1;ITGB5;PVR;JUN;MCM7;TGFB1;TGFBI;TAGLN;SERPINH1;TPM4;TNFRSF12A;P3H1,age_changes_DCs_02032026
UV Response Dn,0.9450360194912696,-0.253202086,-0.852962093,DBP;MAPK14;MYC;NFKB1;FZD2;TOGARAM1;SPOP;PDLIM5;DYRK1A;DAB2;IGF1R;MRPS31;SFMBT1;NR3C1;DLG1;ATP2B1;CITED2;FYN;BHLHE40;CDK13;SLC7A1;PRKCA;PRDM2;ZMIZ1;SCHIP1;BCKDHB;WDR37;PIK3CD;ARHGEF9;PTEN;ATP2B4;PHF3;ACVR2A;MTA1;ABCC1;NRP1;SERPINE1;ATP2C1;PIK3R3;TFPI;YTHDC1;INSIG1,age_changes_DCs_02032026
Myogenesis,0.9578201305155798,-0.267558697,-0.907895903,GABARAPL2;BIN1;RYR1;EIF4A2;MYLPF;TPM2;GADD45B;TNNI2;PPFIA4;ITGB5;ABLIM1;AEBP1;HDAC5;TGFB1;APP;CHRNB1;PTP4A3;TAGLN;SPHK1;BHLHE40;AGRN;SVIL;IFRD1;SCD;NCAM1;FDPS;LPIN1;MYO1C;FHL1;SCHIP1;CKB;MYLK,age_changes_DCs_02032026
Fatty Acid Metabolism,0.9580918457169763,-0.222643279,-0.754689228,ACADM;LTC4S;SDHD;YWHAH;CPOX;HMGCL;MLYCD;ACADS;PDHB;PDHA1;CRYZ;CA2;HSD17B7;HCCS;HSP90AA1;ECI1;DHCR24;OSTC;HSPH1;APEX1;EHHADH;ODC1;ACSL5;ACSS1;GPD2;ACAA1;ECH1;ERP29;CPT2;ACAT2;RETSAT;ACAA2;SDHC;CPT1A;CD1D;GCDH;IDH1;HMGCS1;NSDHL;NBN,age_changes_DCs_02032026
Interferon Gamma Response,0.9604593748080822,-0.268933839,-0.933895364,IFI30;IRF9;SLAMF7;IFNAR2;P2RY14;USP18;BANK1;LYSMD2;IFIT2;IRF8;GPR18;IFI27;NFKB1;IRF7;PNP;CMPK2;DDX60;HERC6;IFIT1;SP110;GCH1;MX1;PARP14;IFI44L;IFIT3;ISG15;IFI35;PSMA2;CSF2RB;EPSTI1;TDRD7;TRIM14;CASP3;CASP8;MX2;ST3GAL5;CMKLR1;OAS3;ITGB7;TNFAIP2;TAP1;EIF2AK2;SLC25A28;RIPK1;TRIM21;ISOC1;SOCS1;CIITA;ISG20;DDX58;MTHFD2;RAPGEF6;PSMA3;VAMP8;IRF1;OAS2;BST2;IFI44;OGFR;NMI;RTP4,age_changes_DCs_02032026
heme Metabolism,0.9611635609301887,-0.234474293,-0.803704856,GCLC;MARK3;CCND3;CDC27;CPOX;ICAM4;DAAM1;TNRC6B;CA2;TFRC;AQP3;KDM7A;DCAF10;SLC10A3;CLIC2;CLCN3;MBOAT2;NR3C1;KHNYN;NNT;MGST3;PIGQ;ENDOD1;GLRX5;LMO2;HDGF;SYNJ1;CAT;PICALM;TFDP2;KAT2B;GMPS;CCDC28A;EZH1;MINPP1;ADD1;CTNS;SLC7A11;RNF19A;RAD23A;UBAC1;FBXO34;DCUN1D1;HTRA2;PPP2R5B,age_changes_DCs_02032026
Apical Junction,0.9805011361542713,-0.269926364,-0.913432876,TMEM8B;HRAS;MAPK14;CDH1;YWHAH;PBX2;ICAM4;GNAI2;LDLRAP1;ICAM2;EVL;RHOF;MAP4K2;JUP;DLG1;TGFBI;STX4;CTNND1;SHC1;CLDN15;PIK3CB;AMIGO2;VASP;GAMT;CAP1;LIMA1;IKBKG;INPPL1,age_changes_DCs_02032026
Spermatogenesis,0.9914225470326926,-0.173088766,-0.558678038,STRBP;POMC;RPL39L;CCT6B;GMCL1;CAMK4;RFC4;MAST2;CHFR;LPIN1;ZC2HC1C;PGS1;SIRT1;GSTM3;VDAC3;TSN;CSNK2A2;MLF1;BRAF;PCSK4;PSMG1;TOPBP1;NF2;AURKA;HSPA2;STAM2,age_changes_DCs_02032026
Hedgehog Signaling,1,-0.216647299,-0.585010725,RTN1;TLE1;LDB1;RASA1;DPYSL2;AMOT;OPHN1;NRP1;CELSR1;PML;CDK5R1;SLIT1;NRP2,age_changes_DCs_02032026
Interferon Alpha Response,0.001957845,-0.523547201,-1.943293247,SP110;IRF1;UBE2L6;IRF2;HLA-C;NCOA7;GBP4;CD74;ADAR;PSMA3;ISG20;IRF9;ISG15;LAP3;NMI;IRF7;CD47;EPSTI1;SAMD9;IFI44L;PSME1;PSMB8;LY6E;IFI35;IFITM2;MX1;B2M;PARP14;UBA7;GBP2;BST2,age_changes_HSPC_02032026
Interferon Gamma Response,0.002447306,-0.453448004,-1.843981769,SP110;ARID5B;IRF1;UBE2L6;HLA-B;IRF2;XAF1;BTG1;STAT1;PTPN2;HLA-A;RNF213;NFKB1;GBP4;CD74;ADAR;PSMA3;ISG20;IRF9;OAS2;ISG15;LAP3;HLA-DRB1;NMI;RBCK1;LYSMD2;IRF7;NFKBIA;EPSTI1;SPPL2A;AUTS2;RAPGEF6;IRF8;IFI44L;PSME1;CIITA;PSMB8;PSMB2;LY6E;IFI35;IFITM2;MX1;B2M;SRI;PARP14;TNFAIP2;BST2;PARP12;TAPBP;IFI44;HIF1A;APOL6;PSMB10;TXNIP;PDE4B;BANK1;SOCS3;PNP;PTPN1;PML;IFIT3,age_changes_HSPC_02032026
KRAS Signaling Up,0.00261046,-0.476703063,-1.824983172,GNG11;IL2RG;ID2;DOCK2;JUP;LAT2;IKZF1;IL7R;LAPTM5;EMP1;FCER1G;PECAM1;RBM4;ETS1;TSPAN13;CTSS;SATB1;MYCN;BTBD3;KCNN4;IRF8;PSMB8;TFPI;TRIB2;CD37;AKT2;IL1B;SDCCAG8;LCP1;BIRC3;NIN;LY96;GUCY1A1;GYPC;PRELID3B;ENG,age_changes_HSPC_02032026
Myc Targets V1,0.024717794976903545,-0.390400796,-1.631888147,TXNL4A;SRSF7;PGK1;PHB;SSB;HDGF;SERBP1;TRIM28;HNRNPU;COPS5;CCT5;PSMA7;NOP56;HNRNPA3;CANX;HSPE1;PSMD8;CUL1;TOMM70;UBE2L3;HNRNPD;CYC1;SRSF2;PPM1G;SSBP1;NAP1L1;TRA2B;EIF3J;HNRNPA2B1;PSMA4;LDHA;SF3B3;PHB2;PSMD14;PSMB3;MRPS18B;PCBP1;PSMB2;EIF4A1;PRDX3;TUFM;XRCC6;SRPK1;EIF2S1;MCM5;POLE3;PSMD3;PA2G4;EIF3B;SRSF1;RPS10;DHX15;SNRPD3;MRPL23;DDX21;GSPT1;SNRPA;UBE2E1;GNL3;PTGES3;SYNCRIP;NCBP2;KPNB1;VDAC1;YWHAE;EIF4H;XPO1;YWHAQ;ABCE1;RACK1;SNRPG;SF3A1;HDAC2;RRM1;RPS3;SNRPB2;ERH;NCBP1;C1QBP;PSMA1;CCT7;RSL1D1;HSP90AB1;IFRD1;TARDBP;SRM,age_changes_HSPC_02032026
Notch Signaling,0.026710602,-0.586639898,-1.581498638,APH1A;CUL1;RBX1;MAML2;SKP1;TCF7L2;PSENEN;ST3GAL6;HES1;LFNG;NOTCH2;KAT2A;ARRB1;SAP30,age_changes_HSPC_02032026
Wnt-beta Catenin Signaling,0.02904137,-0.53451806,-1.590208115,GNAI1;TCF7;TP53;CSNK1E;CUL1;RBPJ;LEF1,age_changes_HSPC_02032026
IL-6/JAK/STAT3 Signaling,0.029367677,-0.463628737,-1.602368479,LTB;IL2RG;IRF1;STAT1;PTPN2;IFNAR1;DNTT;IRF9;CD44;ITGA4;TGFB1;MAP3K8;IFNGR1;IL1B,age_changes_HSPC_02032026
UV Response Dn,0.060203738260576956,-0.395973214,-1.487192764,CDK13;PHF3;NIPBL;NFKB1;FYN;ZMIZ1;NR3C1;RUNX1;MAPK14;ATP2B1;PTEN;ADD3;RASA2;PRDM2;TFPI;MIOS;SRI;CDKN1B;ATRX;IGF1R;ATP2B4;DBP;AGGF1;RXRA;SPOP;AKT3;MRPS31;GCNT1;INSIG1;ABCC1;DYRK1A,age_changes_HSPC_02032026
Allograft Rejection,0.066566735,-0.364342533,-1.462285929,LTB;IL2RG;CD79A;CSK;HLA-DMB;HLA-DRA;EIF5A;STAT1;CCND3;HLA-A;UBE2N;CD74;ETS1;WAS;CTSS;CD7;IRF7;CD47;EIF3J;IL16;TGFB1;HLA-E;IRF8;IL27RA;LYN;BCL10;B2M;IFNGR1;IL1B;HCLS1;LY75;GBP2;CD3E;IFNGR2;RPS19;PRKCB;TAPBP;EIF3A;CAPG;HIF1A;GCNT1;PSMB10;RPS9;CD3G;ABCE1;DEGS1;SOCS5;CD247;RPL9;IKBKB;LCK,age_changes_HSPC_02032026
TGF-beta Signaling,0.089865092,-0.434062252,-1.414759822,ID2;SPTBN1;ARID4B;FNTA;XIAP;TGFB1;HIPK2;TRIM33;HDAC1;ID3;IFNGR2;ENG;CDK9,age_changes_HSPC_02032026
Glycolysis,0.1031819017840721,0.31511019397380907,1.378604788298666,TPI1;PGAM1;KIF2A;PFKP;ALDOA;TXN;AK3;PRPS1;RPE;NDUFV3;GUSB;SDHC;PLOD2;FKBP4;MIF;TALDO1;QSOX1;PYGL;FAM162A;GFPT1;HDLBP;CXCR4;PGLS;AGL;PGM2,age_changes_HSPC_02032026
Fatty Acid Metabolism,0.11360431610569553,0.3287413185761373,1.4185093568829232,GLUL;ACSM3;LTC4S;ELOVL5;ALDH1A1;PCBD1;HSD17B11;PRDX6;ALDOA;IDH3G;METAP1;SDHC;GSTZ1;SERINC1;GCDH;UROD;MIF;RDH11;CRAT;ACOT2;CPOX;SUCLA2;CA2;CD36;ALDH3A2;OSTC;ACO2;ACSL1;UGDH;BCKDHB;BPHL;RETSAT;MGLL;NSDHL;GABARAPL1;SUCLG2;REEP6;HADHB;HSD17B4;CPT2,age_changes_HSPC_02032026
Androgen Response,0.11720372991748684,-0.369774612,-1.371968784,IQGAP2;ARID5B;SRP19;DBI;CCND3;ZMIZ1;RPS6KA3;SPCS3;FKBP5;UBE2J1;XRCC5;HMGCS1;TNFAIP8;XRCC6;B2M;PA2G4;TSC22D1;ELL2;PIAS1;ADRM1;GUCY1A1;ACTN1;PTK2B;INSIG1;CAMKK2,age_changes_HSPC_02032026
Xenobiotic Metabolism,0.12152535099012934,0.3279227121953673,1.3816105894177009,MT2A;ASL;ELOVL5;PGD;DCXR;TKFC;TMEM97;GSTM4;CAT;AHCY;AKR1C3;SPINT2;PYCR1;GCNT2;SSR3;SLC46A3;BLVRB;DHRS1;CA2;CD36;ACO2;UGDH;GSR;BPHL;GSS;RETSAT;MTHFD1;DHPS;FAH,age_changes_HSPC_02032026
Coagulation,0.1313224204524554,0.39849192498177294,1.479789242217071,TIMP1;ANXA1;CTSB;CPQ;CLU;LTA4H;KLF7;CFH;MSRB2;RAC1;GNB2;CFD;CAPN2;APOA1;DUSP6;SERPING1;PLEK;MAFF,age_changes_HSPC_02032026
heme Metabolism,0.13305948950605928,0.32101453027817484,1.4356451757631221,FOXO3;HEBP1;SDCBP;MINPP1;LRP10;KLF3;PSMD9;NFE2;FBXO7;HBD;HMBS;PRDX2;CTSB;TFDP2;CAT;CLIC2;GATA1;ERMAP;MPP1;UROD;NNT;SEC14L1;FBXO9;NUDT4;GMPS;HBB;CPOX;BLVRB;PGLS;SLC25A38;KLF1;SIDT2;EPOR;CA2;ATP6V0A1;TAL1;ALDH6A1;ICAM4;HBQ1;DCAF11;HTATIP2;FBXO34;NCOA4;ASNS;PPOX,age_changes_HSPC_02032026
Bile Acid Metabolism,0.16258966341732575,0.33819342200635605,1.299693847789901,ALDH1A1;HSD17B11;CAT;PFKM;ATXN1;PEX7;KLF1;PEX19;APOA1;FDXR;ACSL1;RETSAT;ISOC1;ABCD1;SLC23A2;HSD17B4;PEX11G;PHYH;PEX11A;SLC27A5;PEX16;HSD3B7;OPTN;GNPAT;LONP2,age_changes_HSPC_02032026
Apical Junction,0.1857505582917801,-0.33795678,-1.308089478,EVL;JUP;GNAI2;CD34;GNAI1;MYL12B;RAC2;CD99;PECAM1;MAP4K2;ARHGEF6;MAPK14;PTEN;ARPC2;NF1;SORBS3;STX4;SYK;AKT2;EXOC4;SHC1;MVD;NECTIN2;ACTN1;AKT3,age_changes_HSPC_02032026
Apical Surface,0.20263697268194195,-0.460228342,-1.286861152,IL2RG;ADAM10;APP;LYN,age_changes_HSPC_02032026
Reactive Oxygen Species Pathway,0.21782845932192998,0.4073908615081721,1.5039671040274845,PDLIM1;PTPA;TXNRD1;PRDX6;PFKP;TXN;PRDX2;CAT;MGST1;HHEX;FES,age_changes_HSPC_02032026
Protein Secretion,0.2411412605667554,-0.328628754,-1.244003604,GNAS;RAB2A;AP3B1;COPB2;BET1;COPE;RPS6KA3;ADAM10;MAPK1;COPB1;RER1;STX16;SNX2;CLTA;USO1;RAB14;DNM1L;CTSC;CLN5;ARCN1;DST;BNIP3;STX7;ATP1A1;YKT6;SCRN1;ARFGEF1;LAMP2;TMX1,age_changes_HSPC_02032026
PI3K/AKT/mTOR  Signaling,0.25403040778243446,-0.327143343,-1.246206317,IL2RG;UBE2N;RPS6KA3;MAPK1;THEM4;GRK2;MAP2K3;PTEN;CALR;ACTR3;ACTR2;YWHAB;HSP90B1;VAV3;CFL1;CDKN1B;CAMK4;PIN1;PRKCB;ATF1;RIT1;CSNK2B;SMAD2;PLA2G12A;MAPK8;NFKBIB;STAT2;LCK;ARPC3;ARHGDIA;TSC2;TRAF2,age_changes_HSPC_02032026
Oxidative Phosphorylation,0.2643702774633669,-0.293975445,-1.221718027,NDUFA9;SLC25A11;NDUFS7;NDUFS6;NDUFB8;ATP5PO;ATP6V0E1;NDUFA2;MGST3;HSD17B10;UQCR10;MRPL34;CYB5R3;ATP6V1E1;NDUFC1;TOMM70;MRPS30;ISCU;CYC1;ATP5MF;IDH2;NDUFA8;ECI1;NDUFC2;SDHD;LDHA;PDHA1;PHB2;NDUFB3;ECH1;MDH1;CYB5A;FH;ATP5F1B;PRDX3;OPA1;IDH1;ATP5MC1;IMMT;ATP6V1G1;SLC25A6;GLUD1;POLR2F;COX4I1;ATP6V1D;MPC1;ATP5MC3;ACADM;COX11;BCKDHA;NDUFA6;ATP5PF;ATP5F1E;NDUFA1;VDAC1;ACADVL;AIFM1;COX7B;MRPS12;COX17,age_changes_HSPC_02032026
Mitotic Spindle,0.33554010793341166,-0.290313956,-1.176556969,DOCK2;ROCK1;SPTBN1;BIN1;RALBP1;EZR;ARHGAP4;EPB41;CNTRL;CAPZB;PAFAH1B1;SMC1A;NF1;RASA2;CDK5RAP2;TUBGCP2;ARL8A;ATG4B;RAPGEF6;ARHGEF7;MID1IP1;PCM1;MAP1S;RANBP9;PPP4R2;BCR;ARHGAP27;MARCKS;NIN;SOS1;DST;TRIO;SUN2;PREX1;RFC1;HDAC6;GSN;YWHAE;RICTOR;SPTAN1;NCK2;ARFGEF1;ACTN4;CEP57,age_changes_HSPC_02032026
Unfolded Protein Response,0.35768743138194636,-0.303646919,-1.157300138,FUS;HERPUD1;ATF4;LSM1;NOP56;SPCS3;HSPA5;YIF1A;ATP6V0D1;CALR;BANF1;CNOT4;DDX10;EIF4EBP1;CKS1B;SRPRB;CNOT2;EIF4A1;HSP90B1;EIF2S1;SHC1,age_changes_HSPC_02032026
mTORC1 Signaling,0.36087980666279174,-0.275267309,-1.138427368,TES;CACYBP;PGK1;CORO1A;PSMB5;COPS5;PSMA3;PDAP1;CANX;HSPE1;HSPA5;MAP2K3;CYB5B;PSMC2;BTG2;ADD3;CALR;EBP;HMGCS1;ENO1;ACTR3;PSMA4;ACTR2;PRDX1;DDX39A;TOMM40;LDHA;PSMD14;USO1;HSP90B1;PFKL;PNO1;IDH1;ATP5MC1;G6PD;TFRC;IMMT;PITPNB;EEF1E1;CCT6A;CTSC;ATP6V1D;DHFR,age_changes_HSPC_02032026
IL-2/STAT5 Signaling,0.36220135213680443,-0.28616247,-1.128836175,LTB;HOPX;RHOH;CD81;CD79B;CCND3;EMP1;CTSZ;GBP4;KLF6;CD48;CD44;GADD45B;DENND5A;IRF8;HIPK2;MAP3K8;PLAGL1;HUWE1;IFNGR1,age_changes_HSPC_02032026
G2-M Checkpoint,0.36504912689561964,-0.274528886,-1.120541333,NCL;NASP;CTCF;HNRNPU;SFPQ;SLC38A1;HSPA8;CUL1;MAPK14;RBM14;HNRNPD;FOXN3;SRSF2;PAFAH1B1;SMC1A;PRPF4B;TOP1;TRA2B;CKS1B;DDX39A;TGFB1;MNAT1;TACC3;LBR;STAG1;MCM5;SRSF1;DR1;ODF2;CDKN1B;ATRX;STMN1;MARCKS,age_changes_HSPC_02032026
Inflammatory Response,0.37193905562952934,-0.296005374,-1.141647766,IRF1;IL7R;NFKB1;IFNAR1;KLF6;CD48;ATP2B1;CD82;NMI;BTG2;IRF7;SEMA4D;NFKBIA;CCR7;LY6E;PSEN1;LYN;IL1B;SRI;BST2;EMP3;ADRM1;PTPRE;IFNGR2;TAPBP;HIF1A;RGS1;CD55;CALCRL,age_changes_HSPC_02032026
TNF-alpha Signaling via NF-kB,0.38651126270814856,-0.272667103,-1.093988312,ID2;IRF1;CCNL1;IER2;BTG1;IL7R;NFKB1;NFAT5;KLF6;ATP2B1;CD44;GADD45B;MAP2K3;BTG2;NFKBIA;KLF2;TNFAIP8;DENND5A;IER5;GADD45A;MAP3K8;FOSB;IL1B;TSC22D1;TNFAIP2;BIRC3;MARCKS;PTPRE;IFNGR2;TANK,age_changes_HSPC_02032026
UV Response Up,0.4007198273052895,-0.279840947,-1.095136736,IRF1;EIF5;BTG1;CCND3;HNRNPU;PPP1R2;HLA-F;PDAP1;CYB5B;BTG2;NFKBIA;POLR2H;AGO2;ARRB2;LYN;TFRC;POLE3;FOSB;CYB5R1;CDC5L;MRPL23;GRINA;DDX21;DNAJB1;NXF1;YKT6;NUP58;TGFBRAP1;NPTX2;MGAT1;STK25;WIZ;BAK1;ALAS1,age_changes_HSPC_02032026
Adipogenesis,0.48139973705542954,0.2423319336961819,1.0982120327888776,LTC4S;MTCH2;CD302;ALDOA;RNF11;NDUFB7;CAT;IDH3G;CMPK1;STAT5A;UQCRQ;ETFB;SDHC;SDHB;COX8A;BCL2L13;RAB34;REEP5;DRAM2;UQCRC1;RTN3;TALDO1;CRAT;PLIN2;NDUFAB1;UCK1;GRPEL1;CD36;CMBL;CS;ACO2;DLAT;TST;PPM1B;ELMOD3;COQ5;RETSAT;GPAT4;MGLL;FAH;QDPR,age_changes_HSPC_02032026
Cholesterol Homeostasis,0.4875425984276056,-0.294239867,-1.039833038,GNAI1;FDPS;S100A11;ANTXR2;FDFT1;ACAT2;EBP;ANXA5;FABP5;HMGCS1;ECH1,age_changes_HSPC_02032026
Estrogen Response Late,0.493918215,0.25804463994664145,1.0768787434331994,ELOVL5;TPSAB1;MEST;DCXR;PPIF;ETFB;FKBP4;CHPT1;BTG3;DNAJC12;CKB;S100A9;AREG;ALDH3B1;MDK;BLVRB;FOS;GLA;SORD;CA2;ALDH3A2;NCOR2;UGDH;TST;ITPK1,age_changes_HSPC_02032026
E2F Targets,0.5091526907428281,-0.247875498,-1.023112081,NASP;CTCF;DCK;TP53;NOP56;SNRPB;LUC7L3;PHF5A;PSIP1;HNRNPD;CBX5;SRSF2;SMC1A;NAP1L1;TRA2B;CKS1B;RFC2;DDX39A;RAD50;TACC3;RBBP7;XRCC6;LBR;EIF2S1;STAG1;MCM5;TFRC;PA2G4;NUP153;SRSF1;CDKN1B;STMN1;GSPT1;SYNCRIP;RFC1;DNMT1;XPO1;TMPO;ASF1A;PRIM2;PNN;RNASEH2A;SMC6;NBN;TUBB;PRKDC;IPO7;EZH2;NCAPD2;RPA2;MSH2;EED,age_changes_HSPC_02032026
Complement,0.5244927301888359,-0.250736003,-0.999500357,IRF1;IRF2;GNAI2;FYN;FCER1G;GNG2;USP16;WAS;CTSS;HSPA5;LAP3;IRF7;USP15;ANXA5;DOCK10;STX4;PSEN1;LYN;PPP4C;RNF4;CD46;CTSC;CASP10;ATOX1;CBLB;CTSD;HSPA1A;CD55,age_changes_HSPC_02032026
Hypoxia,0.5259410827049231,0.2512450275938069,1.1025432774870458,TPI1;MT2A;FOXO3;PFKP;ALDOA;BHLHE40;LXN;GCNT2;KLF7;MIF;FAM162A;PLIN2;HDLBP;CXCR4;PGM2;FOS;PLAUR;DDIT4;DUSP1;FOSL2;RRAGD;NDRG1;S100A4;AK4;CITED2;DDIT3;MAFF;PDK3;P4HA1;TIPARP;MYH9;HEXA;BNIP3L;PGM1;TPD52;ATF3,age_changes_HSPC_02032026
Apoptosis,0.526018981,-0.250678116,-0.990729269,IRF1;ROCK1;EMP1;APP;ISG20;TSPO;CD44;SATB1;XIAP;CREBBP;GADD45B;BTG2;EBP;LEF1;ADD1;GADD45A;DAP;PSEN1;BCL10;IFNGR1;DNM1L;IL1B;CDKN1B;BIRC3;PPP3R1;RARA,age_changes_HSPC_02032026
DNA Repair,0.5330777257725161,-0.249882519,-1.004058503,ADA;MRPL40;ZNRD1;TAF10;RALA;EDF1;ALYREF;NELFE;GTF2A2;RNMT;TP53;XPC;POLR2H;RFC2;POLR2C;DCTN4;SF3A3;RBX1;SNAPC5;HCLS1;CETN2;POLR2F;POLR2I;PDE6G;ADRM1;NME4;ERCC1;GUK1;NCBP2;COX17;POLR2A;POLB;GTF2H5;PDE4B;PNP,age_changes_HSPC_02032026
p53 Pathway,0.6030489359315571,-0.238315367,-0.948172931,ADA;CD81;MAPKAPK3;BTG1;CCND3;DGKA;DNTTIP2;TP53;APP;CYFIP2;ISCU;S100A10;CD82;BTG2;XPC;TGFB1;IER5;GADD45A;TRIAP1;MDM2;RB1;TSC22D1;PITPNC1;MXD4;PTPRE;ANKRA2;CTSD;RXRA,age_changes_HSPC_02032026
Myogenesis,0.6145434480913605,0.25103758676751914,1.0222690476562037,FHL1;BHLHE40;MYL6B;KCNH2;PFKM;CLU;HDAC5;OCEL1;PDE4DIP;CKB;CRAT;MYLPF;TNNT3;IGFBP7;CFD;AGL;CD36;ACSL1;ITGB1,age_changes_HSPC_02032026
Epithelial Mesenchymal Transition,0.6368963685038725,0.25344677845107066,0.9986041106206495,CXCL8;TIMP1;MEST;FLNA;PLOD2;TPM1;CD59;GLIPR1;P3H1;AREG;QSOX1;SERPINE2;PLAUR;GPX7;ITGB1;COLGALT1;FUCA1;SNTB1,age_changes_HSPC_02032026
Pperoxisome,0.6591776196337535,0.24075159415796085,0.9767989834111749,ELOVL5;PABPC1;ALDH1A1;HSD17B11;CAT;ABCC5;ATXN1;NUDT19;IDE;RDH11;CRAT,age_changes_HSPC_02032026
Estrogen Response Early,0.6814770050010073,0.2262071287373366,0.9536531139723246,ELOVL5;DEPTOR;BHLHE40;FHL2;KRT8;PPIF;FKBP4;CHPT1;KDM4B;DLC1;PMAIP1;AREG;ALDH3B1;BLVRB;TMEM164;FOS;MPPED2;GLA;KRT18;NCOR2;GAB2;ITPK1;MINDY1;DYNLT3;TIPARP;AKAP1,age_changes_HSPC_02032026
Myc Targets V2,0.6955224490630045,0.24342927872875825,0.9332265559150045,AIMP2;TMEM97;PES1;TFB2M;PUS1;SUPV3L1;WDR74;NPM1;RABEPK;SORD,age_changes_HSPC_02032026
Hedgehog Signaling,0.8196108190680697,-0.347292059,-0.838282686,NF1;ADGRG1,age_changes_HSPC_02032026
Angiogenesis,0.8632364661884617,0.3257078384793872,0.8483098530086896,TIMP1;S100A4;PRG2;ITGAV,age_changes_HSPC_02032026
Spermatogenesis,0.926947903,-0.211997089,-0.747479533,BRAF;STRBP;SLC2A5;PIAS2;TLE4;COIL,age_changes_HSPC_02032026
KRAS Signaling Dn,0.930108516,0.20190882503106394,0.7625794532059245,NR4A2;MTHFR;CLSTN3;SELENOP;SKIL;ZBTB16;MAGIX;SPTBN2;NR6A1;GTF3C5;GP1BA,age_changes_HSPC_02032026
Myc Targets V1,0,-0.669166977,-2.313511509,RPS10;HSP90AB1;RSL1D1;NPM1;CCT3;PHB;SET;APEX1;EIF3D;HNRNPD;EIF4A1;C1QBP;RANBP1;TRIM28;CLNS1A;SERBP1;RPL22;RPS6;LDHA;SNRPG;NOP56;RPS2;HSPE1;CCT7;PA2G4;NME1;LSM7;RAN;SNRPD2;RACK1;EEF1B2;CCT2;PSMC6;PHB2;HNRNPU;SNRPD1;SRSF3;ERH;SRM;DDX18;PSMA4;RPL34;HNRNPA3;GNL3;EIF3J;ILF2;SRSF7;RPS5;HNRNPA1;LSM2;NHP2;NCBP2;MYC;SSB;PSMA1;EIF3B;IMPDH2;HDAC2;RPL18;CCT4;SMARCC1;VDAC1;FBL;HNRNPC;RPS3;COX5A;DUT;PSMA7;PRPF31;HSPD1;STARD7;CNBP;CDK4;RPL6;MRPL23;RPLP0;DDX21;MRPS18B;CYC1;GSPT1;NDUFAB1;NOP16;RPL14;SRSF2;HNRNPR;HPRT1;TCP1;MCM7;PSMD7;PPM1G;RNPS1;SSBP1;SLC25A3;SNRPD3;NOLC1;PSMB3;TUFM;ABCE1;EIF2S2;SRSF1;KPNB1;UBA2;MCM5;PABPC4;PSMD3;CCT5;TFDP1;HDDC2;SNRPB2;XRCC6;PSMA2;MRPL9;TRA2B;PSMD14;SNRPA1;VBP1;FAM120A;POLD2;RUVBL2;G3BP1;PCNA;RRP9;RFC4;PRDX3;RRM1;PSMD8;SRPK1,age_changes_Mgk_02032026
Myc Targets V2,0,-0.629045706,-2.022589153,NPM1;PHB;NOP56;HSPE1;PA2G4;SRM;DDX18;GNL3;MYC;DCTPP1;WDR74;TBRG4;WDR43;HSPD1;NDUFAF4;CDK4;NOP16;TCOF1;EXOSC5;NOLC1;MPHOSPH10;GRWD1;NOC4L;PES1;TFB2M;NIP7;MCM5;UNG;PPAN;IMP4;SUPV3L1;RRP9;MRTO4;MYBBP1A;AIMP2;RCL1;RRP12;LAS1L;DUSP2;NOP2,age_changes_Mgk_02032026
Coagulation,0,0.5714158896480998,3.422416760712189,PLEK;CLU;TIMP1;CD9;PF4;GP1BA;SPARC;GP9;VWF;CAPN2;WDR1;THBS1;ITGB3;PROS1;SERPINE1;GSN;SERPINA1;PECAM1;RAC1;CASP9;ITGA2;SIRT2;CPQ;P2RY1;MMP1,age_changes_Mgk_02032026
Oxidative Phosphorylation,0,-0.586423248,-2.029120076,ATP5MC2;ATP5MC3;HSD17B10;LDHB;UQCRB;SLC25A5;TIMM13;COX7C;SLC25A6;LDHA;NDUFB8;ATP5MF;MRPS15;UQCRQ;ATP5PO;PHB2;UQCRC2;NDUFA9;NDUFC2;ATP5PB;SDHC;MDH1;NDUFB6;SDHD;ATP5MG;ACAA1;ATP5F1A;COX6C;ECHS1;ATP5ME;NDUFB5;ATP5F1C;NDUFB2;SUCLG1;MRPL11;ECH1;UQCR10;ATP5F1B;IDH3B;NDUFA2;VDAC1;ATP5PD;PDHB;COX5A;COX4I1;DECR1;ACADM;TIMM8B;MRPS12;OXA1L;CYC1;ACAT1;NDUFAB1;TIMM10;NDUFV2;MRPL15;NDUFS6;TOMM22;NDUFB1;TIMM9;NDUFV1;NDUFS3;ATP5MC1;CYB5A;BDH2;SLC25A3;ATP5PF;POLR2F;NDUFB7;FDX1;COX7A2;COX7A2L;SLC25A11;GLUD1;COX5B;ETFDH;ATP6V1G1;ETFB;CYCS;NDUFS7;COX6A1;DLD;UQCRFS1;NDUFS8;NDUFS2;FXN;ABCB7;CS;NDUFA7;ATP5F1E;GRPEL1;COX8A;COX11;NDUFA8;SUPV3L1;SDHB;ACAA2;RHOT1;PRDX3;UQCRC1;COX7B;TIMM17A;MRPS11;HCCS;POR;PMPCA;AIFM1;VDAC2;MTX2;MDH2;IMMT;ATP6V0B;RHOT2;MRPS22;NDUFB3;ECI1;FH;SUCLA2;OAT;HADHA;IDH3A;MRPL35;PDHA1;NDUFA1;ATP5F1D;COX10;MRPS30;ACADSB;BCKDHA;NDUFA3;MTRF1;TIMM50;PHYH;SURF1;LRPPRC;HADHB;PDHX,age_changes_Mgk_02032026
Angiogenesis,0,0.6641342765704762,2.6919256129914095,FSTL1;TIMP1;PF4;VCAN;APP;PDGFA;S100A4;PTK2,age_changes_Mgk_02032026
Myogenesis,0.007049345,0.3410018871743802,1.8833077087929835,CLU;ITGB1;SPARC;PVALB;CRAT;MYLK;FHL1;CD36;KIFC3;CDKN1A;TPM3;GSN;HDAC5;MYH9;TNNC2;SPHK1;PDLIM7;APP;FKBP1B;SVIL;ITGB5;GNAO1;MYL4;RIT1;MYO1C;FLII;IFRD1;SIRT2;ATP6AP1;TGFB1;MYOM1,age_changes_Mgk_02032026
E2F Targets,0.024961914540927607,-0.435144397,-1.500008138,PNN;STMN1;HNRNPD;RANBP1;NASP;SMC4;NOP56;PA2G4;NME1;HMGA1;RAN;SNRPB;LUC7L3;RPA3;DDX39A;MYC;DCTPP1;PAICS;TBRG4;DUT;CBX5;SMC6;CDK4;GSPT1;LBR;SRSF2;RFC1;MCM7;PRKDC;RPA2;EXOSC8;NOLC1;CKS2;MSH2;TP53;SRSF1;DCK;SMC1A;EED;MCM5;UNG;XRCC6;MCM3;POLE4;NBN;TRA2B;TMPO;CKS1B;IPO7;UBE2S;POLD2;PCNA;TFRC;MRE11;ILF3;HUS1;NUP107;SMC3;RAD50;USP1;EIF2S1;CDC25B;PRIM2;ASF1A;HMGB2;NCAPD2;PRPS1;ANP32E;UBE2T;CSE1L;UBR7;PHF5A;PRDX4;SHMT1;ING3;BARD1;RAD51C;NUP153;POLE;RNASEH2A;RAD1;PPM1D;SSRP1;XPO1;KPNA2;NUP205;CTCF;CCP110,age_changes_Mgk_02032026
G2-M Checkpoint,0.025106203,-0.425981405,-1.467304291,STMN1;ARID4A;HNRNPD;HMGN2;SFPQ;ATRX;NASP;SMC4;HMGA1;HNRNPU;SNRPD1;CBX1;MTF2;DDX39A;PRPF4B;MYC;DKC1;NCL;SLC38A1;SMARCC1;SRSF10;CDK4;GSPT1;LBR;SRSF2;MNAT1;E2F4;YTHDC1;RPA2;HSPA8;EWSR1;RPS6KA5;CASP8AP2;NOLC1;CKS2;SRSF1;SMC1A;KPNB1;MCM5;RBM14;TFDP1;CUL3;MCM3;TRA2B;TMPO;CKS1B;FOXN3;UBE2S;SMAD3;SQLE;G3BP1;PRMT5;WRN;ILF3;DTYMK;HUS1;LIG3;ORC5;PURA;SMC2;CDC25B;PRIM2;KIF20B;MARCKS,age_changes_Mgk_02032026
Pancreas Beta Cells,0.026080151,-0.577404445,-1.474459273,SEC11A;FOXO1;SRP9;SRPRB;SRP14;AKT3;SPCS1;DPP4;ELP4,age_changes_Mgk_02032026
DNA Repair,0.026961341,-0.433440686,-1.484907428,EDF1;POLR1D;APRT;TAF9;NME1;RNMT;RPA3;RAE1;NCBP2;IMPDH2;DUT;ADA;UPF3B;POLR2K;HPRT1;TAF12;POLR2C;ZNRD1;MPG;RPA2;POLR2F;POLR2I;TP53;POM121;PDE4B;NUDT9;GTF2H3;NELFE;NT5C;POLE4;POLR2H;ITPA;REV3L;ERCC4;POLR2D;PCNA;CSTF3;RFC4;FEN1;TARBP2;MRPL40;BRF2;ALYREF;POLR3GL;SF3A3;ELOA;ERCC1;POLR3C;DDB1;SUPT5H;ERCC3;CLP1;TSG101;POLB;GTF3C5;XPC;POLR2J;SNAPC5;PRIM1;AAAS;GTF2H5;SURF1;SNAPC4;NME3;NELFB;ELL;POLH;GMPR2;SSRP1;HCLS1;POLR1C;POLR2A;UMPS;GTF2F1;CMPK2;ERCC5,age_changes_Mgk_02032026
Wnt-beta Catenin Signaling,0.028915420080935793,-0.503720858,-1.503354909,TCF7;LEF1;MYC;HDAC2;TP53;MAML1;ADAM17;DVL2;KAT2A;CCND2;RBPJ;NCSTN;AXIN2;PPARD;SKP2,age_changes_Mgk_02032026
Unfolded Protein Response,0.034629246,-0.447839247,-1.507149994,NPM1;FUS;EIF4A1;NOP56;SEC11A;IMP3;NHP2;RPS14;DKC1;EEF2;EIF4A2;EDEM1;EXOSC1;LSM4;MTREX;ATF6;EXOSC5;NOLC1;DDX10;BANF1;SRPRB;EIF4A3;EXOSC2;PAIP1;CKS1B;TSPYL2;KHSRP;RRP9;ALDH18A1;SDAD1;DNAJB9;CALR;CNOT4;TTC37;EIF2S1;CEBPB;ARFGAP1;SPCS1;GOSR2;NFYB;SEC31A;EXOSC9;SSR1;PDIA6;PREB;HERPUD1;CXXC1;DCP1A;CEBPG;PARN;SERP1;ERO1A;TUBB2A;NOP14;GEMIN4;DCTN1;ZBTB17;HSP90B1;EIF4EBP1;HYOU1;TATDN2;EXOSC10,age_changes_Mgk_02032026
Interferon Alpha Response,0.038525036,-0.424339148,-1.419217022,SELL;ISG20;ISG15;PSMA3;IL4R;IRF9;PSME2;LY6E;IFI44L;NUB1;IRF1;PSME1;CMTR1;SP110;NMI;GBP2;DDX60;SAMD9;GBP4;SAMD9L;MX1;PARP14;ADAR;CASP8;TRIM5;STAT2;OGFR;BST2;PNPT1;EIF2AK2;PSMB8;IFI35;IRF7;LGALS3BP;TRIM14;TRIM25;PARP12;LAP3;OAS1;TRIM26;DHX58;MOV10;SLC25A28;RTP4;MVB12A,age_changes_Mgk_02032026
Allograft Rejection,0.056193821,-0.401474091,-1.377653955,IL2RG;NPM1;EIF3D;RPL9;CD3D;RPS9;NME1;TRAT1;RPL39;ETS1;CD3G;EIF3J;SIT1;EIF3A;RPS3A;LTB;CD79A;CD7;UBE2N;IL27RA;LY86;IL4R;MRPL3;RPS19;IFNAR2;HLA-DMB;IL16;LCK;CRTAM;IRF8;HLA-DOB;HLA-DRA;CD8B;ABCE1;IFNGR2;TAPBP;GBP2;PTPN6;HLA-DMA;LY75;FCGR2B;CSK;PTPRC;APBB1;MAP4K1;IKBKB;NCF4;NCK1;HLA-DQA1;HLA-DOA;CD3E;IL1B;CCND2;TPD52;GPR65;BCL10;EIF5A;CAPG;GALNT1;IRF7;CD96;GLMN;SOCS1;TLR1;WAS;TAP2;CD247,age_changes_Mgk_02032026
TGF-beta Signaling,0.12928251692873488,-0.413154284,-1.298839079,ID2;ID3;FNTA;ARID4B;NOG;HDAC1;TGIF1;CDK9;IFNGR2;JUNB;APC;TRIM33;SMAD3;PMEPA1;SPTBN1;SMURF2;SKIL;UBE2D3;XIAP,age_changes_Mgk_02032026
Interferon Gamma Response,0.14171352817188249,-0.370275482,-1.284504361,ISG20;ISG15;PSMA3;IL4R;BTG1;IFNAR2;IRF9;PSME2;LY6E;VAMP5;IFI44L;SRI;RNF213;IRF8;IRF1;RBCK1;PSME1;LYSMD2;CD38;PDE4B;PTPN2;CMTR1;XAF1;TAPBP;GPR18;SP110;NMI;DDX60;RAPGEF6;PSMA2;GBP4;PTPN6;HLA-DMA;MX2;PIM1;SAMD9L;ST3GAL5;MX1;ARL4A;PARP14;NFKB1;CIITA;PELI1;ADAR;HLA-DRB1;ARID5B;CASP8;HLA-DQA1;VAMP8;BPGM;STAT2;OGFR;BST2;PNPT1;EIF2AK2;TNFSF10;PSMB8;IFI35;AUTS2;NFKBIA;IRF7;LGALS3BP;TRIM14;TRIM25;ITGB7;NCOA3;SOCS1;PARP12;APOL6;LAP3;CD69;OAS2;TNFAIP3;TRIM26;ZNFX1;DHX58;SLC25A28;RTP4;PML,age_changes_Mgk_02032026
PI3K/AKT/mTOR  Signaling,0.21433029512515708,-0.367372953,-1.240636348,IL2RG;MKNK2;CAMK4;CSNK2B;UBE2N;CDK4;LCK;GRK2;MAP2K6;CXCR4;PIN1;DDIT3;PRKAG1;MAPK8;ATF1;MAPK9;TSC2;ECSIT;NCK1;CALR;RPS6KA3;RPS6KA1;STAT2;SLC2A1;PLCG1;UBE2D3;THEM4;PIKFYVE;TNFRSF1A;ACACA;PRKAR2A;MAPKAP1;HRAS;E2F1;PTPN11;NFKBIB;PTEN;HSP90B1;TIAM1;AKT1S1;MAP3K7;PPP1CA,age_changes_Mgk_02032026
Fatty Acid Metabolism,0.3922916373056299,-0.347898357,-1.175412545,APEX1;HSD17B10;ERP29;LDHA;SUCLG2;SDHC;MDH1;OSTC;SDHD;ACAA1;ECHS1;HSD17B11;SUCLG1;ECH1;HSP90AA1;IDH3B;PDHB;DECR1;ACADM;PSME1;NTHL1;ETFDH;UROS;HSD17B7;HSDL2;DLD;NBN;ADSL;HIBCH;IDI1;HMGCS1;GSTZ1;ACAA2;HCCS;MIF;NCAPH2;MDH2;CCDC58;MCEE;GRHPR;ECI1;FH;SUCLA2;GCDH;BCKDHB;PDHA1;ELOVL5;HSPH1;PCBD1;HADHB;ACAT2;ACO2;IDH1;ACSS1;BPHL;XIST;CPT2;AUH;UBE2L6,age_changes_Mgk_02032026
Apical Junction,0.4954682779456193,0.3334250555085728,1,CLDN5;ITGB1;NEXN;YWHAH;CRAT;MYL9;VWF;VCL;CD99;RSU1;ACTN1;ZYX;ICAM2;SRC;VCAN;NECTIN2;MSN;MYH9;PIK3CB;RHOF;IKBKG;AMIGO2;JAM3;INSIG1;PECAM1;CAP1;ACTB;LDLRAP1;PTK2;MAP4K2;CADM2;ITGA2;IRS1;ACTN4;FYB1;PFN1;SYMPK;CTNNA1;STX4;SYK;VASP,age_changes_Mgk_02032026
heme Metabolism,0.4954682779456193,0.24577259968885282,1,CA2;PDZK1IP1;ENDOD1;HDGF;SNCA;MPP1;DMTN;TAL1;DAAM1;CLCN3;NCOA4;GCLM;CCND3;EIF2AK1;NFE2;HBQ1;ADIPOR1;FN3K;TRIM58;SMOX;SPTB;MKRN1;EPOR;SLC10A3;TNS1;MAP2K3;ISCA1;RIOK3;SEC14L1;RHD;BSG;XK;MYL4;ANK1;ARHGEF12;TMCC2;NEK7,age_changes_Mgk_02032026
Complement,0.4954682779456193,0.25195597396384545,1,CCL5;PLEK;CLU;TIMP1;CA2;GP1BA;FCER1G;GP9;CD36;XPNPEP1;CALM3;LIPA;S100A9;SERPINE1;SRC;SERPINA1;GPD2;LGALS3;GZMB;KIF2A;GZMK;GZMA;S100A12;FCN1;DGKG;JAK2;CALM1;ITGAM;CASP9;LYN;CASP1,age_changes_Mgk_02032026
Epithelial Mesenchymal Transition,0.4954682779456193,0.40172195810750017,1,FSTL1;LGALS1;TPM4;TIMP1;ITGB1;SPARC;SAT1;MYLK;MYL9;IGFBP2;SDC4;DAB2;FLNA;TPM1;THBS1;ITGB3;GADD45A;SERPINE1;ENO2;VCAN;CALD1;WIPF1;SERPINE2;PLOD2;ITGB5;TGFBR3,age_changes_Mgk_02032026
Adipogenesis,0.6128835390283678,-0.325620775,-1.119760945,JAGN1;DDT;UQCRQ;ATP5PO;SDHC;ECHS1;SUCLG1;ECH1;UQCR10;TKT;DECR1;ACADM;VEGFB;CYC1;NDUFAB1;MRPL15;CHCHD10;PLIN2;NDUFS3;PTCD3;NDUFB7;SOD1;PDCD4;ETFB;EPHX2;CCNG2;COX6A1;PPM1B;DLD;NMT1;CS;HIBCH;ESYT1;GRPEL1;COX8A;ABCB8;DGAT1;ARL4A;DRAM2;SDHB;ACAA2;PRDX3;UQCRC1;COX7B;CAT;DNAJB9;POR;SLC5A6;AIFM1;MDH2;IMMT;GHITM;QDPR;COQ5;MTCH2;IDH3A;TANK;PREB;BAZ2A;BCKDHA;RREB1;ATP1B3;PHYH;LPCAT3;PIM3;ACO2;IDH1;ATL2;PEX14;CPT2;DLAT;LIPE;GPAT4;TOB1;GPHN;STAT5A,age_changes_Mgk_02032026
UV Response Up,0.6829600188542267,-0.323576705,-1.098832547,HNRNPU;ACAA1;DNAJA1;GLS;BTG2;FKBP4;BTG1;RASGRP1;MRPL23;DDX21;EIF2S3;CYB5B;NXF1;PSMC3;STIP1;IRF1;PPP1R2;JUNB;KLHDC3;RXRB;POLR2H;E2F5;EIF5;GRPEL1;DGAT1;TFRC;PLCL1;RFC4;TGFBRAP1;STK25;FEN1;MARK2;NUP58;POLG2;FOS;NFKBIA;BAK1;FOSB;PPAT;PRPF3,age_changes_Mgk_02032026
p53 Pathway,0.7372181620102858,-0.314340366,-1.080450035,LDHB;CD81;MKNK2;HINT1;RPL36;RACK1;MXD4;PRMT2;RPL18;FAM162A;RPS12;BTG2;BTG1;DGKA;ADA;DEF6;TRIAP1;PLK3;PITPNC1;EI24;DNTTIP2;BLCAP;TP53;POM121;DDIT3;IP6K2;PMM1;TSPYL2;WRAP73;DCXR;PCNA;JUN;NOL8;NDRG1;CYFIP2;PVT1;VAMP8;RAD9A;RPS27L;RHBDF2;CCND2;SESN1;ANKRA2;FOS;CTSF;BAK1;TRAF4;ZFP36L1;RRP8;SOCS1;HRAS;XPC;ELP1;AEN;IER5;RAD51C;POLH;TPRKB;PPM1D;ACVR1B;NUDT15;RALGDS;CCP110;GM2A;IRAK1;TOB1;ERCC5;FBXW7,age_changes_Mgk_02032026
Pperoxisome,0.8187219392377539,-0.319864051,-1.049648484,ACAA1;HSD17B11;ECH1;SMARCC1;GNPAT;CNBP;PRDX1;FIS1;CTBP1;MSH2;SOD1;EPHX2;ITGB1BP1;LONP2;PEX2;IDI1;GSTK1;PEX13;CAT;ERCC1;ABCD3;BCL10;SLC25A17;ERCC3;ELOVL5;HRAS;IDH1;PEX14;SLC25A19;ABCB4;SLC23A2;CDK7;ALDH1A1;SLC35B2;SIAH1;ACSL5;IDH2;CLN6;PEX6;MVP;CTPS1,age_changes_Mgk_02032026
mTORC1 Signaling,0.8231736198899875,-0.303157226,-1.056592825,LDHA;HSPE1;PSMC6;TES;PSMA3;PSMA4;SEC11A;PPA1;DDX39A;SHMT2;BTG2;CORO1A;HSPD1;PRDX1;PSMC2;UFM1;EDEM1;CYB5B;HPRT1;CCT6A;ATP5MC1;STIP1;EEF1E1;GGA2;CACYBP;PITPNB;CXCR4;EIF2S2;DDIT3;PSMD12;UNG;PNO1;NMT1;GLRX;PSMD14;PSMB5;TOMM40;IDI1;SQLE;HMGCS1;EBP;RRP9;TFRC;ACSL3;ENO1;CALR;IMMT;QDPR;SLC2A1;SDF2L1;UBE2D3;HSPA4;DHFR;ACACA;SSR1;ELOVL5;PSME3;ARPC5L;SYTL2;SERP1;PSMG1;NFKBIB;ERO1A;UCHL5,age_changes_Mgk_02032026
IL-6/JAK/STAT3 Signaling,0.9459143338424179,-0.31326392,-1.016913689,IL2RG;LTB;IL4R;IRF9;HAX1;IRF1;IFNAR1;CD38;CD44;IFNGR2;PTPN2;ITGA4;PIM1;JUN;STAT2;IL1B;BAK1;TNFRSF1A;SOCS1;TYK2;IL10RB;PTPN11,age_changes_Mgk_02032026
KRAS Signaling Dn,0.9987114699309428,-0.139431591,-0.455171377,BTG2;IFI44L;CAMK1D;LFNG;SLC16A7;MX1;TCL1A;ASB7;CCDC106;SKIL;GTF3C5;LYPD3;BARD1;GAMT;SPHK2;YPEL1;PDE6B;FGGY;COQ8A;SLC25A23;KMT2D;STAG3;CPEB3;SGK1;VPS50;NR4A2;CLSTN3;DTNB;IDUA,age_changes_Mgk_02032026
Mitotic Spindle,1,-0.22005817,-0.765117876,SMC4;SUN2;ARF6;UXT;BIN1;RFC1;FLNB;TUBGCP2;CNTRL;ARHGEF2;CSNK1D;ATG4B;RICTOR;SMC1A;ARHGAP4;EZR;TUBD1;PCM1;RAPGEF6;PREX1;DLG1;APC;ARFIP2;SPTBN1;ARL8A;NCK1;SMC3;RALBP1;CEP57;RHOT2;CEP192;KLC1;DOCK2;PLEKHG2;KIF20B;MARCKS;ROCK1;DYNC1H1;RAB3GAP1;ABR;SPTAN1;CEP250;PCNT;SOS1;CCDC88A;NET1;LRPPRC;AKAP13;TUBGCP5;GEMIN4;KATNA1;CENPF;TIAM1;RASA1;NUMA1;MARK4;LMNB1;TSC1;KPTN;NOTCH2;INCENP;MAP1S;ARHGEF7;TUBGCP6;STK38L;BRCA2;RASA2;ALS2;MYO9B;KIF5B;KIF1B;CEP131;RABGAP1;SASS6;PPP4R2;ALMS1;KIF22;CENPJ;NF1;EPB41L2;DST;MID1IP1;PKD2;ARHGEF11;EPB41;TPX2;MYO1E;CDC42;FSCN1;SAC3D1;TAOK2,age_changes_Mgk_02032026
Notch Signaling,1,-0.262014735,-0.741186435,MAML2;LFNG;SKP1;KAT2A;PPARD;PSENEN;FBXW11;NOTCH2;NOTCH1;PRKCA;SAP30;DTX2;APH1A,age_changes_Mgk_02032026
Estrogen Response Early,1,-0.20408683,-0.69926255,FAM102A;RETREG1;BCL11B;FCMR;MYC;FKBP4;RASGRP1;FLNB;CHPT1;CD44;MED13L;KDM4B;NXT1;ABLIM1;TGIF2;AKAP1;FDFT1;MYBBP1A;MED24;UGCG;UNC119;SLC2A1;OPN3;RRP12;BCL2,age_changes_Mgk_02032026
Spermatogenesis,1,-0.297752916,-0.973138388,CAMK4;PEBP1;STRBP;COIL;TLE4;TSN;ZC3H14;CHFR;LPIN1;BRAF;ARL4A;RFC4;RAD17;RPL39L;SIRT1;TKTL1;AGFG1;PRKAR2A;CSNK2A2;TOPBP1;PSMG1;SLC12A2,age_changes_Mgk_02032026
Glycolysis,1,-0.267104555,-0.912298232,STMN1;ISG20;NASP;AKR1A1;LDHA;SDHC;MDH1;ANKZF1;FAM162A;FKBP4;HAX1;CYB5A;PGLS;RBCK1;POLR3K;CD44;CXCR4;CITED2;SOD1;DLD;ZNF292;GLRX;B4GALT4;RPE;B3GAT3;SLC25A13;MXI1;ENO1;MED24;MIF;MDH2;LHPP;GALK1;PRPS1;TKTL1;TXN;COG2;ERO1A;ALG1;IDH1;NT5E;GNPDA1;GALE;BPNT1;B3GALT6;MPI;PPIA;SRD5A3;GALK2;B4GALT7;GUSB;CLN6;NDUFV3;AGL;RRAGD;GMPPB;HSPA5;HS2ST1;B4GALT1;GYS1;GOT1;PGM2;GCLC;PGAM1;EXT2;GOT2;SAP30;SLC35A3;ABCB6;P4HA1,age_changes_Mgk_02032026
Hypoxia,1,-0.270528074,-0.930947513,PLAC8;ISG20;LDHA;TES;ETS1;HEXA;MAP3K1;ANKZF1;WSB1;FAM162A;BTG1;PNRC1;PLIN2;NAGK;CXCR4;CITED2;DDIT3;ILVBL;CCNG2;ZNF292;GLRX;PIM1;JUN;MXI1;NDRG1;ENO1;AMPD3;MIF;SLC2A1;BCL2;GRHPR;TPD52;GALK1;FOS;RBPJ;TKTL1,age_changes_Mgk_02032026
Androgen Response,1,-0.232619431,-0.763340748,PA2G4;UBE2I;DBI;TNFAIP8;SRP19;XRCC6;PTK2B;CDK6;IDI1;HMGCS1;PMEPA1;ZBTB10;ACSL3;ARID5B;NDRG1;DNAJB9;RPS6KA3;ELK4;GNAI3;RRP12;NGLY1;TPD52;XRCC5,age_changes_Mgk_02032026
KRAS Signaling Up,1,-0.291656124,-0.988299957,IL2RG;GYPC;ID2;IKZF1;SATB1;ETS1;MAP3K1;WDR33;SDCCAG8;CD37;IRF8;IL7R;RBM4;PRELID3B;CXCR4;LAPTM5;TRIB2;ATG10;GLRX;JUP;LY96;MAP4K1;LAT2;ADAM17;ZNF639;BIRC3;BPGM;IL1B;TOR1AIP2;DOCK2;CBR4;CCND2;PSMB8;KCNN4;YRDC;ZNF277,age_changes_Mgk_02032026
Reactive Oxygen Species Pathway,1,-0.222180101,-0.703586703,PRDX1;LAMTOR5;SOD1;JUNB;PRDX2;NDUFS2;GLRX;HMOX2;STK25;CAT;SCAF4;TXN;PRDX4,age_changes_Mgk_02032026
IL-2/STAT5 Signaling,1,-0.246071194,-0.839216293,SELL;CD81;ICOS;CD48;MYC;LTB;DCPS;IL4R;CD79B;RHOH;IRF8;PLIN2;CD44;ANXA4;SWAP70;IKZF2;GBP4;PIM1;POU2F1;FLT3LG;ARL4A;LCLAT1;GADD45B;NDRG1;PRKCH;FAM126B;ITGA6;CKAP4;AHCY;DENND5A;ADAM19;BCL2;CD83;P2RX4;NOP2;CCND2;SNX14;TNFSF10;GPR65;CAPG;ITGAE;AGER;PUS1;NCOA3;SOCS1;PDCD2L;PLPP1;CTSZ;PTRH2;BMPR2,age_changes_Mgk_02032026
Hedgehog Signaling,1,-0.242022535,-0.672461734,LDB1;CDK6;PML;RASA1;TLE3;TLE1;DPYSL2;ETS2;CDK5R1;NF1;NRCAM,age_changes_Mgk_02032026
Xenobiotic Metabolism,1,-0.224308323,-0.763518883,ID2;DDT;SHMT2;ECH1;SERTAD1;IRF8;HPRT1;CYB5A;ETFDH;NMT1;DHPS;ADH5;JUP;PMM1;DHRS1;DCXR;MTHFD1;CNDP2;CAT;LONP1;PTGES3;POR;CYFIP2;DDAH2;AHCY;CSAD;HACL1;AP4B1;TNFRSF1A;GART;PPARD;ELOVL5;NPC1;ACO2;IDH1;COMT;BPHL;MCCC2;NFS1;TMEM97;UGDH;SSR3;PEMT;IGFBP4,age_changes_Mgk_02032026
Estrogen Response Late,1,-0.204611107,-0.693941534,ISG20;ID2;FAM102A;COX6C;FKBP4;MOCS2;FLNB;HPRT1;CHPT1;CD44;PDCD4;RABEP1;ETFB;FABP5;NXT1;PTPN6;DCXR;FDFT1;OPN3;DUSP2;BCL2;FOS;ELOVL5;ZFP36;RNASEH2A;SNX10;MYB;METTL3;FKBP5;MAPK13;SLC26A2;GALE;TIAM1;TOB1;NRIP1;UGDH;IGFBP4;ARL3;IDH2;DNAJC1,age_changes_Mgk_02032026
Protein Secretion,1,-0.139311511,-0.464590012,TMED10;SOD1;ATP1A1;SNX2;COPB1;RPS6KA3;ERGIC3;COPE;TMX1;GOLGA4;TPD52;GOSR2;RAB22A;SEC31A;ANP32E;TSG101;COG2;CLN5;ARFGAP3;SCAMP1;SCAMP3;ICA1;ABCA1;SCRN1;ARCN1;GALC;MON2;USO1;ATP6V1H;KIF1B;TMED2;STX16;STX7;DST;AP3B1;ARFIP1;NAPG;PPT1;SEC24D;GNAS;VPS4B;LMAN1;RAB2A,age_changes_Mgk_02032026
Bile Acid Metabolism,1,-0.285640533,-0.932431243,HSD17B11;GNPAT;LCK;SULT1B1;SOD1;EPHX2;LONP2;PEX16;IDI1;GSTK1;PEX13;CAT;PECR;HACL1;SLC27A5;ABCD3;PXMP2;NPC1;PHYH;PEX1;IDH1;SLC23A2;LIPE;PNPLA8;ALDH1A1;SLC35B2;ACSL5;ABCA1;IDH2;EFHC1;PEX6;ABCA5;ABCD1;ISOC1;PEX26;ABCD2;FDXR;ABCA2;RETSAT;NUDT12;MLYCD;AR;AMACR;HSD17B4;NR3C2;SLC22A18;SCP2;PEX19;ABCA6;RXRA;PEX11A;ACSL1;PEX7;KLF1;ALDH9A1;DHCR24,age_changes_Mgk_02032026
TNF-alpha Signaling via NF-kB,1,-0.255885991,-0.876655447,ID2;KLF2;CCNL1;ATP2B1;MYC;IER2;BTG2;BTG1;PNRC1;REL;TGIF1;IRF1;TNFAIP8;IL7R;CD44;PDE4B;IFNGR2;JUNB;MCL1;NFKB2;BIRC2;SMAD3;PMEPA1;KDM6B;NFKB1;JUN;TNIP1;ZBTB10;GADD45B;BIRC3;DENND5A;IL1B;CEBPB;DUSP2;GPR183;CD83;MARCKS;EIF1;FOS;NFKBIA;YRDC;FOSB;TANK;DUSP1;PER1;CD69;IL23A;IER5;ZFP36;TNFAIP3;TNIP2,age_changes_Mgk_02032026
Cholesterol Homeostasis,1,-0.218227186,-0.708285351,ETHE1;ECH1;PNRC1;PCYT2;STX5;HSD17B7;FABP5;IDI1;SQLE;HMGCS1;EBP;FDFT1,age_changes_Mgk_02032026
UV Response Dn,1,-0.227251932,-0.765061808,ATRX;CDK13;DBP;ATP2B1;MYC;MRPS31;SRI;YTHDC1;CITED2;ANXA4;DLG1;CELF2;PIK3CD;SMAD3;WDR37;NFKB1;TOGARAM1;ARHGEF9;PRDM2;MGMT;AKT3;BCKDHB;DUSP1;MTA1;SFMBT1;PHF3;SLC7A1;SCAF8;PTEN;PEX14;FBLN5;TGFBR2;IGF1R;SIPA1L1;ICA1;NIPBL;NR3C1;NOTCH2;SMAD7;PRKCA;MIOS;ATRN;PRKCE;TENT4A;RASA2;RUNX1;FYN,age_changes_Mgk_02032026
Apoptosis,1,-0.231618702,-0.784143993,ISG20;CYLD;LEF1;SATB1;DNAJA1;BTG2;CREBBP;IRF1;CD38;PSEN1;CD44;SOD1;ADD1;DFFA;MCL1;PDCD4;DDIT3;DAP3;EBP;JUN;GADD45B;CASP8;VDAC2;BIRC3;RHOT2;IL1B;MGMT;CDC25B;CCND2;ROCK1;TNFSF10;HMGB2;BCL10;XIAP,age_changes_Mgk_02032026
Apical Surface,1,-0.206524232,-0.599315173,IL2RG;MAL;AKAP7;LYPD3;CRYBG1;SULF2;B4GALT1;GHRL;DCBLD2;HSPB1;BRCA1;TMEM8B;CROCC,age_changes_Mgk_02032026
Inflammatory Response,1,-0.242691977,-0.825544142,SELL;CCR7;CD48;ATP2B1;MYC;IL4R;BTG2;LY6E;RASGRP1;LCK;SRI;IRF1;IL7R;IFNAR1;PSEN1;CD55;PDE4B;IFNGR2;TAPBP;RGS1;NMI,age_changes_Mgk_02032026
p53 Pathway,0.082248115,0.402783294,1.628454379038888,DDIT4;TXNIP;EPS8L2;CDKN1A;FAS;TAP1;CCNG1;DRAM1;SAT1;SLC3A2;PVT1;RETSAT;AEN;DNTTIP2;ANKRA2;RAP2B;TRIB3;FUCA1;RPS27L;FDXR;HMOX1;JUN;S100A4;PPP1R15A;SLC7A11;ABHD4;MXD1;PERP;CTSF;F2R;CD82;PLXNB2;TSPYL2;MDM2;RHBDF2;RGS16;IP6K2;TAX1BP3;NOL8;PMM1;TP63;TRIAP1;SERTAD3;ISCU;ELP1;NINJ1;EPHX1;STOM;SEC61A1;SESN1;HINT1;BAX;PIDD1;RAB40C;HDAC3;CDKN2A;CCNK;BTG1;PRKAB1;RPL18;RRP8;PITPNC1;KIF13B;WWP1;VAMP8;POM121;RNF19B;ATF3;TRAFD1;TCN2;RCHY1;VWA5A;SLC35D1;PRMT2;ZFP36L1;IER3;ABAT;S100A10;ST14;CYFIP2;GM2A;CASP1,age_changes_PCs_02032026
Xenobiotic Metabolism,0.089989114,0.3522496193801523,1.4216102198860787,IGF1;FAS;KYNU;DHRS7;SLC1A5;BLVRB;ALDH9A1;PTGES3;SLC6A6;RETSAT;JUP;SLC12A4;ARPP19;PGD;HMOX1;ELOVL5;COMT;UGDH;PDLIM5;ETFDH;NQO1;PPARD;PYCR1;PMM1;CYB5A;MT2A;BCAT1;DHPS;CROT;NINJ1;SHMT2;EPHX1;SSR3;CES1;DHRS1;CASP6;CNDP2;DDAH2;SPINT2;ACOX3;HACL1;ALAS1;ASL;ESR1;ACO2;HPRT1;LCAT;ALDH2;ACP1;AHCY;IDH1;ABCD2;SLC35D1;SLC46A3,age_changes_PCs_02032026
TNF-alpha Signaling via NF-kB,0.097453649,0.35375771799185146,1.4292072753357725,MSC;CDKN1A;PLEK;CCL5;KYNU;CFLAR;CD44;TAP1;EIF1;EHD1;DRAM1;RELA;TNIP1;SAT1;NFKB2;GPR183;TNFAIP8;RELB;MARCKS;BIRC3;KLF6;JUN;PPP1R15A;CCL4;RIPK2;ZFP36;MXD1;MAFF;PDLIM5;IER2;PLAUR;ICAM1;IFNGR2;TRIB1;KLF10;LITAF;SOD2;NFE2L2;DUSP1;CD80;NFKBIA;SERPINB8;SQSTM1;NINJ1;ICOSLG;SGK1;TLR2;DUSP4;RCAN1;BTG1;SIK1;PER1;ZC3H12A;BCL2A1;TGIF1;PFKFB3;PNRC1;RNF19B;TRAF1;KLF9;ATF3;PTGER4;AREG;SLC2A3;IL15RA;IER3;MYC;BTG3;BHLHE40;TNIP2,age_changes_PCs_02032026
Interferon Gamma Response,0.10719133438159362,0.3396408846906163,1.3936045992588402,ARID5B;MVP;TXNIP;CDKN1A;CCL5;FAS;TAP1;CD74;ARL4A;TAPBP;IRF5;RBCK1;MTHFD2;IL15;PSMB9;CSF2RB;ZNFX1;FGL2;IFITM2;PTPN1;RIPK2;JAK2;TRIM26;TOR1B;PFKP;HLA-DQA1;ISG20;ISOC1;NLRC5;ICAM1;ITGB7;HLA-DMA;OASL;PELI1;GZMA;HELZ2;SOD2;CD40;C1R;MT2A;IL10RA;TDRD7;NFKBIA;TRIM14;SSPN;HLA-DRB1;ZBP1;PSMB8;APOL6;HERC6;SAMHD1;CASP4;CD86;ST8SIA4;NMI;UBE2L6;IRF4;STAT4;BTG1;HIF1A;IRF2;PML;IL18BP,age_changes_PCs_02032026
Epithelial Mesenchymal Transition,0.10847074950610813,0.3559133770814082,1.380102780612401,ENO2;LGALS1;TIMP1;ACTA2;FAS;CD44;VIM;EMP3;CAPG;SAT1;IL15;FUCA1;JUN;FLNA;GLIPR1;TGFBR3;PLAUR;ITGB1;NT5E;QSOX1;FBLN5;WIPF1;MYL9;SGCB,age_changes_PCs_02032026
Cholesterol Homeostasis,0.10885779945974278,0.3817895870360186,1.4346434674568929,ATF5;LGALS3;FDFT1;ANTXR2;ETHE1;TRIB3;CXCL16;IDI1;PLAUR;S100A11;LSS;ALDOC;STARD4;CYP51A1;HMGCS1;FBXO6;ANXA5;CTNNB1;CHKA;GUSB;CPEB2;DHCR7;PMVK;PNRC1;ATF3;ACSS2,age_changes_PCs_02032026
Apoptosis,0.11928175843831208,0.337669599,1.3627698788071732,ENO2;TIMP1;TXNIP;LMNA;CDKN1A;LGALS3;FAS;CFLAR;CD44;TAP1;RELA;SAT1;BIK;RETSAT;TSPO;GPX4;PDCD4;FDXR;HMOX1;PAK1;BIRC3;JUN;MGMT;ISG20;TGFBR3;F2R;XIAP;PPT1;RARA;ROCK1,age_changes_PCs_02032026
Reactive Oxygen Species Pathway,0.12788775551344594,0.3681263706360758,1.348684946847294,PRNP;MBP;GPX4;TXN;SELENOS;MSRA;FTL;GCLM;PFKP;NQO1;PDLIM1;SOD2,age_changes_PCs_02032026
Inflammatory Response,0.13062935935169132,0.3586792496206647,1.4347080641167345,CD70;TIMP1;CDKN1A;CCL5;EMP3;TAPBP;RELA;P2RX4;ICAM4;SLC7A1;GPR183;IL15;RHOG;SELENOS;KLF6;RIPK2;PIK3R5;MXD1;PLAUR;ABI1;ICAM1;RAF1;CD82;TLR1;IFNAR1;RGS16;GNAI3;IFNGR2;LYN;BEST1;KCNA3;CD40;IL10RA;LAMP3;NFKBIA;ICOSLG;SLAMF1;AHR;NMI;TLR2;ADRM1;CD55;TNFRSF1B;HIF1A;EBI3;PTGER2,age_changes_PCs_02032026
heme Metabolism,0.13293677253682093,0.327187074,1.3372946174894385,OPTN;RIOK3;ASNS;TCEA1;ATG4A;MGST3;BLVRB;AQP3;CAST;BLVRA;ACP5;ICAM4;ARL2BP;NUDT4;SLC6A9;ISCA1;FBXO7;NFE2L1;TMEM9B;NARF;SLC7A11;GCLM;RNF123;TFDP2;RAD23A;CTNS;LRP10;UBAC1;EZH1;UCP2;CLCN3;PPOX;ADIPOR1;CCDC28A;EIF2AK1;NR3C1;DCAF11;SLC10A3;MINPP1;HAGH;PGLS;HBB;ELL2;FECH;NCOA4;SDCBP;LAMP2;MKRN1;HTRA2;USP15;SLC2A1;SLC25A38;CIR1;SYNJ1;EPOR;HMBS,age_changes_PCs_02032026
Allograft Rejection,0.13885417086642746,0.3545149081553028,1.4505231818117699,HLA-E;TIMP1;HLA-DOB;CCL5;FAS;TAP1;SRGN;CD74;TAPBP;CAPG;HCLS1;TPD52;IL15;IL12RB1;UBE2N;IL27RA;FLNA;CCL4;FCGR2B;RIPK2;JAK2;HLA-DQA1;F2R;ABI1;ICAM1;UBE2D1;HLA-DMA;TLR1;MRPL3;GZMA;IFNGR2;LYN;CD79A;SPI1;CD40;CD80;BCAT1;NPM1;PRF1;CTSS;CSK;ICOSLG;MAP4K1;IL12A;ITGAL;CD86;GZMB;ST8SIA4;GPR65;CDKN2A;HLA-DOA;RPL39;IRF4;TLR6;TLR2;STAT4,age_changes_PCs_02032026
Complement,0.14514373261299035,0.32408082806831456,1.3145110759128353,TIMP1;CTSH;LGALS3;PLEK;CCL5;KYNU;EHD1;CD46;LTA4H;PSMB9;RHOG;GNG2;CTSC;JAK2;APOBEC3G;PIK3R5;PRCP;GNGT2;MAFF;GCA;CPQ;CTSO;PLAUR;RAF1;HSPA5;GZMA;GNAI3;LYN;FDX1;GMFB;C1R;RBSN;LIPA;SERPINA1;CTSS;RNF4;ANXA5;USP14;PRKCD;XPNPEP1;CSRP1;DUSP6;LAMP2;PRDM4;CASP4;GZMB;APOBEC3F;KIF2A;S100A12;USP15;CD55;IRF2;ANG;DOCK9;CR1;S100A13;ADAM9;PREP;CD59;IRF7;BRPF3;PDP1;PIK3CA;ZEB1;HSPA1A;CASP1;USP16;AKAP10;LGMN;CEBPB;GNB2;TNFAIP3;PIM1;LRP1,age_changes_PCs_02032026
KRAS Signaling Up,0.1505347855386157,0.3346614781568978,1.317332929390767,LY96;PRDM1;ADAM8;RABGAP1L;JUP;LAT2;KCNN4;FUCA1;BIRC3;SDCCAG8;PPP1R15A;WDR33;PLAUR;IKZF1;CDADC1;RGS16;TRIB1;EVI5;IL10RA;LAPTM5;NIN;CROT;DNMBP;CTSS;ANKH;PRELID3B;AVL9;PSMB8;MAP7;DUSP6;MAP4K1;ERO1A;CBX8;CAB39L;LCP1;USP12;KIF5C;TNFRSF1B;F13A1;HDAC9;PTBP2;DOCK2,age_changes_PCs_02032026
Androgen Response,0.1533685441277265,0.3926728915308106,1.508528047453256,ARID5B;MYL12A;ABHD2;SAT1;TPD52;ABCC4;HPGD;CDC14B;TNFAIP8;ELOVL5;DNAJB9;VAPA;IDI1;SORD;NGLY1;PDLIM5;PIAS1;UBE2J1;GNAI3;HMGCS1;APPBP2;UBE2I;ANKH;ELL2;MAP7;NCOA4;SGK1;PLPP1;PTK2B;CDK6;ADRM1;CAMKK2;TMEM50A;HERC3,age_changes_PCs_02032026
Hypoxia,0.15675523122202958,0.36423964359983435,1.4672365794960116,ENO2;DDIT4;CDKN1A;ATP7A;PGM1;TPD52;SLC6A6;HK1;PLIN2;ANXA2;HMOX1;KLF6;JUN;S100A4;GRHPR;PPP1R15A;IDS;WSB1;ZFP36;KLHL24;PFKP;BCL2;ISG20;PAM;MAFF;CITED2;PLAUR;HSPA5;GPI;KDELR3;VHL;SCARB1;ALDOC;HK2;ILVBL;PDK1;DUSP1;ZNF292;MT2A;NR3C1;SLC25A1;TPST2;RORA;XPNPEP1;ERO1A;TES;CASP6;NDST1;JMJD6;LARGE1;SLC2A1;BTG1;TMEM45A;GALK1;NAGK;PFKFB3;PNRC1;GBE1;CDKN1B;UGP2;ATF3;BNIP3L;SLC2A3,age_changes_PCs_02032026
Apical Junction,0.16791137694443983,0.320629487,1.2871154988249203,MAPK13;CERCAM;TSPAN4;ICAM2;ICAM4;RSU1;CTNNA1;JUP;DHX16;WASL;VASP;MYL12B;SYK;ITGB1;ICAM1;CNN2;RHOF;ITGA3;MDK;VAV2;ARHGEF6;CD99;RASA1;PKD1;SORBS3;PIK3R3;MYL9;MAPK11;RAC2;AMIGO2;CD86;ZYX;EXOC4;TIAL1;ADAM15;SYMPK;MAP3K20;ARPC2;MSN;IKBKG;TRAF1;ADAM9;KCNH2;CAP1;PLCG1;PIK3CB;CDK8;ITGB4;PTPRC;PECAM1;GAMT;SKAP2,age_changes_PCs_02032026
TGF-beta Signaling,0.1706043623755191,0.35249348609606024,1.2923944213088672,RAB31;BMPR1A;PPP1R15A;PPM1A;RHOA;XIAP;HDAC1;IFNGR2;SLC20A1;KLF10;APC;ACVR1;UBE2D3;TGFBR1;CTNNB1;TGIF1;PPP1CA;SPTBN1;WWTR1;ENG;BMPR2;HIPK2;SKI;MAP3K7;FNTA;FKBP1A;LEFTY2;SMAD7,age_changes_PCs_02032026
Coagulation,0.18384872797645446,0.3380592842324036,1.2719818698249736,TIMP1;CTSH;CAPN2;PLEK;LTA4H;F12;MAFF;CPQ;CTSO;C1R;USP11;SERPINA1;DUSP14;ISCU;CSRP1;DUSP6;LAMP2;MST1;ANG;S100A13;WDR1;RAC1;ADAM9;PREP;MMP11;CFD;PECAM1;LGMN;GNB2;LRP1;A2M;PRSS23;GSN;RAPGEF3;RABIF;SPARC;LEFTY2,age_changes_PCs_02032026
Pperoxisome,0.21842858567618095,0.3202888337738501,1.2484756998682192,MVP;ALDH9A1;RETSAT;GSTK1;TSPO;ACSL5;CNBP;ERCC1;ELOVL5;HSD17B11;IDI1;ACSL1;ISOC1;CDK7;PEX14;SLC27A2;PEX2;SOD2;ECI2;PEX11B;VPS4B;SMARCC1;SCP2;PABPC1;EHHADH;FIS1;SIAH1;PRDX1;SLC23A2;PEX5;GNPAT;IDH1;PEX11A;ABCD2,age_changes_PCs_02032026
Estrogen Response Late,0.22281762103557856,0.31135552637092184,1.2303078907028684,LLGL2;MAPK13;CD44;ABHD2;CLIC3;FDFT1;BLVRB;SLC9A3R1;SLC29A1;PDCD4;RAB31;ELOVL5;DYNLT3;NXT1;SLC16A1;JAK2;ZFP36;UGDH;BCL2;LSR;ISG20;SORD;PERP;SLC27A2;SCARB1;MDK;CHPT1;MICB;SLC2A8;SERPINA1;CKB,age_changes_PCs_02032026
Unfolded Protein Response,0.22305857110552896,0.3110371089556879,1.2249603974556098,DDIT4;HSPA9;PSAT1;ASNS;BAG3;EIF4A2;MTHFD2;HERPUD1;XPOT;CHAC1;ERN1;YWHAZ;MTREX;EEF2;DNAJB9;DCP1A;CEBPG;SPCS1;TSPYL2;HSPA5;KDELR3;PAIP1;NABP1;SDAD1;NPM1;SRPRA;IMP3;POP4;DCTN1;DKC1;ERO1A,age_changes_PCs_02032026
mTORC1 Signaling,0.2271015602951256,0.30193478392436013,1.2385845446340489,DDIT4;CDKN1A;HSPA9;PSAT1;CCNG1;ASNS;TCEA1;SLC1A5;MTHFD2;PGM1;LTA4H;SLC9A3R1;SLC6A6;TRIB3;FDXR;ELOVL5;FGL2;CTSC;PPP1R15A;SLC7A11;NFYC;IDI1;SORD;M6PR;PPA1;HSPA5;CANX;GPI;CACYBP;ADIPOR2;STARD4;HK2;CYP51A1;UCHL5;PDK1;PSME3;BCAT1;HMGCS1;ACTR3;COPS5;UBE2D3;PIK3R3;SQSTM1;TUBA4A;SHMT2;ERO1A;TES;UNG;GTF2H1;HSPA4;PSMC6;SEC11A;SLC2A1;PRDX1;SLA;PSMG1;SLC7A5;HMBS;DHCR7;HPRT1;GBE1;TXNRD1;IDH1;CCT6A;SLC2A3;ARPC5L;FKBP2;SC5D;RPN1;SRD5A1;STIP1;BHLHE40;CTH;TPI1;PNP;GSK3B;LGMN;P4HA1;SKAP2;ALDOA;ITGB2,age_changes_PCs_02032026
Glycolysis,0.23057118666520757,0.30370139054347395,1.2317547587778745,ENO2;DDIT4;IDUA;CD44;RBCK1;ALDH9A1;BIK;SLC16A3;TXN;ARPP19;AK3;BPNT1;PFKP;ISG20;PAM;PYGB;LHPP;XYLT2;CITED2;GALK2;PRPS1;GNE;HSPA5;KDELR3;SLC25A13;NT5E;HK2;CYB5A;ZNF292;QSOX1;PHKA2;PGLS;ERO1A;CHPF2;SRD5A3;CASP6;FUT8;GUSB;KIF2A;AKR1A1;GALK1;ANG;GFPT1;GLCE;NANP;UGP2;HAX1;MDH2;IDH1;AGL;IER3;SPAG4;CTH;EXT2;GNPDA1;TPI1;VEGFA;TSTA3;CHPF;P4HA1;TKTL1;ALDOA;NDUFV3;GOT2;SAP30;SOD1;PGAM1,age_changes_PCs_02032026
Fatty Acid Metabolism,0.2397387412812966,0.30046363077242855,1.2079180721341958,ENO2;LGALS1;MGLL;ALDH9A1;BLVRA;HPGD;RETSAT;CRYZ;ACSL5;TP53INP2;PCBD1;BCKDHB;ELOVL5;HSD17B11;HSDL2;GRHPR;UGDH;IDI1;ACSL1;ETFDH;SERINC1;ACOT2;ADIPOR2;HMGCS1;ECI2;APEX1;SUCLG2;ACSM3;SUCLA2;ACADM;METAP1;SDHA;EPHX1;MCEE,age_changes_PCs_02032026
Bile Acid Metabolism,0.2419465387251542,0.3193684465194027,1.2111964039791192,OPTN;PHYH;ALDH9A1;RETSAT;GSTK1;ACSL5;SLC29A1;FDXR;ABCA5;PEX16;HSD17B11;PECR;GCLM;IDI1;ACSL1;ISOC1,age_changes_PCs_02032026
IL-2/STAT5 Signaling,0.2496100037526478,0.2929355241260185,1.1981772020424633,PRNP;RNH1;AHNAK;CD44;ARL4A;CAPG;SLC1A5;RABGAP1L;MYO1E;P2RX4;COCH;PLIN2;POU2F1;GPX4;FGL2;SOCS2;CST7;KLF6;SLC39A8;CDC42SE2;SYNGR2;SNX14;PUS1;BCL2;MXD1;MAFF;ANXA4;ETFBKMT;RGS16;NT5E;HK2;MYO1C;SNX9;IL10RA;CYFIP1;RORA;BCL2L1;ITGAE;TNFRSF18;AHR;PLPP1;CD86;GPR65;SLC29A2;PTCH1;IRF4;SYT11;SWAP70;TNFRSF1B;PTGER2;PTRH2;TNFRSF4;SERPINB6;TRAF1;NCOA3;AHCY;SLC2A3;ITGAV;IL2RB;AMACR;DCPS;MYC;BHLHE40;HUWE1;TIAM1;IKZF4;TNFRSF8;PNP;AGER;SOCS1;HOPX,age_changes_PCs_02032026
Protein Secretion,0.2610078529926935,0.30027292017991103,1.1888081701763222,VAMP7;ATP7A;TPD52;ARFGAP3;ZW10;CTSC;AP2B1;ARF1;GALC;PAM;RAB5A;M6PR;TSG101;STX12;PPT1;SNAP23;CLCN3;ERGIC3;TMED2;TMED10;SSPN;VPS4B;LAMP2;RAB14;SCAMP1;NAPG;ICA1;MON2;RAB9A;BNIP3;SCRN1;CD63;AP3S1;VAMP3,age_changes_PCs_02032026
UV Response Dn,0.27407974841753013,0.29941456225464563,1.1785892737645756,MGLL;SLC7A1;SYNE1;ANXA2;KCNMA1;BCKDHB;SFMBT1;BMPR1A;TOGARAM1;MGMT;SIPA1L1;TGFBR3;PDLIM5;ANXA4;CITED2;PEX14;NR1D2;VAV2;PRDM2;DUSP1;SLC22A18;FBLN5;NR3C1;YTHDC1;PIK3R3;CELF2;ICA1;NIPBL;AGGF1;NOTCH2;CDKN1B;RASA2;PIAS3;ATRX;MYC;BHLHE40;ATP2C1;DBP;MIOS;MAP2K5;RUNX1,age_changes_PCs_02032026
Angiogenesis,0.4160464459944362,0.40615166780763384,1.1133995206756768,TIMP1;S100A4;VAV2,age_changes_PCs_02032026
Adipogenesis,0.42278534159521863,0.27336690180568773,1.116113684,DHRS7;RIOK3;MGLL;ARL4A;UBC;MGST3;PHYH;SLC1A5;MIGA2;PGM1;DRAM2;RETSAT;PLIN2;GPX4;PDCD4;BCL2L13;TKT;NKIRAS1;GPAT4;DNAJB9;SAMM50;GPHN;G3BP2;SQOR;PEX14;UCP2;ADIPOR2;SCARB1;REEP5;NABP1;CHCHD10;CD151;CS;SSPN;SLC25A1;GRPEL1;NDUFB7;ACADM;ATL2;SCP2;RMDN3;STOM;ESYT1;ARAF;DNAJC15,age_changes_PCs_02032026
Estrogen Response Early,0.4482600309796031,0.2749685908004864,1.0975300753888582,SH3BP5;CD44;ABHD2;CLIC3;FDFT1;BLVRB;AQP3;SLC9A3R1;NADSYN1;RAB31;ELOVL5;DYNLT3;NXT1;SLC16A1;JAK2;BCL2;RARA;SLC27A2;GAB2;SYNGR1;SCARB1;MREG;CHPT1;KLF10;MICB;TUBB2B;SLC2A1;SNX24;SLC7A5;DHCR7;ENDOD1;MYBL1;AREG;PEX11A;RPS6KA2;UNC119;SLC39A6;SLC26A2;ABAT;MYC;MYBBP1A;BHLHE40;ZNF185;TIAM1;MYB;DEPTOR;AFF1,age_changes_PCs_02032026
E2F Targets,0.4746192893401015,-0.304252466,-1,RRM2;STMN1;MCM7;TK1;NME1;PTTG1;CCNB2;CDKN2C;HMGB3;MKI67;CDKN3;EZH2;CDC20;CKS1B;AURKB;BIRC5;UBE2S;NASP;RANBP1;CKS2;DNMT1;SSRP1;TOP2A;HMGA1;RPA3;CENPM;PLK1;HMGB2;ASF1B;CNOT9;NCAPD2;LYAR;CBX5;CTCF;DONSON;SRSF2;NAP1L1;SMC4;MYBL2;CDCA3;CENPE;UBE2T;MAD2L1;CHEK1;MCM6;DLGAP5;SMC1A;CDK1;PCNA;NOP56;MCM4;RPA1,age_changes_PCs_02032026
G2-M Checkpoint,0.4746192893401015,-0.226931718,-1,STMN1;PTTG1;CCNB2;CENPF;SMC2;CDKN2C;TROAP;HMGB3;UBE2C;MKI67;CDKN3;EZH2;CDC20;NUSAP1;CKS1B;AURKB;BIRC5;UBE2S;NASP;TOP1;CKS2;TOP2A;DTYMK;HMGA1;PLK1;CENPA;GINS2;CTCF;RBM14;SRSF2;SMC4;MYBL2;CENPE;MAD2L1;CHEK1;MCM6;SMC1A;CDK1,age_changes_PCs_02032026
Interferon Alpha Response,0.5216405273555619,0.2725095242858288,1.068577635747178,TXNIP;TAP1;CD74;IL15;PSMB9;HLA-C;IFITM2;RIPK2;TRIM26;NUB1;TMEM140;ISG20;UBA7;OASL;HELZ2;TDRD7;LAMP3;TRIM14;CNP;PSMB8;HERC6;NMI;UBE2L6,age_changes_PCs_02032026
DNA Repair,0.5394068899290042,0.2610240022866353,1.0578969122425104,SMAD5;HCLS1;DCTN4;POLL;APRT;GPX4;MPC2;ERCC1;EIF1B;AK3;TAF13;POLR3GL;POLR2H;SNAPC4;NME3;STX3;RNMT;TSG101;IMPDH2;VPS28;TMED2;NELFCD;ELL;ELOA;USP11;POLR3C;GTF2A2;SDCBP;POLR2F;TAF6;GTF2H1;ITPA;SEC61A1;TARBP2;ZNF707;ADRM1;BRF2;POLR2K;ARL6IP1;DAD1;POM121;HPRT1;POLB;POLR2A;POLR1D;TAF1C;SF3A3;ERCC4;SUPT5H;EDF1;TK2;NFX1;NUDT21;BCAP31;POLE4;PNP;RALA;POLR2C;GUK1;GTF2H3;SUPT4H1;CMPK2;RRM2B;GTF2H5,age_changes_PCs_02032026
Notch Signaling,0.5952236960582725,0.31706981971734643,1.0240751119392888,APH1A;SKP1;PPARD;CUL1;NOTCH2;DTX2;PSEN2;FZD7;NOTCH1;SAP30;ARRB1,age_changes_PCs_02032026
UV Response Up,0.6010885779945975,0.2592120472168466,1.027934380725332,ENO2;HLA-F;TAP1;ASNS;SELENOW;AQP3;STARD3;HMOX1;CREG1;POLR2H;CEBPG;ICAM1;PPT1;EIF5;LYN;MGAT1;SOD2;NUP58;PARP2;NFKBIA;SQSTM1;GRPEL1;CNP;TUBA4A;PRKCD;EPHX1;CHKA;NAT1;STK25;BTG1;GRINA;ALAS1;POLG2;ATF3;KCNH2;BSG;HSPA13;POLE3;RPN1;STIP1;BTG3;RXRB;ALDOA;CDC5L;HYAL2;CYB5R1;ATP6V1F;TMBIM6;AP2S1;TFRC;EIF2S3;PSMC3;UROD;E2F5;PPAT;PPP1R2,age_changes_PCs_02032026
Hedgehog Signaling,0.613758772,0.33432633007699075,1.0293245297503135,TLE1;RASA1;PTCH1;CDK6;PML;HEY1;VEGFA;ETS2;ADGRG1;DPYSL2,age_changes_PCs_02032026
Myc Targets V2,0.6147556256817233,0.273919564,1.0119925562073688,NDUFAF4;PPRC1;AIMP2;GRWD1;PUS1;SORD;RABEPK;NIP7;WDR74;HK2;NPM1;UNG;SLC29A2;MAP3K6;TFB2M;RCL1;MYC;MYBBP1A;SUPV3L1;CDK4,age_changes_PCs_02032026
Oxidative Phosphorylation,0.6235323825428588,0.24216592534959933,1.003489721210519,HSPA9;MGST3;PHYH;ACAT1;CYB5R3;RETSAT;ATP6V0E1;GPX4;ATP5MG;RHOT1;ISCA1;HADHA;NQO2;SLC25A12;COX10;UQCRC2;ATP6V1G1;MRPL34;NDUFV1;ETFDH;GPI;MTX2;LRPPRC;FDX1;AFG3L2;CYB5A;CS;ATP1B1;UQCRH;BDH2;ISCU;SUCLA2;GRPEL1;SLC25A6;GLUD1;NDUFB7;ACADM;PHB2;SDHA;ATP6V1E1;SLC25A3;POLR2F;ATP6AP1;OXA1L;BAX;MTRR;VDAC1;VDAC2;HTRA2;CPT1A;ALAS1;MTRF1;COX7A2L;ACO2;TCIRG1;MDH2;ACAA2;IDH1;OAT;ABCB7;NDUFB5;COX4I1;AIFM1;PDP1;TOMM70;SUPV3L1;SLC25A5;NDUFA3,age_changes_PCs_02032026
Myogenesis,0.7608434463572955,0.23612851179026056,0.9394198296216179,IGF1;PRNP;CDKN1A;EIF4A2;TNNI2;TPM3;SYNGR2;SMTN;ACSL1;ITGB1;PLXNB2;NQO1;MYO1C;DMPK;SORBS3;CKB;SSPN;PDE4DIP;ATP6AP1;FLII;LARGE1;KCNH2;PSEN2;HDAC5;AGL;BHLHE40;MEF2A;PICK1;ITGB4;CFD;NOTCH1;WWTR1;CHRNB1;PDLIM7;CRAT;RIT1;GSN;LSP1;MYL2;SH3BGR;SPARC;RB1;TAGLN;MAPK12;GABARAPL2;MAPRE3;FKBP1B;ENO3;IFRD1;MEF2C;VIPR1;CD36;SH2B1;TPM2;PTP4A3;SIRT2;MYLPF;FHL1;RYR1;TNNC2;PKIA;MYH9;AKT2;GAA;IGFBP7;MYL4;LPIN1;SPEG;MYH3;ACTN3;GNAO1;BAG1;FXYD1;OCEL1;APP;PYGM;MYLK;FOXO4,age_changes_PCs_02032026
PI3K/AKT/mTOR  Signaling,0.7624139759768513,0.24501788641189748,0.9466094978895525,CDKN1A;UBE2N;TRIB3;RPS6KA1;ARF1;RALB;RAF1;RPTOR;PRKAR2A;PDK1;PLA2G12A;ACTR3;ATF1;UBE2D3;PIK3R3;THEM4;SQSTM1;MKNK1;CAB39L;SLC2A1;ECSIT;SLA;CDKN1B;RAC1;ARPC3;PLCG1;MAPK8;TIAM1;YWHAB;CDK4;EIF4E;E2F1;PPP1CA;GSK3B;PAK4;RIT1;ACTR2;DAPP1;ARHGDIA;RPS6KA3;MAP3K7;DDIT3;CALR;NOD1;TRAF2,age_changes_PCs_02032026
Spermatogenesis,0.8663782803614434,0.2352115589439999,0.885183194,ARL4A;RAD17;PHF7;PEBP1;PHKG2;ACRBP;MLLT10;DBF4;PRKAR2A;ZC3H14;PARP2;CCT6B;COIL;MAP7;RPL39L;MAST2;IFT88;PSMG1;DPEP3,age_changes_PCs_02032026
Mitotic Spindle,0.8896850035421983,0.21048644818621237,0.8625957897318622,KIF22;MYO1E;PCGF5;SORBS2;CLIP1;WASL;CEP192;MARCKS;KATNA1;PXN;FLNA;TUBGCP2;CLIP2;PDLIM5;ARHGEF7;TUBGCP5;ABI1;FGD4;RHOF;ROCK1;CEP57;LRPPRC;KATNB1;TBCD;YWHAE;ARHGAP10;STAU1;RAB3GAP1;RASA1;NIN;APC;KIFAP3;TUBA4A;ARHGAP5;ARHGEF2;HOOK3;ALMS1;CAPZB;RACGAP1;CLASP1;CDC42;ARHGEF3;ANLN;NOTCH2;EZR;SHROOM1;DOCK2;TRIO;KIF15;PAFAH1B1;LATS1;MYO9B;SSH2;MAPRE1;RASA2,age_changes_PCs_02032026
Myc Targets V1,0.9709914123291538,0.15439410241919874,0.6402408494937762,PTGES3;PABPC4;YWHAQ;SRPK1;XPOT;EIF4G2;CNBP;AIMP2;CLNS1A;EIF4H;IMPDH2;CANX;RNPS1;PWP1;HNRNPA3;YWHAE;CCT7;SNRPA1;NPM1;STARD7;APEX1;CUL1;COPS5;BUB3;GLO1;UBA2;SMARCC1;PHB2;U2AF1;RPLP0;SERBP1;SLC25A3;PABPC1;VDAC1;HDDC2;PSMC6;ERH;UBE2E1;ORC2;RPL18;AP3S1;PRDX4;HPRT1;G3BP1;SNRPA;ACP1;VBP1;EEF1B2;PRPF31;POLE3;TOMM70;MYC;PRPS2;PPM1G;LSM2;CDK4;EIF4E,age_changes_PCs_02032026
Apical Surface,0.9719454417085704,0.24202244455042787,0.7936507878442861,PLAUR;ADIPOR2;LYN;FLOT2;MDGA1;CROCC;NCOA6;IL2RB;CRYBG1;AFAP1L2;ADAM10;AKAP7;GATA3;CD160,age_changes_PCs_02032026
IL-6/JAK/STAT3 Signaling,0.9785546469818533,0.20312002030014262,0.7677817018444962,FAS;CD44;IL12RB1;CSF2RB;HMOX1;PTPN1;JUN;PIK3R5;IFNAR1;IFNGR2,age_changes_PCs_02032026
Pancreas Beta Cells,0.9915890407903643,0.2303976914621584,0.6404297020838874,SPCS1;SRP9;SEC11A;MAFB;SRP14;SRPRB;LMO2,age_changes_PCs_02032026
KRAS Signaling Dn,1,0.17319362886130854,0.6522008514086739,IDUA;VPS50;YPEL1;DTNB;CD80;MFSD6;CAMK1D;PLAG1;SGK1;MTHFR;CLSTN3;MAGIX;SLC29A3;BARD1;KMT2D;IFNG;GAMT;COPZ2;SIDT1;CDKAL1;MSH5;UGT2B17;GTF3C5;OXT;STAG3;CPEB3;VPREB1;SNN;NR6A1;CD40LG;SLC16A7;RYR1;ZC2HC1C,age_changes_PCs_02032026
Wnt-beta Catenin Signaling,1,0.20036625460613716,0.6825478378414979,PPARD;DVL2;CUL1;CTNNB1;NUMB;PTCH1;PSEN2;HEY1;HDAC5;MYC;AXIN1;NOTCH1;NCSTN;FRAT1,age_changes_PCs_02032026
Coagulation,0,0.492499506,1.9842779405121325,CLU;CAPN2;CTSH;ANXA1;CPQ;CFH;TIMP1;FYN;F8;PRSS23;SIRT2;PLEK;CSRP1;MAFF;SERPINA1;ISCU;WDR1;DPP4;RAC1;LTA4H;CTSB;C1R;PECAM1;LRP1;CTSK;HPN;APOA1;CFD;CTSO;F2RL2,age_changes_gd_Tcells_02032026
Interferon Gamma Response,0,0.44929704003966303,1.962561973325604,ZBP1;HLA-DRB1;HLA-DMA;IL15;GZMA;IL10RA;STAT4;HLA-DQA1;CCL5;CFH;VCAM1;IL18BP;CASP1;CD74;FAS;AUTS2;CIITA;IL2RB;FGL2;CD40;XCL1;PDE4B;MT2A;TAPBP;RIPK2;CASP8;PTPN1;UPP1;OASL;SRI;MYD88;SPPL2A;IFITM2;FPR1;TRIM26;SLAMF7;MTHFD2;CMKLR1;PFKP;MVP;IL15RA;IFIT2;LATS2;CDKN1A;IRF4;GBP4;JAK2;PSMB9;TNFAIP2;IL7;IFIT3;VAMP8;BPGM;SOD2;ITGB7;CMTR1;IFITM3,age_changes_gd_Tcells_02032026
Epithelial Mesenchymal Transition,0,0.4884668799734049,1.9587609669341846,LGALS1;IGFBP3;IL15;FLNA;ITGB1;GLIPR1;SGCB;TIMP1;VCAM1;ENO2;WIPF1;CADM1;TGFBR3;VIM;FAS;ACTA2;PLOD3;PLOD1;SGCD;NOTCH2;VCAN;TGFBI;PPIB;COL6A2;IL32;RHOB;PDGFRB;CAPG;FUCA1;ID2;PLAUR;ITGAV,age_changes_gd_Tcells_02032026
Allograft Rejection,0,0.4887565849132952,2.0791730897539162,CDKN2A;F2R;HLA-DMA;CD2;HLA-DRA;IL15;GZMA;STAT4;KLRD1;GZMB;FLNA;HLA-DQA1;CCL5;NCF4;CTSS;TIMP1;CD8A;PRF1;GPR65;CD74;FAS;CCL4;IL2RB;SRGN;IL12RB1;MAP4K1;CD40;NCR1;TLR3;CD8B;ITGAL;TPD52;IFNG;CD4;TAPBP;RIPK2;ITGB2;FCGR2B;IL2RA;CSF1;TNF;SPI1;FGR;IGSF6;LYN;CAPG;HLA-DMB;IFNGR1;HCLS1;IRF4;JAK2;HDAC9;IL7,age_changes_gd_Tcells_02032026
Apoptosis,0,0.4584240991723159,1.939847120356905,F2R;CLU;CD2;LGALS3;ANXA1;TIMP1;TSPO;HMGB2;ENO2;PRF1;CASP1;TGFBR3;FAS;FEZ1;PEA15;CASP8;SQSTM1;MADD;SLC20A1;RETSAT;LMNA;EBP;PDCD4;TNF;ERBB2;FDXR;BCAP31;RHOB;PDGFRB;BTG3;PSEN2;IFNGR1;PLCB2;CDKN1A;HMOX1;PMAIP1;BCL2L1;WEE1;RELA;CDC25B;PPP2R5B;SOD2;IFITM3;DNAJC3;CFLAR;RHOT2,age_changes_gd_Tcells_02032026
Complement,0.000381825,0.43890458431287294,1.8739118978806282,CLU;GZMA;GZMB;CTSH;LGALS3;ANXA5;CCL5;CPQ;CFH;CTSS;TIMP1;FYN;F8;CASP1;CBLB;GZMK;LIPA;HSPA5;PLEK;VCPIP1;S100A9;CSRP1;S100A12;GNG2;MAFF;CTSC;PRKCD;CALM3;SERPINA1;CDA;RBSN;LYN;PRDM4;FCN1;KYNU;ME1;DUSP5;JAK2;DPP4;PLAUR;PSMB9;L3MBTL4;GNGT2;XPNPEP1;LTA4H;CTSB;STX4;C1R;APOBEC3G;PRCP;CALM1;EHD1;CEBPB;LRP1;F5;SPOCK2;CPM;GCA;WAS;CTSO;CP;RNF4;MSRB1;HSPA1A,age_changes_gd_Tcells_02032026
IL-2/STAT5 Signaling,0.001963672,0.41544189086446376,1.7787147280411655,CST7;MAP3K8;TNFRSF1B;IL10RA;ANXA4;BHLHE40;AHNAK;HOPX;SERPINB6;GABARAPL1;GPR65;RABGAP1L;PTGER2;IL18R1;SYT11;IL2RB;FGL2;CDC42SE2;EOMES;PRNP;DHRS3;TNFRSF18;BATF;RORA;PTCH1;PLIN2;TWSG1;NFKBIZ;TNFRSF9;MAFF;IL2RA;PHLDA1;TRAF1;CSF1;PHTF2;ODC1;TNFRSF4;FAH;RHOB;DCPS;CCR4;PLPP1;NDRG1;SYNGR2;CAPG;GALM;IFNGR1;SOCS2;MYO1C;IRF4;GBP4;BCL2L1;ITGAV;CTLA4;COL6A1;SLC1A5,age_changes_gd_Tcells_02032026
Inflammatory Response,0.013459335624284079,0.3818035348679721,1.6182190416651436,CD70;IL15;TNFRSF1B;IL10RA;CCL5;PROK2;TIMP1;NMUR1;PTGER2;IL18R1;SLC4A4;IL2RB;CD40;TLR3;PDE4B;TAPBP;RIPK2;PTPRE;SRI;TNFRSF9;BEST1;FPR1;GPR132;CSF1;ADRM1;CMKLR1;NOD2;LYN;PTAFR;IL15RA;C5AR1;MEFV;CYBB;CDKN1A;PLAUR;RELA;LDLR;KCNA3;OSM;CSF3R;CXCL8;AQP9;CD82;ICAM1;HIF1A;SELENOS;EMP3;ABI1;GNA15;NLRP3;HPN;IFITM1;C3AR1;EIF2AK2;TNFSF9;KIF1B,age_changes_gd_Tcells_02032026
Myc Targets V1,0.015985790408525758,-0.441167365,-1.693366127,APEX1;MYC;NOP56;IMPDH2;PSMA4;MCM7;POLD2;NME1;CCT2;TRIM28;LSM2;PSMA7;SET;CBX3;EIF3J;DDX21;C1QBP;PSMA1;CCT3;GNL3;TXNL4A;SSBP1;SERBP1;PSMA2;EIF3B;CLNS1A;EIF3D;HDGF;PSMC6;NAP1L1;HSPD1;EIF2S2;NHP2;SRSF3;RSL1D1;SLC25A3;HNRNPD;HSP90AB1;SRM;ACP1;ILF2;CCT5;SMARCC1;SYNCRIP;CTPS1;RANBP1;PPM1G;NPM1;PSMD8;GSPT1;NCBP2;EEF1B2;PCNA;HNRNPA2B1;MAD2L1;ABCE1;UBE2E1;SNRPB2;PHB2;RPL22;RACK1;YWHAE;FBL;TARDBP;PGK1;VBP1;RPS10;FAM120A;HDAC2;PCBP1;RPS5;EIF4A1;PHB;TRA2B,age_changes_gd_Tcells_02032026
Myogenesis,0.016036655211912942,0.3916917645797131,1.5899543140940884,IGFBP3;CLU;GNAO1;ITGB1;NCAM1;BHLHE40;TPM3;DAPK2;SIRT2;PRNP;KIFC3;SGCD;FXYD1;FKBP1B;ACSL1;LSP1;IGFBP7;RB1;SORBS3;AGL;ADCY9;COL6A2;PSEN2;SYNGR2;MYH9;MYO1C;CDKN1A;PFKM,age_changes_gd_Tcells_02032026
Myc Targets V2,0.020481793960923624,-0.497044408,-1.625706543,MYC;NOP56;PPAN;DCTPP1;CBX3;GNL3;HSPD1;SLC19A1;EXOSC5;IPO4;SRM;MRTO4;WDR43;TBRG4;SORD;NPM1;WDR74;MPHOSPH10;BYSL;PHB;HSPE1;RRP12;PUS1;NOP16;GRWD1;TMEM97,age_changes_gd_Tcells_02032026
Wnt-beta Catenin Signaling,0.025643872,-0.522727367,-1.575805661,LEF1;TCF7;MYC;AXIN2;TP53;RBPJ,age_changes_gd_Tcells_02032026
Protein Secretion,0.030698739977090495,0.3914986699700149,1.511099569539845,CD63;AP2B1;GALC;TPD52;TMED2;TMED10;RAB9A;PAM;CTSC;ARF1;SNX2;SEC24D;SEC31A;ARFIP1;NAPA;MON2;VAMP3;VAMP7;SGMS1;ANP32E;TMX1;AP3B1;CLTC;LMAN1;GBF1;VPS4B;AP3S1;M6PR;IGF2R;SNAP23;KIF1B;PPT1;STX7;USO1;GLA;ATP1A1;RAB14;SCAMP3;LAMP2;YKT6;VAMP4;GOLGA4;RAB2A;YIPF6;VPS45;KRT18;STX12;AP1G1;ARCN1,age_changes_gd_Tcells_02032026
p53 Pathway,0.033531188,0.34768472315698523,1.4874380696319178,CDKN2A;F2R;RPS27L;CGRRF1;DDB2;ZNF365;CASP1;FAS;S100A4;PERP;CCNG1;STOM;CEBPA;RHBDF2;KIF13B;PTPRE;DRAM1;UPP1;SEC61A1;RETSAT;TOB1;PMM1;AEN;RB1;ISCU;DDIT4;FDXR;SERTAD3;MAPKAPK3;NDRG1;S100A10;FUCA1;CDKN1A;HMOX1,age_changes_gd_Tcells_02032026
Cholesterol Homeostasis,0.043337152,0.398352004,1.4528220113180867,CLU;LGALS3;ANXA5;LSS;ABCA2;STARD4;MVD;S100A11;EBP;ERRFI1;ACSS2;ANTXR2;DHCR7;ETHE1;GUSB;CXCL16;PLAUR;LDLR;SREBF2;IDI1;CYP51A1;FBXO6;ATF3,age_changes_gd_Tcells_02032026
mTORC1 Signaling,0.046347696,0.32644196138256704,1.4362656683113961,BHLHE40;SKAP2;SLC7A5;FGL2;HSPA5;TBK1;CCNG1;SLC1A4;STARD4;SQSTM1;UCHL5;CALR;ITGB2;EBP;TPI1;ARPC5L;CTSC;GPI;HSPA9;MTHFD2;ADIPOR2;DDIT4;FDXR;TUBA4A;ACLY;CANX;SYTL2;FADS1;UFM1;RPN1;PSMD12;ME1;DHCR7;SRD5A1;GGA2;CDKN1A;G6PD;ACSL3;SSR1;INSIG1;SLC1A5;DHCR24;SLC2A1;LDLR;ALDOA;LTA4H;PIK3R3;HSP90B1;IDI1;GAPDH;PGM1;PSMC2;SLC9A3R1;CYP51A1,age_changes_gd_Tcells_02032026
KRAS Signaling Up,0.060873834,0.3353402126512903,1.3916542048971872,IGFBP3;PRDM1;TNFRSF1B;IL10RA;NAP1L2;CFH;CTSS;RABGAP1L;ADAM8;LCP1;MAP4K1;CDADC1;ITGB2;LAT2;GALNT3;TRAF1;CMKLR1;CAB39L;KIF5C;FUCA1;CD37;GFPT2;ID2;PLAUR;HDAC9;LAPTM5;TMEM176B,age_changes_gd_Tcells_02032026
TNF-alpha Signaling via NF-kB,0.06216113,0.32132278192207864,1.3761002949936034,MAP3K8;LITAF;MSC;BCL2A1;CCL5;BHLHE40;CCL4;CLCF1;PLEK;PDE4B;RIPK2;FOSL2;TNIP1;SQSTM1;PTPRE;DRAM1;PDLIM5;TNFRSF9;MAFF;B4GALT1;SERPINB8;PHLDA1;TRAF1;CSF1;TNF;ZFP36;RHOB;IL15RA;KYNU;IFIT2;BTG3;PANX1;DUSP5;TIPARP;CDKN1A;ZC3H12A;GFPT2;ID2;PLAUR;TNFAIP2;RELA;PER1;SMAD3;LDLR;SOD2;CFLAR;TANK;DUSP2;ICAM1;ATF3;PHLDA2;IFIH1;EHD1;AREG;CEBPB;SLC16A6,age_changes_gd_Tcells_02032026
IL-6/JAK/STAT3 Signaling,0.093642612,0.3552189138023006,1.317104912,MAP3K8;TNFRSF1B;FAS;IL18R1;IL12RB1;PTPN1;MYD88;IL2RA;CSF1;TNF;IL15RA;IFNGR1;HMOX1;IL7;IL13RA1;LEPR;CSF3R,age_changes_gd_Tcells_02032026
Angiogenesis,0.11040200730922381,0.4517845843442826,1.2640853629478166,TIMP1;S100A4;VCAN;ITGAV;LRPAP1,age_changes_gd_Tcells_02032026
Unfolded Protein Response,0.11156930126002292,0.30706054251326453,1.268051319546845,HERPUD1;SLC7A5;PDIA6;HSPA5;POP4;SLC1A4;SRPRA;YWHAZ;DCTN1;CALR;WIPI1;HYOU1;MTREX;HSPA9;MTHFD2;DDIT4;EXOC2;SEC31A;XPOT;SPCS1;EXOSC10;ERN1;PARN;SSR1;BAG3;SHC1;HSP90B1;DNAJC3;EIF4EBP1;SDAD1;DNAJB9;ATF3,age_changes_gd_Tcells_02032026
UV Response Dn,0.11319379360616474,0.31468141582015546,1.2561052172739768,ANXA2;ANXA4;BHLHE40;PTPRM;FYN;INPP4B;TGFBR3;ATXN1;SYNE1;NOTCH2;BMPR1A;PDLIM5;SRI;NR1D2;SFMBT1;ATP2B4;MT1E;ERBB2;PDGFRB;INSIG1;SMAD3;PIAS3;LDLR;PIK3R3,age_changes_gd_Tcells_02032026
Xenobiotic Metabolism,0.11502984264785675,0.3001355848536262,1.270910297146302,PTGDS;DHRS7;GABARAPL1;FAS;CES1;MT2A;UPP1;BLVRB;PDLIM5;RETSAT;TMBIM6;NPC1;ASL;PTGES3;PMM1;NDRG2;CDA;FAH;SLC35B1;KYNU;SSR3;HMOX1;ID2;TMEM176B;ARPP19;SLC1A5;CYFIP2;AQP9;MAN1A1;ELOVL5;ABCD2;ENTPD5;PTS;CYP27A1,age_changes_gd_Tcells_02032026
Hypoxia,0.11683848797250859,0.30174643797310946,1.2764369232673345,IGFBP3;ANXA2;BHLHE40;ENO2;IDS;S100A4;HSPA5;TPD52;RORA;JMJD6;PLIN2;MT2A;FOSL2;MAFF;ERRFI1;TPI1;PAM;TGFBI;GPI;MT1E;DDIT4;SLC25A1;PFKP;ZFP36;NDRG1;TIPARP;MYH9;CDKN1A;HMOX1;PLAUR;XPNPEP1;SLC2A1;ALDOA;GAPDH;PGM1;TKTL1;ATF3;VHL;SLC37A4;GALK1;GRHPR;P4HA1;HK1;MIF;SAP30;MXI1;WSB1;CP,age_changes_gd_Tcells_02032026
Fatty Acid Metabolism,0.11845562967455023,0.31242675647772816,1.2819706288993795,LGALS1;GLUL;ENO2;GABARAPL1;PCBD1;ACSL5;RETSAT;ACSL4;ACSL1;SERINC1;BLVRA;LTC4S;RAP1GDS1;ODC1;ADIPOR2;SDHA;HSDL2;ALAD;ME1;S100A10;ACADVL;SLC22A5;DHCR24;ALDOA;DLST;IDI1;HSD17B11;SMS;ELOVL5,age_changes_gd_Tcells_02032026
Oxidative Phosphorylation,0.1271369893428064,-0.361878506,-1.396496034,SLC25A5;ETFB;TIMM13;CYB5A;LDHB;ATP5F1C;COX7A2L;TIMM8B;FXN;NDUFB5;NDUFB3;UQCRC2;ECH1;BDH2;ATP5PO;NDUFA7;NDUFB8;ACADM;COX6C;NDUFS4;MTX2;NDUFA2;NDUFS2;SLC25A6;PDHB;UQCRH;ATP5PF;NDUFB2;SLC25A3;TIMM9;ATP5MF;NDUFC2;ATP5F1A;NDUFB1;NDUFB4;VDAC2;ATP5MG;ATP6V1F;SLC25A11;PMPCA;NDUFA9;PHB2;IDH3B;HSD17B10;NDUFA8;COX7C;COX15;MRPL15;ATP5ME;SDHD;MDH1;COX6B1;ATP5MC3;COX7B;NDUFB6;ACAA1;SUCLG1;ATP5F1E;PDHX;MRPS12;ATP5F1B;MRPS11;UQCRB;SURF1;NDUFS6,age_changes_gd_Tcells_02032026
KRAS Signaling Dn,0.16605239786856127,-0.3781228,-1.343761664,CHST2;SGK1;LYPD3;CCDC106;SNN;LFNG;PLAG1;TCL1A;ZBTB16;SPHK2;STAG3;PDE6B;KRT1;PDCD1;IFI44L;EDAR;IGFBP2;GAMT;CAMK1D;MX1,age_changes_gd_Tcells_02032026
TGF-beta Signaling,0.17093139431616342,-0.411925475,-1.319557143,ID3;NOG;FKBP1A;TRIM33;TGIF1;SMURF2;SPTBN1;ACVR1;PPM1A;SKI;HIPK2;IFNGR2;PMEPA1;HDAC1,age_changes_gd_Tcells_02032026
Androgen Response,0.20319737038697147,0.3005730715988699,1.1715818635659927,INPP4B;CDC14B;TPD52;TMEM50A;PDLIM5;ABHD2;MAF;UBE2J1;B4GALT1;ADRM1;ADAMTS1;SEC24D;UAP1;FADS1;PLPP1;NDRG1;ACSL3;ABCC4;INSIG1;ITGAV;DHCR24;IQGAP2;IDI1;PIAS1;SMS;GPD1L;LMAN1;ELOVL5;DNAJB9,age_changes_gd_Tcells_02032026
Reactive Oxygen Species Pathway,0.23861133139483656,0.32116927300118714,1.132475089570043,PDLIM1;PRNP;PRDX4;LSP1;PFKP;G6PD;SOD2;TXN;SELENOS;SCAF4;HHEX,age_changes_gd_Tcells_02032026
Adipogenesis,0.24083619702176404,0.2593386762211211,1.1419434089732403,DHRS7;MGST3;NDUFB7;RAB34;REEP5;APLP2;CD151;STOM;GPAT4;PLIN2;BAZ2A;COX8A;RETSAT;CD302;TOB1;CDKN2C;PDCD4;LTC4S;ADIPOR2;RNF11;SLC25A1;FAH;ACLY;ME1;DHCR7;IFNGR1;RMDN3;GRPEL1;BCL2L13;SLC1A5;RIOK3;SCP2;ALDOA;TANK;PGM1;UQCRC1;PEX14,age_changes_gd_Tcells_02032026
Pperoxisome,0.2415578465063001,0.29010150455010425,1.1359343314484518,TSPO;CADM1;ATXN1;DHRS3;ACSL5;RETSAT;ACSL4;ACSL1;SLC25A4;CNBP;FADS1;MVP;DHCR24;SCP2;SOD2;IDI1;PEX14;HSD17B11;STS;ELOVL5;ABCD2;ABCB1;VPS4B;SLC27A2,age_changes_gd_Tcells_02032026
Apical Surface,0.2540598832783557,-0.429345529,-1.252162228,MAL;LYPD3;HSPB1;SULF2;APP;IL2RG;AKAP7,age_changes_gd_Tcells_02032026
Glycolysis,0.2611683848797251,0.261160249,1.1137505331503341,IGFBP3;ENO2;B3GAT1;HSPA5;PLOD1;ECD;GFPT1;VCAN;B4GALT1;TPI1;PAM;TGFBI;GOT2;GNE;AGL;DDIT4;PFKP;ME1;B4GALT4;PKM;PGAM1;G6PD;GUSB;ARPP19;IL13RA1;ALDOA;AK3;TXN;TKTL1;CHPF;CHST12;SLC37A4;PYGL;GALK1;QSOX1;CHPF2;ALG1;P4HA1;MIF;TGFA;SAP30;MXI1;ALDH9A1;CDK1;GALE;PYGB,age_changes_gd_Tcells_02032026
Apical Junction,0.2615774832269678,0.2674062814461434,1.1076858286105193,ITGB1;CTNNA1;VCAM1;ACTN4;SKAP2;SGCE;VCAN;CD99;MSN;MVD;B4GALT1;TGFBI;TRAF1;SORBS3;CAP1;VCL;MYH9;VASP;ADAM15;IKBKG;SYK;INSIG1;ZYX;SHC1;PIK3R3;GTF2F1;CERCAM;ICAM1;INPPL1;EXOC4;STX4;SIRPA;PECAM1;DHX16;NEXN;NF2;NECTIN3,age_changes_gd_Tcells_02032026
E2F Targets,0.26382798623445824,-0.321797112,-1.230264841,SMC4;STMN1;CKS1B;PAICS;MYC;HMGA1;TP53;NOP56;MCM7;NASP;POLD2;NME1;MSH2;DCK;DCTPP1;TACC3;ORC6;CTCF;LUC7L3;CKS2;PNN;CBX5;NAP1L1;SNRPB;HNRNPD;TBRG4;SYNCRIP;CTPS1;RANBP1;GSPT1;EZH2;PCNA;HMGB3;MAD2L1;PSIP1;TFRC;EXOSC8;UBE2S;STAG1;PDS5B;ING3,age_changes_gd_Tcells_02032026
Bile Acid Metabolism,0.27649405537780936,0.28160784910552655,1.093909853709925,ATXN1;OPTN;NR3C2;ABCA2;ACSL5;RETSAT;NPC1;ACSL1;FDXR;FADS1;PFKM;PAOX;DHCR24;SCP2;PEX19;IDI1;AQP9;HSD17B11;ABCD2;SLC22A18;CYP27A1;SLC27A2;APOA1;ALDH9A1;PEX11G;GNMT;ABCA3;IDH2;SLC35B2,age_changes_gd_Tcells_02032026
Hedgehog Signaling,0.27705231004200076,0.36235139086903645,1.0887186077476634,ADGRG1;PTCH1;MYH9;AMOT;PML;HEY2,age_changes_gd_Tcells_02032026
Estrogen Response Early,0.30661634103019536,-0.321937255,-1.194225571,TIAM1;RETREG1;FAM102A;MAST4;BCL11B;MYB;MYC;IGF1R;NRIP1;CLDN7;AQP3;KDM4B;FLNB;IL6ST;RASGRP1;ELF1;OPN3;ABLIM1;RBBP8;SVIL;MED13L;AKAP1;TMEM164;FASN;HES1;CBFA2T3;RARA;KLF4,age_changes_gd_Tcells_02032026
heme Metabolism,0.31023907179544025,0.25282818989040645,1.0663371108708484,CAST;MGST3;OPTN;TENT5C;ENDOD1;BSG;RNF19A;HTATIP2;PICALM;FBXO7;BLVRB;DMTN;ADIPOR1;SLC10A3;BLVRA;LRP10;GDE1;ARL2BP;CIR1;ALAD;TMEM9B;NFE2L1;SEC14L1;RIOK3;SLC2A1;TSPAN5;BPGM;ACSL6;PPP2R5B;CTSB;KHNYN;EIF2AK1;CDC27;VEZF1;ISCA1;NFE2;NEK7;ERMAP;MXI1;HBQ1;ELL2,age_changes_gd_Tcells_02032026
Interferon Alpha Response,0.3395618556701031,0.2667373901433917,1.0465549628729371,IL15;CASP1;CD74;TENT5A;RIPK2;CASP8;OASL;IFITM2;TRIM26;CSF1;NUB1;UBA7;IFIT2;LPAR6;GBP4;PSMB9;IL7;IFIT3;CMTR1;IFITM3;GBP2;IFIH1;MOV10;IFITM1;TRIM21;EIF2AK2;TMEM140;TRAFD1;CD47;IFI30;RNF31,age_changes_gd_Tcells_02032026
G2-M Checkpoint,0.6249444937833037,-0.277292915,-1.058696687,SMC4;STMN1;CKS1B;MYC;HMGA1;NASP;MTF2;TACC3;ORC6;CTCF;CUL3;CKS2;RBM14;CASP8AP2;HMGN2;CBX1;SFPQ;HNRNPD;FBXO5;TOP1;SMARCC1;SYNCRIP;SMC2;GSPT1;EZH2;HMGB3;ABL1;MAD2L1;PRMT5;MAPK14;CENPF;UBE2S;STAG1;PDS5B;DTYMK;NDC80;TENT4A;TRA2B;WRN;YTHDC1;SMC1A;PRPF4B;BARD1;RPA2;ARID4A;NUP50;ATF5;KMT5A;NSD2;CCND1;TNPO2;LBR;TMPO;SRSF10;NCL;SLC12A2,age_changes_gd_Tcells_02032026
Pancreas Beta Cells,0.8679976772783168,-0.372143798,-0.920960013,STXBP1;SEC11A;FOXO1;SRP9;SRPRB,age_changes_gd_Tcells_02032026
Mitotic Spindle,0.9138127220248669,-0.24054875,-0.928973743,SMC4;TIAM1;RAB3GAP1;DLG1;EPB41;FLNB;UXT;SAC3D1;CYTH2;MYO1E;RANBP9;PPP4R2;SPTBN1;RALBP1;NCK2;FBXO5;CD2AP;EPB41L2;PKD2;RICTOR;BIN1;ABL1;FGD4;CENPJ;YWHAE;TLK1;ARHGEF2;CENPF;ARL8A;STK38L;CCDC88A;CEP57;CDC42;NET1;NDC80;DST;RAPGEF6;SMC3;SMC1A;MYH10;TRIO;NIN;PCM1;CLIP2;SHROOM1;CAPZB,age_changes_gd_Tcells_02032026
UV Response Up,0.9199322824156306,-0.225305489,-0.8305385,POLR2H;AQP3;IL6ST;DDX21;AGO2;RASGRP1;PLCL1;E2F5;CDC34;POLG2;NR4A1;DGAT1;PPAT;PRKACA;WIZ;EPHX1;DNAJA1;PPP1R2;AP2S1;CHKA;FEN1;IGFBP2;ATP6V1F;FKBP4;CDC5L;TFRC,age_changes_gd_Tcells_02032026
DNA Repair,0.9321357206292818,-0.234952713,-0.875672905,POLR2H;PDE6G;TP53;IMPDH2;CSTF3;NME1;GTF2H5;RALA;SRSF6;POLR1D;SAC3D1;ADA;POLR2G;UPF3B;PRIM1;ZWINT;RAE1;APRT;NCBP2;PCNA;POLR1C;BOLA2;FEN1;TAF1C;POM121;TAF10;CETN2,age_changes_gd_Tcells_02032026
Estrogen Response Late,0.9328980300339091,-0.258028375,-0.94643294,TIAM1;FAM102A;ETFB;SGK1;MYB;CD9;NRIP1;FLNB;IL6ST;RABEP1;PRKAR2B;COX6C;OPN3;RBBP8,age_changes_gd_Tcells_02032026
Notch Signaling,0.9667876919862084,-0.274229812,-0.769051605,MAML2;LFNG;PRKCA;HES1,age_changes_gd_Tcells_02032026
PI3K/AKT/mTOR  Signaling,0.9748001776198935,-0.236420921,-0.833278127,TIAM1;CAMK4;PTEN;LCK;IL2RG;MKNK2;MAPK8;MAP2K6;SMAD2;ARPC3;RPS6KA3;PDK1;CSNK2B,age_changes_gd_Tcells_02032026
Spermatogenesis,0.9809336145648313,-0.197455272,-0.672989775,CAMK4;STRBP;POMC;IP6K1;TLE4;ARL4A;PCSK4;EZH2;IFT88;PIAS2;JAM3;CSNK2A2;BRAF;SPATA6;SIRT1;COIL;CHFR,age_changes_gd_Tcells_02032026
Interferon Alpha Response,0,-0.600573161,-2.378242863,IRF9;IRF7;SAMD9L;IRF1;UBE2L6;SAMD9;IFI44L;ISG15;NCOA7;OAS1;BST2;DHX58;MX1;PARP14;EPSTI1;PSMA3;SELL;IFIH1;IFI44;STAT2;LY6E;PLSCR1;TRAFD1;IFI35;SP110;USP18;PSME2;CNP;LAP3;TRIM5;TRIM25;ADAR;PNPT1;EIF2AK2,age_changes_pDCs_02032026
Interferon Gamma Response,0.014485269436339692,-0.411885868,-1.7722717,IRF9;IRF7;SAMD9L;IRF1;UBE2L6;IFI44L;XAF1;NOD1;ISG15;VAMP8;BST2;VAMP5;DHX58;MX1;IRF8;NAMPT;MX2;IFNAR2;PARP14;EPSTI1;PSMA3;IFIH1;IFI44;PSMA2;STAT1;LYSMD2;SECTM1;STAT2;LY6E;P2RY14;PLSCR1;TRAFD1;CMKLR1;IFI35;SP110;USP18;PSME2;CASP4;LAP3;ITGB7;RIPK1;OAS2;TRIM25;ADAR;PNPT1;MTHFD2;EIF2AK2;BANK1;SRI;CD38;IFIT2;BTG1;SLAMF7;IL4R;HLA-DRB1;PTPN2;SLC25A28,age_changes_pDCs_02032026
Coagulation,0.067119155,0.36063962128452975,1.5859302972144211,CD9;DUSP6;ANXA1;THBD;S100A13;PECAM1;CTSH;APOA1;LTA4H;PLAU;ANG,age_changes_pDCs_02032026
Estrogen Response Late,0.070889894,0.333631262,1.6370793180800787,CD9;ALDH3B1;S100A9;RBBP8;SGK1;MDK;NXT1;TST;TOB1;XBP1;BTG3;SCARB1;SLC22A5;AREG;SLC7A5;ELOVL5;DHCR7;PPIF;COX6C;LSR;BATF;SERPINA1;JAK1;FKBP5;ABHD2;ZFP36;SLC16A1;HPRT1;CD44;BCL2;PLK4;CCND1;FLNB;ALDH3A2;RPS6KA2;ITPK1;TSPAN13;DNAJC12;FABP5;DLG5;GINS2;KCNK5,age_changes_pDCs_02032026
PI3K/AKT/mTOR  Signaling,0.079882001,-0.390194015,-1.545538244,IL2RG;NOD1;ATF1;CSNK2B;MKNK2;AKT1;STAT2;RIT1;EIF4E;PIKFYVE;IRAK4;RIPK1;ITPR2;ECSIT;PTEN;MAPK1;DDIT3;CDK4;PIN1;HRAS;RPS6KA1;CAB39;GRK2;MYD88;CALR;TBK1;RPS6KA3;LCK;CLTC;HSP90B1;CDK2;RAF1;GRB2;PLCB1;MAPKAP1;TNFRSF1A;SLC2A1;MAPK9;PTPN11;GSK3B;MAP3K7;TSC2;MAP2K6,age_changes_pDCs_02032026
Oxidative Phosphorylation,0.082367218,-0.337969917,-1.499920428,SLC25A4;ATP5PO;COX17;HCCS;NDUFB3;POR;UQCR10;CYCS;ATP6V1D;NDUFA7;NNT;NDUFB8;ATP6V0E1;ECHS1;MTX2;ATP6V1C1;SDHD;ATP5F1B;TIMM8B;MRPL34;COX15;ACADM;NDUFS1;MGST3;NDUFS6;PDHB;SDHA;POLR2F;ATP6V1F;MRPS30;BDH2;NDUFS4;MDH1;NDUFC2;IDH1;ATP5MC3;SLC25A11;NDUFB1;HTRA2;TIMM13;MRPS11;NDUFB4;ISCU;SURF1;NDUFB6;OAT;FH;NDUFA9;SUCLG1;NDUFB5;MRPS12;PMPCA;MRPL35,age_changes_pDCs_02032026
Myc Targets V1,0.083219293,-0.360111537,-1.570748716,HSPE1;EIF4A1;EIF3B;PSMA7;TRIM28;SSB;PSMA1;RANBP1;PSMB3;TXNL4A;RFC4;PSMA2;PSMC6;RAN;PRPF31;PTGES3;XPO1;SRSF2;RRM1;COPS5;CUL1;EIF2S2;PSMD7;EIF4E;PSMA4;CCT2;NCBP2;SNRPG;EIF3J;MCM6;SERBP1;ORC2;EIF2S1;RPS10;ILF2;NOP16;SNRPB2;RRP9;IFRD1;SRPK1;ABCE1;CDK4;HSPD1;PCBP1;MCM7;MRPS18B;AIMP2;CCT7;PSMD8;PSMD14;PPIA;NAP1L1;HNRNPD;PSMB2;CBX3;POLE3;TOMM70;HNRNPA2B1;G3BP1;YWHAE;CCT5;CDK2;HSP90AB1;EXOSC7;MCM5;DDX18;HDGF;IMPDH2;PCNA;CCT4;CTPS1;PA2G4;SSBP1;DDX21;SRSF1;BUB3;GNL3;TARDBP;SRM;PHB2;PPM1G;APEX1;NME1;FAM120A,age_changes_pDCs_02032026
TGF-beta Signaling,0.091050265,-0.419884493,-1.474233397,PMEPA1;XIAP;FURIN;CDK9;SMAD3;ARID4B;TGFB1;ID3;BMPR2;FNTA;TRIM33;SMURF2;ID1;SLC20A1;IFNGR2;SKIL;JUNB;RAB31;MAP3K7;CDH1,age_changes_pDCs_02032026
UV Response Up,0.095943608,-0.362834184,-1.504023197,SLC25A4;IRF1;MARK2;TGFBRAP1;FURIN;CYB5R1;POLG2;RFC4;E2F5;DNAJB1;HYAL2;TFRC;CTSV;ATP6V1C1;CYB5B;AGO2;DNAJA1;CDC5L;CNP;ATP6V1F;CCND3;PRKCD;TMBIM6;BTG1;CDC34;FEN1;PRKACA;FOSB;PRPF3;DGAT1;POLR2H;SIGMAR1;AP2S1;POLE3;HSPA13;KLHDC3;CASP3;UROD;CDK2;NUP58;PARP2;STIP1;RXRB;JUNB;PPP1R2;FKBP4;ALAS1;DDX21;BSG;BAK1;NR4A1;GLS,age_changes_pDCs_02032026
Androgen Response,0.10158623598165029,-0.365803866,-1.433239827,PMEPA1;UAP1;NGLY1;TNFAIP8;AKT1;ELK4;SLC26A2;ITGAV;ACSL3;HMGCR;SLC38A2;CCND3;PGM3;IQGAP2;GNAI3;VAPA;UBE2I;XRCC5;CAMKK2;HERC3;APPBP2,age_changes_pDCs_02032026
DNA Repair,0.10746791809754964,-0.342619355,-1.440964219,RPA2;COX17;SAC3D1;ALYREF;RBX1;REV3L;RAE1;TAF10;RFC4;ADA;RPA3;PRIM1;SMAD5;ARL6IP1;TSG101;SNAPC5;USP11;POLR2G;NELFB;POLR2F;NCBP2;DGUOK;NUDT9;UPF3B;GTF2F1;POM121;NME3;ITPA;BCAP31;SUPT4H1;POLR2D;FEN1;GMPR2;TAF12;GTF2H5;SURF1;GTF2A2;POLR2H;CMPK2;EIF1B;BRF2;NELFCD;CSTF3;TP53;POLE4;NT5C;ELL;POLR2K;BOLA2;NFX1;IMPDH2;PCNA;SDCBP,age_changes_pDCs_02032026
Wnt-beta Catenin Signaling,0.12823723824524258,-0.434211899,-1.372835924,CCND2;CSNK1E;CUL1;NOTCH1;RBPJ;NUMB;NCSTN;ADAM17;HDAC5;TP53;MAML1,age_changes_pDCs_02032026
Myc Targets V2,0.12889565958325802,-0.375860141,-1.384096746,HSPE1;PPAN;NDUFAF4;GRWD1;IPO4;DCTPP1;PUS1;RABEPK;NOP16;RRP9;CDK4;HSPD1;TBRG4;AIMP2;PES1;CBX3;MCM5;DDX18;PA2G4;NIP7;EXOSC5;GNL3;SRM;BYSL,age_changes_pDCs_02032026
Unfolded Protein Response,0.12994138759069432,-0.340692439,-1.393596528,GOSR2;NFYB;SEC11A;EIF4A1;EIF4A2;KIF5B;CKS1B;NABP1;POP4;EIF4E;PREB;ATF4;BANF1;IMP3;PAIP1;ZBTB17;MTHFD2;EIF2S1;LSM1;ATF6;EXOC2;RRP9;KHSRP;GEMIN4;PARN;EIF4G1,age_changes_pDCs_02032026
Angiogenesis,0.13092006033182504,0.4588965076165924,1.3855696560027113,THBD;S100A4;JAG1;APP;TIMP1,age_changes_pDCs_02032026
Hypoxia,0.13373554550025138,0.29365483975586776,1.445515544934186,ANXA2;DDIT4;ALDOC;PLAUR;S100A4;PIM1;PLIN2;IDS;TNFAIP3;FOSL2;CITED2;SLC2A3;ALDOA;SCARB1;SLC6A6;NEDD4L;ATF3;CDKN1A;PPP1R15A;JMJD6;TGFBI;HMOX1;ENO2;MIF;MT2A;GCNT2,age_changes_pDCs_02032026
Reactive Oxygen Species Pathway,0.1372549019607843,0.3525962686989885,1.4074177101882621,MGST1;PRDX2;PDLIM1;PRDX4;LSP1;MSRA,age_changes_pDCs_02032026
TNF-alpha Signaling via NF-kB,0.13800904977375567,0.2639049248139287,1.3473736895720185,MAP3K8;CCL5;NINJ1;PLAUR;PER1;ICAM1;DUSP4;CEBPD;SGK1;JAG1;PTGER4;MAP2K3;B4GALT1;PLK2;CEBPB;TNFAIP3;CCL4;ICOSLG;TNFAIP2;BIRC3;FOSL2;SLC2A3;BTG3;PLAU;PDE4B;ATF3;CDKN1A;PPP1R15A;DNAJB4;AREG;EDN1;RIPK2;MSC;ABCA1;MXD1;EHD1;ZFP36;SIK1;IL18;EGR1;CD44;CCND1;SOD2;CD69;ZBTB10;DDX58;SERPINE1;TNF;CXCL3;TGIF1;TLR2,age_changes_pDCs_02032026
IL-6/JAK/STAT3 Signaling,0.23718107140090666,-0.341505116,-1.274500503,LTB;IRF9;IL2RG;IRF1;IL3RA;STAT1;STAT2;TGFB1;CSF2RA;IL13RA1;CD38;LTBR;IL4R;IFNGR1;PTPN2;CD36;MYD88;PF4;IL18R1;JUN;CBL;IFNAR1;HAX1;IFNGR2;IL12RB1;GRB2;TNFRSF1A;PTPN11;BAK1;TYK2,age_changes_pDCs_02032026
Protein Secretion,0.24028505770869377,-0.328847569,-1.283111336,GOSR2;GNAS;BET1;STX16;RAB2A;SEC22B;TSG101;VPS45;RAB22A;VPS4B;NAPA;CD63;RAB9A;MAPK1;SNX2;SNAP23;ARFGEF2;COPB1;TMX1;GOLGA4;AP2S1;GBF1;RPS6KA3;STAM;CLTC;SCAMP1;CLN5;DNM1L;SOD1;STX12;ATP7A;AP3B1;ARFGEF1;SEC24D;GLA;BNIP3;CLCN3;SGMS1;CLTA,age_changes_pDCs_02032026
Cholesterol Homeostasis,0.28223981900452494,0.28232513407126636,1.1984570339801215,CD9;ETHE1;ALDOC;PLAUR;JAG1;CXCL16;FDPS;ATF3;DHCR7;FADS2;TRIB3;GUSB,age_changes_pDCs_02032026
Pancreas Beta Cells,0.2958403263704201,-0.458523627,-1.231916688,SEC11A;ELP4;SRP9,age_changes_pDCs_02032026
Allograft Rejection,0.30110188747450234,-0.286866109,-1.219972246,LTB;TAP2;IL2RG;IRF7;CCR5;HDAC9;IGSF6;CCND2;IRF8;IFNAR2;AKT1;IL27RA;IKBKB;SIT1;FYB1;STAT1;UBE2D1;CD3D;LY75;TGFB1;CCND3;HLA-DMB;EIF3J;CD3E;ITGAL;IL4R;BCL10;IFNGR1;ABCE1;CCR2;BCAT1;CTSS;CD247;BRCA1;SPI1;DYRK3,age_changes_pDCs_02032026
Epithelial Mesenchymal Transition,0.31157078215901746,0.2646548232783327,1.2028936633746934,LGALS1;NTM;PLAUR;BASP1;TNFAIP3;CXCL8;TGFBR3;PMP22;TPM1;ITGA5;TGFBI;FLNA;AREG;TIMP1;LOXL2;ENO2;TPM4,age_changes_pDCs_02032026
Adipogenesis,0.33707071612243755,-0.277677667,-1.193379449,ENPP2;ATP5PO;CCNG2;ABCB8;VEGFB;NMT1;ESRRA;POR;RREB1;UQCR10;TANK;ARAF;ECHS1;LPCAT3;NABP1;ACADM;MGST3;PREB;HIBCH;ELMOD3;MCCC1;JAGN1;PTCD3;IDH1;UCP2;IFNGR1;UBC;DGAT1;QDPR;ACOX1;CD36;DDT;SUCLG1;ACLY;CHCHD10;DLD;MTCH2;UCK1;HADH;SQOR;REEP5;PPP1R15B;DNAJC15;MIGA2;PDCD4;SOD1;ECH1;PFKFB3;SCP2;GPD2;IDH3A;COX7B;SLC1A5;SDHC;CAT,age_changes_pDCs_02032026
p53 Pathway,0.4107591754650578,0.21364304158639777,1.0818398224586223,DDIT4;S100A10;RAP2B;NINJ1;ZFP36L1;S100A4;CDK5R1;RGS16;CCNK;PLK2;ACVR1B;ANKRA2;ABCC5;TOB1;FDXR;APP;IFI30;ATF3;CDKN1A;PPP1R15A;VWA5A;RPL18;HMOX1;WRAP73;TRIB3;RAD51C;COQ8A;RPL36;CCNG1;MXD1;CYFIP2;HINT1,age_changes_pDCs_02032026
Inflammatory Response,0.43219525572466744,0.22221047675153602,1.0884626179203527,CCL5;PLAUR;IL10RA;ICAM1;BEST1;PTGER4;RGS16;TAPBP;ACVR1B;CD14;CXCL8;ICOSLG;CSF3R;NLRP3;PDE4B;ITGA5;DCBLD2;CDKN1A;LCP2;EDN1;TIMP1;RASGRP1;SLC31A2;RIPK2,age_changes_pDCs_02032026
Apoptosis,0.43785822021116133,0.22220114364190954,1.100675420025557,HMGB2;ANXA1;TSPO;NEDD9;CD14;MADD;TGFBR3;BIRC3;FDXR;BTG3;APP;ATF3;CDKN1A;PAK1;CDC25B;CD2;HMOX1;TIMP1;WEE1;PRF1;ENO2;BCL2L11;DAP;HSPB1;IL18;ANKH;CD44;GSR;BMF;BID;CCND1;SOD2;ETF1;CD69;FAS;CYLD;TNF;SMAD7,age_changes_pDCs_02032026
Estrogen Response Early,0.48583878,0.22752663586808122,1.101042735,ALDH3B1;RBBP8;B4GALT1;NADSYN1;NXT1;ZNF185;TOB1;XBP1;SCARB1;SLC22A5;ADCY9;SLC37A1;AREG;SLC7A5;ELOVL5;AKAP1;RETREG1;DHCR7;MINDY1;RASGRP1;PPIF;FKBP5;ABHD2;SLC16A1;CD44;MYBBP1A;BCL2;AQP3;CANT1;CCND1;LRIG1;FLNB;SH3BP5;BCL11B;RPS6KA2;ITPK1,age_changes_pDCs_02032026
G2-M Checkpoint,0.5010672450446264,-0.256535859,-1.113345326,RPA2;CKS2;SLC12A2;MNAT1;TNPO2;KIF5B;CKS1B;STAG1;UPF1;UBE2S;DR1;KMT5A;XPO1;SRSF2;CUL1;SMAD3;NSD2;NUP50;CTCF;MCM3;TGFB1;PDS5B;RBM14;DDX39A;MCM6;E2F4;YTHDC1;FOXN3;HSPA8;PURA;TOP1;UCK2;CDK4;SS18;STMN1;PAFAH1B1;CHMP1A;BARD1,age_changes_pDCs_02032026
mTORC1 Signaling,0.5698137258765701,-0.246392541,-1.077971233,HSPE1;SEC11A;NMT1;NAMPT;ATP6V1D;PSMA3;TUBG1;PSMC6;TFRC;EGLN3;ENO1;DHFR;CYB5B;COPS5;RIT1;PSMB5;EIF2S2;ACSL3;SKAP2;NFYC;HMGCR;PSMA4;TOMM40;ARPC5L;DDX39A;HMBS;PSMD13;MTHFD2;IDH1;RPA1;RRP9;IFRD1;DDIT3;HSPD1;GGA2;QDPR;BCAT1;TXNRD1;LGMN;PSMD14;PPIA;ACLY;SRD5A1,age_changes_pDCs_02032026
Notch Signaling,0.570347801,-0.343291348,-1.04643328,RBX1;CUL1;NOTCH3;NOTCH1;MAML2;PRKCA,age_changes_pDCs_02032026
Apical Surface,0.5846936404244881,-0.335327074,-1.061982347,TMEM8B;IL2RG;FLOT2,age_changes_pDCs_02032026
KRAS Signaling Up,0.5863490997886412,-0.254135159,-1.05049407,GNG11;IL2RG;HDAC9;LY96;CCND2;IRF8;FCER1G;IL7R;TOR1AIP2;CMKLR1;SDCCAG8;PLVAP;CSF2RA;MAP3K1,age_changes_pDCs_02032026
IL-2/STAT5 Signaling,0.6210313480059665,-0.233469628,-0.987001511,LTB;GADD45B;IL3RA;CTSZ;CCND2;FURIN;IRF8;CD81;PLAGL1;CD83;SELL;FAM126B;ITGAV;MAPKAPK2;PUS1;PLSCR1;GSTO1;CD48;DCPS;CCND3;AGER;BMPR2;ST3GAL4;UCK2;IL4R;IFNGR1;POU2F1;PHTF2;TRAF1;PLPP1;PRNP;NCOA3;CD79B;TLR7;TNFSF10;IL18R1,age_changes_pDCs_02032026
heme Metabolism,0.6303989258695035,-0.233526388,-0.993944424,BLVRB;DAAM1;SLC25A38;NNT;KHNYN;FBXO9;BMP2K;MARK3;TFRC;NARF;SLC10A3;EPB41;FECH;HAGH;TNRC6B;MGST3;ADD1;CCND3;CCDC28A;SLC30A1;HMBS;SLC11A2;MPP1;UCP2;TOP1;HTRA2;DCUN1D1;ACP5,age_changes_pDCs_02032026
E2F Targets,0.6459466953760074,-0.233024437,-1.008219585,RPA2;CKS2;RANBP1;CKS1B;STAG1;LYAR;UBE2S;RPA3;TUBG1;RAN;TFRC;XPO1;SRSF2;NUP153;DCTPP1;CTCF;MCM3;PAICS;DNMT1;PDS5B;DDX39A;MSH2;MCM6;SMC3;MTHFD2;ORC2;EIF2S1;EXOSC8;LUC7L3;RPA1;RBBP7;SMC6;CDK4;TBRG4;STMN1;DCK;MCM7;TUBB;MRE11;BARD1;BRCA1;POLE;NAP1L1;SMC4;ASF1A;PSMC3IP;HNRNPD,age_changes_pDCs_02032026
Complement,0.6546418704330088,-0.235800714,-0.994643374,IRF7;IRF1;USP8;PPP2CB;MSRB1;CD59;FCER1G;CTSV;CD55;GNAI2;PLSCR1;PLEK;CTSD;MMP15;CASP4;LAP3;CASP10;PIK3CG;PRDM4;PRKCD;HSPA1A;GNAI3;KYNU;RHOG;PHEX;APOBEC3G;DUSP5;CD36;LGMN;STX4;CTSS;PSEN1;TIMP2;PREP;IRF2;ERAP2;CASP3;LCK;LIPA;FYN;RAF1;GRB2;PDGFB;GNB4;CALM1;CASP9;RCE1;AKAP10;RABIF;GPD2;CALM3,age_changes_pDCs_02032026
Apical Junction,0.7176677826836623,-0.2270936,-0.93619985,TMEM8B;ACTG1;PBX2;MVD;TUBG1;ICAM2;FYB1;GNAI2;SYMPK;ITGB1;SKAP2;GTF2F1;MAP4K2;EVL;AMIGO2;RAC2;PTEN;DLG1;CAP1;HRAS;TRAF1;STX4;RHOF;VCL;MAPK14;VASP;TAOK2,age_changes_pDCs_02032026
Pperoxisome,0.7485787214294002,0.20493113570519314,0.9522424430973944,PABPC1;TSPO;FIS1;ITGB1BP1;NUDT19;ABCC5;LONP2;FDPS;PEX5;ELOVL5;GNPAT;SEMA3C,age_changes_pDCs_02032026
Xenobiotic Metabolism,0.7501908868585003,-0.219875385,-0.910368408,BLVRB;ABHD6;NMT1;IRF8;POR;MAN1A1;CNDP2;PTGES3;GSTM4;ETS2;GSTO1;GSS;GART;SERTAD1;TMBIM6;KYNU;IDH1;DDAH2;ALDH9A1;BCAT1;ACOX1;CD36;DDT,age_changes_pDCs_02032026
Glycolysis,0.8247789013133703,-0.20212754,-0.863924413,PPP2CB;CHST12;POLR3K;GMPPB;EGLN3;GALK2;ENO1;BIK;SLC16A3;B3GAT3;GALK1;MDH1;IL13RA1;IDH1;B3GALT6;ALDH9A1;GFPT1;GYS1;STMN1;SRD5A3;PPIA;HS2ST1;AGL;DLD;UGP2;FAM162A;HAX1;FKBP4;PAXIP1;B4GALT7;SOD1;QSOX1;GCLC;GMPPA;SDHC;TXN;PMM2;ANKZF1;ISG20;AKR1A1;NASP;ARPP19;RBCK1;PGM2;SLC35A3;MXI1,age_changes_pDCs_02032026
Fatty Acid Metabolism,0.8460461107519931,0.18504471625538832,0.9002128039382912,LGALS1;SUCLG2;S100A10;MGLL;UROS;ACOT2;GLUL;PCBD1;DLST;ALDOA;TP53INP2;BLVRA;SLC22A5;IDH3B;ELOVL5;ADIPOR2;ENO2;MIF,age_changes_pDCs_02032026
Bile Acid Metabolism,0.8673642533936652,0.19105652745386786,0.8410146556041533,ABCA6;APOA1;AMACR;LONP2;FDXR;CROT;GNPAT;FADS2;GNMT;NEDD4;ABCA1;EFHC1;OPTN,age_changes_pDCs_02032026
Myogenesis,0.8989441930618401,0.1783129157451473,0.8536127676224557,TNNI2;DAPK2;DMD;LSP1;APP;FDPS;CDKN1A;ADCY9;SORBS3;MYL4;IGFBP7;AKT2;FOXO4;SYNGR2;MYOM1;MYH9;PDLIM7;FKBP1B;PFKM;MAPK12;PC;NQO1;ACSL1;AGRN,age_changes_pDCs_02032026
Hedgehog Signaling,0.9167775707568095,0.2469397651052303,0.7629627795092438,CDK5R1;OPHN1,age_changes_pDCs_02032026
UV Response Dn,0.9909628443801803,-0.187801425,-0.752414696,DBP;SMAD3;SPOP;DYRK1A;MRPS31;ATP2C1;WDR37;RASA2;PRKCA;YTHDC1;SRI;PTEN;DLG1;CDK13;MTA1;ID1;NFKB1;MAPK14;ZMIZ1;FYN;NEK7;PTPRM;SCAF8;PHF3;LAMC1;SLC7A1,age_changes_pDCs_02032026
Spermatogenesis,0.9933899661752176,-0.155328377,-0.578319947,SLC12A2;RFC4;POMC;CSNK2A2;SIRT1;TLE4;MLLT10;STRBP,age_changes_pDCs_02032026
KRAS Signaling Dn,1,-0.175420233,-0.669642504,ARPP21;IFI44L;MX1;YPEL1;ASB7;PLAG1;PDK2,age_changes_pDCs_02032026
Mitotic Spindle,1,-0.153159913,-0.664175525,CYTH2;SAC3D1;KIF5B;RALBP1;EPB41;ARL8A;SUN2;CLASP1;CNTRL;RASA2;SMC3;PCNT;ARHGAP5;DLG1;RANBP9;PPP4R2;PAFAH1B1;GEMIN4;TUBGCP5;RHOF;MARK4;MID1IP1;SMC4;VCL;SOS1;PCM1;CSNK1D;TAOK2;NCK2;CENPE;CEP250;YWHAE;KIF20B;ATG4B;TUBD1;RAB3GAP1;STK38L;HDAC6;KPTN;ARFIP2;ACTN4;EZR;KLC1;BCR;MYO1E;ARFGEF1;CLIP1;RICTOR,age_changes_pDCs_02032026